date,shift,shovel_id,avg_loading_time_sec,trucks_loaded,ore_volume_t
2024-01-01,早班,ES-01,118.7,91,2566.0
2024-01-01,早班,ES-02,110.2,96,2781.0
2024-01-01,早班,ES-03,111.0,78,2219.0
2024-01-01,早班,ES-04,168.0,113,3689.0
2024-01-01,早班,ES-05,124.0,103,3278.0
2024-01-01,早班,ES-08,124.0,110,3591.0
2024-01-01,中班,ES-01,131.3,64,2002.0
2024-01-01,中班,ES-02,123.8,120,3874.0
2024-01-01,中班,ES-03,112.2,103,3115.0
2024-01-01,中班,ES-04,181.1,96,2818.0
2024-01-01,中班,ES-06,133.2,80,2343.0
2024-01-01,中班,ES-07,151.5,85,2556.0
2024-01-01,夜班,ES-01,137.7,100,3219.0
2024-01-01,夜班,ES-02,128.1,100,3092.0
2024-01-01,夜班,ES-03,107.9,102,3224.0
2024-01-01,夜班,ES-04,169.7,88,2689.0
2024-01-01,夜班,ES-05,133.6,75,2436.0
2024-01-01,夜班,ES-06,131.5,107,3233.0
2024-01-01,夜班,ES-07,142.4,105,3398.0
2024-01-01,夜班,ES-08,128.1,145,4734.0
2024-01-02,早班,ES-02,119.3,89,2577.0
2024-01-02,早班,ES-04,181.1,105,3283.0
2024-01-02,早班,ES-05,129.6,76,2412.0
2024-01-02,早班,ES-07,146.2,104,3066.0
2024-01-02,早班,ES-08,115.3,98,2841.0
2024-01-02,中班,ES-01,119.1,80,2454.0
2024-01-02,中班,ES-02,126.8,114,3490.0
2024-01-02,中班,ES-05,124.3,112,3393.0
2024-01-02,中班,ES-06,121.9,95,2901.0
2024-01-02,中班,ES-07,138.0,81,2574.0
2024-01-02,夜班,ES-02,127.3,134,4186.0
2024-01-02,夜班,ES-03,101.9,123,3570.0
2024-01-02,夜班,ES-04,176.9,78,2298.0
2024-01-02,夜班,ES-06,117.6,103,2904.0
2024-01-02,夜班,ES-07,210.4,76,2415.0
2024-01-02,夜班,ES-08,104.2,73,2234.0
2024-01-03,早班,ES-01,127.6,52,1476.0
2024-01-03,早班,ES-02,124.5,109,3147.0
2024-01-03,早班,ES-03,95.8,102,2890.0
2024-01-03,早班,ES-04,184.5,39,1133.0
2024-01-03,早班,ES-05,123.4,117,3496.0
2024-01-03,早班,ES-07,153.6,107,3194.0
2024-01-03,早班,ES-08,110.6,115,3639.0
2024-01-03,中班,ES-01,128.3,141,4537.0
2024-01-03,中班,ES-02,123.6,78,2276.0
2024-01-03,中班,ES-03,113.5,129,3935.0
2024-01-03,中班,ES-05,134.3,119,3859.0
2024-01-03,中班,ES-06,131.7,102,3043.0
2024-01-03,中班,ES-07,153.3,115,3364.0
2024-01-03,中班,ES-08,127.4,121,3469.0
2024-01-03,夜班,ES-01,111.8,99,2776.0
2024-01-03,夜班,ES-02,126.7,110,3491.0
2024-01-03,夜班,ES-03,122.4,58,1627.0
2024-01-03,夜班,ES-04,169.5,82,2347.0
2024-01-03,夜班,ES-05,132.9,94,3051.0
2024-01-03,夜班,ES-07,151.1,116,3789.0
2024-01-03,夜班,ES-08,115.3,103,3135.0
2024-01-04,早班,ES-01,127.9,79,2580.0
2024-01-04,早班,ES-02,124.2,123,3998.0
2024-01-04,早班,ES-03,114.6,95,3020.0
2024-01-04,早班,ES-05,115.5,107,3508.0
2024-01-04,早班,ES-06,134.1,94,3101.0
2024-01-04,早班,ES-07,136.6,79,2438.0
2024-01-04,早班,ES-08,121.8,105,3285.0
2024-01-04,中班,ES-01,121.2,79,2252.0
2024-01-04,中班,ES-02,123.2,85,2418.0
2024-01-04,中班,ES-03,96.9,114,3530.0
2024-01-04,中班,ES-04,172.2,53,1676.0
2024-01-04,中班,ES-05,140.1,96,2781.0
2024-01-04,中班,ES-06,124.2,127,3623.0
2024-01-04,中班,ES-07,141.8,90,2881.0
2024-01-04,中班,ES-08,109.9,99,2797.0
2024-01-04,夜班,ES-03,102.8,109,3324.0
2024-01-04,夜班,ES-04,173.6,109,3203.0
2024-01-04,夜班,ES-05,132.1,87,2715.0
2024-01-04,夜班,ES-06,124.0,60,1750.0
2024-01-04,夜班,ES-08,113.8,81,2334.0
2024-01-05,早班,ES-01,124.3,86,2473.0
2024-01-05,早班,ES-05,111.5,108,3033.0
2024-01-05,早班,ES-07,151.6,93,2841.0
2024-01-05,早班,ES-08,130.1,94,3088.0
2024-01-05,中班,ES-01,125.1,114,3477.0
2024-01-05,中班,ES-02,108.5,117,3291.0
2024-01-05,中班,ES-03,118.6,116,3641.0
2024-01-05,中班,ES-04,180.1,89,2510.0
2024-01-05,中班,ES-05,129.5,97,2986.0
2024-01-05,中班,ES-06,140.3,64,2015.0
2024-01-05,中班,ES-08,199.4,129,3738.0
2024-01-05,夜班,ES-01,116.0,85,2572.0
2024-01-05,夜班,ES-02,128.0,91,2605.0
2024-01-05,夜班,ES-03,103.6,106,3468.0
2024-01-05,夜班,ES-05,125.2,94,2647.0
2024-01-05,夜班,ES-06,145.0,103,3065.0
2024-01-06,早班,ES-01,122.1,57,1652.0
2024-01-06,早班,ES-07,159.0,98,3019.0
2024-01-06,早班,ES-08,127.0,106,3231.0
2024-01-06,中班,ES-02,129.1,77,2237.0
2024-01-06,中班,ES-04,185.0,101,3264.0
2024-01-06,中班,ES-05,128.4,100,3132.0
2024-01-06,中班,ES-08,129.0,80,2611.0
2024-01-06,夜班,ES-01,103.7,85,2737.0
2024-01-06,夜班,ES-02,127.7,78,2498.0
2024-01-06,夜班,ES-04,166.6,109,3296.0
2024-01-06,夜班,ES-05,112.9,94,2854.0
2024-01-06,夜班,ES-07,144.4,122,3510.0
2024-01-06,夜班,ES-08,122.0,121,3794.0
2024-01-07,早班,ES-01,119.7,93,3011.0
2024-01-07,早班,ES-04,186.9,91,2944.0
2024-01-07,早班,ES-05,132.4,77,2429.0
2024-01-07,早班,ES-06,127.5,85,2653.0
2024-01-07,早班,ES-08,108.1,80,2441.0
2024-01-07,中班,ES-02,118.5,103,3067.0
2024-01-07,中班,ES-03,107.8,87,2495.0
2024-01-07,中班,ES-04,220.0,107,3175.0
2024-01-07,中班,ES-05,131.6,101,3185.0
2024-01-07,中班,ES-06,114.6,117,3723.0
2024-01-07,中班,ES-07,144.4,97,2957.0
2024-01-07,中班,ES-08,133.6,71,2017.0
2024-01-07,夜班,ES-04,181.2,102,3325.0
2024-01-07,夜班,ES-05,118.8,116,3506.0
2024-01-07,夜班,ES-06,132.0,100,3200.0
2024-01-07,夜班,ES-08,122.7,92,2812.0
2024-01-08,早班,ES-01,120.3,75,2339.0
2024-01-08,早班,ES-02,112.2,84,2578.0
2024-01-08,早班,ES-04,192.0,73,2405.0
2024-01-08,早班,ES-06,128.6,78,2484.0
2024-01-08,早班,ES-08,116.4,80,2338.0
2024-01-08,中班,ES-01,128.3,86,2427.0
2024-01-08,中班,ES-03,171.6,97,3005.0
2024-01-08,中班,ES-04,182.3,108,3053.0
2024-01-08,中班,ES-07,157.0,82,2598.0
2024-01-08,中班,ES-08,129.9,112,3519.0
2024-01-08,夜班,ES-01,117.7,142,4008.0
2024-01-08,夜班,ES-03,102.4,83,2568.0
2024-01-08,夜班,ES-04,180.3,95,2841.0
2024-01-08,夜班,ES-05,124.1,93,3041.0
2024-01-08,夜班,ES-06,137.6,84,2526.0
2024-01-08,夜班,ES-07,154.5,90,2576.0
2024-01-08,夜班,ES-08,115.4,96,2986.0
2024-01-09,早班,ES-01,121.2,84,2443.0
2024-01-09,早班,ES-02,122.7,95,2737.0
2024-01-09,早班,ES-03,116.8,110,3202.0
2024-01-09,早班,ES-04,182.6,95,2730.0
2024-01-09,早班,ES-06,115.5,78,2564.0
2024-01-09,早班,ES-07,141.9,93,3037.0
2024-01-09,早班,ES-08,132.8,91,2988.0
2024-01-09,中班,ES-01,124.8,76,2185.0
2024-01-09,中班,ES-02,132.4,92,2688.0
2024-01-09,中班,ES-04,170.6,93,2679.0
2024-01-09,中班,ES-05,120.6,106,3280.0
2024-01-09,中班,ES-06,120.1,104,3205.0
2024-01-09,中班,ES-08,108.5,75,2192.0
2024-01-09,夜班,ES-01,101.0,85,2452.0
2024-01-09,夜班,ES-02,128.5,108,3541.0
2024-01-09,夜班,ES-04,181.3,87,2661.0
2024-01-09,夜班,ES-05,173.5,83,2655.0
2024-01-09,夜班,ES-07,157.7,79,2339.0
2024-01-09,夜班,ES-08,112.0,85,2657.0
2024-01-10,早班,ES-01,128.1,73,2283.0
2024-01-10,早班,ES-02,141.2,54,1587.0
2024-01-10,早班,ES-03,123.1,76,2151.0
2024-01-10,早班,ES-04,179.0,83,2665.0
2024-01-10,早班,ES-05,134.1,70,2189.0
2024-01-10,早班,ES-06,135.8,114,3531.0
2024-01-10,早班,ES-07,135.8,87,2693.0
2024-01-10,早班,ES-08,133.4,89,2888.0
2024-01-10,中班,ES-01,131.8,108,3536.0
2024-01-10,中班,ES-02,132.1,89,2822.0
2024-01-10,中班,ES-03,102.4,97,2845.0
2024-01-10,中班,ES-05,127.5,81,2371.0
2024-01-10,中班,ES-06,140.1,131,3671.0
2024-01-10,中班,ES-07,149.5,84,2673.0
2024-01-10,中班,ES-08,117.0,84,2456.0
2024-01-10,夜班,ES-02,124.5,71,2164.0
2024-01-10,夜班,ES-03,112.2,98,3037.0
2024-01-10,夜班,ES-04,190.2,138,4172.0
2024-01-10,夜班,ES-05,118.0,109,3061.0
2024-01-10,夜班,ES-08,110.9,86,2671.0
2024-01-11,早班,ES-01,116.8,137,4288.0
2024-01-11,早班,ES-03,118.4,83,2551.0
2024-01-11,中班,ES-01,122.2,91,2665.0
2024-01-11,中班,ES-02,132.0,79,2513.0
2024-01-11,中班,ES-03,115.1,101,2922.0
2024-01-11,中班,ES-05,127.0,93,2814.0
2024-01-11,中班,ES-06,121.7,98,2878.0
2024-01-11,中班,ES-07,154.1,120,3474.0
2024-01-11,中班,ES-08,116.0,86,2814.0
2024-01-11,夜班,ES-01,115.2,89,2813.0
2024-01-11,夜班,ES-02,145.8,89,2660.0
2024-01-11,夜班,ES-03,114.0,79,2539.0
2024-01-11,夜班,ES-04,164.7,117,3384.0
2024-01-11,夜班,ES-05,113.9,113,3269.0
2024-01-11,夜班,ES-06,130.6,86,2542.0
2024-01-12,早班,ES-01,126.7,83,2364.0
2024-01-12,早班,ES-02,140.7,118,3700.0
2024-01-12,早班,ES-03,115.3,85,2748.0
2024-01-12,早班,ES-04,176.7,108,3163.0
2024-01-12,早班,ES-05,121.2,116,3670.0
2024-01-12,早班,ES-07,155.9,92,2831.0
2024-01-12,早班,ES-08,125.9,107,3046.0
2024-01-12,中班,ES-01,123.4,102,3324.0
2024-01-12,中班,ES-02,131.4,95,2690.0
2024-01-12,中班,ES-03,101.5,114,3643.0
2024-01-12,中班,ES-04,175.7,80,2245.0
2024-01-12,中班,ES-05,124.5,110,3498.0
2024-01-12,中班,ES-06,130.7,78,2260.0
2024-01-12,中班,ES-07,145.0,143,4375.0
2024-01-12,中班,ES-08,117.7,104,3060.0
2024-01-12,夜班,ES-01,113.8,79,2575.0
2024-01-12,夜班,ES-02,116.6,107,3425.0
2024-01-12,夜班,ES-04,163.1,98,2984.0
2024-01-12,夜班,ES-05,119.8,82,2528.0
2024-01-12,夜班,ES-06,117.9,81,2461.0
2024-01-12,夜班,ES-07,138.5,96,3145.0
2024-01-12,夜班,ES-08,131.7,91,2871.0
2024-01-13,早班,ES-01,114.4,89,2636.0
2024-01-13,早班,ES-02,123.3,100,2847.0
2024-01-13,早班,ES-03,110.9,107,3044.0
2024-01-13,早班,ES-04,181.0,116,3533.0
2024-01-13,早班,ES-05,139.1,65,1976.0
2024-01-13,早班,ES-06,124.1,93,3069.0
2024-01-13,早班,ES-07,154.8,86,2666.0
2024-01-13,早班,ES-08,130.2,104,3233.0
2024-01-13,中班,ES-01,126.2,115,3269.0
2024-01-13,中班,ES-02,128.1,101,3233.0
2024-01-13,中班,ES-03,117.5,115,3511.0
2024-01-13,中班,ES-04,185.0,101,2951.0
2024-01-13,中班,ES-05,120.7,96,2828.0
2024-01-13,中班,ES-06,141.7,102,2909.0
2024-01-13,中班,ES-07,147.4,114,3633.0
2024-01-13,中班,ES-08,120.3,74,2194.0
2024-01-13,夜班,ES-01,112.8,126,3955.0
2024-01-13,夜班,ES-02,136.5,113,3501.0
2024-01-13,夜班,ES-03,107.3,91,2609.0
2024-01-13,夜班,ES-04,181.7,106,3054.0
2024-01-13,夜班,ES-05,200.0,132,4326.0
2024-01-13,夜班,ES-06,153.5,103,2988.0
2024-01-13,夜班,ES-07,146.4,106,3110.0
2024-01-13,夜班,ES-08,132.0,92,2917.0
2024-01-14,早班,ES-02,113.2,97,2749.0
2024-01-14,早班,ES-04,181.9,82,2508.0
2024-01-14,早班,ES-05,127.5,87,2494.0
2024-01-14,早班,ES-06,126.8,75,2333.0
2024-01-14,早班,ES-08,136.8,68,2128.0
2024-01-14,中班,ES-01,120.4,78,2527.0
2024-01-14,中班,ES-04,174.5,83,2557.0
2024-01-14,中班,ES-05,188.9,98,2836.0
2024-01-14,中班,ES-06,118.5,89,2794.0
2024-01-14,中班,ES-07,147.9,68,2094.0
2024-01-14,中班,ES-08,118.4,89,2909.0
2024-01-14,夜班,ES-02,128.7,82,2299.0
2024-01-14,夜班,ES-03,110.3,67,1977.0
2024-01-14,夜班,ES-04,163.4,76,2338.0
2024-01-14,夜班,ES-05,120.5,61,1985.0
2024-01-14,夜班,ES-07,144.2,67,2065.0
2024-01-14,夜班,ES-08,136.6,94,3034.0
2024-01-15,早班,ES-01,120.0,75,2384.0
2024-01-15,早班,ES-02,133.6,117,3276.0
2024-01-15,早班,ES-03,119.0,145,4647.0
2024-01-15,早班,ES-04,181.4,109,3590.0
2024-01-15,早班,ES-07,139.7,83,2642.0
2024-01-15,早班,ES-08,138.7,95,2900.0
2024-01-15,中班,ES-01,127.8,87,2647.0
2024-01-15,中班,ES-02,125.8,107,3373.0
2024-01-15,中班,ES-04,170.5,78,2531.0
2024-01-15,中班,ES-05,128.5,71,2155.0
2024-01-15,中班,ES-06,145.3,60,1939.0
2024-01-15,中班,ES-07,137.5,114,3647.0
2024-01-15,中班,ES-08,128.2,90,2840.0
2024-01-15,夜班,ES-01,115.0,112,3591.0
2024-01-15,夜班,ES-03,116.4,96,2755.0
2024-01-15,夜班,ES-04,169.6,99,3178.0
2024-01-15,夜班,ES-05,135.8,90,2876.0
2024-01-15,夜班,ES-06,139.4,73,2187.0
2024-01-15,夜班,ES-07,148.5,104,3083.0
2024-01-16,早班,ES-01,114.0,101,3049.0
2024-01-16,早班,ES-02,125.6,106,3464.0
2024-01-16,早班,ES-03,108.0,78,2272.0
2024-01-16,早班,ES-04,166.6,92,2853.0
2024-01-16,早班,ES-05,138.2,103,3381.0
2024-01-16,早班,ES-06,126.1,80,2507.0
2024-01-16,早班,ES-07,148.7,90,2605.0
2024-01-16,早班,ES-08,131.7,105,3249.0
2024-01-16,中班,ES-01,127.2,111,3405.0
2024-01-16,中班,ES-02,129.3,80,2261.0
2024-01-16,中班,ES-03,100.5,119,3843.0
2024-01-16,中班,ES-04,167.7,110,3255.0
2024-01-16,中班,ES-05,130.6,94,2659.0
2024-01-16,中班,ES-06,131.5,105,3066.0
2024-01-16,中班,ES-07,166.3,93,2872.0
2024-01-16,中班,ES-08,115.1,80,2556.0
2024-01-16,夜班,ES-02,140.5,88,2789.0
2024-01-16,夜班,ES-03,106.0,120,3417.0
2024-01-16,夜班,ES-04,166.1,96,2707.0
2024-01-16,夜班,ES-05,139.5,94,2831.0
2024-01-16,夜班,ES-06,175.7,97,2834.0
2024-01-16,夜班,ES-07,159.4,101,2995.0
2024-01-16,夜班,ES-08,118.3,113,3592.0
2024-01-17,早班,ES-02,118.7,106,3393.0
2024-01-17,早班,ES-04,176.2,71,2141.0
2024-01-17,早班,ES-08,136.6,83,2700.0
2024-01-17,中班,ES-01,130.4,119,3484.0
2024-01-17,中班,ES-02,128.1,107,3097.0
2024-01-17,中班,ES-04,192.5,95,3076.0
2024-01-17,中班,ES-05,124.3,91,2753.0
2024-01-17,中班,ES-06,120.0,97,2851.0
2024-01-17,中班,ES-08,107.8,130,3802.0
2024-01-17,夜班,ES-01,113.5,83,2599.0
2024-01-17,夜班,ES-02,122.5,99,3177.0
2024-01-17,夜班,ES-04,188.0,93,3051.0
2024-01-17,夜班,ES-05,138.0,82,2511.0
2024-01-17,夜班,ES-08,116.1,80,2370.0
2024-01-18,早班,ES-01,117.5,92,2874.0
2024-01-18,早班,ES-02,131.4,96,2787.0
2024-01-18,早班,ES-03,154.6,100,3115.0
2024-01-18,早班,ES-06,128.0,99,2985.0
2024-01-18,早班,ES-07,151.9,107,3446.0
2024-01-18,早班,ES-08,123.8,86,2719.0
2024-01-18,中班,ES-01,115.2,81,2521.0
2024-01-18,中班,ES-02,148.5,64,1885.0
2024-01-18,中班,ES-03,120.9,83,2441.0
2024-01-18,中班,ES-04,175.4,91,2881.0
2024-01-18,中班,ES-05,113.4,108,3174.0
2024-01-18,中班,ES-06,128.3,111,3554.0
2024-01-18,中班,ES-07,155.9,70,1970.0
2024-01-18,中班,ES-08,132.0,78,2404.0
2024-01-18,夜班,ES-01,103.9,61,1770.0
2024-01-18,夜班,ES-02,140.7,89,2493.0
2024-01-18,夜班,ES-04,173.4,88,2778.0
2024-01-18,夜班,ES-05,126.4,76,2481.0
2024-01-18,夜班,ES-06,126.2,91,2786.0
2024-01-18,夜班,ES-08,116.6,93,2693.0
2024-01-19,早班,ES-01,116.5,90,2688.0
2024-01-19,早班,ES-02,120.2,98,3146.0
2024-01-19,早班,ES-03,118.2,93,2788.0
2024-01-19,早班,ES-04,175.2,99,2985.0
2024-01-19,早班,ES-05,120.0,91,2642.0
2024-01-19,早班,ES-06,131.1,92,2995.0
2024-01-19,早班,ES-07,138.8,100,3049.0
2024-01-19,早班,ES-08,104.6,144,4099.0
2024-01-19,中班,ES-01,123.7,70,2022.0
2024-01-19,中班,ES-03,101.3,87,2621.0
2024-01-19,中班,ES-06,141.9,75,2455.0
2024-01-19,中班,ES-07,152.4,95,2990.0
2024-01-19,中班,ES-08,113.6,102,3076.0
2024-01-19,夜班,ES-01,108.6,86,2493.0
2024-01-19,夜班,ES-02,136.0,96,2925.0
2024-01-19,夜班,ES-03,108.4,73,2129.0
2024-01-19,夜班,ES-04,168.8,66,2175.0
2024-01-19,夜班,ES-07,155.0,67,1881.0
2024-01-19,夜班,ES-08,142.8,76,2400.0
2024-01-20,早班,ES-01,129.8,86,2487.0
2024-01-20,早班,ES-02,124.1,83,2433.0
2024-01-20,早班,ES-03,113.1,75,2306.0
2024-01-20,早班,ES-04,184.3,69,2008.0
2024-01-20,早班,ES-05,119.3,101,3306.0
2024-01-20,早班,ES-06,130.5,103,3147.0
2024-01-20,早班,ES-07,150.8,79,2336.0
2024-01-20,中班,ES-01,129.4,94,2696.0
2024-01-20,中班,ES-03,110.0,95,3001.0
2024-01-20,中班,ES-05,122.7,118,3805.0
2024-01-20,中班,ES-06,125.2,80,2627.0
2024-01-20,中班,ES-07,145.0,66,2108.0
2024-01-20,中班,ES-08,136.9,100,2996.0
2024-01-20,夜班,ES-01,124.9,100,3003.0
2024-01-20,夜班,ES-02,115.1,83,2477.0
2024-01-20,夜班,ES-03,120.1,100,3262.0
2024-01-20,夜班,ES-04,171.7,82,2337.0
2024-01-20,夜班,ES-05,122.5,99,2932.0
2024-01-20,夜班,ES-06,146.7,89,2623.0
2024-01-20,夜班,ES-07,143.2,101,2876.0
2024-01-20,夜班,ES-08,137.1,92,2724.0
2024-01-21,早班,ES-02,126.1,101,3126.0
2024-01-21,早班,ES-04,169.5,106,3438.0
2024-01-21,早班,ES-05,117.9,105,3192.0
2024-01-21,早班,ES-08,123.1,91,2780.0
2024-01-21,中班,ES-01,118.7,77,2462.0
2024-01-21,中班,ES-02,121.5,96,2916.0
2024-01-21,中班,ES-03,113.7,105,3158.0
2024-01-21,中班,ES-04,174.1,107,3307.0
2024-01-21,中班,ES-05,129.7,83,2410.0
2024-01-21,中班,ES-06,132.1,93,2901.0
2024-01-21,中班,ES-07,148.2,92,2787.0
2024-01-21,夜班,ES-01,98.1,87,2678.0
2024-01-21,夜班,ES-02,133.0,88,2783.0
2024-01-21,夜班,ES-03,104.0,87,2787.0
2024-01-21,夜班,ES-04,177.7,73,2073.0
2024-01-21,夜班,ES-05,132.1,102,3121.0
2024-01-21,夜班,ES-06,130.2,128,3715.0
2024-01-21,夜班,ES-08,133.5,95,2750.0
2024-01-22,早班,ES-01,113.8,80,2383.0
2024-01-22,早班,ES-02,133.9,81,2543.0
2024-01-22,早班,ES-03,102.5,108,3032.0
2024-01-22,早班,ES-04,174.8,77,2388.0
2024-01-22,早班,ES-05,130.5,76,2140.0
2024-01-22,早班,ES-06,130.4,100,2992.0
2024-01-22,早班,ES-08,125.6,120,3646.0
2024-01-22,中班,ES-01,134.9,63,1771.0
2024-01-22,中班,ES-02,129.1,82,2373.0
2024-01-22,中班,ES-03,121.2,103,3124.0
2024-01-22,中班,ES-05,117.0,100,3208.0
2024-01-22,中班,ES-06,128.0,114,3644.0
2024-01-22,中班,ES-07,143.9,85,2398.0
2024-01-22,中班,ES-08,106.5,116,3252.0
2024-01-22,夜班,ES-01,137.8,101,2907.0
2024-01-22,夜班,ES-03,127.5,109,3088.0
2024-01-22,夜班,ES-04,187.4,100,3022.0
2024-01-22,夜班,ES-05,130.3,59,1863.0
2024-01-22,夜班,ES-07,147.9,110,3269.0
2024-01-23,早班,ES-01,121.4,92,2953.0
2024-01-23,早班,ES-02,137.1,103,3324.0
2024-01-23,早班,ES-03,123.5,153,4329.0
2024-01-23,早班,ES-04,180.6,130,4186.0
2024-01-23,早班,ES-06,134.4,120,3864.0
2024-01-23,早班,ES-07,207.1,106,3036.0
2024-01-23,早班,ES-08,114.3,76,2489.0
2024-01-23,中班,ES-01,118.8,104,3007.0
2024-01-23,中班,ES-02,123.9,103,3240.0
2024-01-23,中班,ES-04,163.3,122,3747.0
2024-01-23,中班,ES-05,136.7,78,2369.0
2024-01-23,中班,ES-06,125.0,101,2888.0
2024-01-23,中班,ES-07,139.7,102,3225.0
2024-01-23,中班,ES-08,176.3,88,2563.0
2024-01-23,夜班,ES-01,98.7,86,2474.0
2024-01-23,夜班,ES-02,120.4,92,2815.0
2024-01-23,夜班,ES-03,97.9,118,3750.0
2024-01-23,夜班,ES-04,175.1,125,3512.0
2024-01-23,夜班,ES-05,136.5,84,2510.0
2024-01-23,夜班,ES-07,166.6,52,1495.0
2024-01-23,夜班,ES-08,153.7,94,2775.0
2024-01-24,早班,ES-01,111.4,82,2451.0
2024-01-24,早班,ES-02,127.0,87,2570.0
2024-01-24,早班,ES-05,142.4,122,3560.0
2024-01-24,早班,ES-06,122.0,86,2786.0
2024-01-24,早班,ES-08,132.2,86,2647.0
2024-01-24,中班,ES-01,111.8,102,3193.0
2024-01-24,中班,ES-02,116.9,68,1919.0
2024-01-24,中班,ES-04,174.3,130,3754.0
2024-01-24,中班,ES-05,124.8,55,1605.0
2024-01-24,中班,ES-07,148.8,67,2095.0
2024-01-24,中班,ES-08,137.4,55,1666.0
2024-01-24,夜班,ES-01,115.2,130,3822.0
2024-01-24,夜班,ES-02,120.5,88,2695.0
2024-01-24,夜班,ES-05,129.2,75,2285.0
2024-01-24,夜班,ES-07,150.4,76,2303.0
2024-01-24,夜班,ES-08,119.5,122,3877.0
2024-01-25,早班,ES-01,114.7,94,2689.0
2024-01-25,早班,ES-02,125.0,81,2577.0
2024-01-25,早班,ES-03,120.4,101,3258.0
2024-01-25,早班,ES-04,183.3,82,2392.0
2024-01-25,早班,ES-05,129.1,91,2767.0
2024-01-25,早班,ES-06,115.6,101,3013.0
2024-01-25,早班,ES-07,146.5,69,2055.0
2024-01-25,早班,ES-08,106.0,76,2236.0
2024-01-25,中班,ES-01,186.2,95,3014.0
2024-01-25,中班,ES-02,180.5,139,4061.0
2024-01-25,中班,ES-03,105.9,101,3209.0
2024-01-25,中班,ES-04,172.3,104,3368.0
2024-01-25,中班,ES-05,147.1,100,3211.0
2024-01-25,中班,ES-06,135.9,104,3323.0
2024-01-25,夜班,ES-01,120.7,102,3184.0
2024-01-25,夜班,ES-03,124.1,102,2964.0
2024-01-25,夜班,ES-05,121.8,100,3112.0
2024-01-25,夜班,ES-08,119.3,114,3316.0
2024-01-26,早班,ES-01,113.4,108,3389.0
2024-01-26,早班,ES-02,130.9,91,2798.0
2024-01-26,早班,ES-03,111.3,109,3400.0
2024-01-26,早班,ES-05,119.3,92,2702.0
2024-01-26,早班,ES-06,119.3,98,2770.0
2024-01-26,早班,ES-07,157.2,127,3683.0
2024-01-26,早班,ES-08,126.2,100,3297.0
2024-01-26,中班,ES-02,128.2,77,2465.0
2024-01-26,中班,ES-03,89.0,97,2768.0
2024-01-26,中班,ES-04,171.8,101,3058.0
2024-01-26,中班,ES-05,130.6,109,3237.0
2024-01-26,中班,ES-07,155.1,100,2941.0
2024-01-26,中班,ES-08,124.2,98,2782.0
2024-01-26,夜班,ES-03,109.7,100,3027.0
2024-01-26,夜班,ES-05,120.5,86,2775.0
2024-01-26,夜班,ES-06,135.2,118,3614.0
2024-01-26,夜班,ES-07,154.0,64,1912.0
2024-01-26,夜班,ES-08,130.1,99,2855.0
2024-01-27,早班,ES-01,121.9,110,3576.0
2024-01-27,早班,ES-02,135.5,108,3298.0
2024-01-27,早班,ES-03,115.0,98,3044.0
2024-01-27,早班,ES-04,168.1,96,2978.0
2024-01-27,早班,ES-05,122.4,124,3619.0
2024-01-27,早班,ES-07,154.6,94,2932.0
2024-01-27,早班,ES-08,138.0,85,2410.0
2024-01-27,中班,ES-01,110.7,66,1885.0
2024-01-27,中班,ES-02,128.6,38,1240.0
2024-01-27,中班,ES-03,105.7,83,2711.0
2024-01-27,中班,ES-04,176.9,93,2808.0
2024-01-27,中班,ES-05,125.8,112,3533.0
2024-01-27,中班,ES-06,182.3,96,2724.0
2024-01-27,中班,ES-07,136.9,105,3102.0
2024-01-27,夜班,ES-02,132.4,80,2540.0
2024-01-27,夜班,ES-03,107.0,97,2849.0
2024-01-27,夜班,ES-05,134.1,75,2416.0
2024-01-27,夜班,ES-06,123.8,83,2516.0
2024-01-27,夜班,ES-08,121.7,114,3522.0
2024-01-28,早班,ES-01,113.0,101,3044.0
2024-01-28,早班,ES-02,134.7,109,3353.0
2024-01-28,早班,ES-03,112.7,105,3156.0
2024-01-28,早班,ES-04,170.8,102,3320.0
2024-01-28,早班,ES-05,120.7,124,3678.0
2024-01-28,早班,ES-07,151.1,78,2527.0
2024-01-28,早班,ES-08,125.2,89,2626.0
2024-01-28,中班,ES-01,116.4,89,2582.0
2024-01-28,中班,ES-02,123.0,80,2620.0
2024-01-28,中班,ES-03,154.1,93,3016.0
2024-01-28,中班,ES-04,179.2,72,2122.0
2024-01-28,中班,ES-05,134.7,104,3039.0
2024-01-28,中班,ES-06,123.9,110,3202.0
2024-01-28,中班,ES-07,151.3,100,3098.0
2024-01-28,中班,ES-08,126.2,114,3254.0
2024-01-28,夜班,ES-01,120.6,128,3764.0
2024-01-28,夜班,ES-02,124.2,79,2299.0
2024-01-28,夜班,ES-03,110.8,117,3445.0
2024-01-28,夜班,ES-04,177.8,71,2300.0
2024-01-28,夜班,ES-05,132.4,39,1183.0
2024-01-28,夜班,ES-06,137.9,101,3206.0
2024-01-28,夜班,ES-07,146.3,95,2791.0
2024-01-29,早班,ES-01,115.3,130,4106.0
2024-01-29,早班,ES-02,125.5,88,2574.0
2024-01-29,早班,ES-03,111.9,128,3988.0
2024-01-29,早班,ES-04,166.2,82,2699.0
2024-01-29,早班,ES-05,133.8,86,2690.0
2024-01-29,早班,ES-06,113.7,59,1941.0
2024-01-29,早班,ES-07,137.0,58,1729.0
2024-01-29,早班,ES-08,126.5,76,2221.0
2024-01-29,中班,ES-01,118.6,111,3125.0
2024-01-29,中班,ES-02,126.3,91,2945.0
2024-01-29,中班,ES-03,108.7,68,2180.0
2024-01-29,中班,ES-06,133.6,104,3085.0
2024-01-29,中班,ES-07,142.7,133,3729.0
2024-01-29,夜班,ES-01,108.2,76,2192.0
2024-01-29,夜班,ES-02,130.7,75,2349.0
2024-01-29,夜班,ES-03,105.5,102,3251.0
2024-01-29,夜班,ES-04,190.0,116,3556.0
2024-01-29,夜班,ES-05,118.9,79,2412.0
2024-01-29,夜班,ES-06,138.8,86,2769.0
2024-01-29,夜班,ES-08,124.7,117,3464.0
2024-01-30,早班,ES-01,187.5,104,3185.0
2024-01-30,早班,ES-02,135.6,63,2043.0
2024-01-30,早班,ES-03,118.3,109,3269.0
2024-01-30,早班,ES-04,165.9,116,3340.0
2024-01-30,早班,ES-06,134.3,126,4043.0
2024-01-30,早班,ES-07,144.6,64,1810.0
2024-01-30,早班,ES-08,126.2,90,2935.0
2024-01-30,中班,ES-01,134.1,101,3082.0
2024-01-30,中班,ES-02,135.1,93,3062.0
2024-01-30,中班,ES-03,127.1,56,1769.0
2024-01-30,中班,ES-04,171.9,99,3234.0
2024-01-30,中班,ES-05,128.7,75,2209.0
2024-01-30,中班,ES-06,127.4,112,3693.0
2024-01-30,中班,ES-07,144.9,105,3392.0
2024-01-30,中班,ES-08,188.7,129,3903.0
2024-01-30,夜班,ES-01,122.1,86,2482.0
2024-01-30,夜班,ES-02,125.5,82,2676.0
2024-01-30,夜班,ES-03,107.8,95,2956.0
2024-01-30,夜班,ES-04,174.8,102,2877.0
2024-01-30,夜班,ES-05,114.5,80,2360.0
2024-01-30,夜班,ES-06,118.6,125,3535.0
2024-01-30,夜班,ES-07,142.4,73,2249.0
2024-01-30,夜班,ES-08,132.0,76,2468.0
2024-01-31,早班,ES-01,118.0,109,3100.0
2024-01-31,早班,ES-02,132.6,94,2785.0
2024-01-31,早班,ES-03,116.2,65,2125.0
2024-01-31,早班,ES-04,170.6,62,1850.0
2024-01-31,早班,ES-05,135.0,94,3025.0
2024-01-31,早班,ES-06,130.0,81,2270.0
2024-01-31,早班,ES-07,147.7,96,2690.0
2024-01-31,早班,ES-08,129.7,91,2789.0
2024-01-31,中班,ES-02,133.2,116,3639.0
2024-01-31,中班,ES-05,137.6,102,2987.0
2024-01-31,中班,ES-06,123.3,83,2332.0
2024-01-31,中班,ES-07,155.6,77,2330.0
2024-01-31,中班,ES-08,139.5,103,3115.0
2024-01-31,夜班,ES-01,123.0,114,3250.0
2024-01-31,夜班,ES-02,117.9,123,3716.0
2024-01-31,夜班,ES-03,110.8,111,3552.0
2024-01-31,夜班,ES-05,126.2,95,2747.0
2024-01-31,夜班,ES-06,133.5,91,2681.0
2024-01-31,夜班,ES-07,151.3,89,2719.0
2024-01-31,夜班,ES-08,135.1,119,3369.0
2024-02-01,早班,ES-01,111.5,95,2946.0
2024-02-01,早班,ES-02,123.5,103,3185.0
2024-02-01,早班,ES-03,109.1,86,2549.0
2024-02-01,早班,ES-06,122.7,71,2293.0
2024-02-01,早班,ES-07,150.3,106,3062.0
2024-02-01,早班,ES-08,127.2,56,1674.0
2024-02-01,中班,ES-01,131.9,78,2304.0
2024-02-01,中班,ES-02,117.3,135,4231.0
2024-02-01,中班,ES-03,107.1,132,3869.0
2024-02-01,中班,ES-04,188.4,83,2463.0
2024-02-01,中班,ES-05,127.2,101,2921.0
2024-02-01,中班,ES-06,133.7,108,3369.0
2024-02-01,中班,ES-07,150.8,100,3003.0
2024-02-01,中班,ES-08,130.8,73,2059.0
2024-02-01,夜班,ES-01,121.0,78,2355.0
2024-02-01,夜班,ES-02,124.2,76,2189.0
2024-02-01,夜班,ES-03,113.6,85,2733.0
2024-02-01,夜班,ES-04,171.5,116,3586.0
2024-02-01,夜班,ES-05,135.1,119,3728.0
2024-02-01,夜班,ES-06,131.9,90,2813.0
2024-02-02,早班,ES-01,114.6,83,2592.0
2024-02-02,早班,ES-02,128.8,91,2981.0
2024-02-02,早班,ES-03,116.8,113,3246.0
2024-02-02,早班,ES-05,136.2,79,2313.0
2024-02-02,早班,ES-06,142.5,109,3432.0
2024-02-02,早班,ES-08,111.4,104,3011.0
2024-02-02,中班,ES-01,123.2,93,3059.0
2024-02-02,中班,ES-02,132.0,110,3259.0
2024-02-02,中班,ES-03,115.3,61,1825.0
2024-02-02,中班,ES-04,173.7,67,1931.0
2024-02-02,中班,ES-05,135.0,101,2995.0
2024-02-02,中班,ES-06,136.2,103,3378.0
2024-02-02,中班,ES-07,169.3,121,3863.0
2024-02-02,中班,ES-08,128.2,81,2599.0
2024-02-02,夜班,ES-02,138.2,97,2923.0
2024-02-02,夜班,ES-03,116.2,76,2487.0
2024-02-02,夜班,ES-04,177.0,108,3423.0
2024-02-02,夜班,ES-06,134.4,83,2509.0
2024-02-02,夜班,ES-07,162.9,80,2613.0
2024-02-02,夜班,ES-08,126.4,100,2832.0
2024-02-03,早班,ES-01,110.5,111,3139.0
2024-02-03,早班,ES-04,178.2,93,2633.0
2024-02-03,早班,ES-06,132.8,84,2541.0
2024-02-03,早班,ES-07,190.8,60,1945.0
2024-02-03,中班,ES-02,127.2,89,2787.0
2024-02-03,中班,ES-03,106.1,95,3118.0
2024-02-03,中班,ES-04,179.7,83,2534.0
2024-02-03,中班,ES-05,127.6,119,3432.0
2024-02-03,中班,ES-06,136.7,82,2516.0
2024-02-03,中班,ES-07,162.1,72,2079.0
2024-02-03,中班,ES-08,121.1,69,2018.0
2024-02-03,夜班,ES-01,112.3,106,3130.0
2024-02-03,夜班,ES-02,130.8,63,2029.0
2024-02-03,夜班,ES-03,116.4,95,2801.0
2024-02-03,夜班,ES-04,242.6,104,3223.0
2024-02-03,夜班,ES-05,123.4,119,3702.0
2024-02-03,夜班,ES-06,136.5,73,2172.0
2024-02-03,夜班,ES-07,148.5,107,3174.0
2024-02-03,夜班,ES-08,124.1,136,3877.0
2024-02-04,早班,ES-01,110.3,78,2245.0
2024-02-04,早班,ES-02,125.5,103,3142.0
2024-02-04,早班,ES-04,176.8,82,2645.0
2024-02-04,早班,ES-05,138.1,91,2874.0
2024-02-04,早班,ES-06,120.6,105,3197.0
2024-02-04,早班,ES-07,154.9,105,2945.0
2024-02-04,早班,ES-08,122.2,103,3180.0
2024-02-04,中班,ES-01,121.9,89,2897.0
2024-02-04,中班,ES-02,123.0,75,2261.0
2024-02-04,中班,ES-03,117.6,107,3345.0
2024-02-04,中班,ES-04,188.6,109,3382.0
2024-02-04,中班,ES-05,119.8,90,2797.0
2024-02-04,中班,ES-06,124.4,101,2858.0
2024-02-04,中班,ES-07,155.7,86,2439.0
2024-02-04,中班,ES-08,117.3,77,2175.0
2024-02-04,夜班,ES-01,120.3,102,3048.0
2024-02-04,夜班,ES-02,136.5,83,2504.0
2024-02-04,夜班,ES-03,111.1,109,3248.0
2024-02-04,夜班,ES-04,182.3,110,3153.0
2024-02-04,夜班,ES-05,187.8,94,2731.0
2024-02-04,夜班,ES-06,128.4,101,3248.0
2024-02-04,夜班,ES-07,132.2,73,2232.0
2024-02-05,早班,ES-01,109.3,125,4042.0
2024-02-05,早班,ES-02,128.8,107,3004.0
2024-02-05,早班,ES-03,105.5,97,2981.0
2024-02-05,早班,ES-04,172.6,124,3549.0
2024-02-05,早班,ES-07,154.0,73,2321.0
2024-02-05,早班,ES-08,130.2,66,1867.0
2024-02-05,中班,ES-01,118.3,86,2703.0
2024-02-05,中班,ES-02,129.2,122,3476.0
2024-02-05,中班,ES-03,111.8,109,3536.0
2024-02-05,中班,ES-06,136.3,103,3026.0
2024-02-05,中班,ES-08,125.6,125,3883.0
2024-02-05,夜班,ES-01,122.0,72,2247.0
2024-02-05,夜班,ES-04,184.6,82,2693.0
2024-02-05,夜班,ES-06,127.9,95,2701.0
2024-02-05,夜班,ES-07,151.4,64,1809.0
2024-02-05,夜班,ES-08,126.5,112,3399.0
2024-02-06,早班,ES-01,134.3,122,3871.0
2024-02-06,早班,ES-04,180.8,101,3185.0
2024-02-06,早班,ES-05,112.8,126,4154.0
2024-02-06,早班,ES-06,116.7,66,2138.0
2024-02-06,中班,ES-01,123.8,91,2600.0
2024-02-06,中班,ES-02,126.1,101,3161.0
2024-02-06,中班,ES-03,112.8,93,2866.0
2024-02-06,中班,ES-04,172.0,85,2407.0
2024-02-06,中班,ES-05,125.3,85,2685.0
2024-02-06,中班,ES-06,130.6,85,2529.0
2024-02-06,中班,ES-07,142.9,63,1819.0
2024-02-06,中班,ES-08,128.1,127,3890.0
2024-02-06,夜班,ES-02,131.3,99,3044.0
2024-02-06,夜班,ES-03,95.8,115,3334.0
2024-02-06,夜班,ES-04,169.3,113,3425.0
2024-02-06,夜班,ES-07,124.9,141,4557.0
2024-02-06,夜班,ES-08,123.2,113,3492.0
2024-02-07,早班,ES-01,125.4,152,4279.0
2024-02-07,早班,ES-02,112.4,115,3695.0
2024-02-07,早班,ES-03,110.8,95,2797.0
2024-02-07,早班,ES-04,180.8,62,1924.0
2024-02-07,早班,ES-05,136.8,106,3086.0
2024-02-07,早班,ES-08,117.4,101,3254.0
2024-02-07,中班,ES-01,128.2,99,3191.0
2024-02-07,中班,ES-02,128.6,138,4229.0
2024-02-07,中班,ES-03,162.9,86,2608.0
2024-02-07,中班,ES-05,137.4,94,3084.0
2024-02-07,中班,ES-06,131.3,98,3035.0
2024-02-07,中班,ES-08,111.0,85,2384.0
2024-02-07,夜班,ES-01,123.3,81,2600.0
2024-02-07,夜班,ES-04,186.2,102,2983.0
2024-02-07,夜班,ES-05,129.4,102,3190.0
2024-02-07,夜班,ES-07,158.9,88,2480.0
2024-02-07,夜班,ES-08,118.8,129,4033.0
2024-02-08,早班,ES-01,126.0,87,2623.0
2024-02-08,早班,ES-02,129.6,88,2600.0
2024-02-08,早班,ES-03,108.9,104,3273.0
2024-02-08,早班,ES-04,174.1,75,2400.0
2024-02-08,早班,ES-05,121.2,59,1938.0
2024-02-08,早班,ES-06,128.5,84,2632.0
2024-02-08,早班,ES-07,153.7,108,3384.0
2024-02-08,早班,ES-08,127.8,113,3437.0
2024-02-08,中班,ES-01,107.3,90,2777.0
2024-02-08,中班,ES-02,135.2,116,3723.0
2024-02-08,中班,ES-03,114.4,65,2033.0
2024-02-08,中班,ES-07,230.8,71,2009.0
2024-02-08,中班,ES-08,118.1,115,3783.0
2024-02-08,夜班,ES-02,125.6,122,3509.0
2024-02-08,夜班,ES-03,117.7,109,3301.0
2024-02-08,夜班,ES-04,175.2,95,3093.0
2024-02-08,夜班,ES-05,141.1,103,2887.0
2024-02-08,夜班,ES-06,127.5,125,3666.0
2024-02-08,夜班,ES-07,143.0,119,3466.0
2024-02-08,夜班,ES-08,127.9,104,3332.0
2024-02-09,早班,ES-02,129.7,90,2670.0
2024-02-09,早班,ES-04,167.1,93,3031.0
2024-02-09,早班,ES-05,129.1,82,2511.0
2024-02-09,早班,ES-06,116.1,74,2143.0
2024-02-09,早班,ES-07,154.8,68,2176.0
2024-02-09,早班,ES-08,133.1,110,3116.0
2024-02-09,中班,ES-01,144.6,107,3196.0
2024-02-09,中班,ES-02,129.5,97,2984.0
2024-02-09,中班,ES-03,98.9,87,2857.0
2024-02-09,中班,ES-05,143.0,80,2393.0
2024-02-09,中班,ES-06,141.0,98,2933.0
2024-02-09,中班,ES-07,193.1,84,2640.0
2024-02-09,中班,ES-08,117.3,91,2791.0
2024-02-09,夜班,ES-01,123.5,86,2521.0
2024-02-09,夜班,ES-02,109.1,99,2863.0
2024-02-09,夜班,ES-03,98.8,124,3869.0
2024-02-09,夜班,ES-04,179.0,110,3585.0
2024-02-09,夜班,ES-05,132.1,69,2030.0
2024-02-09,夜班,ES-06,115.7,108,3026.0
2024-02-09,夜班,ES-08,131.5,114,3700.0
2024-02-10,早班,ES-01,105.3,71,2236.0
2024-02-10,早班,ES-03,111.2,110,3625.0
2024-02-10,早班,ES-04,190.2,102,2875.0
2024-02-10,早班,ES-05,125.3,80,2531.0
2024-02-10,早班,ES-06,128.3,70,2254.0
2024-02-10,早班,ES-07,156.9,109,3278.0
2024-02-10,中班,ES-01,109.4,93,2836.0
2024-02-10,中班,ES-02,131.2,76,2278.0
2024-02-10,中班,ES-03,106.4,97,3080.0
2024-02-10,中班,ES-04,181.2,101,3097.0
2024-02-10,中班,ES-05,118.5,75,2181.0
2024-02-10,中班,ES-06,131.1,48,1461.0
2024-02-10,中班,ES-07,166.3,80,2436.0
2024-02-10,夜班,ES-01,110.4,108,3385.0
2024-02-10,夜班,ES-03,112.3,88,2812.0
2024-02-10,夜班,ES-04,185.4,79,2455.0
2024-02-10,夜班,ES-05,125.1,84,2502.0
2024-02-10,夜班,ES-08,142.8,82,2659.0
2024-02-11,早班,ES-01,120.1,102,3284.0
2024-02-11,早班,ES-02,117.0,87,2637.0
2024-02-11,早班,ES-03,149.9,68,1975.0
2024-02-11,早班,ES-04,187.5,92,2755.0
2024-02-11,早班,ES-05,116.0,94,3087.0
2024-02-11,早班,ES-06,127.7,125,4067.0
2024-02-11,早班,ES-08,130.9,85,2499.0
2024-02-11,中班,ES-02,120.9,73,2297.0
2024-02-11,中班,ES-04,163.9,76,2490.0
2024-02-11,中班,ES-05,122.6,86,2712.0
2024-02-11,中班,ES-06,134.2,93,3006.0
2024-02-11,中班,ES-07,135.1,73,2255.0
2024-02-11,中班,ES-08,117.1,48,1523.0
2024-02-11,夜班,ES-01,125.7,88,2778.0
2024-02-11,夜班,ES-05,125.9,110,3480.0
2024-02-11,夜班,ES-06,133.1,86,2736.0
2024-02-11,夜班,ES-07,154.3,77,2519.0
2024-02-11,夜班,ES-08,135.2,97,2968.0
2024-02-12,早班,ES-01,105.9,81,2351.0
2024-02-12,早班,ES-02,121.1,112,3295.0
2024-02-12,早班,ES-03,108.2,83,2516.0
2024-02-12,早班,ES-04,189.1,95,2742.0
2024-02-12,早班,ES-06,128.6,83,2381.0
2024-02-12,早班,ES-07,156.8,127,4038.0
2024-02-12,中班,ES-01,108.4,85,2468.0
2024-02-12,中班,ES-02,122.2,122,4003.0
2024-02-12,中班,ES-03,106.6,99,3147.0
2024-02-12,中班,ES-04,185.3,98,2964.0
2024-02-12,中班,ES-05,127.8,77,2359.0
2024-02-12,中班,ES-06,126.2,95,2714.0
2024-02-12,中班,ES-07,159.0,91,2749.0
2024-02-12,中班,ES-08,127.6,92,2809.0
2024-02-12,夜班,ES-01,132.1,56,1823.0
2024-02-12,夜班,ES-04,179.5,117,3676.0
2024-02-12,夜班,ES-05,120.9,121,3553.0
2024-02-12,夜班,ES-06,119.6,72,2200.0
2024-02-12,夜班,ES-07,145.4,82,2405.0
2024-02-12,夜班,ES-08,131.2,65,2130.0
2024-02-13,早班,ES-02,136.2,105,3000.0
2024-02-13,早班,ES-03,112.9,126,3747.0
2024-02-13,早班,ES-04,173.0,112,3681.0
2024-02-13,早班,ES-06,204.3,92,2882.0
2024-02-13,早班,ES-08,186.9,62,1852.0
2024-02-13,中班,ES-01,122.0,117,3789.0
2024-02-13,中班,ES-02,119.3,80,2476.0
2024-02-13,中班,ES-03,113.4,106,3367.0
2024-02-13,中班,ES-04,170.7,84,2440.0
2024-02-13,中班,ES-05,134.2,115,3346.0
2024-02-13,中班,ES-06,199.2,85,2496.0
2024-02-13,中班,ES-08,115.7,106,3033.0
2024-02-13,夜班,ES-01,120.0,97,2836.0
2024-02-13,夜班,ES-03,110.1,78,2402.0
2024-02-13,夜班,ES-04,181.3,121,3896.0
2024-02-13,夜班,ES-05,131.1,69,1982.0
2024-02-13,夜班,ES-07,147.9,72,2356.0
2024-02-13,夜班,ES-08,131.9,95,2953.0
2024-02-14,早班,ES-02,122.6,74,2232.0
2024-02-14,早班,ES-03,117.8,76,2493.0
2024-02-14,早班,ES-05,138.6,129,3778.0
2024-02-14,早班,ES-06,133.9,98,2869.0
2024-02-14,早班,ES-07,157.6,117,3432.0
2024-02-14,早班,ES-08,160.6,101,2909.0
2024-02-14,中班,ES-01,127.7,120,3425.0
2024-02-14,中班,ES-02,136.0,95,2713.0
2024-02-14,中班,ES-04,173.6,109,3197.0
2024-02-14,中班,ES-06,128.6,97,3157.0
2024-02-14,中班,ES-07,157.1,112,3515.0
2024-02-14,中班,ES-08,123.9,107,3137.0
2024-02-14,夜班,ES-01,130.6,99,2784.0
2024-02-14,夜班,ES-03,103.5,57,1617.0
2024-02-14,夜班,ES-04,175.5,88,2899.0
2024-02-14,夜班,ES-05,123.2,94,2914.0
2024-02-14,夜班,ES-08,114.5,97,3128.0
2024-02-15,早班,ES-01,125.9,135,3910.0
2024-02-15,早班,ES-03,116.6,112,3519.0
2024-02-15,早班,ES-04,172.0,83,2514.0
2024-02-15,早班,ES-05,126.6,68,1980.0
2024-02-15,早班,ES-06,132.1,114,3463.0
2024-02-15,早班,ES-07,154.8,114,3452.0
2024-02-15,早班,ES-08,133.4,89,2740.0
2024-02-15,中班,ES-01,131.5,120,3635.0
2024-02-15,中班,ES-02,124.2,66,1900.0
2024-02-15,中班,ES-03,119.0,94,2927.0
2024-02-15,中班,ES-05,120.1,75,2248.0
2024-02-15,中班,ES-06,123.5,106,3174.0
2024-02-15,中班,ES-07,148.6,63,2018.0
2024-02-15,中班,ES-08,133.4,116,3815.0
2024-02-15,夜班,ES-01,109.0,117,3626.0
2024-02-15,夜班,ES-02,157.1,63,1956.0
2024-02-15,夜班,ES-03,94.9,97,2847.0
2024-02-15,夜班,ES-04,174.3,100,3199.0
2024-02-15,夜班,ES-06,142.5,116,3776.0
2024-02-15,夜班,ES-07,148.0,76,2309.0
2024-02-16,早班,ES-01,124.1,107,3519.0
2024-02-16,早班,ES-02,125.6,83,2471.0
2024-02-16,早班,ES-03,110.0,125,3538.0
2024-02-16,早班,ES-04,177.0,84,2670.0
2024-02-16,早班,ES-06,148.1,82,2555.0
2024-02-16,早班,ES-07,147.9,83,2390.0
2024-02-16,早班,ES-08,119.6,96,3113.0
2024-02-16,中班,ES-01,120.6,107,3418.0
2024-02-16,中班,ES-02,121.5,84,2563.0
2024-02-16,中班,ES-03,111.3,65,2135.0
2024-02-16,中班,ES-04,170.5,102,3149.0
2024-02-16,中班,ES-05,126.0,62,1967.0
2024-02-16,中班,ES-06,107.1,82,2460.0
2024-02-16,中班,ES-07,156.4,78,2533.0
2024-02-16,中班,ES-08,113.8,130,4031.0
2024-02-16,夜班,ES-01,138.5,104,3408.0
2024-02-16,夜班,ES-03,99.5,90,2672.0
2024-02-16,夜班,ES-04,168.5,127,3694.0
2024-02-16,夜班,ES-06,133.8,75,2294.0
2024-02-16,夜班,ES-07,147.3,80,2467.0
2024-02-16,夜班,ES-08,136.2,94,2644.0
2024-02-17,早班,ES-01,125.4,116,3626.0
2024-02-17,早班,ES-02,119.8,74,2229.0
2024-02-17,早班,ES-03,95.2,122,3612.0
2024-02-17,早班,ES-04,166.0,53,1729.0
2024-02-17,早班,ES-05,142.4,111,3401.0
2024-02-17,早班,ES-06,117.8,107,3395.0
2024-02-17,中班,ES-01,108.0,80,2536.0
2024-02-17,中班,ES-02,125.1,100,2940.0
2024-02-17,中班,ES-03,110.4,107,3268.0
2024-02-17,中班,ES-04,182.0,103,3043.0
2024-02-17,中班,ES-06,141.2,88,2747.0
2024-02-17,中班,ES-07,147.1,128,3757.0
2024-02-17,中班,ES-08,112.1,132,3949.0
2024-02-17,夜班,ES-01,109.6,81,2629.0
2024-02-17,夜班,ES-02,138.5,94,2969.0
2024-02-17,夜班,ES-03,107.6,63,2050.0
2024-02-17,夜班,ES-04,172.2,88,2506.0
2024-02-17,夜班,ES-05,128.2,88,2804.0
2024-02-17,夜班,ES-06,141.0,113,3179.0
2024-02-17,夜班,ES-08,119.7,81,2659.0
2024-02-18,早班,ES-01,121.8,95,2944.0
2024-02-18,早班,ES-02,126.4,94,2753.0
2024-02-18,早班,ES-04,169.2,114,3415.0
2024-02-18,早班,ES-06,108.3,70,2145.0
2024-02-18,早班,ES-08,114.2,95,2911.0
2024-02-18,中班,ES-01,195.9,80,2627.0
2024-02-18,中班,ES-02,181.1,47,1546.0
2024-02-18,中班,ES-03,120.4,89,2759.0
2024-02-18,中班,ES-04,166.9,95,2769.0
2024-02-18,中班,ES-05,145.6,94,2680.0
2024-02-18,中班,ES-06,129.4,103,2986.0
2024-02-18,中班,ES-07,155.1,114,3410.0
2024-02-18,中班,ES-08,121.7,73,2125.0
2024-02-18,夜班,ES-01,115.1,97,3132.0
2024-02-18,夜班,ES-02,132.4,90,2526.0
2024-02-18,夜班,ES-03,102.3,112,3539.0
2024-02-18,夜班,ES-05,135.3,79,2332.0
2024-02-18,夜班,ES-06,119.2,68,2242.0
2024-02-18,夜班,ES-07,144.0,79,2526.0
2024-02-18,夜班,ES-08,123.6,136,3993.0
2024-02-19,早班,ES-01,124.5,65,2092.0
2024-02-19,早班,ES-02,122.7,71,2107.0
2024-02-19,早班,ES-03,108.9,94,2901.0
2024-02-19,早班,ES-04,175.4,98,3022.0
2024-02-19,早班,ES-05,128.7,120,3767.0
2024-02-19,早班,ES-06,124.4,93,2925.0
2024-02-19,早班,ES-07,145.4,97,3179.0
2024-02-19,中班,ES-01,130.0,125,4032.0
2024-02-19,中班,ES-02,131.7,94,2831.0
2024-02-19,中班,ES-03,104.8,52,1641.0
2024-02-19,中班,ES-04,180.9,100,2847.0
2024-02-19,中班,ES-06,137.5,120,3721.0
2024-02-19,中班,ES-07,161.5,105,3365.0
2024-02-19,中班,ES-08,110.6,84,2421.0
2024-02-19,夜班,ES-01,110.3,74,2417.0
2024-02-19,夜班,ES-02,116.4,101,2839.0
2024-02-19,夜班,ES-03,116.1,89,2651.0
2024-02-19,夜班,ES-04,181.0,78,2311.0
2024-02-19,夜班,ES-05,121.6,66,1870.0
2024-02-19,夜班,ES-06,127.4,84,2629.0
2024-02-19,夜班,ES-07,151.1,121,3870.0
2024-02-20,早班,ES-01,120.0,84,2509.0
2024-02-20,早班,ES-02,126.4,118,3541.0
2024-02-20,早班,ES-03,114.6,125,3821.0
2024-02-20,早班,ES-05,118.0,80,2516.0
2024-02-20,早班,ES-06,129.8,56,1623.0
2024-02-20,早班,ES-07,151.0,108,3039.0
2024-02-20,早班,ES-08,127.4,104,3027.0
2024-02-20,中班,ES-01,104.5,84,2505.0
2024-02-20,中班,ES-02,134.6,106,3122.0
2024-02-20,中班,ES-03,114.0,56,1814.0
2024-02-20,中班,ES-04,179.0,88,2690.0
2024-02-20,中班,ES-06,133.5,78,2538.0
2024-02-20,中班,ES-07,158.2,110,3381.0
2024-02-20,中班,ES-08,117.7,110,3426.0
2024-02-20,夜班,ES-02,132.7,100,2920.0
2024-02-20,夜班,ES-03,110.2,101,3137.0
2024-02-20,夜班,ES-04,181.8,91,2608.0
2024-02-20,夜班,ES-08,115.4,116,3403.0
2024-02-21,早班,ES-02,127.6,88,2499.0
2024-02-21,早班,ES-04,164.1,93,2826.0
2024-02-21,早班,ES-05,121.3,85,2434.0
2024-02-21,早班,ES-06,127.3,88,2736.0
2024-02-21,早班,ES-07,145.4,102,3090.0
2024-02-21,早班,ES-08,116.0,91,2971.0
2024-02-21,中班,ES-01,123.5,102,2997.0
2024-02-21,中班,ES-02,135.7,127,3974.0
2024-02-21,中班,ES-03,112.5,72,2064.0
2024-02-21,中班,ES-05,130.4,108,3194.0
2024-02-21,中班,ES-06,117.9,92,2636.0
2024-02-21,中班,ES-07,146.0,119,3623.0
2024-02-21,中班,ES-08,128.2,91,2846.0
2024-02-21,夜班,ES-01,121.0,105,3037.0
2024-02-21,夜班,ES-02,118.8,85,2773.0
2024-02-21,夜班,ES-03,102.8,117,3597.0
2024-02-21,夜班,ES-04,169.1,110,3273.0
2024-02-21,夜班,ES-05,128.3,80,2288.0
2024-02-21,夜班,ES-07,150.2,74,2168.0
2024-02-21,夜班,ES-08,115.7,66,2144.0
2024-02-22,早班,ES-01,112.0,97,2977.0
2024-02-22,早班,ES-02,130.7,80,2245.0
2024-02-22,早班,ES-04,169.7,88,2788.0
2024-02-22,早班,ES-05,122.3,116,3368.0
2024-02-22,早班,ES-07,147.6,78,2294.0
2024-02-22,早班,ES-08,114.3,71,2045.0
2024-02-22,中班,ES-01,115.0,86,2716.0
2024-02-22,中班,ES-02,126.9,125,3724.0
2024-02-22,中班,ES-03,102.2,116,3662.0
2024-02-22,中班,ES-04,181.7,85,2537.0
2024-02-22,中班,ES-05,132.7,103,3099.0
2024-02-22,中班,ES-06,117.1,76,2435.0
2024-02-22,中班,ES-07,147.9,115,3242.0
2024-02-22,夜班,ES-02,113.6,87,2696.0
2024-02-22,夜班,ES-03,118.9,79,2365.0
2024-02-22,夜班,ES-04,170.4,90,2929.0
2024-02-22,夜班,ES-05,128.3,84,2684.0
2024-02-22,夜班,ES-06,128.4,100,3274.0
2024-02-22,夜班,ES-08,117.4,79,2343.0
2024-02-23,早班,ES-01,175.5,73,2113.0
2024-02-23,早班,ES-02,123.9,74,2386.0
2024-02-23,早班,ES-03,121.1,107,3028.0
2024-02-23,早班,ES-04,186.4,139,4359.0
2024-02-23,早班,ES-05,126.5,125,3789.0
2024-02-23,早班,ES-06,120.5,107,3409.0
2024-02-23,早班,ES-07,154.4,118,3535.0
2024-02-23,早班,ES-08,128.2,93,2987.0
2024-02-23,中班,ES-01,120.6,97,3030.0
2024-02-23,中班,ES-03,106.0,86,2456.0
2024-02-23,中班,ES-04,177.9,103,2998.0
2024-02-23,中班,ES-05,133.2,70,2259.0
2024-02-23,中班,ES-08,108.3,90,2918.0
2024-02-23,夜班,ES-01,119.6,114,3563.0
2024-02-23,夜班,ES-03,178.4,93,2617.0
2024-02-23,夜班,ES-04,166.5,51,1469.0
2024-02-23,夜班,ES-06,128.9,122,3793.0
2024-02-23,夜班,ES-07,172.3,60,1923.0
2024-02-23,夜班,ES-08,125.2,78,2342.0
2024-02-24,早班,ES-01,105.0,90,2778.0
2024-02-24,早班,ES-04,176.0,98,3120.0
2024-02-24,早班,ES-05,131.7,92,2948.0
2024-02-24,早班,ES-06,139.6,108,3197.0
2024-02-24,早班,ES-07,158.5,81,2290.0
2024-02-24,中班,ES-02,117.2,114,3698.0
2024-02-24,中班,ES-03,174.4,75,2315.0
2024-02-24,中班,ES-04,174.6,121,3814.0
2024-02-24,中班,ES-05,127.3,92,2722.0
2024-02-24,中班,ES-06,129.8,87,2529.0
2024-02-24,中班,ES-07,156.2,101,3106.0
2024-02-24,中班,ES-08,133.1,76,2183.0
2024-02-24,夜班,ES-01,114.4,92,2811.0
2024-02-24,夜班,ES-03,113.2,112,3432.0
2024-02-24,夜班,ES-04,166.6,72,2375.0
2024-02-24,夜班,ES-05,139.8,98,3153.0
2024-02-24,夜班,ES-06,136.3,85,2393.0
2024-02-24,夜班,ES-07,151.8,61,1886.0
2024-02-24,夜班,ES-08,117.1,73,2102.0
2024-02-25,早班,ES-01,126.7,109,3330.0
2024-02-25,早班,ES-02,114.0,101,3048.0
2024-02-25,早班,ES-03,106.3,86,2427.0
2024-02-25,早班,ES-04,191.0,83,2405.0
2024-02-25,早班,ES-06,132.4,100,2859.0
2024-02-25,早班,ES-07,142.1,87,2627.0
2024-02-25,早班,ES-08,136.0,90,2852.0
2024-02-25,中班,ES-01,121.2,97,2938.0
2024-02-25,中班,ES-05,123.9,102,3270.0
2024-02-25,中班,ES-07,146.0,83,2701.0
2024-02-25,中班,ES-08,127.7,106,3154.0
2024-02-25,夜班,ES-02,124.5,94,2974.0
2024-02-25,夜班,ES-03,119.2,107,3046.0
2024-02-25,夜班,ES-04,173.6,77,2233.0
2024-02-25,夜班,ES-06,138.0,87,2656.0
2024-02-25,夜班,ES-07,149.8,87,2804.0
2024-02-25,夜班,ES-08,111.4,94,2715.0
2024-02-26,早班,ES-01,117.6,128,4145.0
2024-02-26,早班,ES-02,122.8,85,2531.0
2024-02-26,早班,ES-03,121.1,90,2673.0
2024-02-26,早班,ES-05,126.4,80,2340.0
2024-02-26,早班,ES-06,115.3,89,2925.0
2024-02-26,早班,ES-07,146.9,112,3278.0
2024-02-26,中班,ES-01,115.7,88,2546.0
2024-02-26,中班,ES-03,114.2,55,1633.0
2024-02-26,中班,ES-04,162.2,67,2170.0
2024-02-26,中班,ES-05,132.8,75,2204.0
2024-02-26,中班,ES-06,130.6,111,3412.0
2024-02-26,中班,ES-08,131.9,82,2377.0
2024-02-26,夜班,ES-01,120.7,113,3186.0
2024-02-26,夜班,ES-02,155.0,87,2738.0
2024-02-26,夜班,ES-03,114.8,61,1873.0
2024-02-26,夜班,ES-04,179.2,99,3241.0
2024-02-26,夜班,ES-05,124.0,108,3056.0
2024-02-26,夜班,ES-06,123.9,86,2691.0
2024-02-26,夜班,ES-07,148.1,89,2663.0
2024-02-26,夜班,ES-08,137.3,84,2480.0
2024-02-27,早班,ES-01,127.2,82,2687.0
2024-02-27,早班,ES-02,136.5,93,2772.0
2024-02-27,早班,ES-04,181.6,89,2928.0
2024-02-27,早班,ES-06,134.0,89,2667.0
2024-02-27,早班,ES-08,135.3,114,3443.0
2024-02-27,中班,ES-01,123.5,105,2977.0
2024-02-27,中班,ES-02,106.3,110,3206.0
2024-02-27,中班,ES-03,101.2,98,3037.0
2024-02-27,中班,ES-04,179.7,104,3382.0
2024-02-27,中班,ES-05,112.2,77,2479.0
2024-02-27,中班,ES-06,140.1,104,3401.0
2024-02-27,中班,ES-07,149.4,85,2448.0
2024-02-27,夜班,ES-01,110.1,75,2339.0
2024-02-27,夜班,ES-02,197.2,90,2897.0
2024-02-27,夜班,ES-05,125.1,86,2826.0
2024-02-27,夜班,ES-06,125.5,73,2287.0
2024-02-27,夜班,ES-08,116.1,79,2234.0
2024-02-28,早班,ES-01,117.8,70,2293.0
2024-02-28,早班,ES-02,129.2,101,3220.0
2024-02-28,早班,ES-03,102.7,83,2568.0
2024-02-28,早班,ES-05,131.5,95,2774.0
2024-02-28,早班,ES-06,141.5,94,2724.0
2024-02-28,早班,ES-07,159.1,132,4017.0
2024-02-28,早班,ES-08,127.7,73,2260.0
2024-02-28,中班,ES-01,121.2,95,3071.0
2024-02-28,中班,ES-02,120.0,112,3231.0
2024-02-28,中班,ES-03,98.6,106,3079.0
2024-02-28,中班,ES-04,163.7,81,2427.0
2024-02-28,中班,ES-05,125.9,75,2321.0
2024-02-28,中班,ES-06,125.9,94,2936.0
2024-02-28,中班,ES-07,156.9,114,3281.0
2024-02-28,中班,ES-08,118.8,107,3223.0
2024-02-28,夜班,ES-01,112.5,84,2557.0
2024-02-28,夜班,ES-02,138.2,68,1976.0
2024-02-28,夜班,ES-03,99.5,94,3017.0
2024-02-28,夜班,ES-05,140.9,71,2011.0
2024-02-28,夜班,ES-06,145.1,110,3123.0
2024-02-28,夜班,ES-07,144.0,105,3034.0
2024-02-28,夜班,ES-08,103.0,90,2637.0
2024-02-29,早班,ES-02,122.2,97,3175.0
2024-02-29,早班,ES-03,110.4,80,2373.0
2024-02-29,早班,ES-04,164.4,80,2524.0
2024-02-29,早班,ES-05,123.4,111,3496.0
2024-02-29,早班,ES-06,122.9,101,3232.0
2024-02-29,早班,ES-08,127.5,98,3121.0
2024-02-29,中班,ES-01,123.8,87,2583.0
2024-02-29,中班,ES-02,139.2,100,3213.0
2024-02-29,中班,ES-03,109.4,107,3470.0
2024-02-29,中班,ES-04,164.9,75,2190.0
2024-02-29,中班,ES-05,126.3,80,2329.0
2024-02-29,中班,ES-06,132.5,106,3075.0
2024-02-29,中班,ES-07,163.7,108,3315.0
2024-02-29,中班,ES-08,125.0,79,2425.0
2024-02-29,夜班,ES-01,118.4,93,2620.0
2024-02-29,夜班,ES-02,120.9,100,3112.0
2024-02-29,夜班,ES-04,193.5,102,3317.0
2024-02-29,夜班,ES-05,137.6,86,2417.0
2024-02-29,夜班,ES-07,143.6,64,1919.0
2024-02-29,夜班,ES-08,124.5,79,2596.0
2024-03-01,早班,ES-01,128.2,81,2613.0
2024-03-01,早班,ES-02,132.0,78,2490.0
2024-03-01,早班,ES-03,117.9,97,3055.0
2024-03-01,早班,ES-04,181.6,110,3195.0
2024-03-01,早班,ES-06,131.0,86,2632.0
2024-03-01,早班,ES-07,133.4,101,3330.0
2024-03-01,早班,ES-08,132.1,101,2865.0
2024-03-01,中班,ES-01,123.4,97,3070.0
2024-03-01,中班,ES-03,121.6,77,2297.0
2024-03-01,中班,ES-04,179.9,102,3348.0
2024-03-01,中班,ES-06,141.8,70,2015.0
2024-03-01,中班,ES-08,122.8,106,3364.0
2024-03-01,夜班,ES-02,135.9,91,2777.0
2024-03-01,夜班,ES-03,115.4,87,2588.0
2024-03-01,夜班,ES-04,185.5,107,3001.0
2024-03-01,夜班,ES-05,122.6,85,2381.0
2024-03-01,夜班,ES-06,138.8,73,2213.0
2024-03-01,夜班,ES-07,136.1,113,3373.0
2024-03-02,早班,ES-02,121.9,108,3320.0
2024-03-02,早班,ES-05,133.8,111,3143.0
2024-03-02,早班,ES-08,133.3,110,3342.0
2024-03-02,中班,ES-01,117.3,77,2238.0
2024-03-02,中班,ES-02,117.7,103,3262.0
2024-03-02,中班,ES-03,119.0,112,3602.0
2024-03-02,中班,ES-04,176.9,102,2882.0
2024-03-02,中班,ES-08,126.1,91,2601.0
2024-03-02,夜班,ES-02,124.5,123,3673.0
2024-03-02,夜班,ES-03,128.0,94,2789.0
2024-03-02,夜班,ES-04,173.9,82,2462.0
2024-03-02,夜班,ES-05,131.6,82,2464.0
2024-03-02,夜班,ES-06,143.5,65,1922.0
2024-03-02,夜班,ES-07,148.9,126,3799.0
2024-03-02,夜班,ES-08,124.9,125,3938.0
2024-03-03,早班,ES-01,127.8,97,3193.0
2024-03-03,早班,ES-03,113.5,103,3364.0
2024-03-03,早班,ES-05,118.7,78,2451.0
2024-03-03,早班,ES-06,127.6,76,2443.0
2024-03-03,中班,ES-01,125.7,72,2252.0
2024-03-03,中班,ES-03,117.8,105,3446.0
2024-03-03,中班,ES-04,252.2,99,3150.0
2024-03-03,中班,ES-06,125.4,102,3246.0
2024-03-03,中班,ES-07,141.9,121,3401.0
2024-03-03,中班,ES-08,125.1,78,2551.0
2024-03-03,夜班,ES-01,120.5,91,2584.0
2024-03-03,夜班,ES-04,181.8,98,3067.0
2024-03-03,夜班,ES-06,128.4,95,2908.0
2024-03-03,夜班,ES-07,140.5,106,2982.0
2024-03-03,夜班,ES-08,145.3,115,3381.0
2024-03-04,早班,ES-02,131.8,102,3251.0
2024-03-04,早班,ES-05,134.5,108,3527.0
2024-03-04,早班,ES-06,127.3,87,2505.0
2024-03-04,早班,ES-08,191.6,87,2696.0
2024-03-04,中班,ES-01,123.5,69,2258.0
2024-03-04,中班,ES-03,106.5,71,2128.0
2024-03-04,中班,ES-04,170.8,103,2938.0
2024-03-04,中班,ES-05,143.9,107,3069.0
2024-03-04,中班,ES-08,127.6,99,2869.0
2024-03-04,夜班,ES-02,144.0,124,3542.0
2024-03-04,夜班,ES-03,165.6,122,3625.0
2024-03-04,夜班,ES-04,167.4,62,1941.0
2024-03-04,夜班,ES-05,130.0,69,2205.0
2024-03-04,夜班,ES-06,135.5,81,2622.0
2024-03-04,夜班,ES-07,132.4,132,3970.0
2024-03-04,夜班,ES-08,120.9,85,2717.0
2024-03-05,早班,ES-01,114.4,100,3275.0
2024-03-05,早班,ES-02,122.3,119,3425.0
2024-03-05,早班,ES-03,96.2,95,3063.0
2024-03-05,早班,ES-04,176.5,80,2495.0
2024-03-05,早班,ES-05,129.2,103,2924.0
2024-03-05,早班,ES-06,122.9,74,2224.0
2024-03-05,早班,ES-07,144.5,74,2317.0
2024-03-05,早班,ES-08,132.5,97,2795.0
2024-03-05,中班,ES-01,124.9,65,1857.0
2024-03-05,中班,ES-02,132.4,81,2562.0
2024-03-05,中班,ES-04,184.7,113,3192.0
2024-03-05,中班,ES-05,124.7,116,3543.0
2024-03-05,中班,ES-06,129.2,126,3830.0
2024-03-05,中班,ES-07,151.6,91,2677.0
2024-03-05,夜班,ES-01,110.1,93,2922.0
2024-03-05,夜班,ES-02,137.8,107,3504.0
2024-03-05,夜班,ES-04,166.6,114,3472.0
2024-03-05,夜班,ES-05,131.8,100,3296.0
2024-03-05,夜班,ES-07,153.0,97,3006.0
2024-03-06,早班,ES-01,123.8,73,2090.0
2024-03-06,早班,ES-02,129.3,100,3147.0
2024-03-06,早班,ES-03,97.5,131,3829.0
2024-03-06,早班,ES-04,175.4,98,3148.0
2024-03-06,早班,ES-05,169.7,82,2497.0
2024-03-06,早班,ES-06,145.2,107,3144.0
2024-03-06,早班,ES-07,157.8,121,3642.0
2024-03-06,早班,ES-08,124.9,68,2148.0
2024-03-06,中班,ES-01,116.6,94,2645.0
2024-03-06,中班,ES-02,123.1,83,2657.0
2024-03-06,中班,ES-03,94.6,96,3132.0
2024-03-06,中班,ES-05,127.7,122,3740.0
2024-03-06,中班,ES-06,148.6,105,3222.0
2024-03-06,中班,ES-07,152.2,96,3005.0
2024-03-06,中班,ES-08,139.5,100,3147.0
2024-03-06,夜班,ES-02,133.7,81,2588.0
2024-03-06,夜班,ES-04,191.8,99,2966.0
2024-03-06,夜班,ES-05,138.6,88,2757.0
2024-03-06,夜班,ES-06,124.8,114,3514.0
2024-03-06,夜班,ES-07,140.2,97,3081.0
2024-03-06,夜班,ES-08,117.5,103,3330.0
2024-03-07,早班,ES-01,104.1,62,1814.0
2024-03-07,早班,ES-02,139.5,100,2964.0
2024-03-07,早班,ES-06,123.1,54,1641.0
2024-03-07,早班,ES-07,150.5,92,2705.0
2024-03-07,早班,ES-08,127.6,89,2503.0
2024-03-07,中班,ES-06,118.1,77,2488.0
2024-03-07,中班,ES-08,120.3,89,2777.0
2024-03-07,夜班,ES-01,119.4,113,3705.0
2024-03-07,夜班,ES-02,132.6,108,3073.0
2024-03-07,夜班,ES-03,109.0,98,3102.0
2024-03-07,夜班,ES-04,185.6,99,2845.0
2024-03-07,夜班,ES-05,129.7,110,3405.0
2024-03-07,夜班,ES-08,120.6,105,3227.0
2024-03-08,早班,ES-01,118.2,95,2758.0
2024-03-08,早班,ES-02,127.2,66,1870.0
2024-03-08,早班,ES-03,107.6,98,3062.0
2024-03-08,早班,ES-04,156.4,104,3070.0
2024-03-08,早班,ES-06,129.4,115,3585.0
2024-03-08,早班,ES-07,127.1,70,2232.0
2024-03-08,早班,ES-08,128.8,94,2747.0
2024-03-08,中班,ES-01,108.5,88,2605.0
2024-03-08,中班,ES-02,123.7,86,2556.0
2024-03-08,中班,ES-04,174.6,70,2042.0
2024-03-08,中班,ES-05,127.8,84,2533.0
2024-03-08,中班,ES-06,133.4,85,2698.0
2024-03-08,中班,ES-07,206.6,117,3551.0
2024-03-08,中班,ES-08,134.5,68,2112.0
2024-03-08,夜班,ES-01,116.4,107,3509.0
2024-03-08,夜班,ES-02,128.6,106,3041.0
2024-03-08,夜班,ES-03,112.8,90,2833.0
2024-03-08,夜班,ES-04,189.1,104,3065.0
2024-03-08,夜班,ES-05,115.5,80,2389.0
2024-03-08,夜班,ES-06,192.7,62,1852.0
2024-03-08,夜班,ES-07,144.3,86,2625.0
2024-03-08,夜班,ES-08,120.5,120,3594.0
2024-03-09,早班,ES-02,137.3,102,3325.0
2024-03-09,早班,ES-03,110.5,112,3494.0
2024-03-09,早班,ES-05,113.9,74,2084.0
2024-03-09,早班,ES-06,128.3,97,2893.0
2024-03-09,早班,ES-07,153.3,125,4108.0
2024-03-09,早班,ES-08,110.7,113,3181.0
2024-03-09,中班,ES-01,130.0,115,3620.0
2024-03-09,中班,ES-02,132.2,91,2684.0
2024-03-09,中班,ES-05,125.6,103,3040.0
2024-03-09,中班,ES-08,137.3,93,2989.0
2024-03-09,夜班,ES-01,107.1,102,3059.0
2024-03-09,夜班,ES-03,101.4,107,3189.0
2024-03-09,夜班,ES-04,163.8,74,2297.0
2024-03-09,夜班,ES-05,114.5,87,2868.0
2024-03-09,夜班,ES-06,112.9,84,2682.0
2024-03-10,早班,ES-01,99.6,121,3906.0
2024-03-10,早班,ES-03,106.3,69,2056.0
2024-03-10,早班,ES-04,173.8,122,3612.0
2024-03-10,早班,ES-05,118.6,94,3017.0
2024-03-10,早班,ES-06,124.6,121,3606.0
2024-03-10,早班,ES-07,189.0,99,3178.0
2024-03-10,早班,ES-08,116.9,93,2708.0
2024-03-10,中班,ES-01,122.9,92,2832.0
2024-03-10,中班,ES-03,109.1,72,2279.0
2024-03-10,中班,ES-04,187.4,118,3529.0
2024-03-10,中班,ES-06,116.6,105,3384.0
2024-03-10,中班,ES-07,157.9,86,2670.0
2024-03-10,夜班,ES-02,130.2,92,2857.0
2024-03-10,夜班,ES-03,108.8,105,3160.0
2024-03-10,夜班,ES-04,179.7,107,3331.0
2024-03-10,夜班,ES-05,125.4,110,3205.0
2024-03-10,夜班,ES-06,126.2,113,3419.0
2024-03-10,夜班,ES-07,160.7,49,1500.0
2024-03-11,早班,ES-01,112.0,54,1574.0
2024-03-11,早班,ES-02,135.3,112,3460.0
2024-03-11,早班,ES-03,114.6,57,1682.0
2024-03-11,早班,ES-04,205.0,93,3068.0
2024-03-11,早班,ES-05,135.8,89,2682.0
2024-03-11,早班,ES-06,131.4,93,3062.0
2024-03-11,早班,ES-07,163.1,98,2971.0
2024-03-11,早班,ES-08,127.0,56,1609.0
2024-03-11,中班,ES-01,129.2,54,1556.0
2024-03-11,中班,ES-03,161.0,95,2858.0
2024-03-11,中班,ES-04,164.4,96,2753.0
2024-03-11,中班,ES-05,128.5,116,3824.0
2024-03-11,中班,ES-07,129.6,122,3835.0
2024-03-11,中班,ES-08,128.5,91,2904.0
2024-03-11,夜班,ES-01,114.0,102,3320.0
2024-03-11,夜班,ES-02,129.6,75,2395.0
2024-03-11,夜班,ES-04,225.4,138,4274.0
2024-03-11,夜班,ES-05,133.8,69,2015.0
2024-03-11,夜班,ES-06,124.3,117,3398.0
2024-03-11,夜班,ES-07,150.7,110,3622.0
2024-03-11,夜班,ES-08,117.4,89,2810.0
2024-03-12,早班,ES-01,122.6,130,3682.0
2024-03-12,早班,ES-02,131.2,117,3302.0
2024-03-12,早班,ES-04,184.6,122,4021.0
2024-03-12,早班,ES-05,134.3,103,3333.0
2024-03-12,早班,ES-06,125.4,85,2748.0
2024-03-12,早班,ES-07,144.0,89,2537.0
2024-03-12,中班,ES-01,114.4,64,1870.0
2024-03-12,中班,ES-02,127.5,62,2024.0
2024-03-12,中班,ES-03,108.4,86,2517.0
2024-03-12,中班,ES-04,180.9,97,2879.0
2024-03-12,中班,ES-05,131.9,98,2810.0
2024-03-12,中班,ES-06,135.4,89,2518.0
2024-03-12,中班,ES-07,139.3,102,3049.0
2024-03-12,中班,ES-08,126.5,83,2552.0
2024-03-12,夜班,ES-01,122.2,94,3025.0
2024-03-12,夜班,ES-02,126.8,86,2766.0
2024-03-12,夜班,ES-03,109.1,93,2765.0
2024-03-12,夜班,ES-04,181.4,62,1937.0
2024-03-12,夜班,ES-05,132.5,78,2430.0
2024-03-12,夜班,ES-06,129.6,75,2406.0
2024-03-12,夜班,ES-07,151.5,125,3936.0
2024-03-13,早班,ES-01,127.8,89,2641.0
2024-03-13,早班,ES-02,119.1,115,3754.0
2024-03-13,早班,ES-03,109.4,85,2482.0
2024-03-13,早班,ES-04,176.7,88,2557.0
2024-03-13,早班,ES-05,124.1,123,3926.0
2024-03-13,早班,ES-06,133.3,90,2729.0
2024-03-13,早班,ES-07,134.2,95,2993.0
2024-03-13,早班,ES-08,112.1,133,4364.0
2024-03-13,中班,ES-02,128.1,89,2926.0
2024-03-13,中班,ES-03,108.2,115,3567.0
2024-03-13,中班,ES-05,122.4,116,3536.0
2024-03-13,中班,ES-06,117.4,97,2985.0
2024-03-13,中班,ES-07,149.6,78,2404.0
2024-03-13,夜班,ES-01,112.4,87,2672.0
2024-03-13,夜班,ES-02,141.9,103,3013.0
2024-03-13,夜班,ES-04,175.9,81,2340.0
2024-03-13,夜班,ES-05,133.9,86,2526.0
2024-03-13,夜班,ES-06,139.2,116,3608.0
2024-03-13,夜班,ES-07,155.3,72,2023.0
2024-03-13,夜班,ES-08,110.4,105,3336.0
2024-03-14,早班,ES-01,107.7,67,2211.0
2024-03-14,早班,ES-02,117.0,93,2842.0
2024-03-14,早班,ES-05,136.6,77,2188.0
2024-03-14,早班,ES-06,118.6,104,3022.0
2024-03-14,早班,ES-07,151.2,76,2348.0
2024-03-14,早班,ES-08,117.8,64,1815.0
2024-03-14,中班,ES-01,121.8,113,3263.0
2024-03-14,中班,ES-04,180.3,83,2584.0
2024-03-14,中班,ES-05,126.5,71,2169.0
2024-03-14,中班,ES-06,120.6,108,3369.0
2024-03-14,中班,ES-08,128.4,109,3181.0
2024-03-14,夜班,ES-01,114.9,125,3776.0
2024-03-14,夜班,ES-02,111.2,85,2677.0
2024-03-14,夜班,ES-03,106.8,60,1869.0
2024-03-14,夜班,ES-04,222.1,97,2969.0
2024-03-14,夜班,ES-05,124.0,81,2521.0
2024-03-14,夜班,ES-06,123.9,102,2895.0
2024-03-14,夜班,ES-07,141.7,89,2812.0
2024-03-14,夜班,ES-08,119.2,84,2402.0
2024-03-15,早班,ES-01,102.4,108,3469.0
2024-03-15,早班,ES-04,175.7,98,3099.0
2024-03-15,早班,ES-05,122.3,130,3955.0
2024-03-15,早班,ES-06,135.8,99,3034.0
2024-03-15,早班,ES-07,155.7,82,2683.0
2024-03-15,早班,ES-08,120.8,67,2192.0
2024-03-15,中班,ES-01,120.0,77,2325.0
2024-03-15,中班,ES-02,139.1,110,3172.0
2024-03-15,中班,ES-03,99.9,90,2835.0
2024-03-15,中班,ES-04,165.0,102,3258.0
2024-03-15,中班,ES-06,120.8,91,2808.0
2024-03-15,中班,ES-08,127.0,89,2890.0
2024-03-15,夜班,ES-01,109.6,81,2471.0
2024-03-15,夜班,ES-02,115.7,77,2219.0
2024-03-15,夜班,ES-03,101.1,107,3022.0
2024-03-15,夜班,ES-05,135.7,93,2992.0
2024-03-15,夜班,ES-06,118.6,104,3365.0
2024-03-15,夜班,ES-07,143.3,103,3091.0
2024-03-15,夜班,ES-08,133.3,107,3213.0
2024-03-16,早班,ES-01,116.2,102,2928.0
2024-03-16,早班,ES-02,140.0,128,3681.0
2024-03-16,早班,ES-03,104.5,106,3259.0
2024-03-16,早班,ES-04,186.3,90,2619.0
2024-03-16,早班,ES-05,148.3,90,2658.0
2024-03-16,早班,ES-06,129.8,104,3231.0
2024-03-16,早班,ES-08,113.9,94,2861.0
2024-03-16,中班,ES-01,105.5,90,2849.0
2024-03-16,中班,ES-03,94.4,73,2132.0
2024-03-16,中班,ES-04,184.7,91,2719.0
2024-03-16,中班,ES-06,120.3,89,2572.0
2024-03-16,中班,ES-07,155.0,96,2965.0
2024-03-16,中班,ES-08,120.3,106,3442.0
2024-03-16,夜班,ES-02,122.0,70,1967.0
2024-03-16,夜班,ES-03,102.3,91,2583.0
2024-03-16,夜班,ES-04,176.3,137,4036.0
2024-03-16,夜班,ES-05,122.7,83,2612.0
2024-03-16,夜班,ES-06,137.0,80,2458.0
2024-03-16,夜班,ES-07,159.1,86,2706.0
2024-03-17,早班,ES-01,117.8,47,1437.0
2024-03-17,早班,ES-02,136.2,72,2341.0
2024-03-17,早班,ES-03,100.8,90,2606.0
2024-03-17,早班,ES-04,175.3,112,3362.0
2024-03-17,早班,ES-05,140.1,119,3465.0
2024-03-17,早班,ES-07,137.9,96,2837.0
2024-03-17,早班,ES-08,123.7,83,2396.0
2024-03-17,中班,ES-01,118.7,93,2985.0
2024-03-17,中班,ES-03,96.9,106,3450.0
2024-03-17,中班,ES-04,189.6,112,3262.0
2024-03-17,中班,ES-05,135.6,91,2626.0
2024-03-17,中班,ES-06,135.0,118,3429.0
2024-03-17,中班,ES-07,151.7,100,3217.0
2024-03-17,中班,ES-08,123.7,93,2929.0
2024-03-17,夜班,ES-01,120.5,128,4006.0
2024-03-17,夜班,ES-02,127.4,104,3172.0
2024-03-17,夜班,ES-03,106.4,104,2912.0
2024-03-17,夜班,ES-05,123.3,104,3253.0
2024-03-17,夜班,ES-06,116.8,112,3619.0
2024-03-17,夜班,ES-07,162.8,108,3146.0
2024-03-18,早班,ES-01,115.3,88,2717.0
2024-03-18,早班,ES-02,127.1,85,2731.0
2024-03-18,早班,ES-03,104.3,106,3088.0
2024-03-18,早班,ES-04,163.6,147,4637.0
2024-03-18,早班,ES-05,131.1,70,1998.0
2024-03-18,早班,ES-06,128.1,115,3396.0
2024-03-18,早班,ES-07,152.5,89,2583.0
2024-03-18,早班,ES-08,131.6,138,4534.0
2024-03-18,中班,ES-01,115.5,93,2639.0
2024-03-18,中班,ES-02,137.3,94,2769.0
2024-03-18,中班,ES-03,113.4,82,2666.0
2024-03-18,中班,ES-04,184.0,91,2564.0
2024-03-18,中班,ES-06,128.1,95,3132.0
2024-03-18,中班,ES-08,129.8,63,1806.0
2024-03-18,夜班,ES-01,108.9,79,2269.0
2024-03-18,夜班,ES-03,109.5,145,4190.0
2024-03-18,夜班,ES-04,185.0,115,3414.0
2024-03-18,夜班,ES-05,112.7,65,1854.0
2024-03-18,夜班,ES-06,211.7,108,3352.0
2024-03-19,早班,ES-02,142.2,113,3373.0
2024-03-19,早班,ES-03,119.3,73,2104.0
2024-03-19,早班,ES-04,180.5,115,3337.0
2024-03-19,早班,ES-05,131.9,99,3257.0
2024-03-19,早班,ES-06,115.7,92,2596.0
2024-03-19,早班,ES-07,144.7,97,3100.0
2024-03-19,早班,ES-08,131.3,102,3015.0
2024-03-19,中班,ES-02,125.5,105,3402.0
2024-03-19,中班,ES-03,100.6,70,1999.0
2024-03-19,中班,ES-07,146.8,99,3019.0
2024-03-19,中班,ES-08,117.9,64,1996.0
2024-03-19,夜班,ES-01,122.5,94,2643.0
2024-03-19,夜班,ES-02,122.6,79,2217.0
2024-03-19,夜班,ES-03,135.0,92,2799.0
2024-03-19,夜班,ES-05,134.5,91,2985.0
2024-03-19,夜班,ES-06,123.6,96,2837.0
2024-03-19,夜班,ES-08,109.5,82,2590.0
2024-03-20,早班,ES-01,117.5,94,3082.0
2024-03-20,早班,ES-02,121.6,103,2968.0
2024-03-20,早班,ES-03,114.2,98,3055.0
2024-03-20,早班,ES-05,131.8,97,2829.0
2024-03-20,早班,ES-07,140.3,99,2913.0
2024-03-20,早班,ES-08,129.9,76,2270.0
2024-03-20,中班,ES-01,131.0,99,2988.0
2024-03-20,中班,ES-03,98.0,120,3495.0
2024-03-20,中班,ES-04,177.3,83,2329.0
2024-03-20,中班,ES-06,127.8,122,3711.0
2024-03-20,中班,ES-08,131.9,93,2626.0
2024-03-20,夜班,ES-01,128.8,90,2753.0
2024-03-20,夜班,ES-03,114.1,77,2339.0
2024-03-20,夜班,ES-05,142.4,130,3957.0
2024-03-20,夜班,ES-07,156.0,118,3525.0
2024-03-20,夜班,ES-08,111.0,90,2892.0
2024-03-21,早班,ES-02,125.7,91,2634.0
2024-03-21,早班,ES-03,104.1,76,2230.0
2024-03-21,早班,ES-04,160.2,116,3277.0
2024-03-21,早班,ES-05,136.1,113,3301.0
2024-03-21,早班,ES-06,133.9,80,2429.0
2024-03-21,早班,ES-07,147.7,114,3550.0
2024-03-21,中班,ES-01,116.9,113,3560.0
2024-03-21,中班,ES-02,124.7,92,2741.0
2024-03-21,中班,ES-03,163.4,71,2188.0
2024-03-21,中班,ES-04,177.2,111,3554.0
2024-03-21,中班,ES-05,133.5,102,3225.0
2024-03-21,中班,ES-06,134.4,124,3799.0
2024-03-21,中班,ES-07,158.9,98,2866.0
2024-03-21,夜班,ES-01,107.2,109,3054.0
2024-03-21,夜班,ES-02,113.5,108,3050.0
2024-03-21,夜班,ES-03,113.7,80,2633.0
2024-03-21,夜班,ES-05,118.4,90,2705.0
2024-03-21,夜班,ES-06,124.4,85,2408.0
2024-03-21,夜班,ES-07,144.2,100,2946.0
2024-03-22,早班,ES-01,113.0,76,2263.0
2024-03-22,早班,ES-02,126.8,122,3444.0
2024-03-22,早班,ES-04,164.2,61,1769.0
2024-03-22,早班,ES-05,126.9,73,2090.0
2024-03-22,早班,ES-06,129.0,72,2038.0
2024-03-22,早班,ES-07,152.7,55,1607.0
2024-03-22,早班,ES-08,116.1,81,2513.0
2024-03-22,中班,ES-01,137.8,97,2729.0
2024-03-22,中班,ES-02,117.1,126,4063.0
2024-03-22,中班,ES-03,111.6,91,2915.0
2024-03-22,中班,ES-04,172.7,119,3334.0
2024-03-22,中班,ES-05,120.3,92,2754.0
2024-03-22,中班,ES-07,150.5,88,2730.0
2024-03-22,夜班,ES-01,110.8,64,1798.0
2024-03-22,夜班,ES-03,99.7,105,3129.0
2024-03-22,夜班,ES-05,121.9,82,2489.0
2024-03-22,夜班,ES-06,146.8,76,2398.0
2024-03-22,夜班,ES-08,116.9,65,1891.0
2024-03-23,早班,ES-02,135.9,104,2922.0
2024-03-23,早班,ES-03,101.4,102,3144.0
2024-03-23,早班,ES-04,242.3,109,3064.0
2024-03-23,早班,ES-06,124.0,142,4078.0
2024-03-23,早班,ES-07,144.3,108,3331.0
2024-03-23,早班,ES-08,131.5,100,3250.0
2024-03-23,中班,ES-03,110.1,109,3162.0
2024-03-23,中班,ES-05,124.0,95,2671.0
2024-03-23,中班,ES-06,128.3,81,2459.0
2024-03-23,中班,ES-07,148.3,102,2952.0
2024-03-23,中班,ES-08,122.5,100,2856.0
2024-03-23,夜班,ES-02,177.8,88,2682.0
2024-03-23,夜班,ES-03,114.1,104,3131.0
2024-03-23,夜班,ES-04,176.8,74,2274.0
2024-03-23,夜班,ES-05,108.4,80,2350.0
2024-03-23,夜班,ES-06,127.7,72,2150.0
2024-03-23,夜班,ES-08,125.7,95,3122.0
2024-03-24,早班,ES-01,120.3,95,3070.0
2024-03-24,早班,ES-02,123.4,95,2772.0
2024-03-24,早班,ES-03,112.6,96,2720.0
2024-03-24,早班,ES-04,179.4,98,3221.0
2024-03-24,早班,ES-05,133.7,91,2837.0
2024-03-24,早班,ES-06,138.1,95,2780.0
2024-03-24,早班,ES-07,155.3,88,2846.0
2024-03-24,早班,ES-08,127.9,92,2744.0
2024-03-24,中班,ES-01,113.0,105,3337.0
2024-03-24,中班,ES-02,198.6,102,3255.0
2024-03-24,中班,ES-03,106.5,85,2406.0
2024-03-24,中班,ES-04,188.2,81,2572.0
2024-03-24,中班,ES-05,136.1,79,2592.0
2024-03-24,中班,ES-06,139.2,118,3343.0
2024-03-24,中班,ES-07,146.8,109,3428.0
2024-03-24,中班,ES-08,124.7,88,2672.0
2024-03-24,夜班,ES-01,117.0,117,3619.0
2024-03-24,夜班,ES-02,123.2,85,2471.0
2024-03-24,夜班,ES-04,175.9,90,2553.0
2024-03-24,夜班,ES-07,150.5,102,3177.0
2024-03-24,夜班,ES-08,129.9,114,3725.0
2024-03-25,早班,ES-01,116.1,91,2920.0
2024-03-25,早班,ES-02,124.0,97,2758.0
2024-03-25,早班,ES-03,113.8,70,2111.0
2024-03-25,早班,ES-04,190.0,91,2809.0
2024-03-25,早班,ES-05,123.8,97,3105.0
2024-03-25,早班,ES-06,115.0,83,2697.0
2024-03-25,早班,ES-07,149.2,87,2624.0
2024-03-25,早班,ES-08,108.1,79,2515.0
2024-03-25,中班,ES-01,132.4,92,2845.0
2024-03-25,中班,ES-02,129.3,70,2232.0
2024-03-25,中班,ES-03,115.6,77,2347.0
2024-03-25,中班,ES-04,164.7,130,4035.0
2024-03-25,中班,ES-05,122.3,96,2993.0
2024-03-25,中班,ES-06,136.1,105,3102.0
2024-03-25,中班,ES-07,145.9,101,3150.0
2024-03-25,中班,ES-08,110.7,90,2624.0
2024-03-25,夜班,ES-01,116.0,97,2879.0
2024-03-25,夜班,ES-02,121.8,108,3282.0
2024-03-25,夜班,ES-03,97.3,89,2591.0
2024-03-25,夜班,ES-04,182.0,75,2138.0
2024-03-25,夜班,ES-05,119.6,97,3176.0
2024-03-25,夜班,ES-06,137.2,113,3406.0
2024-03-25,夜班,ES-07,144.5,83,2614.0
2024-03-25,夜班,ES-08,128.2,63,2074.0
2024-03-26,早班,ES-02,119.7,91,2599.0
2024-03-26,早班,ES-03,118.2,80,2546.0
2024-03-26,早班,ES-04,175.3,111,3420.0
2024-03-26,早班,ES-06,132.5,113,3410.0
2024-03-26,早班,ES-07,152.4,100,3054.0
2024-03-26,早班,ES-08,125.6,115,3381.0
2024-03-26,中班,ES-01,116.4,124,3918.0
2024-03-26,中班,ES-02,128.3,92,2592.0
2024-03-26,中班,ES-03,124.4,115,3428.0
2024-03-26,中班,ES-04,180.6,74,2364.0
2024-03-26,中班,ES-05,123.7,91,2774.0
2024-03-26,中班,ES-07,147.9,89,2795.0
2024-03-26,中班,ES-08,124.8,117,3560.0
2024-03-26,夜班,ES-03,104.0,58,1808.0
2024-03-26,夜班,ES-04,167.8,97,3102.0
2024-03-26,夜班,ES-05,119.2,107,3076.0
2024-03-26,夜班,ES-06,129.6,115,3499.0
2024-03-26,夜班,ES-07,132.9,120,3803.0
2024-03-26,夜班,ES-08,120.0,99,3176.0
2024-03-27,早班,ES-01,123.1,76,2198.0
2024-03-27,早班,ES-02,117.7,77,2252.0
2024-03-27,早班,ES-03,114.9,109,3211.0
2024-03-27,早班,ES-04,184.6,98,3031.0
2024-03-27,早班,ES-05,135.8,109,3458.0
2024-03-27,早班,ES-06,127.4,73,2082.0
2024-03-27,早班,ES-07,144.1,97,3051.0
2024-03-27,早班,ES-08,133.5,92,2595.0
2024-03-27,中班,ES-01,125.2,122,3626.0
2024-03-27,中班,ES-02,119.3,89,2775.0
2024-03-27,中班,ES-03,114.5,105,3311.0
2024-03-27,中班,ES-04,179.6,102,3070.0
2024-03-27,中班,ES-05,118.7,88,2742.0
2024-03-27,中班,ES-06,136.6,102,3245.0
2024-03-27,中班,ES-07,136.0,89,2507.0
2024-03-27,中班,ES-08,113.3,122,3506.0
2024-03-27,夜班,ES-02,134.8,68,2073.0
2024-03-27,夜班,ES-03,109.3,113,3670.0
2024-03-27,夜班,ES-04,175.4,95,2689.0
2024-03-27,夜班,ES-05,141.9,120,3770.0
2024-03-27,夜班,ES-07,186.4,100,2956.0
2024-03-27,夜班,ES-08,109.9,109,3421.0
2024-03-28,早班,ES-01,125.6,104,3222.0
2024-03-28,早班,ES-02,128.5,71,2139.0
2024-03-28,早班,ES-03,162.2,86,2716.0
2024-03-28,早班,ES-04,171.7,72,2347.0
2024-03-28,早班,ES-06,129.6,112,3419.0
2024-03-28,早班,ES-07,165.8,107,3349.0
2024-03-28,中班,ES-01,115.3,84,2756.0
2024-03-28,中班,ES-03,122.7,112,3340.0
2024-03-28,中班,ES-04,183.2,83,2554.0
2024-03-28,中班,ES-05,135.7,85,2789.0
2024-03-28,中班,ES-06,133.2,98,3207.0
2024-03-28,中班,ES-07,152.7,97,3159.0
2024-03-28,中班,ES-08,115.8,109,3172.0
2024-03-28,夜班,ES-01,111.3,87,2502.0
2024-03-28,夜班,ES-02,117.1,57,1881.0
2024-03-28,夜班,ES-03,109.5,127,3912.0
2024-03-28,夜班,ES-04,165.5,73,2323.0
2024-03-28,夜班,ES-05,129.8,88,2851.0
2024-03-28,夜班,ES-07,137.9,88,2613.0
2024-03-29,早班,ES-01,132.3,107,3518.0
2024-03-29,早班,ES-02,126.7,97,3049.0
2024-03-29,早班,ES-03,115.0,101,2950.0
2024-03-29,早班,ES-04,180.0,107,3497.0
2024-03-29,早班,ES-05,129.0,86,2779.0
2024-03-29,早班,ES-07,140.2,120,3939.0
2024-03-29,早班,ES-08,103.0,128,4099.0
2024-03-29,中班,ES-02,112.3,96,2863.0
2024-03-29,中班,ES-04,169.8,115,3367.0
2024-03-29,中班,ES-06,124.3,72,2117.0
2024-03-29,中班,ES-07,143.8,99,2979.0
2024-03-29,中班,ES-08,140.5,76,2252.0
2024-03-29,夜班,ES-02,122.9,130,4129.0
2024-03-29,夜班,ES-03,114.7,114,3369.0
2024-03-29,夜班,ES-05,123.9,78,2400.0
2024-03-29,夜班,ES-06,126.9,106,3401.0
2024-03-29,夜班,ES-07,144.2,90,2907.0
2024-03-29,夜班,ES-08,117.5,68,1963.0
2024-03-30,早班,ES-02,134.4,93,2846.0
2024-03-30,早班,ES-03,116.1,106,3160.0
2024-03-30,早班,ES-04,178.9,82,2573.0
2024-03-30,早班,ES-05,118.8,43,1252.0
2024-03-30,早班,ES-06,124.6,91,2631.0
2024-03-30,中班,ES-04,173.5,107,3380.0
2024-03-30,中班,ES-05,125.8,64,1807.0
2024-03-30,中班,ES-06,125.7,97,2828.0
2024-03-30,中班,ES-07,158.7,90,2914.0
2024-03-30,中班,ES-08,121.6,80,2340.0
2024-03-30,夜班,ES-03,111.1,58,1852.0
2024-03-30,夜班,ES-04,191.2,115,3554.0
2024-03-30,夜班,ES-05,137.5,112,3472.0
2024-03-30,夜班,ES-06,126.2,126,3570.0
2024-03-30,夜班,ES-07,146.6,97,2914.0
2024-03-30,夜班,ES-08,117.0,96,2981.0
2024-03-31,早班,ES-01,114.9,130,4118.0
2024-03-31,早班,ES-02,124.2,69,1988.0
2024-03-31,早班,ES-03,110.0,96,2984.0
2024-03-31,早班,ES-04,186.6,83,2362.0
2024-03-31,早班,ES-06,129.6,47,1469.0
2024-03-31,早班,ES-07,162.9,110,3241.0
2024-03-31,早班,ES-08,118.0,82,2704.0
2024-03-31,中班,ES-01,131.0,113,3412.0
2024-03-31,中班,ES-02,109.5,106,3010.0
2024-03-31,中班,ES-03,109.1,76,2218.0
2024-03-31,中班,ES-04,177.2,77,2456.0
2024-03-31,中班,ES-05,115.5,104,3031.0
2024-03-31,中班,ES-06,145.1,107,3466.0
2024-03-31,中班,ES-07,152.1,98,3019.0
2024-03-31,中班,ES-08,119.6,100,2960.0
2024-03-31,夜班,ES-02,121.5,92,2634.0
2024-03-31,夜班,ES-03,119.6,115,3508.0
2024-03-31,夜班,ES-04,192.6,86,2809.0
2024-03-31,夜班,ES-05,139.0,78,2248.0
2024-03-31,夜班,ES-06,149.7,120,3886.0
2024-03-31,夜班,ES-07,148.9,75,2460.0
2024-04-01,早班,ES-01,114.6,94,2637.0
2024-04-01,早班,ES-02,128.2,84,2426.0
2024-04-01,早班,ES-03,120.9,97,3052.0
2024-04-01,早班,ES-04,180.7,93,3004.0
2024-04-01,早班,ES-05,120.8,85,2733.0
2024-04-01,早班,ES-07,152.7,89,2539.0
2024-04-01,早班,ES-08,98.6,98,2851.0
2024-04-01,中班,ES-01,122.7,87,2739.0
2024-04-01,中班,ES-02,137.5,81,2660.0
2024-04-01,中班,ES-03,107.2,93,2819.0
2024-04-01,中班,ES-04,179.1,115,3282.0
2024-04-01,中班,ES-06,127.6,95,3099.0
2024-04-01,中班,ES-07,154.9,109,3145.0
2024-04-01,中班,ES-08,123.0,79,2238.0
2024-04-01,夜班,ES-02,114.8,99,2867.0
2024-04-01,夜班,ES-03,108.1,95,2727.0
2024-04-01,夜班,ES-04,175.3,81,2452.0
2024-04-01,夜班,ES-05,124.4,88,2833.0
2024-04-01,夜班,ES-06,126.5,102,3148.0
2024-04-01,夜班,ES-07,153.3,85,2667.0
2024-04-01,夜班,ES-08,124.1,86,2441.0
2024-04-02,早班,ES-02,129.2,96,2932.0
2024-04-02,早班,ES-05,135.2,152,4315.0
2024-04-02,早班,ES-06,116.5,70,2270.0
2024-04-02,早班,ES-07,147.4,84,2568.0
2024-04-02,早班,ES-08,111.4,95,3063.0
2024-04-02,中班,ES-01,117.2,79,2323.0
2024-04-02,中班,ES-02,123.9,104,3194.0
2024-04-02,中班,ES-05,122.9,90,2620.0
2024-04-02,中班,ES-06,178.9,87,2720.0
2024-04-02,中班,ES-07,146.5,74,2352.0
2024-04-02,中班,ES-08,111.8,108,3053.0
2024-04-02,夜班,ES-01,124.1,89,2868.0
2024-04-02,夜班,ES-02,140.1,78,2293.0
2024-04-02,夜班,ES-03,120.3,59,1869.0
2024-04-02,夜班,ES-04,219.4,67,1998.0
2024-04-02,夜班,ES-05,109.6,88,2692.0
2024-04-02,夜班,ES-06,120.8,97,2862.0
2024-04-02,夜班,ES-07,150.4,104,3053.0
2024-04-03,早班,ES-01,109.1,80,2634.0
2024-04-03,早班,ES-02,130.3,100,2827.0
2024-04-03,早班,ES-04,175.4,85,2688.0
2024-04-03,早班,ES-05,137.0,103,2915.0
2024-04-03,早班,ES-06,115.9,109,3482.0
2024-04-03,中班,ES-01,118.0,125,3935.0
2024-04-03,中班,ES-02,136.8,87,2494.0
2024-04-03,中班,ES-04,168.3,104,3018.0
2024-04-03,中班,ES-06,116.2,83,2507.0
2024-04-03,中班,ES-07,148.0,70,2217.0
2024-04-03,中班,ES-08,134.1,47,1392.0
2024-04-03,夜班,ES-03,101.7,103,3170.0
2024-04-03,夜班,ES-04,178.6,92,2974.0
2024-04-03,夜班,ES-06,147.8,72,2168.0
2024-04-03,夜班,ES-07,151.5,88,2584.0
2024-04-03,夜班,ES-08,118.0,66,2128.0
2024-04-04,早班,ES-01,117.3,77,2195.0
2024-04-04,早班,ES-02,128.3,94,2669.0
2024-04-04,早班,ES-03,113.5,78,2240.0
2024-04-04,早班,ES-04,175.5,129,4120.0
2024-04-04,早班,ES-05,118.5,107,3157.0
2024-04-04,早班,ES-06,113.0,104,3264.0
2024-04-04,早班,ES-07,138.1,74,2261.0
2024-04-04,早班,ES-08,113.7,78,2468.0
2024-04-04,中班,ES-01,116.1,83,2399.0
2024-04-04,中班,ES-02,138.1,104,3131.0
2024-04-04,中班,ES-03,99.5,116,3596.0
2024-04-04,中班,ES-04,173.8,70,2230.0
2024-04-04,中班,ES-05,129.5,103,3222.0
2024-04-04,中班,ES-06,130.3,114,3444.0
2024-04-04,中班,ES-07,147.3,93,2704.0
2024-04-04,中班,ES-08,131.7,64,1921.0
2024-04-04,夜班,ES-01,112.0,112,3607.0
2024-04-04,夜班,ES-02,127.0,104,3017.0
2024-04-04,夜班,ES-03,99.7,103,3320.0
2024-04-04,夜班,ES-04,173.1,61,1827.0
2024-04-04,夜班,ES-06,128.4,104,3183.0
2024-04-04,夜班,ES-07,156.3,53,1498.0
2024-04-04,夜班,ES-08,113.2,107,3162.0
2024-04-05,早班,ES-01,114.4,79,2428.0
2024-04-05,早班,ES-02,135.8,83,2512.0
2024-04-05,早班,ES-03,103.2,115,3437.0
2024-04-05,早班,ES-05,118.8,58,1831.0
2024-04-05,早班,ES-06,125.1,90,2706.0
2024-04-05,早班,ES-08,126.5,97,3133.0
2024-04-05,中班,ES-01,110.3,80,2508.0
2024-04-05,中班,ES-03,113.3,104,3158.0
2024-04-05,中班,ES-04,178.6,109,3374.0
2024-04-05,中班,ES-05,126.8,94,2870.0
2024-04-05,中班,ES-06,128.0,101,2829.0
2024-04-05,中班,ES-07,156.2,108,3310.0
2024-04-05,中班,ES-08,119.1,93,2898.0
2024-04-05,夜班,ES-01,123.6,118,3673.0
2024-04-05,夜班,ES-02,132.4,114,3471.0
2024-04-05,夜班,ES-03,113.5,96,2885.0
2024-04-05,夜班,ES-04,187.9,78,2422.0
2024-04-05,夜班,ES-05,119.0,121,3670.0
2024-04-05,夜班,ES-08,127.7,104,2936.0
2024-04-06,早班,ES-01,124.8,91,2846.0
2024-04-06,早班,ES-02,120.9,115,3362.0
2024-04-06,早班,ES-03,110.7,117,3534.0
2024-04-06,早班,ES-04,167.8,105,3273.0
2024-04-06,早班,ES-05,129.4,94,2883.0
2024-04-06,早班,ES-06,149.2,98,2830.0
2024-04-06,早班,ES-07,150.0,78,2532.0
2024-04-06,早班,ES-08,137.3,106,3295.0
2024-04-06,中班,ES-01,130.1,108,3459.0
2024-04-06,中班,ES-02,134.4,79,2280.0
2024-04-06,中班,ES-03,100.8,112,3138.0
2024-04-06,中班,ES-04,177.1,82,2316.0
2024-04-06,中班,ES-05,123.7,105,3438.0
2024-04-06,中班,ES-06,126.4,77,2462.0
2024-04-06,中班,ES-07,158.7,87,2507.0
2024-04-06,中班,ES-08,123.9,71,2024.0
2024-04-06,夜班,ES-01,110.6,90,2842.0
2024-04-06,夜班,ES-02,120.7,69,2240.0
2024-04-06,夜班,ES-05,113.0,97,3040.0
2024-04-06,夜班,ES-07,126.9,103,3271.0
2024-04-06,夜班,ES-08,111.9,72,2274.0
2024-04-07,早班,ES-03,112.6,98,3059.0
2024-04-07,早班,ES-06,120.5,87,2540.0
2024-04-07,早班,ES-07,146.6,89,2684.0
2024-04-07,早班,ES-08,121.4,127,3609.0
2024-04-07,中班,ES-03,110.1,97,2817.0
2024-04-07,中班,ES-04,178.9,72,2107.0
2024-04-07,中班,ES-05,123.1,100,2966.0
2024-04-07,中班,ES-06,140.4,115,3280.0
2024-04-07,中班,ES-07,143.5,94,3048.0
2024-04-07,中班,ES-08,118.5,75,2167.0
2024-04-07,夜班,ES-01,106.3,83,2601.0
2024-04-07,夜班,ES-03,98.9,96,3074.0
2024-04-07,夜班,ES-04,172.0,60,1835.0
2024-04-07,夜班,ES-05,124.5,77,2254.0
2024-04-07,夜班,ES-06,126.3,70,2294.0
2024-04-07,夜班,ES-07,148.0,93,2629.0
2024-04-08,早班,ES-02,139.8,123,3643.0
2024-04-08,早班,ES-03,113.3,100,3038.0
2024-04-08,早班,ES-04,178.8,94,2994.0
2024-04-08,早班,ES-05,120.5,93,2851.0
2024-04-08,早班,ES-06,127.4,112,3653.0
2024-04-08,早班,ES-07,142.0,69,2064.0
2024-04-08,早班,ES-08,117.0,91,2589.0
2024-04-08,中班,ES-01,114.4,74,2408.0
2024-04-08,中班,ES-02,126.5,118,3717.0
2024-04-08,中班,ES-04,173.5,63,1791.0
2024-04-08,中班,ES-05,120.8,64,1806.0
2024-04-08,中班,ES-06,118.2,117,3350.0
2024-04-08,中班,ES-07,153.4,75,2354.0
2024-04-08,夜班,ES-01,119.0,67,2082.0
2024-04-08,夜班,ES-02,146.5,100,3048.0
2024-04-08,夜班,ES-03,110.0,122,3788.0
2024-04-08,夜班,ES-04,173.4,69,2142.0
2024-04-08,夜班,ES-05,118.0,85,2387.0
2024-04-08,夜班,ES-06,132.6,107,3334.0
2024-04-08,夜班,ES-07,149.0,98,2912.0
2024-04-08,夜班,ES-08,124.5,80,2568.0
2024-04-09,早班,ES-01,115.5,69,2110.0
2024-04-09,早班,ES-02,135.7,78,2387.0
2024-04-09,早班,ES-03,110.6,97,2902.0
2024-04-09,早班,ES-04,163.7,97,2743.0
2024-04-09,早班,ES-05,126.1,89,2508.0
2024-04-09,早班,ES-08,136.5,110,3473.0
2024-04-09,中班,ES-01,169.0,91,2875.0
2024-04-09,中班,ES-02,143.3,114,3350.0
2024-04-09,中班,ES-03,111.1,88,2708.0
2024-04-09,中班,ES-05,120.9,85,2542.0
2024-04-09,中班,ES-06,122.4,96,2987.0
2024-04-09,中班,ES-07,149.1,88,2515.0
2024-04-09,中班,ES-08,121.2,93,2720.0
2024-04-09,夜班,ES-01,120.9,87,2766.0
2024-04-09,夜班,ES-03,111.0,99,3086.0
2024-04-09,夜班,ES-04,196.6,90,2878.0
2024-04-09,夜班,ES-05,120.0,82,2325.0
2024-04-09,夜班,ES-06,120.9,86,2718.0
2024-04-09,夜班,ES-07,162.4,104,3028.0
2024-04-09,夜班,ES-08,123.8,122,3721.0
2024-04-10,早班,ES-02,119.5,102,3204.0
2024-04-10,早班,ES-03,98.6,86,2504.0
2024-04-10,早班,ES-04,172.5,118,3612.0
2024-04-10,早班,ES-05,130.4,106,3035.0
2024-04-10,早班,ES-06,130.7,102,3215.0
2024-04-10,早班,ES-07,143.4,108,3277.0
2024-04-10,早班,ES-08,130.6,72,2199.0
2024-04-10,中班,ES-01,116.9,71,2051.0
2024-04-10,中班,ES-02,124.9,109,3566.0
2024-04-10,中班,ES-03,112.8,110,3603.0
2024-04-10,中班,ES-05,128.2,70,2230.0
2024-04-10,中班,ES-07,157.6,115,3582.0
2024-04-10,中班,ES-08,121.6,101,2930.0
2024-04-10,夜班,ES-01,121.9,94,2843.0
2024-04-10,夜班,ES-02,125.9,114,3566.0
2024-04-10,夜班,ES-03,107.7,104,3163.0
2024-04-10,夜班,ES-04,184.4,103,3125.0
2024-04-10,夜班,ES-06,127.2,58,1739.0
2024-04-10,夜班,ES-07,154.5,101,3111.0
2024-04-10,夜班,ES-08,121.8,112,3185.0
2024-04-11,早班,ES-01,108.8,141,4385.0
2024-04-11,早班,ES-02,128.3,96,3072.0
2024-04-11,早班,ES-03,106.8,104,3034.0
2024-04-11,早班,ES-05,120.2,67,2020.0
2024-04-11,早班,ES-07,144.4,84,2575.0
2024-04-11,早班,ES-08,141.5,98,3197.0
2024-04-11,中班,ES-01,116.0,87,2519.0
2024-04-11,中班,ES-02,124.2,88,2498.0
2024-04-11,中班,ES-04,177.8,86,2741.0
2024-04-11,中班,ES-05,121.5,112,3464.0
2024-04-11,中班,ES-06,128.5,98,3118.0
2024-04-11,中班,ES-07,140.4,119,3555.0
2024-04-11,中班,ES-08,133.5,103,3219.0
2024-04-11,夜班,ES-01,112.8,88,2555.0
2024-04-11,夜班,ES-02,129.3,102,3323.0
2024-04-11,夜班,ES-04,191.2,95,2963.0
2024-04-11,夜班,ES-05,124.2,85,2385.0
2024-04-11,夜班,ES-06,129.7,91,3002.0
2024-04-11,夜班,ES-07,150.9,108,3550.0
2024-04-11,夜班,ES-08,122.8,98,3011.0
2024-04-12,早班,ES-01,113.1,86,2505.0
2024-04-12,早班,ES-02,124.1,74,2372.0
2024-04-12,早班,ES-03,111.6,85,2680.0
2024-04-12,早班,ES-04,177.3,104,3326.0
2024-04-12,早班,ES-05,134.8,94,2669.0
2024-04-12,早班,ES-07,145.5,118,3430.0
2024-04-12,早班,ES-08,111.5,89,2758.0
2024-04-12,中班,ES-01,121.4,103,3127.0
2024-04-12,中班,ES-03,103.9,135,4221.0
2024-04-12,中班,ES-04,173.8,67,1876.0
2024-04-12,中班,ES-05,142.1,89,2901.0
2024-04-12,中班,ES-06,127.4,78,2471.0
2024-04-12,中班,ES-07,142.0,80,2259.0
2024-04-12,中班,ES-08,122.9,75,2102.0
2024-04-12,夜班,ES-01,120.0,92,2920.0
2024-04-12,夜班,ES-02,122.9,81,2430.0
2024-04-12,夜班,ES-03,119.3,85,2445.0
2024-04-12,夜班,ES-04,178.4,104,3006.0
2024-04-12,夜班,ES-05,127.7,90,2949.0
2024-04-12,夜班,ES-06,136.4,81,2399.0
2024-04-12,夜班,ES-07,156.5,79,2511.0
2024-04-13,早班,ES-01,134.1,104,3108.0
2024-04-13,早班,ES-02,124.7,101,2870.0
2024-04-13,早班,ES-03,118.6,90,2673.0
2024-04-13,早班,ES-04,187.4,98,2950.0
2024-04-13,早班,ES-05,138.2,91,2964.0
2024-04-13,早班,ES-06,142.6,101,3041.0
2024-04-13,早班,ES-08,138.1,109,3381.0
2024-04-13,中班,ES-01,119.9,82,2489.0
2024-04-13,中班,ES-02,129.0,134,4277.0
2024-04-13,中班,ES-03,111.6,72,2168.0
2024-04-13,中班,ES-04,178.3,101,3292.0
2024-04-13,中班,ES-05,121.1,94,3057.0
2024-04-13,中班,ES-06,138.4,120,3436.0
2024-04-13,中班,ES-07,154.4,101,3069.0
2024-04-13,中班,ES-08,130.5,100,3184.0
2024-04-13,夜班,ES-01,125.1,99,2907.0
2024-04-13,夜班,ES-02,136.4,69,2261.0
2024-04-13,夜班,ES-03,95.1,97,3098.0
2024-04-13,夜班,ES-04,166.1,90,2666.0
2024-04-13,夜班,ES-05,124.0,97,2874.0
2024-04-13,夜班,ES-06,126.0,99,2823.0
2024-04-13,夜班,ES-07,151.1,71,2247.0
2024-04-14,早班,ES-01,107.7,104,3277.0
2024-04-14,早班,ES-02,133.3,107,3219.0
2024-04-14,早班,ES-04,172.0,85,2511.0
2024-04-14,早班,ES-05,137.2,127,3920.0
2024-04-14,早班,ES-07,143.7,63,1910.0
2024-04-14,早班,ES-08,119.8,96,2833.0
2024-04-14,中班,ES-01,106.0,97,3107.0
2024-04-14,中班,ES-02,125.9,82,2516.0
2024-04-14,中班,ES-03,104.9,93,2989.0
2024-04-14,中班,ES-04,174.5,94,2944.0
2024-04-14,中班,ES-05,131.2,83,2431.0
2024-04-14,中班,ES-06,120.3,116,3419.0
2024-04-14,中班,ES-07,148.5,72,2061.0
2024-04-14,夜班,ES-01,113.5,84,2394.0
2024-04-14,夜班,ES-02,114.8,126,3726.0
2024-04-14,夜班,ES-04,171.2,99,2874.0
2024-04-14,夜班,ES-05,121.2,130,3863.0
2024-04-14,夜班,ES-06,119.7,94,2902.0
2024-04-14,夜班,ES-07,143.6,143,4217.0
2024-04-14,夜班,ES-08,118.0,108,3255.0
2024-04-15,早班,ES-01,128.7,108,3200.0
2024-04-15,早班,ES-02,124.8,92,2896.0
2024-04-15,早班,ES-03,114.0,109,3060.0
2024-04-15,早班,ES-04,175.4,72,2226.0
2024-04-15,早班,ES-05,144.8,103,3286.0
2024-04-15,早班,ES-06,130.1,88,2682.0
2024-04-15,早班,ES-07,157.1,114,3510.0
2024-04-15,早班,ES-08,118.2,68,1954.0
2024-04-15,中班,ES-01,132.7,79,2587.0
2024-04-15,中班,ES-02,132.6,104,3050.0
2024-04-15,中班,ES-03,97.8,74,2181.0
2024-04-15,中班,ES-04,176.3,99,3097.0
2024-04-15,中班,ES-07,163.6,114,3486.0
2024-04-15,中班,ES-08,124.7,94,3071.0
2024-04-15,夜班,ES-01,118.8,125,3757.0
2024-04-15,夜班,ES-03,107.8,81,2591.0
2024-04-15,夜班,ES-04,193.5,115,3304.0
2024-04-15,夜班,ES-05,126.7,102,2895.0
2024-04-15,夜班,ES-07,158.6,73,2103.0
2024-04-15,夜班,ES-08,123.9,90,2589.0
2024-04-16,早班,ES-01,121.0,90,2869.0
2024-04-16,早班,ES-02,123.9,110,3438.0
2024-04-16,早班,ES-03,120.1,103,3330.0
2024-04-16,早班,ES-06,139.5,110,3469.0
2024-04-16,早班,ES-08,106.1,112,3287.0
2024-04-16,中班,ES-01,117.2,125,3953.0
2024-04-16,中班,ES-04,178.7,70,2070.0
2024-04-16,中班,ES-05,128.5,80,2611.0
2024-04-16,中班,ES-06,135.9,124,3648.0
2024-04-16,中班,ES-07,147.1,80,2322.0
2024-04-16,夜班,ES-01,119.7,119,3687.0
2024-04-16,夜班,ES-02,130.9,79,2604.0
2024-04-16,夜班,ES-03,107.1,90,2677.0
2024-04-16,夜班,ES-04,175.1,108,3302.0
2024-04-16,夜班,ES-05,125.1,96,3093.0
2024-04-16,夜班,ES-06,128.4,89,2900.0
2024-04-16,夜班,ES-07,148.1,77,2481.0
2024-04-16,夜班,ES-08,135.3,90,2740.0
2024-04-17,早班,ES-01,129.8,85,2537.0
2024-04-17,早班,ES-02,124.1,141,3972.0
2024-04-17,早班,ES-03,106.8,91,2915.0
2024-04-17,早班,ES-04,163.8,71,2128.0
2024-04-17,早班,ES-05,124.7,95,2764.0
2024-04-17,早班,ES-06,134.7,111,3553.0
2024-04-17,早班,ES-07,149.1,71,2181.0
2024-04-17,早班,ES-08,117.2,61,1838.0
2024-04-17,中班,ES-01,124.6,96,2880.0
2024-04-17,中班,ES-02,139.1,97,2828.0
2024-04-17,中班,ES-03,100.5,91,2641.0
2024-04-17,中班,ES-05,120.5,112,3174.0
2024-04-17,中班,ES-06,119.8,107,2999.0
2024-04-17,中班,ES-07,165.6,94,2959.0
2024-04-17,夜班,ES-01,107.0,114,3459.0
2024-04-17,夜班,ES-02,120.2,88,2739.0
2024-04-17,夜班,ES-03,121.7,89,2862.0
2024-04-17,夜班,ES-04,178.1,62,1744.0
2024-04-17,夜班,ES-05,126.1,78,2551.0
2024-04-17,夜班,ES-06,119.7,95,3031.0
2024-04-17,夜班,ES-08,123.2,100,3076.0
2024-04-18,早班,ES-01,121.2,115,3669.0
2024-04-18,早班,ES-02,137.8,107,3147.0
2024-04-18,早班,ES-03,115.9,111,3181.0
2024-04-18,早班,ES-06,117.5,93,2785.0
2024-04-18,早班,ES-07,146.3,103,3081.0
2024-04-18,早班,ES-08,126.0,68,2028.0
2024-04-18,中班,ES-01,130.8,82,2348.0
2024-04-18,中班,ES-02,115.6,118,3366.0
2024-04-18,中班,ES-04,183.2,96,2777.0
2024-04-18,中班,ES-05,129.8,85,2464.0
2024-04-18,中班,ES-06,127.9,70,2189.0
2024-04-18,中班,ES-08,121.1,104,2969.0
2024-04-18,夜班,ES-01,113.0,82,2299.0
2024-04-18,夜班,ES-02,126.1,90,2954.0
2024-04-18,夜班,ES-03,111.9,112,3571.0
2024-04-18,夜班,ES-04,183.3,115,3459.0
2024-04-18,夜班,ES-05,128.7,102,2961.0
2024-04-18,夜班,ES-07,144.8,81,2391.0
2024-04-18,夜班,ES-08,110.9,83,2677.0
2024-04-19,早班,ES-01,118.6,95,2828.0
2024-04-19,早班,ES-02,128.3,77,2219.0
2024-04-19,早班,ES-03,123.6,89,2534.0
2024-04-19,早班,ES-04,177.6,79,2284.0
2024-04-19,早班,ES-05,139.1,97,2914.0
2024-04-19,早班,ES-07,145.5,102,3070.0
2024-04-19,早班,ES-08,121.8,87,2752.0
2024-04-19,中班,ES-01,131.6,105,3038.0
2024-04-19,中班,ES-03,102.3,107,3353.0
2024-04-19,中班,ES-04,158.3,116,3617.0
2024-04-19,中班,ES-05,122.5,76,2338.0
2024-04-19,中班,ES-06,125.1,65,1856.0
2024-04-19,中班,ES-07,139.5,94,2779.0
2024-04-19,夜班,ES-01,123.6,110,3206.0
2024-04-19,夜班,ES-03,160.2,40,1261.0
2024-04-19,夜班,ES-04,165.3,86,2794.0
2024-04-19,夜班,ES-05,132.0,75,2174.0
2024-04-19,夜班,ES-06,127.6,82,2616.0
2024-04-19,夜班,ES-07,137.6,81,2519.0
2024-04-20,早班,ES-01,106.1,112,3310.0
2024-04-20,早班,ES-02,107.5,116,3627.0
2024-04-20,早班,ES-05,129.3,122,3423.0
2024-04-20,早班,ES-06,117.7,98,3066.0
2024-04-20,早班,ES-07,152.5,97,3017.0
2024-04-20,早班,ES-08,131.9,91,2692.0
2024-04-20,中班,ES-01,194.2,84,2477.0
2024-04-20,中班,ES-02,131.5,107,3101.0
2024-04-20,中班,ES-03,112.9,103,3188.0
2024-04-20,中班,ES-05,121.9,96,2905.0
2024-04-20,中班,ES-06,122.7,93,2657.0
2024-04-20,中班,ES-08,115.4,87,2463.0
2024-04-20,夜班,ES-01,115.6,111,3543.0
2024-04-20,夜班,ES-02,112.3,90,2850.0
2024-04-20,夜班,ES-03,120.8,82,2331.0
2024-04-20,夜班,ES-04,189.2,92,2714.0
2024-04-20,夜班,ES-06,120.0,84,2635.0
2024-04-20,夜班,ES-07,151.7,101,3170.0
2024-04-21,早班,ES-02,119.7,128,3750.0
2024-04-21,早班,ES-03,180.8,84,2456.0
2024-04-21,早班,ES-05,119.3,120,3824.0
2024-04-21,早班,ES-06,126.6,129,3749.0
2024-04-21,早班,ES-07,160.9,80,2270.0
2024-04-21,早班,ES-08,128.0,131,3797.0
2024-04-21,中班,ES-02,130.4,74,2183.0
2024-04-21,中班,ES-04,160.1,95,3035.0
2024-04-21,中班,ES-06,121.5,107,3255.0
2024-04-21,中班,ES-07,161.1,104,3093.0
2024-04-21,中班,ES-08,106.5,71,2095.0
2024-04-21,夜班,ES-01,97.4,109,3269.0
2024-04-21,夜班,ES-03,107.6,94,3048.0
2024-04-21,夜班,ES-04,182.8,114,3497.0
2024-04-21,夜班,ES-05,131.5,103,3185.0
2024-04-21,夜班,ES-06,134.5,112,3285.0
2024-04-21,夜班,ES-07,158.5,135,3879.0
2024-04-21,夜班,ES-08,121.8,81,2319.0
2024-04-22,早班,ES-01,124.3,86,2733.0
2024-04-22,早班,ES-03,115.1,98,2937.0
2024-04-22,早班,ES-05,128.9,123,3560.0
2024-04-22,早班,ES-06,122.7,130,3921.0
2024-04-22,早班,ES-07,152.8,76,2443.0
2024-04-22,早班,ES-08,117.6,94,2944.0
2024-04-22,中班,ES-01,124.3,111,3313.0
2024-04-22,中班,ES-02,126.0,82,2645.0
2024-04-22,中班,ES-03,104.4,77,2391.0
2024-04-22,中班,ES-05,125.0,113,3580.0
2024-04-22,中班,ES-06,115.8,107,3036.0
2024-04-22,中班,ES-07,151.6,113,3586.0
2024-04-22,夜班,ES-01,116.5,121,3488.0
2024-04-22,夜班,ES-02,136.5,61,1799.0
2024-04-22,夜班,ES-03,109.0,101,2859.0
2024-04-22,夜班,ES-06,131.2,123,3884.0
2024-04-22,夜班,ES-07,139.4,95,2978.0
2024-04-22,夜班,ES-08,125.1,92,2977.0
2024-04-23,早班,ES-01,109.9,103,3163.0
2024-04-23,早班,ES-03,103.4,104,3105.0
2024-04-23,早班,ES-04,172.9,91,2987.0
2024-04-23,早班,ES-05,132.1,96,2708.0
2024-04-23,早班,ES-06,130.3,90,2730.0
2024-04-23,早班,ES-07,147.6,43,1337.0
2024-04-23,早班,ES-08,118.9,74,2314.0
2024-04-23,中班,ES-01,124.5,112,3651.0
2024-04-23,中班,ES-02,109.4,88,2500.0
2024-04-23,中班,ES-04,172.3,110,3512.0
2024-04-23,中班,ES-06,145.6,76,2467.0
2024-04-23,中班,ES-07,148.1,109,3106.0
2024-04-23,中班,ES-08,156.9,61,1751.0
2024-04-23,夜班,ES-01,108.6,89,2594.0
2024-04-23,夜班,ES-03,109.6,107,3422.0
2024-04-23,夜班,ES-04,168.8,114,3298.0
2024-04-23,夜班,ES-06,112.4,62,1908.0
2024-04-23,夜班,ES-08,121.5,68,2219.0
2024-04-24,早班,ES-01,128.6,80,2323.0
2024-04-24,早班,ES-02,120.2,64,1898.0
2024-04-24,早班,ES-03,108.6,98,2758.0
2024-04-24,早班,ES-04,163.6,98,2902.0
2024-04-24,早班,ES-05,198.3,55,1600.0
2024-04-24,早班,ES-06,136.1,117,3418.0
2024-04-24,早班,ES-07,158.4,142,4346.0
2024-04-24,早班,ES-08,126.3,115,3763.0
2024-04-24,中班,ES-01,131.0,80,2394.0
2024-04-24,中班,ES-02,123.2,95,2951.0
2024-04-24,中班,ES-03,112.4,77,2444.0
2024-04-24,中班,ES-06,207.5,71,2138.0
2024-04-24,中班,ES-07,149.5,112,3422.0
2024-04-24,中班,ES-08,117.2,81,2510.0
2024-04-24,夜班,ES-01,138.4,94,3036.0
2024-04-24,夜班,ES-02,133.1,119,3643.0
2024-04-24,夜班,ES-04,182.3,103,3103.0
2024-04-24,夜班,ES-05,131.0,99,2908.0
2024-04-24,夜班,ES-06,133.4,102,3048.0
2024-04-24,夜班,ES-07,167.9,98,3041.0
2024-04-24,夜班,ES-08,123.4,81,2609.0
2024-04-25,早班,ES-01,107.1,85,2687.0
2024-04-25,早班,ES-02,117.9,114,3327.0
2024-04-25,早班,ES-03,110.2,84,2462.0
2024-04-25,早班,ES-04,165.5,87,2606.0
2024-04-25,早班,ES-05,137.9,88,2514.0
2024-04-25,早班,ES-06,155.8,100,3105.0
2024-04-25,早班,ES-08,116.1,100,3058.0
2024-04-25,中班,ES-02,130.4,88,2902.0
2024-04-25,中班,ES-04,183.4,88,2615.0
2024-04-25,中班,ES-05,170.6,82,2471.0
2024-04-25,中班,ES-07,145.3,85,2596.0
2024-04-25,中班,ES-08,105.3,56,1777.0
2024-04-25,夜班,ES-01,117.7,94,2747.0
2024-04-25,夜班,ES-02,107.2,125,3616.0
2024-04-25,夜班,ES-03,113.2,93,3005.0
2024-04-25,夜班,ES-04,185.2,82,2360.0
2024-04-25,夜班,ES-05,118.3,97,3157.0
2024-04-25,夜班,ES-06,134.0,93,2848.0
2024-04-25,夜班,ES-07,145.2,86,2548.0
2024-04-25,夜班,ES-08,115.5,87,2655.0
2024-04-26,早班,ES-01,103.2,84,2417.0
2024-04-26,早班,ES-05,130.1,97,2883.0
2024-04-26,早班,ES-06,124.7,69,2155.0
2024-04-26,早班,ES-07,145.5,84,2541.0
2024-04-26,早班,ES-08,134.2,99,3204.0
2024-04-26,中班,ES-01,114.3,80,2621.0
2024-04-26,中班,ES-02,126.4,130,4074.0
2024-04-26,中班,ES-03,107.3,117,3620.0
2024-04-26,中班,ES-05,132.1,93,2797.0
2024-04-26,中班,ES-07,162.4,93,2763.0
2024-04-26,中班,ES-08,120.1,109,3492.0
2024-04-26,夜班,ES-01,115.3,84,2683.0
2024-04-26,夜班,ES-05,114.2,94,2706.0
2024-04-26,夜班,ES-07,150.0,86,2820.0
2024-04-26,夜班,ES-08,131.7,82,2632.0
2024-04-27,早班,ES-01,117.6,88,2824.0
2024-04-27,早班,ES-02,135.0,101,3131.0
2024-04-27,早班,ES-03,106.3,77,2301.0
2024-04-27,早班,ES-04,162.3,88,2783.0
2024-04-27,早班,ES-05,136.6,96,2805.0
2024-04-27,早班,ES-06,125.7,124,3830.0
2024-04-27,早班,ES-07,154.2,100,3216.0
2024-04-27,中班,ES-03,109.2,108,3540.0
2024-04-27,中班,ES-05,128.0,116,3724.0
2024-04-27,中班,ES-06,128.3,64,1959.0
2024-04-27,中班,ES-07,136.2,93,2925.0
2024-04-27,中班,ES-08,111.9,118,3842.0
2024-04-27,夜班,ES-01,135.8,101,3246.0
2024-04-27,夜班,ES-02,115.4,100,3296.0
2024-04-27,夜班,ES-04,180.6,107,3505.0
2024-04-27,夜班,ES-06,138.9,94,2690.0
2024-04-27,夜班,ES-07,151.1,95,2841.0
2024-04-27,夜班,ES-08,106.1,96,2998.0
2024-04-28,早班,ES-01,111.7,126,3885.0
2024-04-28,早班,ES-02,127.6,128,3858.0
2024-04-28,早班,ES-03,113.6,119,3530.0
2024-04-28,早班,ES-04,188.3,116,3535.0
2024-04-28,早班,ES-05,124.2,98,2931.0
2024-04-28,早班,ES-07,155.3,121,3534.0
2024-04-28,中班,ES-03,109.6,98,3086.0
2024-04-28,中班,ES-05,146.4,106,3001.0
2024-04-28,中班,ES-07,143.6,82,2411.0
2024-04-28,中班,ES-08,117.3,102,3025.0
2024-04-28,夜班,ES-01,121.5,108,3541.0
2024-04-28,夜班,ES-03,132.0,63,2071.0
2024-04-28,夜班,ES-04,181.3,107,3340.0
2024-04-28,夜班,ES-06,127.2,86,2687.0
2024-04-28,夜班,ES-08,132.2,74,2221.0
2024-04-29,早班,ES-02,136.8,83,2531.0
2024-04-29,早班,ES-03,127.1,79,2357.0
2024-04-29,早班,ES-04,176.7,91,2929.0
2024-04-29,早班,ES-05,144.6,121,3684.0
2024-04-29,早班,ES-06,124.5,98,2983.0
2024-04-29,早班,ES-08,130.7,89,2637.0
2024-04-29,中班,ES-01,109.9,101,3280.0
2024-04-29,中班,ES-03,114.5,106,3285.0
2024-04-29,中班,ES-04,182.0,75,2431.0
2024-04-29,中班,ES-05,128.3,109,3174.0
2024-04-29,中班,ES-07,146.3,82,2428.0
2024-04-29,夜班,ES-01,181.1,120,3871.0
2024-04-29,夜班,ES-03,145.4,101,3010.0
2024-04-29,夜班,ES-05,125.3,106,3204.0
2024-04-29,夜班,ES-07,182.3,100,3210.0
2024-04-29,夜班,ES-08,129.1,70,2104.0
2024-04-30,早班,ES-01,115.0,121,3817.0
2024-04-30,早班,ES-02,130.4,95,2877.0
2024-04-30,早班,ES-03,105.7,123,3569.0
2024-04-30,早班,ES-04,170.3,101,3255.0
2024-04-30,早班,ES-05,131.8,83,2690.0
2024-04-30,早班,ES-07,156.0,106,3305.0
2024-04-30,早班,ES-08,130.4,121,3810.0
2024-04-30,中班,ES-01,122.1,74,2198.0
2024-04-30,中班,ES-02,125.2,69,2234.0
2024-04-30,中班,ES-03,111.7,116,3303.0
2024-04-30,中班,ES-04,171.7,95,2792.0
2024-04-30,中班,ES-06,127.4,104,3105.0
2024-04-30,中班,ES-07,153.3,76,2491.0
2024-04-30,中班,ES-08,102.8,123,3770.0
2024-04-30,夜班,ES-01,122.2,100,3030.0
2024-04-30,夜班,ES-02,111.9,118,3419.0
2024-04-30,夜班,ES-03,129.5,90,2549.0
2024-04-30,夜班,ES-04,173.6,118,3556.0
2024-04-30,夜班,ES-05,131.6,99,2941.0
2024-04-30,夜班,ES-06,129.6,114,3684.0
2024-04-30,夜班,ES-07,149.9,83,2711.0
2024-04-30,夜班,ES-08,119.9,95,2876.0
2024-05-01,早班,ES-01,120.9,109,3193.0
2024-05-01,早班,ES-02,126.1,103,3350.0
2024-05-01,早班,ES-03,118.5,139,4009.0
2024-05-01,早班,ES-04,178.7,88,2680.0
2024-05-01,早班,ES-05,132.1,68,1921.0
2024-05-01,早班,ES-06,123.2,68,1922.0
2024-05-01,早班,ES-07,145.6,90,2852.0
2024-05-01,早班,ES-08,126.2,85,2684.0
2024-05-01,中班,ES-01,122.8,124,4048.0
2024-05-01,中班,ES-03,110.9,118,3510.0
2024-05-01,中班,ES-04,186.7,88,2728.0
2024-05-01,中班,ES-06,131.3,101,3114.0
2024-05-01,中班,ES-07,142.4,57,1627.0
2024-05-01,中班,ES-08,121.2,77,2421.0
2024-05-01,夜班,ES-03,111.6,116,3464.0
2024-05-01,夜班,ES-04,160.0,95,2741.0
2024-05-01,夜班,ES-05,113.8,84,2613.0
2024-05-01,夜班,ES-06,131.9,99,3055.0
2024-05-01,夜班,ES-07,161.3,88,2716.0
2024-05-01,夜班,ES-08,128.0,84,2458.0
2024-05-02,早班,ES-01,114.6,84,2478.0
2024-05-02,早班,ES-03,113.0,103,3091.0
2024-05-02,早班,ES-05,132.4,84,2683.0
2024-05-02,早班,ES-06,141.0,95,2982.0
2024-05-02,早班,ES-07,145.0,108,3437.0
2024-05-02,早班,ES-08,122.0,88,2746.0
2024-05-02,中班,ES-02,118.3,36,1175.0
2024-05-02,中班,ES-03,108.6,91,2900.0
2024-05-02,中班,ES-04,177.4,111,3645.0
2024-05-02,中班,ES-05,126.6,111,3448.0
2024-05-02,中班,ES-06,138.6,120,3541.0
2024-05-02,中班,ES-07,154.0,95,3109.0
2024-05-02,夜班,ES-01,123.1,75,2319.0
2024-05-02,夜班,ES-02,120.7,109,3589.0
2024-05-02,夜班,ES-04,174.6,112,3629.0
2024-05-02,夜班,ES-05,134.3,102,2900.0
2024-05-02,夜班,ES-06,122.6,89,2854.0
2024-05-02,夜班,ES-07,155.3,70,2011.0
2024-05-02,夜班,ES-08,124.7,70,2234.0
2024-05-03,早班,ES-01,117.1,92,2700.0
2024-05-03,早班,ES-04,157.1,58,1689.0
2024-05-03,早班,ES-05,138.1,87,2774.0
2024-05-03,早班,ES-06,135.1,80,2363.0
2024-05-03,早班,ES-07,147.3,83,2709.0
2024-05-03,中班,ES-01,116.1,103,2986.0
2024-05-03,中班,ES-02,128.1,127,4108.0
2024-05-03,中班,ES-03,101.6,69,2011.0
2024-05-03,中班,ES-04,190.2,92,2726.0
2024-05-03,中班,ES-05,129.9,84,2503.0
2024-05-03,中班,ES-06,133.5,114,3490.0
2024-05-03,中班,ES-08,146.2,97,2984.0
2024-05-03,夜班,ES-01,112.6,106,3412.0
2024-05-03,夜班,ES-03,108.0,91,2692.0
2024-05-03,夜班,ES-05,117.5,116,3332.0
2024-05-03,夜班,ES-07,136.6,100,3099.0
2024-05-03,夜班,ES-08,129.6,63,1799.0
2024-05-04,早班,ES-02,139.1,91,2763.0
2024-05-04,早班,ES-04,175.3,92,2956.0
2024-05-04,早班,ES-05,149.2,107,3284.0
2024-05-04,早班,ES-06,135.3,82,2591.0
2024-05-04,早班,ES-07,149.0,82,2679.0
2024-05-04,早班,ES-08,122.7,58,1793.0
2024-05-04,中班,ES-01,127.9,121,3827.0
2024-05-04,中班,ES-02,125.0,86,2766.0
2024-05-04,中班,ES-03,113.1,89,2754.0
2024-05-04,中班,ES-04,230.4,115,3525.0
2024-05-04,中班,ES-05,133.8,115,3326.0
2024-05-04,中班,ES-06,124.3,69,1944.0
2024-05-04,中班,ES-07,149.4,67,2081.0
2024-05-04,中班,ES-08,116.7,134,4388.0
2024-05-04,夜班,ES-01,140.2,91,2885.0
2024-05-04,夜班,ES-02,128.3,93,2766.0
2024-05-04,夜班,ES-04,176.1,84,2746.0
2024-05-04,夜班,ES-06,120.3,97,2809.0
2024-05-04,夜班,ES-07,161.7,73,2337.0
2024-05-04,夜班,ES-08,122.1,107,3198.0
2024-05-05,早班,ES-01,121.5,116,3714.0
2024-05-05,早班,ES-02,129.8,115,3379.0
2024-05-05,早班,ES-03,108.6,114,3241.0
2024-05-05,早班,ES-04,176.9,56,1730.0
2024-05-05,早班,ES-06,131.1,92,2805.0
2024-05-05,早班,ES-07,148.8,91,2932.0
2024-05-05,早班,ES-08,124.3,78,2504.0
2024-05-05,中班,ES-01,129.7,81,2296.0
2024-05-05,中班,ES-02,137.4,97,2996.0
2024-05-05,中班,ES-03,105.1,127,3564.0
2024-05-05,中班,ES-04,166.3,81,2479.0
2024-05-05,中班,ES-05,133.3,95,3092.0
2024-05-05,中班,ES-06,130.2,105,3171.0
2024-05-05,中班,ES-08,133.0,104,3377.0
2024-05-05,夜班,ES-01,128.1,84,2373.0
2024-05-05,夜班,ES-02,132.7,109,3073.0
2024-05-05,夜班,ES-03,123.0,124,3557.0
2024-05-05,夜班,ES-04,190.0,87,2808.0
2024-05-05,夜班,ES-05,147.1,72,2187.0
2024-05-05,夜班,ES-06,120.9,103,2962.0
2024-05-05,夜班,ES-07,203.5,84,2584.0
2024-05-06,早班,ES-02,118.6,92,2801.0
2024-05-06,早班,ES-03,177.5,86,2454.0
2024-05-06,早班,ES-05,132.4,123,3725.0
2024-05-06,早班,ES-07,144.6,107,3464.0
2024-05-06,早班,ES-08,115.5,82,2637.0
2024-05-06,中班,ES-01,122.8,109,3403.0
2024-05-06,中班,ES-02,141.7,101,2959.0
2024-05-06,中班,ES-03,128.3,84,2445.0
2024-05-06,中班,ES-04,164.4,72,2186.0
2024-05-06,中班,ES-05,127.2,106,3324.0
2024-05-06,中班,ES-06,135.9,102,3008.0
2024-05-06,中班,ES-07,158.3,100,2813.0
2024-05-06,中班,ES-08,119.9,106,3268.0
2024-05-06,夜班,ES-02,119.2,84,2358.0
2024-05-06,夜班,ES-03,126.2,97,3058.0
2024-05-06,夜班,ES-04,170.9,66,1904.0
2024-05-06,夜班,ES-05,127.7,113,3239.0
2024-05-06,夜班,ES-06,123.5,113,3601.0
2024-05-06,夜班,ES-07,147.7,75,2367.0
2024-05-06,夜班,ES-08,119.8,119,3669.0
2024-05-07,早班,ES-02,123.7,107,3339.0
2024-05-07,早班,ES-06,116.1,103,2960.0
2024-05-07,早班,ES-07,154.5,77,2273.0
2024-05-07,中班,ES-01,133.1,72,2194.0
2024-05-07,中班,ES-02,128.8,87,2628.0
2024-05-07,中班,ES-03,114.6,91,2746.0
2024-05-07,中班,ES-05,142.5,56,1807.0
2024-05-07,中班,ES-07,146.4,129,3776.0
2024-05-07,中班,ES-08,125.9,97,2946.0
2024-05-07,夜班,ES-01,111.6,93,3008.0
2024-05-07,夜班,ES-02,127.2,76,2440.0
2024-05-07,夜班,ES-03,112.5,99,2818.0
2024-05-07,夜班,ES-04,175.6,120,3868.0
2024-05-07,夜班,ES-05,134.4,127,4065.0
2024-05-07,夜班,ES-08,129.6,104,3004.0
2024-05-08,早班,ES-01,117.0,107,3022.0
2024-05-08,早班,ES-02,123.5,84,2614.0
2024-05-08,早班,ES-03,110.6,119,3705.0
2024-05-08,早班,ES-04,157.5,105,3339.0
2024-05-08,早班,ES-05,134.6,90,2603.0
2024-05-08,早班,ES-06,140.0,121,3869.0
2024-05-08,早班,ES-07,169.2,125,4018.0
2024-05-08,早班,ES-08,122.6,56,1575.0
2024-05-08,中班,ES-01,122.2,127,3851.0
2024-05-08,中班,ES-03,122.9,98,2761.0
2024-05-08,中班,ES-04,173.1,72,2167.0
2024-05-08,中班,ES-05,137.0,115,3502.0
2024-05-08,中班,ES-06,134.5,79,2378.0
2024-05-08,中班,ES-08,127.2,85,2620.0
2024-05-08,夜班,ES-01,115.8,99,2795.0
2024-05-08,夜班,ES-02,121.2,78,2559.0
2024-05-08,夜班,ES-03,118.4,134,4312.0
2024-05-08,夜班,ES-04,190.0,103,3066.0
2024-05-08,夜班,ES-05,126.6,52,1588.0
2024-05-08,夜班,ES-06,120.2,68,2131.0
2024-05-08,夜班,ES-07,146.7,73,2064.0
2024-05-09,早班,ES-01,123.0,67,2030.0
2024-05-09,早班,ES-04,187.3,84,2696.0
2024-05-09,早班,ES-05,125.2,81,2400.0
2024-05-09,早班,ES-06,124.5,71,2021.0
2024-05-09,早班,ES-07,169.7,123,3828.0
2024-05-09,中班,ES-01,115.7,78,2306.0
2024-05-09,中班,ES-02,126.2,136,4267.0
2024-05-09,中班,ES-03,105.5,88,2464.0
2024-05-09,中班,ES-04,183.7,107,3264.0
2024-05-09,中班,ES-05,125.8,100,3186.0
2024-05-09,中班,ES-06,127.9,93,2622.0
2024-05-09,中班,ES-08,137.5,106,3288.0
2024-05-09,夜班,ES-02,118.2,83,2659.0
2024-05-09,夜班,ES-03,116.4,94,2704.0
2024-05-09,夜班,ES-05,134.3,61,1765.0
2024-05-09,夜班,ES-06,130.7,101,3074.0
2024-05-09,夜班,ES-07,194.5,121,3404.0
2024-05-09,夜班,ES-08,115.1,111,3485.0
2024-05-10,早班,ES-01,118.2,86,2780.0
2024-05-10,早班,ES-04,179.0,112,3229.0
2024-05-10,早班,ES-06,125.1,71,2021.0
2024-05-10,早班,ES-07,148.0,116,3311.0
2024-05-10,早班,ES-08,109.4,104,3333.0
2024-05-10,中班,ES-01,132.0,92,2960.0
2024-05-10,中班,ES-02,124.3,79,2356.0
2024-05-10,中班,ES-03,102.3,98,2967.0
2024-05-10,中班,ES-04,169.8,85,2412.0
2024-05-10,中班,ES-06,125.9,109,3197.0
2024-05-10,中班,ES-08,122.9,72,2022.0
2024-05-10,夜班,ES-01,112.1,71,2062.0
2024-05-10,夜班,ES-03,107.3,65,1958.0
2024-05-10,夜班,ES-04,166.4,100,3089.0
2024-05-10,夜班,ES-06,135.9,96,2836.0
2024-05-10,夜班,ES-07,145.0,128,4012.0
2024-05-11,早班,ES-01,118.3,109,3214.0
2024-05-11,早班,ES-02,126.0,77,2282.0
2024-05-11,早班,ES-03,118.2,102,3036.0
2024-05-11,早班,ES-05,129.9,103,2938.0
2024-05-11,早班,ES-06,120.6,124,3549.0
2024-05-11,早班,ES-07,150.6,104,3024.0
2024-05-11,中班,ES-02,130.2,106,3173.0
2024-05-11,中班,ES-03,101.8,98,2862.0
2024-05-11,中班,ES-04,161.3,116,3664.0
2024-05-11,中班,ES-06,140.4,110,3536.0
2024-05-11,中班,ES-07,150.1,114,3501.0
2024-05-11,中班,ES-08,124.5,93,2940.0
2024-05-11,夜班,ES-01,120.5,106,3461.0
2024-05-11,夜班,ES-03,111.3,96,3146.0
2024-05-11,夜班,ES-04,183.5,113,3314.0
2024-05-11,夜班,ES-06,127.5,113,3314.0
2024-05-11,夜班,ES-07,151.9,78,2266.0
2024-05-12,早班,ES-01,111.9,110,3451.0
2024-05-12,早班,ES-02,129.2,86,2433.0
2024-05-12,早班,ES-04,176.8,73,2191.0
2024-05-12,早班,ES-05,127.2,87,2575.0
2024-05-12,早班,ES-07,156.0,80,2475.0
2024-05-12,早班,ES-08,130.1,116,3601.0
2024-05-12,中班,ES-01,121.7,108,3508.0
2024-05-12,中班,ES-02,134.1,68,2007.0
2024-05-12,中班,ES-03,115.7,72,2166.0
2024-05-12,中班,ES-05,131.0,106,3026.0
2024-05-12,中班,ES-06,119.9,121,3615.0
2024-05-12,中班,ES-07,148.6,77,2244.0
2024-05-12,中班,ES-08,130.1,86,2463.0
2024-05-12,夜班,ES-01,113.9,101,3085.0
2024-05-12,夜班,ES-02,131.0,79,2586.0
2024-05-12,夜班,ES-03,107.1,101,3125.0
2024-05-12,夜班,ES-05,127.9,85,2721.0
2024-05-12,夜班,ES-06,134.2,65,2048.0
2024-05-12,夜班,ES-07,149.5,93,2921.0
2024-05-12,夜班,ES-08,104.2,112,3675.0
2024-05-13,早班,ES-01,122.5,83,2558.0
2024-05-13,早班,ES-03,108.6,94,2750.0
2024-05-13,早班,ES-05,127.9,102,3361.0
2024-05-13,早班,ES-06,120.3,65,1890.0
2024-05-13,早班,ES-07,145.2,95,2708.0
2024-05-13,早班,ES-08,123.8,83,2325.0
2024-05-13,中班,ES-01,138.4,88,2480.0
2024-05-13,中班,ES-02,113.0,90,2617.0
2024-05-13,中班,ES-03,113.1,99,2890.0
2024-05-13,中班,ES-04,165.6,89,2673.0
2024-05-13,中班,ES-05,130.2,94,3081.0
2024-05-13,中班,ES-06,138.9,90,2703.0
2024-05-13,中班,ES-07,133.5,111,3358.0
2024-05-13,中班,ES-08,118.9,99,3032.0
2024-05-13,夜班,ES-01,119.9,98,3097.0
2024-05-13,夜班,ES-02,120.0,87,2615.0
2024-05-13,夜班,ES-03,110.7,92,2806.0
2024-05-13,夜班,ES-05,124.4,93,3001.0
2024-05-13,夜班,ES-06,134.0,52,1659.0
2024-05-13,夜班,ES-07,147.8,84,2732.0
2024-05-13,夜班,ES-08,119.3,116,3815.0
2024-05-14,早班,ES-01,128.6,88,2743.0
2024-05-14,早班,ES-02,121.9,77,2162.0
2024-05-14,早班,ES-03,119.9,107,3011.0
2024-05-14,早班,ES-05,130.8,73,2137.0
2024-05-14,早班,ES-07,152.9,90,2918.0
2024-05-14,早班,ES-08,186.4,56,1823.0
2024-05-14,中班,ES-02,136.0,119,3691.0
2024-05-14,中班,ES-04,177.4,99,2985.0
2024-05-14,中班,ES-05,143.1,59,1896.0
2024-05-14,中班,ES-06,120.1,88,2842.0
2024-05-14,中班,ES-07,142.7,78,2442.0
2024-05-14,夜班,ES-02,124.9,85,2736.0
2024-05-14,夜班,ES-04,172.8,74,2277.0
2024-05-14,夜班,ES-05,126.7,81,2341.0
2024-05-14,夜班,ES-06,133.4,90,2874.0
2024-05-14,夜班,ES-07,151.1,92,2703.0
2024-05-14,夜班,ES-08,128.0,83,2736.0
2024-05-15,早班,ES-01,117.7,101,2831.0
2024-05-15,早班,ES-03,114.8,95,2981.0
2024-05-15,早班,ES-04,185.4,106,3492.0
2024-05-15,早班,ES-05,185.8,59,1716.0
2024-05-15,早班,ES-06,130.2,114,3466.0
2024-05-15,早班,ES-08,124.8,84,2516.0
2024-05-15,中班,ES-01,112.4,95,3094.0
2024-05-15,中班,ES-02,117.5,116,3675.0
2024-05-15,中班,ES-05,123.1,99,3081.0
2024-05-15,中班,ES-06,140.8,101,3071.0
2024-05-15,中班,ES-07,147.5,91,2693.0
2024-05-15,中班,ES-08,130.2,76,2293.0
2024-05-15,夜班,ES-02,120.5,121,3954.0
2024-05-15,夜班,ES-03,112.5,92,2980.0
2024-05-15,夜班,ES-05,131.1,103,2927.0
2024-05-15,夜班,ES-07,160.3,60,1963.0
2024-05-15,夜班,ES-08,121.9,90,2956.0
2024-05-16,早班,ES-02,117.9,72,2150.0
2024-05-16,早班,ES-04,169.5,121,3678.0
2024-05-16,早班,ES-05,126.3,119,3898.0
2024-05-16,早班,ES-06,124.4,88,2860.0
2024-05-16,早班,ES-08,127.5,101,2974.0
2024-05-16,中班,ES-02,134.0,111,3637.0
2024-05-16,中班,ES-03,120.3,78,2450.0
2024-05-16,中班,ES-04,181.3,116,3278.0
2024-05-16,中班,ES-05,126.6,72,2358.0
2024-05-16,中班,ES-07,144.9,94,2833.0
2024-05-16,夜班,ES-01,120.8,103,2914.0
2024-05-16,夜班,ES-03,108.7,94,2980.0
2024-05-16,夜班,ES-04,183.7,63,2023.0
2024-05-16,夜班,ES-05,126.8,92,2805.0
2024-05-16,夜班,ES-06,116.3,94,3056.0
2024-05-16,夜班,ES-07,158.6,105,3279.0
2024-05-16,夜班,ES-08,112.9,70,1964.0
2024-05-17,早班,ES-01,107.4,79,2282.0
2024-05-17,早班,ES-02,117.1,91,2875.0
2024-05-17,早班,ES-03,107.3,94,2899.0
2024-05-17,早班,ES-04,187.5,108,3326.0
2024-05-17,早班,ES-05,125.2,88,2770.0
2024-05-17,早班,ES-06,137.7,94,2852.0
2024-05-17,早班,ES-08,113.8,114,3596.0
2024-05-17,中班,ES-01,117.9,109,3368.0
2024-05-17,中班,ES-02,136.0,82,2340.0
2024-05-17,中班,ES-03,106.8,76,2258.0
2024-05-17,中班,ES-04,171.6,133,3875.0
2024-05-17,中班,ES-05,144.2,82,2396.0
2024-05-17,中班,ES-06,137.0,106,3349.0
2024-05-17,中班,ES-07,151.8,95,2988.0
2024-05-17,中班,ES-08,135.0,122,3994.0
2024-05-17,夜班,ES-01,105.6,86,2838.0
2024-05-17,夜班,ES-02,121.1,71,2095.0
2024-05-17,夜班,ES-03,127.3,109,3335.0
2024-05-17,夜班,ES-04,170.2,111,3258.0
2024-05-17,夜班,ES-06,126.5,100,3186.0
2024-05-17,夜班,ES-07,144.2,124,3735.0
2024-05-18,早班,ES-02,129.0,94,2722.0
2024-05-18,早班,ES-03,120.7,108,3113.0
2024-05-18,早班,ES-05,121.4,89,2694.0
2024-05-18,早班,ES-06,122.5,90,2677.0
2024-05-18,早班,ES-07,159.3,99,3117.0
2024-05-18,中班,ES-01,113.3,96,2999.0
2024-05-18,中班,ES-02,126.1,88,2478.0
2024-05-18,中班,ES-04,177.5,116,3651.0
2024-05-18,中班,ES-05,137.6,136,3981.0
2024-05-18,中班,ES-06,135.3,100,3221.0
2024-05-18,中班,ES-07,154.1,89,2675.0
2024-05-18,中班,ES-08,110.1,90,2653.0
2024-05-18,夜班,ES-02,124.0,110,3566.0
2024-05-18,夜班,ES-03,109.0,85,2747.0
2024-05-18,夜班,ES-04,182.5,122,3947.0
2024-05-18,夜班,ES-05,132.2,86,2565.0
2024-05-18,夜班,ES-06,117.0,72,2049.0
2024-05-18,夜班,ES-07,158.9,104,2973.0
2024-05-18,夜班,ES-08,141.1,78,2283.0
2024-05-19,早班,ES-04,166.1,88,2502.0
2024-05-19,早班,ES-05,102.9,91,2973.0
2024-05-19,早班,ES-07,154.0,114,3615.0
2024-05-19,早班,ES-08,131.2,80,2609.0
2024-05-19,中班,ES-01,110.3,103,2955.0
2024-05-19,中班,ES-02,118.7,104,3055.0
2024-05-19,中班,ES-03,95.7,122,3767.0
2024-05-19,中班,ES-04,176.7,78,2280.0
2024-05-19,中班,ES-05,131.1,69,2116.0
2024-05-19,中班,ES-07,217.5,95,2759.0
2024-05-19,中班,ES-08,133.4,98,2958.0
2024-05-19,夜班,ES-01,123.5,93,2843.0
2024-05-19,夜班,ES-03,116.2,96,2804.0
2024-05-19,夜班,ES-05,118.0,108,3555.0
2024-05-19,夜班,ES-06,118.5,43,1409.0
2024-05-19,夜班,ES-07,150.7,93,2727.0
2024-05-19,夜班,ES-08,125.5,92,2951.0
2024-05-20,早班,ES-01,109.5,117,3380.0
2024-05-20,早班,ES-02,139.3,117,3748.0
2024-05-20,早班,ES-03,111.5,86,2817.0
2024-05-20,早班,ES-04,172.3,106,3414.0
2024-05-20,早班,ES-07,154.6,94,2702.0
2024-05-20,中班,ES-01,128.4,102,3014.0
2024-05-20,中班,ES-02,141.8,74,2262.0
2024-05-20,中班,ES-03,110.6,104,3052.0
2024-05-20,中班,ES-04,171.6,92,3018.0
2024-05-20,中班,ES-05,126.8,117,3531.0
2024-05-20,中班,ES-06,128.8,90,2731.0
2024-05-20,夜班,ES-01,118.0,70,1989.0
2024-05-20,夜班,ES-03,123.3,78,2498.0
2024-05-20,夜班,ES-04,165.8,94,2866.0
2024-05-20,夜班,ES-05,126.3,118,3457.0
2024-05-20,夜班,ES-06,125.3,113,3351.0
2024-05-20,夜班,ES-07,147.7,50,1534.0
2024-05-20,夜班,ES-08,191.5,88,2654.0
2024-05-21,早班,ES-03,112.8,87,2824.0
2024-05-21,早班,ES-04,180.2,75,2296.0
2024-05-21,早班,ES-06,120.3,75,2219.0
2024-05-21,早班,ES-07,148.2,100,2939.0
2024-05-21,早班,ES-08,120.8,101,3154.0
2024-05-21,中班,ES-02,129.8,75,2475.0
2024-05-21,中班,ES-03,124.6,116,3452.0
2024-05-21,中班,ES-04,159.6,121,3899.0
2024-05-21,中班,ES-06,118.2,88,2647.0
2024-05-21,中班,ES-07,152.2,102,2998.0
2024-05-21,夜班,ES-01,106.4,106,3174.0
2024-05-21,夜班,ES-02,133.3,96,3006.0
2024-05-21,夜班,ES-04,172.8,114,3441.0
2024-05-21,夜班,ES-05,146.5,124,3770.0
2024-05-21,夜班,ES-06,129.0,131,3682.0
2024-05-21,夜班,ES-07,142.7,84,2423.0
2024-05-21,夜班,ES-08,127.7,108,3229.0
2024-05-22,早班,ES-01,115.9,110,3187.0
2024-05-22,早班,ES-02,128.8,94,2764.0
2024-05-22,早班,ES-03,93.9,88,2507.0
2024-05-22,早班,ES-04,184.1,97,2880.0
2024-05-22,早班,ES-05,131.8,103,3046.0
2024-05-22,早班,ES-06,137.9,118,3467.0
2024-05-22,早班,ES-07,146.3,70,2139.0
2024-05-22,中班,ES-02,120.6,86,2762.0
2024-05-22,中班,ES-03,120.5,113,3514.0
2024-05-22,中班,ES-05,127.7,88,2706.0
2024-05-22,中班,ES-06,134.5,114,3644.0
2024-05-22,中班,ES-08,136.1,92,2911.0
2024-05-22,夜班,ES-01,125.5,108,3320.0
2024-05-22,夜班,ES-02,129.2,86,2737.0
2024-05-22,夜班,ES-03,96.1,103,3133.0
2024-05-22,夜班,ES-04,184.3,117,3312.0
2024-05-22,夜班,ES-05,126.6,69,1958.0
2024-05-22,夜班,ES-06,123.7,113,3672.0
2024-05-22,夜班,ES-07,147.8,92,2760.0
2024-05-22,夜班,ES-08,104.6,72,2338.0
2024-05-23,早班,ES-02,117.6,111,3373.0
2024-05-23,早班,ES-03,97.8,69,2005.0
2024-05-23,早班,ES-04,245.6,74,2096.0
2024-05-23,早班,ES-05,118.1,87,2660.0
2024-05-23,早班,ES-07,151.7,100,2875.0
2024-05-23,中班,ES-01,114.0,63,1777.0
2024-05-23,中班,ES-02,208.2,63,1774.0
2024-05-23,中班,ES-03,130.3,96,3113.0
2024-05-23,中班,ES-04,173.0,96,2867.0
2024-05-23,中班,ES-05,135.9,116,3440.0
2024-05-23,中班,ES-06,128.4,95,2712.0
2024-05-23,中班,ES-08,120.3,124,3685.0
2024-05-23,夜班,ES-01,115.5,118,3676.0
2024-05-23,夜班,ES-03,106.9,71,2232.0
2024-05-23,夜班,ES-04,177.8,89,2733.0
2024-05-23,夜班,ES-05,162.2,90,2580.0
2024-05-23,夜班,ES-06,132.0,113,3247.0
2024-05-23,夜班,ES-07,158.8,139,4358.0
2024-05-23,夜班,ES-08,113.6,112,3604.0
2024-05-24,早班,ES-02,127.8,134,3811.0
2024-05-24,早班,ES-04,182.2,75,2133.0
2024-05-24,早班,ES-06,127.1,116,3677.0
2024-05-24,早班,ES-07,166.1,74,2409.0
2024-05-24,早班,ES-08,102.9,88,2823.0
2024-05-24,中班,ES-01,117.9,88,2732.0
2024-05-24,中班,ES-02,120.5,99,3024.0
2024-05-24,中班,ES-03,107.5,104,2990.0
2024-05-24,中班,ES-05,123.9,87,2843.0
2024-05-24,中班,ES-06,136.7,89,2657.0
2024-05-24,中班,ES-07,141.5,102,3132.0
2024-05-24,中班,ES-08,115.1,99,2827.0
2024-05-24,夜班,ES-01,116.0,94,2807.0
2024-05-24,夜班,ES-02,128.2,100,3204.0
2024-05-24,夜班,ES-03,103.8,95,3048.0
2024-05-24,夜班,ES-04,181.4,152,4553.0
2024-05-24,夜班,ES-06,141.2,81,2562.0
2024-05-24,夜班,ES-07,149.0,82,2535.0
2024-05-24,夜班,ES-08,127.9,82,2377.0
2024-05-25,早班,ES-01,127.9,83,2531.0
2024-05-25,早班,ES-02,123.1,133,4319.0
2024-05-25,早班,ES-03,117.4,84,2769.0
2024-05-25,早班,ES-04,179.1,101,3332.0
2024-05-25,早班,ES-07,157.8,88,2655.0
2024-05-25,早班,ES-08,116.7,108,3026.0
2024-05-25,中班,ES-01,121.9,66,1857.0
2024-05-25,中班,ES-02,107.3,107,3226.0
2024-05-25,中班,ES-03,107.9,62,1871.0
2024-05-25,中班,ES-04,186.6,109,3167.0
2024-05-25,中班,ES-05,128.7,125,3912.0
2024-05-25,中班,ES-06,121.5,134,4132.0
2024-05-25,中班,ES-08,123.3,85,2661.0
2024-05-25,夜班,ES-01,173.0,100,2807.0
2024-05-25,夜班,ES-02,119.5,85,2436.0
2024-05-25,夜班,ES-05,127.1,81,2622.0
2024-05-25,夜班,ES-06,125.6,90,2886.0
2024-05-25,夜班,ES-07,149.6,81,2433.0
2024-05-25,夜班,ES-08,128.6,94,3006.0
2024-05-26,早班,ES-01,105.0,88,2823.0
2024-05-26,早班,ES-04,171.5,66,1977.0
2024-05-26,早班,ES-05,121.7,77,2416.0
2024-05-26,早班,ES-06,135.5,70,2195.0
2024-05-26,早班,ES-07,156.9,114,3214.0
2024-05-26,早班,ES-08,124.0,98,3080.0
2024-05-26,中班,ES-02,121.8,112,3336.0
2024-05-26,中班,ES-03,127.1,99,3265.0
2024-05-26,中班,ES-05,185.7,69,2024.0
2024-05-26,中班,ES-06,137.5,123,3888.0
2024-05-26,中班,ES-07,164.8,89,2828.0
2024-05-26,中班,ES-08,125.5,95,2714.0
2024-05-26,夜班,ES-01,114.7,117,3699.0
2024-05-26,夜班,ES-04,176.7,87,2481.0
2024-05-26,夜班,ES-05,125.4,79,2523.0
2024-05-26,夜班,ES-06,140.9,70,2167.0
2024-05-26,夜班,ES-07,138.2,117,3809.0
2024-05-26,夜班,ES-08,115.6,128,4113.0
2024-05-27,早班,ES-03,113.7,128,4075.0
2024-05-27,早班,ES-04,173.9,77,2497.0
2024-05-27,早班,ES-05,107.7,99,2778.0
2024-05-27,早班,ES-06,129.5,98,2787.0
2024-05-27,早班,ES-08,127.8,88,2882.0
2024-05-27,中班,ES-02,129.4,81,2465.0
2024-05-27,中班,ES-03,115.7,113,3398.0
2024-05-27,中班,ES-04,171.5,102,2866.0
2024-05-27,中班,ES-06,119.6,109,3121.0
2024-05-27,中班,ES-07,163.9,78,2495.0
2024-05-27,中班,ES-08,121.6,82,2364.0
2024-05-27,夜班,ES-02,201.8,52,1629.0
2024-05-27,夜班,ES-03,95.1,99,3167.0
2024-05-27,夜班,ES-04,176.2,90,2782.0
2024-05-27,夜班,ES-06,136.2,85,2529.0
2024-05-27,夜班,ES-07,141.5,99,3136.0
2024-05-27,夜班,ES-08,119.2,86,2708.0
2024-05-28,早班,ES-02,121.8,89,2719.0
2024-05-28,早班,ES-03,116.0,66,1914.0
2024-05-28,早班,ES-06,137.3,99,3172.0
2024-05-28,早班,ES-07,149.6,101,2993.0
2024-05-28,早班,ES-08,115.8,124,3484.0
2024-05-28,中班,ES-01,116.2,77,2460.0
2024-05-28,中班,ES-03,105.4,88,2876.0
2024-05-28,中班,ES-05,141.9,101,3172.0
2024-05-28,中班,ES-06,132.4,107,3461.0
2024-05-28,中班,ES-07,162.6,69,2266.0
2024-05-28,中班,ES-08,127.5,135,3828.0
2024-05-28,夜班,ES-01,153.9,115,3523.0
2024-05-28,夜班,ES-02,117.9,90,2891.0
2024-05-28,夜班,ES-03,116.3,106,3152.0
2024-05-28,夜班,ES-04,190.1,103,3372.0
2024-05-28,夜班,ES-05,133.5,102,3333.0
2024-05-28,夜班,ES-06,118.1,103,3358.0
2024-05-28,夜班,ES-07,159.2,78,2525.0
2024-05-28,夜班,ES-08,126.4,106,3464.0
2024-05-29,早班,ES-02,136.0,119,3380.0
2024-05-29,早班,ES-03,100.2,96,2951.0
2024-05-29,早班,ES-06,125.5,103,2914.0
2024-05-29,早班,ES-07,155.2,137,4338.0
2024-05-29,早班,ES-08,113.1,108,3163.0
2024-05-29,中班,ES-01,111.5,101,3195.0
2024-05-29,中班,ES-02,113.5,98,3013.0
2024-05-29,中班,ES-03,113.4,96,2997.0
2024-05-29,中班,ES-04,179.3,85,2749.0
2024-05-29,中班,ES-05,111.2,101,3276.0
2024-05-29,中班,ES-06,131.2,79,2553.0
2024-05-29,中班,ES-08,126.6,97,3175.0
2024-05-29,夜班,ES-01,119.5,72,2046.0
2024-05-29,夜班,ES-02,124.3,113,3312.0
2024-05-29,夜班,ES-03,109.7,108,3532.0
2024-05-29,夜班,ES-05,127.2,117,3578.0
2024-05-29,夜班,ES-06,117.6,104,2917.0
2024-05-29,夜班,ES-07,130.8,99,3178.0
2024-05-29,夜班,ES-08,128.0,103,3303.0
2024-05-30,早班,ES-01,134.2,66,2077.0
2024-05-30,早班,ES-02,142.4,123,3860.0
2024-05-30,早班,ES-03,97.3,68,2155.0
2024-05-30,早班,ES-04,176.6,103,3266.0
2024-05-30,早班,ES-05,139.1,97,2777.0
2024-05-30,早班,ES-06,124.0,58,1632.0
2024-05-30,早班,ES-07,143.3,94,3055.0
2024-05-30,早班,ES-08,114.6,59,1808.0
2024-05-30,中班,ES-01,114.7,77,2160.0
2024-05-30,中班,ES-03,114.2,86,2522.0
2024-05-30,中班,ES-04,175.8,96,3125.0
2024-05-30,中班,ES-05,135.3,76,2396.0
2024-05-30,中班,ES-06,136.6,93,3018.0
2024-05-30,中班,ES-07,159.0,132,3709.0
2024-05-30,中班,ES-08,109.5,87,2674.0
2024-05-30,夜班,ES-02,132.8,95,2813.0
2024-05-30,夜班,ES-03,169.7,109,3395.0
2024-05-30,夜班,ES-04,175.1,95,2769.0
2024-05-30,夜班,ES-05,127.9,105,3179.0
2024-05-30,夜班,ES-06,128.9,101,3098.0
2024-05-30,夜班,ES-07,162.5,141,4568.0
2024-05-31,早班,ES-01,130.2,103,2907.0
2024-05-31,早班,ES-03,104.2,122,3686.0
2024-05-31,早班,ES-04,186.0,108,3524.0
2024-05-31,早班,ES-06,122.2,117,3820.0
2024-05-31,早班,ES-08,125.9,104,3225.0
2024-05-31,中班,ES-02,141.4,89,2750.0
2024-05-31,中班,ES-04,186.7,131,4223.0
2024-05-31,中班,ES-05,142.1,98,3044.0
2024-05-31,中班,ES-06,115.6,83,2629.0
2024-05-31,中班,ES-08,131.4,102,2914.0
2024-05-31,夜班,ES-02,129.8,96,2840.0
2024-05-31,夜班,ES-03,111.6,100,3090.0
2024-05-31,夜班,ES-04,174.8,113,3351.0
2024-05-31,夜班,ES-05,115.7,117,3361.0
2024-05-31,夜班,ES-07,165.3,112,3585.0
2024-05-31,夜班,ES-08,104.2,114,3391.0
2024-06-01,早班,ES-01,117.7,80,2348.0
2024-06-01,早班,ES-03,100.1,60,1923.0
2024-06-01,早班,ES-04,174.4,95,2919.0
2024-06-01,早班,ES-05,143.4,104,3413.0
2024-06-01,早班,ES-06,128.6,89,2784.0
2024-06-01,早班,ES-07,127.9,137,4111.0
2024-06-01,早班,ES-08,120.5,75,2110.0
2024-06-01,中班,ES-01,118.9,111,3540.0
2024-06-01,中班,ES-02,127.6,79,2521.0
2024-06-01,中班,ES-03,119.4,80,2284.0
2024-06-01,中班,ES-04,184.5,88,2570.0
2024-06-01,中班,ES-06,123.4,117,3479.0
2024-06-01,中班,ES-07,149.0,95,2838.0
2024-06-01,夜班,ES-01,128.0,114,3422.0
2024-06-01,夜班,ES-04,189.0,93,2690.0
2024-06-01,夜班,ES-05,128.8,122,3531.0
2024-06-01,夜班,ES-06,127.0,100,2952.0
2024-06-01,夜班,ES-07,144.3,79,2275.0
2024-06-01,夜班,ES-08,123.7,92,2628.0
2024-06-02,早班,ES-01,118.5,95,2965.0
2024-06-02,早班,ES-02,122.1,59,1833.0
2024-06-02,早班,ES-03,111.9,114,3293.0
2024-06-02,早班,ES-04,173.8,91,2934.0
2024-06-02,早班,ES-05,145.3,115,3783.0
2024-06-02,早班,ES-06,130.6,48,1549.0
2024-06-02,早班,ES-07,159.3,116,3529.0
2024-06-02,早班,ES-08,128.2,115,3249.0
2024-06-02,中班,ES-02,118.8,62,1791.0
2024-06-02,中班,ES-03,99.0,104,2978.0
2024-06-02,中班,ES-04,169.6,80,2341.0
2024-06-02,中班,ES-05,133.3,101,2951.0
2024-06-02,中班,ES-07,133.4,114,3578.0
2024-06-02,夜班,ES-01,121.4,77,2461.0
2024-06-02,夜班,ES-02,121.3,102,3366.0
2024-06-02,夜班,ES-03,118.0,113,3656.0
2024-06-02,夜班,ES-04,180.0,93,2680.0
2024-06-02,夜班,ES-05,128.8,81,2591.0
2024-06-02,夜班,ES-06,126.3,117,3394.0
2024-06-02,夜班,ES-07,160.6,98,2772.0
2024-06-02,夜班,ES-08,131.3,70,2034.0
2024-06-03,早班,ES-01,129.7,90,2819.0
2024-06-03,早班,ES-02,134.7,90,2839.0
2024-06-03,早班,ES-03,114.9,92,2810.0
2024-06-03,早班,ES-05,124.8,75,2268.0
2024-06-03,早班,ES-06,163.3,116,3573.0
2024-06-03,早班,ES-07,155.0,101,3193.0
2024-06-03,早班,ES-08,121.7,110,3090.0
2024-06-03,中班,ES-02,120.6,108,3413.0
2024-06-03,中班,ES-04,172.8,115,3608.0
2024-06-03,中班,ES-05,120.2,125,3939.0
2024-06-03,中班,ES-06,131.8,97,3052.0
2024-06-03,中班,ES-07,143.2,128,3841.0
2024-06-03,中班,ES-08,125.5,105,3460.0
2024-06-03,夜班,ES-01,108.1,91,2630.0
2024-06-03,夜班,ES-02,130.0,103,3211.0
2024-06-03,夜班,ES-04,180.0,120,3565.0
2024-06-03,夜班,ES-06,123.0,118,3827.0
2024-06-03,夜班,ES-07,146.5,95,3103.0
2024-06-03,夜班,ES-08,122.2,87,2690.0
2024-06-04,早班,ES-01,124.5,109,3407.0
2024-06-04,早班,ES-02,131.5,105,3098.0
2024-06-04,早班,ES-03,105.7,96,2816.0
2024-06-04,早班,ES-05,139.1,87,2799.0
2024-06-04,早班,ES-06,135.8,115,3300.0
2024-06-04,早班,ES-07,147.6,71,2002.0
2024-06-04,早班,ES-08,128.2,104,3296.0
2024-06-04,中班,ES-01,123.5,101,3263.0
2024-06-04,中班,ES-03,116.7,110,3422.0
2024-06-04,中班,ES-04,181.0,102,2956.0
2024-06-04,中班,ES-05,136.1,101,2945.0
2024-06-04,中班,ES-06,128.7,71,2041.0
2024-06-04,中班,ES-07,149.2,108,3035.0
2024-06-04,中班,ES-08,115.4,115,3453.0
2024-06-04,夜班,ES-02,130.9,70,2145.0
2024-06-04,夜班,ES-03,109.1,69,2190.0
2024-06-04,夜班,ES-04,188.3,60,1893.0
2024-06-04,夜班,ES-07,151.5,127,3740.0
2024-06-04,夜班,ES-08,130.6,91,2960.0
2024-06-05,早班,ES-01,113.8,81,2297.0
2024-06-05,早班,ES-03,127.9,89,2731.0
2024-06-05,早班,ES-04,176.4,87,2741.0
2024-06-05,早班,ES-06,129.3,85,2471.0
2024-06-05,早班,ES-07,144.3,87,2771.0
2024-06-05,早班,ES-08,133.2,102,2950.0
2024-06-05,中班,ES-01,118.4,99,3145.0
2024-06-05,中班,ES-03,124.5,64,1942.0
2024-06-05,中班,ES-04,177.5,56,1666.0
2024-06-05,中班,ES-05,123.0,66,2166.0
2024-06-05,中班,ES-06,128.0,94,2826.0
2024-06-05,中班,ES-07,140.4,123,3748.0
2024-06-05,中班,ES-08,120.5,91,2788.0
2024-06-05,夜班,ES-01,118.1,85,2732.0
2024-06-05,夜班,ES-02,130.1,95,3118.0
2024-06-05,夜班,ES-03,102.0,112,3264.0
2024-06-05,夜班,ES-04,168.7,126,3847.0
2024-06-05,夜班,ES-06,124.8,93,3030.0
2024-06-05,夜班,ES-07,152.7,79,2458.0
2024-06-05,夜班,ES-08,123.1,99,3070.0
2024-06-06,早班,ES-03,100.0,89,2830.0
2024-06-06,早班,ES-04,216.6,71,2294.0
2024-06-06,早班,ES-05,136.1,105,3014.0
2024-06-06,早班,ES-06,127.2,68,2011.0
2024-06-06,早班,ES-07,141.8,128,4138.0
2024-06-06,早班,ES-08,128.9,122,3488.0
2024-06-06,中班,ES-01,137.2,88,2493.0
2024-06-06,中班,ES-02,119.7,90,2764.0
2024-06-06,中班,ES-05,124.5,100,3095.0
2024-06-06,中班,ES-06,139.3,99,3254.0
2024-06-06,中班,ES-07,147.8,94,2887.0
2024-06-06,中班,ES-08,106.0,112,3655.0
2024-06-06,夜班,ES-01,120.4,111,3162.0
2024-06-06,夜班,ES-02,134.2,65,1826.0
2024-06-06,夜班,ES-03,115.8,111,3588.0
2024-06-06,夜班,ES-05,126.9,88,2786.0
2024-06-06,夜班,ES-06,134.1,77,2257.0
2024-06-06,夜班,ES-07,153.2,96,2905.0
2024-06-07,早班,ES-01,109.2,105,3408.0
2024-06-07,早班,ES-02,131.2,104,2996.0
2024-06-07,早班,ES-03,112.8,69,2192.0
2024-06-07,早班,ES-04,169.0,102,2920.0
2024-06-07,早班,ES-05,125.5,98,2932.0
2024-06-07,早班,ES-06,125.2,112,3501.0
2024-06-07,早班,ES-07,159.0,119,3763.0
2024-06-07,中班,ES-01,128.7,81,2380.0
2024-06-07,中班,ES-02,140.8,81,2397.0
2024-06-07,中班,ES-03,128.6,96,2833.0
2024-06-07,中班,ES-04,180.2,79,2215.0
2024-06-07,中班,ES-05,135.2,101,2981.0
2024-06-07,中班,ES-07,144.8,72,2361.0
2024-06-07,中班,ES-08,117.6,83,2676.0
2024-06-07,夜班,ES-03,112.2,107,3261.0
2024-06-07,夜班,ES-04,172.6,111,3330.0
2024-06-07,夜班,ES-06,135.2,84,2358.0
2024-06-07,夜班,ES-08,116.9,87,2763.0
2024-06-08,早班,ES-03,112.7,64,2059.0
2024-06-08,早班,ES-05,130.5,103,3212.0
2024-06-08,早班,ES-06,141.0,100,3215.0
2024-06-08,早班,ES-08,114.6,89,2674.0
2024-06-08,中班,ES-01,112.8,73,2345.0
2024-06-08,中班,ES-02,123.0,92,2739.0
2024-06-08,中班,ES-05,129.7,91,2641.0
2024-06-08,中班,ES-06,129.3,111,3199.0
2024-06-08,中班,ES-07,164.1,83,2383.0
2024-06-08,夜班,ES-01,123.8,56,1572.0
2024-06-08,夜班,ES-02,122.4,102,3238.0
2024-06-08,夜班,ES-03,93.3,91,2707.0
2024-06-08,夜班,ES-04,184.3,65,1971.0
2024-06-08,夜班,ES-05,126.5,82,2676.0
2024-06-08,夜班,ES-06,130.4,83,2409.0
2024-06-08,夜班,ES-08,106.9,114,3613.0
2024-06-09,早班,ES-01,120.0,75,2268.0
2024-06-09,早班,ES-02,126.3,104,3265.0
2024-06-09,早班,ES-03,103.6,98,2861.0
2024-06-09,早班,ES-04,174.8,112,3284.0
2024-06-09,早班,ES-05,121.2,95,3029.0
2024-06-09,早班,ES-06,116.2,99,3200.0
2024-06-09,早班,ES-07,136.0,119,3914.0
2024-06-09,中班,ES-01,112.3,122,3862.0
2024-06-09,中班,ES-02,119.4,119,3772.0
2024-06-09,中班,ES-03,107.6,62,1822.0
2024-06-09,中班,ES-04,192.1,108,3398.0
2024-06-09,中班,ES-05,119.7,96,3113.0
2024-06-09,中班,ES-06,139.1,60,1877.0
2024-06-09,中班,ES-07,152.6,121,3438.0
2024-06-09,夜班,ES-01,103.2,117,3455.0
2024-06-09,夜班,ES-02,131.6,119,3775.0
2024-06-09,夜班,ES-03,113.6,98,3065.0
2024-06-09,夜班,ES-04,180.7,107,3237.0
2024-06-09,夜班,ES-05,170.3,54,1544.0
2024-06-09,夜班,ES-06,119.6,83,2385.0
2024-06-09,夜班,ES-07,163.1,101,3004.0
2024-06-09,夜班,ES-08,131.8,111,3120.0
2024-06-10,早班,ES-01,112.0,78,2536.0
2024-06-10,早班,ES-02,129.5,75,2326.0
2024-06-10,早班,ES-03,104.3,125,4020.0
2024-06-10,早班,ES-04,179.5,110,3540.0
2024-06-10,早班,ES-05,119.1,79,2506.0
2024-06-10,早班,ES-06,143.8,130,4109.0
2024-06-10,早班,ES-07,146.0,137,4386.0
2024-06-10,早班,ES-08,151.4,95,2787.0
2024-06-10,中班,ES-01,115.2,101,2843.0
2024-06-10,中班,ES-02,124.9,114,3726.0
2024-06-10,中班,ES-04,176.5,71,2181.0
2024-06-10,中班,ES-05,135.7,67,2182.0
2024-06-10,中班,ES-06,130.6,68,1938.0
2024-06-10,中班,ES-07,157.4,76,2154.0
2024-06-10,中班,ES-08,113.8,101,3149.0
2024-06-10,夜班,ES-04,171.9,91,2672.0
2024-06-10,夜班,ES-05,132.6,102,3103.0
2024-06-10,夜班,ES-06,142.5,89,2689.0
2024-06-10,夜班,ES-07,158.3,92,2686.0
2024-06-11,早班,ES-01,124.7,93,2776.0
2024-06-11,早班,ES-02,137.9,129,4175.0
2024-06-11,早班,ES-03,116.6,100,3248.0
2024-06-11,早班,ES-04,174.8,106,3017.0
2024-06-11,早班,ES-05,124.6,121,3868.0
2024-06-11,早班,ES-06,113.3,99,3144.0
2024-06-11,早班,ES-07,148.5,108,3299.0
2024-06-11,中班,ES-01,118.3,105,3448.0
2024-06-11,中班,ES-02,129.3,116,3784.0
2024-06-11,中班,ES-03,115.9,97,2858.0
2024-06-11,中班,ES-04,180.1,107,3041.0
2024-06-11,中班,ES-06,125.1,103,3227.0
2024-06-11,中班,ES-07,136.4,128,3930.0
2024-06-11,夜班,ES-01,119.0,106,3342.0
2024-06-11,夜班,ES-02,133.3,76,2451.0
2024-06-11,夜班,ES-04,189.2,94,2825.0
2024-06-11,夜班,ES-05,201.0,124,3861.0
2024-06-11,夜班,ES-06,134.7,96,2981.0
2024-06-11,夜班,ES-07,156.7,92,2874.0
2024-06-11,夜班,ES-08,127.7,123,3919.0
2024-06-12,早班,ES-01,133.1,111,3142.0
2024-06-12,早班,ES-02,163.7,79,2382.0
2024-06-12,早班,ES-03,101.3,101,2988.0
2024-06-12,早班,ES-04,170.2,92,2653.0
2024-06-12,早班,ES-05,148.2,99,3126.0
2024-06-12,早班,ES-08,129.3,90,2769.0
2024-06-12,中班,ES-01,118.3,100,3206.0
2024-06-12,中班,ES-02,176.3,90,2669.0
2024-06-12,中班,ES-03,99.6,66,1923.0
2024-06-12,中班,ES-04,165.7,95,3035.0
2024-06-12,中班,ES-07,144.3,85,2679.0
2024-06-12,中班,ES-08,102.3,63,2045.0
2024-06-12,夜班,ES-01,116.2,107,3441.0
2024-06-12,夜班,ES-02,125.8,86,2437.0
2024-06-12,夜班,ES-03,107.8,131,4021.0
2024-06-12,夜班,ES-04,169.0,99,3203.0
2024-06-12,夜班,ES-05,129.9,89,2617.0
2024-06-12,夜班,ES-06,201.8,86,2759.0
2024-06-12,夜班,ES-07,156.5,97,2964.0
2024-06-13,早班,ES-01,111.6,95,2683.0
2024-06-13,早班,ES-02,116.5,74,2252.0
2024-06-13,早班,ES-04,174.8,86,2647.0
2024-06-13,早班,ES-05,132.7,117,3527.0
2024-06-13,早班,ES-06,137.1,90,2742.0
2024-06-13,早班,ES-07,148.4,118,3830.0
2024-06-13,早班,ES-08,128.7,104,3400.0
2024-06-13,中班,ES-04,167.4,70,2132.0
2024-06-13,中班,ES-05,126.9,97,3163.0
2024-06-13,中班,ES-07,161.1,79,2236.0
2024-06-13,中班,ES-08,124.5,80,2416.0
2024-06-13,夜班,ES-02,136.8,73,2167.0
2024-06-13,夜班,ES-05,114.8,110,3243.0
2024-06-13,夜班,ES-06,116.3,97,3074.0
2024-06-13,夜班,ES-07,157.0,108,3501.0
2024-06-13,夜班,ES-08,139.5,108,3152.0
2024-06-14,早班,ES-01,114.4,92,2702.0
2024-06-14,早班,ES-02,132.8,77,2224.0
2024-06-14,早班,ES-03,102.1,118,3307.0
2024-06-14,早班,ES-06,121.7,114,3351.0
2024-06-14,早班,ES-08,115.4,63,1830.0
2024-06-14,中班,ES-01,121.6,97,2979.0
2024-06-14,中班,ES-03,104.4,93,2956.0
2024-06-14,中班,ES-05,130.5,55,1567.0
2024-06-14,中班,ES-06,123.0,96,3091.0
2024-06-14,中班,ES-07,165.2,114,3422.0
2024-06-14,中班,ES-08,119.7,83,2658.0
2024-06-14,夜班,ES-01,110.9,74,2264.0
2024-06-14,夜班,ES-02,124.2,105,3159.0
2024-06-14,夜班,ES-03,105.9,111,3606.0
2024-06-14,夜班,ES-05,123.9,90,2836.0
2024-06-14,夜班,ES-07,142.2,62,1985.0
2024-06-14,夜班,ES-08,121.2,121,3860.0
2024-06-15,早班,ES-01,117.0,110,3142.0
2024-06-15,早班,ES-02,125.7,111,3151.0
2024-06-15,早班,ES-03,116.6,84,2562.0
2024-06-15,早班,ES-04,194.2,73,2172.0
2024-06-15,早班,ES-05,112.4,78,2490.0
2024-06-15,早班,ES-06,134.5,48,1560.0
2024-06-15,早班,ES-07,161.2,108,3339.0
2024-06-15,早班,ES-08,123.1,119,3569.0
2024-06-15,中班,ES-02,133.8,91,2585.0
2024-06-15,中班,ES-03,92.6,99,2839.0
2024-06-15,中班,ES-04,237.1,102,2898.0
2024-06-15,中班,ES-06,137.9,104,3226.0
2024-06-15,中班,ES-07,142.3,115,3565.0
2024-06-15,中班,ES-08,125.3,64,2069.0
2024-06-15,夜班,ES-01,98.7,105,3106.0
2024-06-15,夜班,ES-02,127.4,73,2122.0
2024-06-15,夜班,ES-03,105.7,92,3001.0
2024-06-15,夜班,ES-04,179.0,78,2188.0
2024-06-15,夜班,ES-05,134.1,81,2580.0
2024-06-15,夜班,ES-06,116.0,94,2889.0
2024-06-15,夜班,ES-07,157.2,88,2501.0
2024-06-15,夜班,ES-08,119.7,91,2943.0
2024-06-16,早班,ES-01,111.9,71,1996.0
2024-06-16,早班,ES-02,132.0,107,3180.0
2024-06-16,早班,ES-03,112.0,103,3194.0
2024-06-16,早班,ES-05,126.9,72,2252.0
2024-06-16,早班,ES-06,130.2,119,3499.0
2024-06-16,早班,ES-07,147.4,73,2051.0
2024-06-16,早班,ES-08,128.6,124,3869.0
2024-06-16,中班,ES-01,107.2,106,3064.0
2024-06-16,中班,ES-02,136.9,81,2477.0
2024-06-16,中班,ES-04,182.9,100,3216.0
2024-06-16,中班,ES-05,127.1,109,3590.0
2024-06-16,中班,ES-06,129.0,84,2479.0
2024-06-16,中班,ES-07,153.4,79,2440.0
2024-06-16,中班,ES-08,114.4,111,3197.0
2024-06-16,夜班,ES-01,172.9,119,3530.0
2024-06-16,夜班,ES-02,121.0,108,3277.0
2024-06-16,夜班,ES-04,183.0,97,3147.0
2024-06-16,夜班,ES-05,121.4,82,2705.0
2024-06-16,夜班,ES-06,128.5,117,3319.0
2024-06-16,夜班,ES-07,143.9,111,3235.0
2024-06-17,早班,ES-01,103.0,104,3140.0
2024-06-17,早班,ES-03,105.8,104,3165.0
2024-06-17,早班,ES-04,163.6,100,2825.0
2024-06-17,早班,ES-05,111.2,85,2431.0
2024-06-17,早班,ES-06,132.4,103,2946.0
2024-06-17,早班,ES-07,148.8,82,2325.0
2024-06-17,早班,ES-08,120.4,80,2366.0
2024-06-17,中班,ES-01,164.9,74,2123.0
2024-06-17,中班,ES-02,124.3,100,3220.0
2024-06-17,中班,ES-03,108.9,102,3298.0
2024-06-17,中班,ES-05,121.9,104,3049.0
2024-06-17,中班,ES-07,150.2,77,2294.0
2024-06-17,中班,ES-08,132.9,93,2901.0
2024-06-17,夜班,ES-03,107.5,72,2207.0
2024-06-17,夜班,ES-05,136.9,81,2611.0
2024-06-17,夜班,ES-06,124.2,96,2837.0
2024-06-17,夜班,ES-08,134.3,96,2795.0
2024-06-18,早班,ES-01,127.3,54,1749.0
2024-06-18,早班,ES-02,131.5,90,2773.0
2024-06-18,早班,ES-04,178.8,109,3313.0
2024-06-18,早班,ES-05,139.7,131,4158.0
2024-06-18,早班,ES-06,135.5,91,2906.0
2024-06-18,早班,ES-07,154.4,130,4133.0
2024-06-18,早班,ES-08,136.4,102,3320.0
2024-06-18,中班,ES-02,114.5,68,1914.0
2024-06-18,中班,ES-03,100.8,111,3135.0
2024-06-18,中班,ES-04,168.7,122,3882.0
2024-06-18,中班,ES-05,128.9,104,3265.0
2024-06-18,中班,ES-06,131.8,134,4315.0
2024-06-18,中班,ES-07,154.0,56,1574.0
2024-06-18,中班,ES-08,107.9,84,2460.0
2024-06-18,夜班,ES-01,121.8,95,2813.0
2024-06-18,夜班,ES-02,131.6,92,2837.0
2024-06-18,夜班,ES-03,114.4,82,2687.0
2024-06-18,夜班,ES-04,206.3,70,2219.0
2024-06-18,夜班,ES-05,165.8,90,2764.0
2024-06-18,夜班,ES-06,124.2,95,2798.0
2024-06-18,夜班,ES-07,164.8,132,3878.0
2024-06-18,夜班,ES-08,124.6,55,1553.0
2024-06-19,早班,ES-01,117.3,90,2700.0
2024-06-19,早班,ES-03,113.6,85,2797.0
2024-06-19,早班,ES-04,184.0,95,2983.0
2024-06-19,早班,ES-05,134.2,94,2837.0
2024-06-19,早班,ES-06,128.2,123,3635.0
2024-06-19,早班,ES-07,139.3,117,3840.0
2024-06-19,早班,ES-08,168.1,134,4240.0
2024-06-19,中班,ES-01,112.1,82,2359.0
2024-06-19,中班,ES-05,129.6,87,2813.0
2024-06-19,中班,ES-06,126.2,111,3559.0
2024-06-19,中班,ES-08,126.4,103,3397.0
2024-06-19,夜班,ES-01,112.0,80,2471.0
2024-06-19,夜班,ES-04,163.8,147,4296.0
2024-06-19,夜班,ES-07,134.4,92,2890.0
2024-06-19,夜班,ES-08,143.7,100,3119.0
2024-06-20,早班,ES-02,136.0,71,2002.0
2024-06-20,早班,ES-04,181.3,104,3070.0
2024-06-20,早班,ES-05,110.5,103,3246.0
2024-06-20,早班,ES-06,134.0,104,3253.0
2024-06-20,早班,ES-08,126.6,114,3661.0
2024-06-20,中班,ES-01,119.1,80,2290.0
2024-06-20,中班,ES-02,126.8,102,3099.0
2024-06-20,中班,ES-03,95.8,66,2116.0
2024-06-20,中班,ES-06,126.3,96,2871.0
2024-06-20,中班,ES-08,119.8,100,3230.0
2024-06-20,夜班,ES-01,116.3,122,3547.0
2024-06-20,夜班,ES-02,124.3,99,2837.0
2024-06-20,夜班,ES-03,111.7,111,3659.0
2024-06-20,夜班,ES-05,122.6,84,2727.0
2024-06-20,夜班,ES-06,127.1,108,3075.0
2024-06-20,夜班,ES-08,131.3,56,1636.0
2024-06-21,早班,ES-02,138.7,100,3018.0
2024-06-21,早班,ES-03,117.2,120,3661.0
2024-06-21,早班,ES-04,188.0,77,2539.0
2024-06-21,早班,ES-06,139.8,83,2382.0
2024-06-21,早班,ES-08,116.2,100,3282.0
2024-06-21,中班,ES-01,116.6,110,3563.0
2024-06-21,中班,ES-03,117.0,72,2205.0
2024-06-21,中班,ES-04,198.7,100,2967.0
2024-06-21,中班,ES-05,133.7,71,2077.0
2024-06-21,中班,ES-06,131.8,111,3216.0
2024-06-21,中班,ES-08,128.1,86,2489.0
2024-06-21,夜班,ES-01,102.8,93,2981.0
2024-06-21,夜班,ES-02,138.3,72,2298.0
2024-06-21,夜班,ES-03,105.5,88,2778.0
2024-06-21,夜班,ES-04,171.3,94,2912.0
2024-06-21,夜班,ES-05,117.6,122,3453.0
2024-06-21,夜班,ES-06,137.2,74,2077.0
2024-06-22,早班,ES-01,113.4,93,2822.0
2024-06-22,早班,ES-02,133.4,100,3278.0
2024-06-22,早班,ES-05,146.4,83,2370.0
2024-06-22,早班,ES-06,129.0,90,2617.0
2024-06-22,早班,ES-07,155.6,88,2728.0
2024-06-22,早班,ES-08,114.4,81,2283.0
2024-06-22,中班,ES-02,122.5,62,1878.0
2024-06-22,中班,ES-03,114.7,90,2963.0
2024-06-22,中班,ES-05,130.8,121,3948.0
2024-06-22,中班,ES-06,130.9,86,2619.0
2024-06-22,中班,ES-07,161.5,94,2825.0
2024-06-22,中班,ES-08,131.4,61,1959.0
2024-06-22,夜班,ES-01,119.3,69,2254.0
2024-06-22,夜班,ES-02,123.6,137,4158.0
2024-06-22,夜班,ES-03,112.4,120,3878.0
2024-06-22,夜班,ES-04,170.4,76,2220.0
2024-06-22,夜班,ES-05,123.9,94,2780.0
2024-06-22,夜班,ES-06,129.1,86,2655.0
2024-06-22,夜班,ES-08,116.3,91,2706.0
2024-06-23,早班,ES-01,123.7,130,3936.0
2024-06-23,早班,ES-02,132.0,87,2754.0
2024-06-23,早班,ES-03,111.0,99,2881.0
2024-06-23,早班,ES-04,174.4,116,3609.0
2024-06-23,早班,ES-05,132.5,75,2180.0
2024-06-23,早班,ES-06,140.0,75,2150.0
2024-06-23,早班,ES-07,148.7,120,3661.0
2024-06-23,早班,ES-08,125.1,96,2723.0
2024-06-23,中班,ES-01,109.8,96,2719.0
2024-06-23,中班,ES-02,131.5,84,2501.0
2024-06-23,中班,ES-03,93.2,122,3574.0
2024-06-23,中班,ES-07,159.4,79,2364.0
2024-06-23,中班,ES-08,141.4,110,3093.0
2024-06-23,夜班,ES-01,130.4,101,3311.0
2024-06-23,夜班,ES-02,119.8,77,2287.0
2024-06-23,夜班,ES-03,110.4,132,3833.0
2024-06-23,夜班,ES-04,176.6,114,3349.0
2024-06-23,夜班,ES-05,131.7,132,4292.0
2024-06-23,夜班,ES-06,130.4,94,2961.0
2024-06-23,夜班,ES-07,152.3,114,3681.0
2024-06-23,夜班,ES-08,120.7,112,3572.0
2024-06-24,早班,ES-01,113.5,90,2803.0
2024-06-24,早班,ES-02,129.7,105,2991.0
2024-06-24,早班,ES-03,117.6,110,3225.0
2024-06-24,早班,ES-04,188.1,102,3235.0
2024-06-24,早班,ES-05,129.3,101,2867.0
2024-06-24,早班,ES-07,160.9,75,2189.0
2024-06-24,早班,ES-08,106.5,77,2183.0
2024-06-24,中班,ES-01,117.2,138,4195.0
2024-06-24,中班,ES-02,149.2,105,3308.0
2024-06-24,中班,ES-03,108.2,100,3272.0
2024-06-24,中班,ES-05,132.6,87,2690.0
2024-06-24,中班,ES-07,151.1,96,2834.0
2024-06-24,夜班,ES-01,125.1,95,2814.0
2024-06-24,夜班,ES-02,119.8,85,2786.0
2024-06-24,夜班,ES-03,114.0,125,3949.0
2024-06-24,夜班,ES-04,193.2,139,4019.0
2024-06-24,夜班,ES-05,138.4,86,2526.0
2024-06-24,夜班,ES-06,128.3,125,4036.0
2024-06-24,夜班,ES-07,132.6,88,2713.0
2024-06-24,夜班,ES-08,111.5,73,2081.0
2024-06-25,早班,ES-01,116.2,93,2903.0
2024-06-25,早班,ES-02,123.6,120,3553.0
2024-06-25,早班,ES-03,118.4,83,2383.0
2024-06-25,早班,ES-04,177.6,79,2493.0
2024-06-25,早班,ES-06,131.7,82,2427.0
2024-06-25,早班,ES-07,140.4,97,3197.0
2024-06-25,早班,ES-08,131.7,125,3530.0
2024-06-25,中班,ES-01,97.6,126,4045.0
2024-06-25,中班,ES-02,121.6,118,3347.0
2024-06-25,中班,ES-05,125.7,70,2155.0
2024-06-25,中班,ES-06,133.6,90,2561.0
2024-06-25,中班,ES-07,160.0,77,2194.0
2024-06-25,中班,ES-08,123.7,79,2259.0
2024-06-25,夜班,ES-01,114.3,79,2235.0
2024-06-25,夜班,ES-02,126.9,110,3347.0
2024-06-25,夜班,ES-04,184.5,72,2027.0
2024-06-25,夜班,ES-06,136.1,119,3466.0
2024-06-25,夜班,ES-07,210.8,72,2340.0
2024-06-26,早班,ES-02,120.8,76,2251.0
2024-06-26,早班,ES-03,118.0,99,3112.0
2024-06-26,早班,ES-04,178.4,100,3125.0
2024-06-26,早班,ES-05,130.8,107,3353.0
2024-06-26,早班,ES-06,118.3,90,2901.0
2024-06-26,早班,ES-07,151.7,87,2543.0
2024-06-26,早班,ES-08,125.0,99,3162.0
2024-06-26,中班,ES-01,106.5,117,3571.0
2024-06-26,中班,ES-02,101.2,104,3284.0
2024-06-26,中班,ES-03,109.9,113,3174.0
2024-06-26,中班,ES-05,116.0,81,2381.0
2024-06-26,中班,ES-06,128.5,96,3035.0
2024-06-26,中班,ES-07,146.8,90,2670.0
2024-06-26,夜班,ES-01,112.6,122,3786.0
2024-06-26,夜班,ES-03,113.6,84,2623.0
2024-06-26,夜班,ES-05,138.7,89,2926.0
2024-06-26,夜班,ES-06,147.5,110,3082.0
2024-06-26,夜班,ES-07,161.0,70,2197.0
2024-06-26,夜班,ES-08,130.0,78,2244.0
2024-06-27,早班,ES-02,123.9,104,3285.0
2024-06-27,早班,ES-03,107.5,88,2710.0
2024-06-27,早班,ES-05,132.1,96,3047.0
2024-06-27,早班,ES-06,128.2,109,3514.0
2024-06-27,早班,ES-07,135.0,117,3849.0
2024-06-27,早班,ES-08,130.0,106,3220.0
2024-06-27,中班,ES-01,192.8,66,1965.0
2024-06-27,中班,ES-02,133.3,144,4332.0
2024-06-27,中班,ES-03,120.9,106,3331.0
2024-06-27,中班,ES-04,190.5,79,2228.0
2024-06-27,中班,ES-05,139.9,119,3485.0
2024-06-27,中班,ES-06,182.6,115,3506.0
2024-06-27,中班,ES-07,149.1,75,2126.0
2024-06-27,中班,ES-08,122.2,86,2805.0
2024-06-27,夜班,ES-01,121.0,131,4144.0
2024-06-27,夜班,ES-03,109.5,127,3791.0
2024-06-27,夜班,ES-04,180.1,95,3023.0
2024-06-27,夜班,ES-05,136.7,91,2857.0
2024-06-27,夜班,ES-07,144.3,102,3199.0
2024-06-28,早班,ES-01,128.1,91,2601.0
2024-06-28,早班,ES-03,121.6,125,3712.0
2024-06-28,早班,ES-04,175.7,106,3342.0
2024-06-28,早班,ES-05,136.6,78,2301.0
2024-06-28,早班,ES-06,125.6,73,2331.0
2024-06-28,早班,ES-08,137.5,110,3460.0
2024-06-28,中班,ES-01,115.1,107,3524.0
2024-06-28,中班,ES-02,137.9,101,3219.0
2024-06-28,中班,ES-03,122.0,88,2807.0
2024-06-28,中班,ES-05,123.7,107,3342.0
2024-06-28,中班,ES-06,116.1,118,3891.0
2024-06-28,中班,ES-08,133.6,87,2710.0
2024-06-28,夜班,ES-01,112.1,99,2803.0
2024-06-28,夜班,ES-02,131.4,116,3346.0
2024-06-28,夜班,ES-03,124.4,111,3218.0
2024-06-28,夜班,ES-06,126.4,103,3371.0
2024-06-28,夜班,ES-07,147.3,116,3683.0
2024-06-28,夜班,ES-08,123.4,87,2491.0
2024-06-29,早班,ES-01,115.1,82,2321.0
2024-06-29,早班,ES-02,118.9,98,2908.0
2024-06-29,早班,ES-06,132.5,94,2670.0
2024-06-29,早班,ES-07,149.7,111,3663.0
2024-06-29,早班,ES-08,118.3,48,1573.0
2024-06-29,中班,ES-01,122.9,115,3744.0
2024-06-29,中班,ES-02,123.5,58,1735.0
2024-06-29,中班,ES-04,175.3,90,2592.0
2024-06-29,中班,ES-05,114.7,108,3515.0
2024-06-29,中班,ES-07,155.1,110,3130.0
2024-06-29,中班,ES-08,127.5,120,3737.0
2024-06-29,夜班,ES-01,122.3,83,2483.0
2024-06-29,夜班,ES-04,185.6,122,4015.0
2024-06-29,夜班,ES-05,124.0,130,3865.0
2024-06-29,夜班,ES-06,126.5,104,3417.0
2024-06-29,夜班,ES-07,188.5,101,2921.0
2024-06-29,夜班,ES-08,112.0,87,2856.0
2024-06-30,早班,ES-01,123.3,80,2424.0
2024-06-30,早班,ES-02,129.4,105,3230.0
2024-06-30,早班,ES-03,121.6,97,3130.0
2024-06-30,早班,ES-04,169.3,100,2992.0
2024-06-30,早班,ES-05,123.6,100,3111.0
2024-06-30,早班,ES-08,127.9,101,2952.0
2024-06-30,中班,ES-01,117.5,105,3421.0
2024-06-30,中班,ES-02,137.6,88,2470.0
2024-06-30,中班,ES-03,103.7,108,3470.0
2024-06-30,中班,ES-05,123.3,92,2934.0
2024-06-30,中班,ES-06,123.8,81,2615.0
2024-06-30,中班,ES-07,149.0,95,3083.0
2024-06-30,中班,ES-08,122.9,99,2959.0
2024-06-30,夜班,ES-01,118.4,110,3380.0
2024-06-30,夜班,ES-02,130.0,106,3417.0
2024-06-30,夜班,ES-03,112.7,79,2355.0
2024-06-30,夜班,ES-04,180.1,98,3125.0
2024-06-30,夜班,ES-06,118.5,88,2495.0
2024-06-30,夜班,ES-07,157.7,106,2996.0
2024-06-30,夜班,ES-08,112.7,88,2828.0
2024-07-01,早班,ES-01,125.1,109,3229.0
2024-07-01,早班,ES-02,125.7,81,2663.0
2024-07-01,早班,ES-03,104.0,104,3214.0
2024-07-01,早班,ES-04,184.4,84,2729.0
2024-07-01,早班,ES-05,133.6,74,2100.0
2024-07-01,早班,ES-06,118.6,143,4119.0
2024-07-01,早班,ES-07,141.4,109,3058.0
2024-07-01,早班,ES-08,124.4,86,2473.0
2024-07-01,中班,ES-03,103.6,121,3512.0
2024-07-01,中班,ES-04,174.3,93,2785.0
2024-07-01,中班,ES-06,122.1,118,3568.0
2024-07-01,中班,ES-07,149.6,94,2645.0
2024-07-01,中班,ES-08,137.6,90,2570.0
2024-07-01,夜班,ES-01,115.4,118,3892.0
2024-07-01,夜班,ES-02,124.7,75,2163.0
2024-07-01,夜班,ES-03,106.7,102,3025.0
2024-07-01,夜班,ES-06,143.6,97,3003.0
2024-07-01,夜班,ES-07,151.5,71,2015.0
2024-07-01,夜班,ES-08,127.1,105,3099.0
2024-07-02,早班,ES-01,124.6,92,2795.0
2024-07-02,早班,ES-02,139.0,90,2590.0
2024-07-02,早班,ES-03,116.4,107,3191.0
2024-07-02,早班,ES-04,200.6,81,2640.0
2024-07-02,早班,ES-05,131.7,91,2972.0
2024-07-02,早班,ES-06,131.6,74,2239.0
2024-07-02,早班,ES-07,145.9,68,2201.0
2024-07-02,早班,ES-08,122.2,64,1951.0
2024-07-02,中班,ES-03,118.7,73,2294.0
2024-07-02,中班,ES-04,180.5,65,2063.0
2024-07-02,中班,ES-06,125.5,81,2385.0
2024-07-02,中班,ES-07,143.8,83,2544.0
2024-07-02,夜班,ES-02,122.1,63,2019.0
2024-07-02,夜班,ES-03,147.1,41,1341.0
2024-07-02,夜班,ES-04,176.2,88,2606.0
2024-07-02,夜班,ES-05,133.1,71,2149.0
2024-07-02,夜班,ES-06,133.2,141,4628.0
2024-07-02,夜班,ES-07,150.3,90,2967.0
2024-07-02,夜班,ES-08,125.9,97,3028.0
2024-07-03,早班,ES-01,115.4,87,2466.0
2024-07-03,早班,ES-02,134.3,72,2203.0
2024-07-03,早班,ES-04,182.4,103,3164.0
2024-07-03,早班,ES-05,125.9,111,3624.0
2024-07-03,早班,ES-07,133.8,71,2222.0
2024-07-03,早班,ES-08,117.5,116,3494.0
2024-07-03,中班,ES-01,121.9,109,3274.0
2024-07-03,中班,ES-02,189.1,65,1892.0
2024-07-03,中班,ES-03,107.9,102,3045.0
2024-07-03,中班,ES-05,121.6,123,3951.0
2024-07-03,中班,ES-06,130.0,116,3697.0
2024-07-03,中班,ES-07,160.6,104,2989.0
2024-07-03,中班,ES-08,111.6,97,3084.0
2024-07-03,夜班,ES-01,107.3,130,4034.0
2024-07-03,夜班,ES-02,129.2,63,1792.0
2024-07-03,夜班,ES-03,107.9,86,2460.0
2024-07-03,夜班,ES-06,144.2,78,2286.0
2024-07-04,早班,ES-01,121.5,90,2675.0
2024-07-04,早班,ES-03,112.9,74,2301.0
2024-07-04,早班,ES-04,178.7,63,1888.0
2024-07-04,早班,ES-05,132.0,93,2642.0
2024-07-04,早班,ES-06,118.5,96,2841.0
2024-07-04,早班,ES-07,135.4,77,2233.0
2024-07-04,中班,ES-01,107.7,77,2417.0
2024-07-04,中班,ES-03,107.7,82,2573.0
2024-07-04,中班,ES-05,109.9,82,2495.0
2024-07-04,中班,ES-06,124.3,134,4374.0
2024-07-04,中班,ES-07,164.5,119,3380.0
2024-07-04,中班,ES-08,118.2,96,3146.0
2024-07-04,夜班,ES-01,116.5,86,2582.0
2024-07-04,夜班,ES-02,128.4,104,3061.0
2024-07-04,夜班,ES-03,107.7,96,3011.0
2024-07-04,夜班,ES-04,180.9,100,2832.0
2024-07-04,夜班,ES-05,131.9,74,2118.0
2024-07-04,夜班,ES-06,180.1,75,2226.0
2024-07-04,夜班,ES-07,139.9,67,2010.0
2024-07-05,早班,ES-02,133.6,96,3006.0
2024-07-05,早班,ES-03,127.3,58,1820.0
2024-07-05,早班,ES-04,192.9,120,3655.0
2024-07-05,早班,ES-05,134.8,94,2639.0
2024-07-05,早班,ES-06,128.5,81,2364.0
2024-07-05,早班,ES-07,143.0,64,2012.0
2024-07-05,早班,ES-08,116.7,102,3056.0
2024-07-05,中班,ES-01,111.3,103,3096.0
2024-07-05,中班,ES-02,125.6,95,2959.0
2024-07-05,中班,ES-04,169.8,116,3708.0
2024-07-05,中班,ES-08,120.7,140,4326.0
2024-07-05,夜班,ES-01,129.9,70,2229.0
2024-07-05,夜班,ES-03,108.7,86,2431.0
2024-07-05,夜班,ES-07,152.4,89,2693.0
2024-07-05,夜班,ES-08,122.7,86,2633.0
2024-07-06,早班,ES-01,133.3,73,2204.0
2024-07-06,早班,ES-02,123.4,88,2682.0
2024-07-06,早班,ES-03,129.9,70,2173.0
2024-07-06,早班,ES-04,180.3,73,2360.0
2024-07-06,早班,ES-05,138.8,125,3642.0
2024-07-06,早班,ES-06,138.3,93,2671.0
2024-07-06,早班,ES-08,125.5,97,3117.0
2024-07-06,中班,ES-01,103.0,88,2812.0
2024-07-06,中班,ES-02,133.9,108,3323.0
2024-07-06,中班,ES-03,120.9,77,2257.0
2024-07-06,中班,ES-05,116.7,111,3269.0
2024-07-06,中班,ES-06,111.3,101,3035.0
2024-07-06,中班,ES-07,159.7,57,1877.0
2024-07-06,夜班,ES-01,116.8,113,3506.0
2024-07-06,夜班,ES-02,131.8,91,2736.0
2024-07-06,夜班,ES-04,178.0,73,2241.0
2024-07-06,夜班,ES-05,119.8,117,3748.0
2024-07-06,夜班,ES-06,122.7,131,3850.0
2024-07-06,夜班,ES-07,140.9,82,2498.0
2024-07-06,夜班,ES-08,111.0,93,2679.0
2024-07-07,早班,ES-01,120.1,69,2226.0
2024-07-07,早班,ES-03,112.7,86,2734.0
2024-07-07,早班,ES-04,180.4,82,2653.0
2024-07-07,早班,ES-05,139.1,94,2837.0
2024-07-07,早班,ES-08,135.5,114,3735.0
2024-07-07,中班,ES-01,120.7,85,2557.0
2024-07-07,中班,ES-02,131.6,87,2856.0
2024-07-07,中班,ES-03,108.4,78,2318.0
2024-07-07,中班,ES-04,183.8,67,1979.0
2024-07-07,中班,ES-05,169.5,89,2704.0
2024-07-07,中班,ES-08,122.3,87,2793.0
2024-07-07,夜班,ES-01,112.9,96,2939.0
2024-07-07,夜班,ES-02,133.4,123,3716.0
2024-07-07,夜班,ES-05,132.0,65,1936.0
2024-07-07,夜班,ES-06,130.1,106,3423.0
2024-07-07,夜班,ES-07,147.1,92,3001.0
2024-07-08,早班,ES-01,113.5,109,3101.0
2024-07-08,早班,ES-02,132.7,104,3303.0
2024-07-08,早班,ES-03,102.0,101,3276.0
2024-07-08,早班,ES-04,182.5,78,2191.0
2024-07-08,早班,ES-06,130.5,81,2487.0
2024-07-08,早班,ES-07,150.8,114,3624.0
2024-07-08,中班,ES-01,110.7,62,1878.0
2024-07-08,中班,ES-02,112.7,96,2741.0
2024-07-08,中班,ES-03,109.6,77,2363.0
2024-07-08,中班,ES-04,173.9,87,2738.0
2024-07-08,中班,ES-05,127.3,94,2976.0
2024-07-08,中班,ES-06,126.2,90,2551.0
2024-07-08,中班,ES-07,147.3,108,3066.0
2024-07-08,中班,ES-08,125.5,124,3551.0
2024-07-08,夜班,ES-01,109.7,56,1714.0
2024-07-08,夜班,ES-02,105.6,105,2976.0
2024-07-08,夜班,ES-03,116.7,105,3339.0
2024-07-08,夜班,ES-05,126.1,117,3573.0
2024-07-08,夜班,ES-07,161.4,107,3524.0
2024-07-08,夜班,ES-08,118.6,125,3623.0
2024-07-09,早班,ES-01,115.9,110,3597.0
2024-07-09,早班,ES-02,119.9,76,2248.0
2024-07-09,早班,ES-03,104.0,84,2575.0
2024-07-09,早班,ES-05,122.4,114,3637.0
2024-07-09,早班,ES-06,125.0,91,2795.0
2024-07-09,早班,ES-08,122.7,97,3045.0
2024-07-09,中班,ES-01,115.3,87,2468.0
2024-07-09,中班,ES-02,121.4,66,1917.0
2024-07-09,中班,ES-04,169.6,106,3434.0
2024-07-09,中班,ES-06,146.4,121,3685.0
2024-07-09,中班,ES-07,144.8,114,3560.0
2024-07-09,中班,ES-08,118.0,107,3415.0
2024-07-09,夜班,ES-01,119.4,126,4145.0
2024-07-09,夜班,ES-05,121.5,104,3354.0
2024-07-09,夜班,ES-06,128.4,106,3229.0
2024-07-09,夜班,ES-07,153.2,67,1906.0
2024-07-09,夜班,ES-08,130.8,105,2954.0
2024-07-10,早班,ES-02,118.3,87,2787.0
2024-07-10,早班,ES-03,108.7,76,2255.0
2024-07-10,早班,ES-04,179.3,103,3166.0
2024-07-10,早班,ES-06,131.8,111,3194.0
2024-07-10,早班,ES-07,146.2,131,3836.0
2024-07-10,早班,ES-08,115.8,115,3700.0
2024-07-10,中班,ES-01,121.2,109,3131.0
2024-07-10,中班,ES-02,132.7,85,2752.0
2024-07-10,中班,ES-03,115.2,90,2747.0
2024-07-10,中班,ES-04,174.2,80,2403.0
2024-07-10,中班,ES-05,132.4,87,2656.0
2024-07-10,中班,ES-07,146.4,82,2687.0
2024-07-10,夜班,ES-01,130.7,117,3614.0
2024-07-10,夜班,ES-02,121.2,114,3609.0
2024-07-10,夜班,ES-04,163.3,75,2285.0
2024-07-10,夜班,ES-05,127.9,82,2555.0
2024-07-10,夜班,ES-06,126.2,133,3829.0
2024-07-10,夜班,ES-07,148.0,94,2678.0
2024-07-10,夜班,ES-08,109.6,122,3857.0
2024-07-11,早班,ES-02,136.0,100,2980.0
2024-07-11,早班,ES-04,165.9,49,1584.0
2024-07-11,早班,ES-05,128.0,80,2336.0
2024-07-11,早班,ES-06,126.5,95,3135.0
2024-07-11,早班,ES-07,154.6,97,2840.0
2024-07-11,早班,ES-08,123.7,113,3263.0
2024-07-11,中班,ES-02,129.8,86,2480.0
2024-07-11,中班,ES-03,96.0,115,3520.0
2024-07-11,中班,ES-04,180.3,91,2716.0
2024-07-11,中班,ES-05,146.4,98,3175.0
2024-07-11,中班,ES-07,150.6,81,2486.0
2024-07-11,中班,ES-08,126.4,91,2954.0
2024-07-11,夜班,ES-02,111.1,83,2503.0
2024-07-11,夜班,ES-04,167.1,66,2060.0
2024-07-11,夜班,ES-05,129.9,109,3257.0
2024-07-11,夜班,ES-06,125.4,99,2783.0
2024-07-11,夜班,ES-07,141.5,122,3763.0
2024-07-11,夜班,ES-08,127.0,84,2759.0
2024-07-12,早班,ES-01,114.7,101,2892.0
2024-07-12,早班,ES-02,128.6,125,3708.0
2024-07-12,早班,ES-03,105.2,92,2873.0
2024-07-12,早班,ES-05,127.1,96,3053.0
2024-07-12,早班,ES-06,137.4,95,2701.0
2024-07-12,早班,ES-07,141.3,119,3383.0
2024-07-12,早班,ES-08,106.4,100,3008.0
2024-07-12,中班,ES-01,123.9,73,2170.0
2024-07-12,中班,ES-02,124.1,96,2863.0
2024-07-12,中班,ES-03,121.1,103,3296.0
2024-07-12,中班,ES-04,186.5,58,1636.0
2024-07-12,中班,ES-05,121.9,66,1941.0
2024-07-12,中班,ES-06,135.2,75,2391.0
2024-07-12,中班,ES-07,142.4,106,3183.0
2024-07-12,中班,ES-08,117.4,70,2000.0
2024-07-12,夜班,ES-01,121.1,75,2161.0
2024-07-12,夜班,ES-02,119.6,99,3154.0
2024-07-12,夜班,ES-03,99.8,120,3652.0
2024-07-12,夜班,ES-05,113.1,89,2712.0
2024-07-12,夜班,ES-06,134.8,101,2891.0
2024-07-12,夜班,ES-07,149.7,46,1511.0
2024-07-12,夜班,ES-08,108.3,102,3150.0
2024-07-13,早班,ES-01,111.6,89,2687.0
2024-07-13,早班,ES-02,127.1,111,3555.0
2024-07-13,早班,ES-03,88.6,100,3212.0
2024-07-13,早班,ES-04,163.2,78,2483.0
2024-07-13,早班,ES-05,133.9,99,3018.0
2024-07-13,早班,ES-08,134.6,113,3495.0
2024-07-13,中班,ES-01,123.1,103,3152.0
2024-07-13,中班,ES-02,143.6,37,1069.0
2024-07-13,中班,ES-06,117.7,106,3086.0
2024-07-13,中班,ES-07,157.5,88,2645.0
2024-07-13,中班,ES-08,130.4,91,2935.0
2024-07-13,夜班,ES-02,123.9,105,3405.0
2024-07-13,夜班,ES-03,124.7,99,2826.0
2024-07-13,夜班,ES-04,173.4,82,2297.0
2024-07-13,夜班,ES-06,125.2,106,3302.0
2024-07-13,夜班,ES-07,140.0,93,2621.0
2024-07-13,夜班,ES-08,116.5,122,3704.0
2024-07-14,早班,ES-02,120.4,99,3154.0
2024-07-14,早班,ES-03,107.6,131,4042.0
2024-07-14,早班,ES-05,124.9,84,2378.0
2024-07-14,早班,ES-06,137.7,81,2478.0
2024-07-14,早班,ES-07,148.5,105,3380.0
2024-07-14,早班,ES-08,119.1,102,3133.0
2024-07-14,中班,ES-01,117.1,103,2969.0
2024-07-14,中班,ES-03,113.4,109,3451.0
2024-07-14,中班,ES-05,109.2,131,3994.0
2024-07-14,中班,ES-06,120.1,92,2934.0
2024-07-14,中班,ES-07,150.7,114,3648.0
2024-07-14,中班,ES-08,103.3,75,2163.0
2024-07-14,夜班,ES-01,117.2,102,2860.0
2024-07-14,夜班,ES-02,132.0,88,2757.0
2024-07-14,夜班,ES-03,101.6,117,3778.0
2024-07-14,夜班,ES-04,193.8,101,3171.0
2024-07-14,夜班,ES-05,164.2,61,1791.0
2024-07-14,夜班,ES-07,151.2,115,3697.0
2024-07-15,早班,ES-01,120.7,104,3363.0
2024-07-15,早班,ES-02,129.4,90,2898.0
2024-07-15,早班,ES-03,104.8,101,3300.0
2024-07-15,早班,ES-04,181.9,91,2860.0
2024-07-15,早班,ES-05,136.3,65,1932.0
2024-07-15,早班,ES-06,136.3,66,2141.0
2024-07-15,早班,ES-07,147.4,93,2981.0
2024-07-15,早班,ES-08,119.4,101,2936.0
2024-07-15,中班,ES-04,167.9,92,2675.0
2024-07-15,中班,ES-05,124.6,91,2556.0
2024-07-15,中班,ES-06,127.5,97,2781.0
2024-07-15,中班,ES-07,135.9,99,3248.0
2024-07-15,中班,ES-08,122.1,80,2454.0
2024-07-15,夜班,ES-01,114.2,92,2890.0
2024-07-15,夜班,ES-02,124.2,119,3449.0
2024-07-15,夜班,ES-04,233.7,67,2054.0
2024-07-15,夜班,ES-05,125.4,82,2698.0
2024-07-15,夜班,ES-06,116.5,81,2398.0
2024-07-15,夜班,ES-08,116.8,112,3470.0
2024-07-16,早班,ES-01,101.4,114,3322.0
2024-07-16,早班,ES-02,116.1,96,2798.0
2024-07-16,早班,ES-03,107.1,91,2702.0
2024-07-16,早班,ES-04,173.9,82,2330.0
2024-07-16,早班,ES-05,113.7,102,3351.0
2024-07-16,早班,ES-07,192.2,91,2583.0
2024-07-16,早班,ES-08,128.6,98,3219.0
2024-07-16,中班,ES-01,131.4,92,2769.0
2024-07-16,中班,ES-02,108.4,88,2760.0
2024-07-16,中班,ES-03,101.9,126,4084.0
2024-07-16,中班,ES-04,168.9,122,3549.0
2024-07-16,中班,ES-05,140.4,101,3062.0
2024-07-16,中班,ES-06,137.6,111,3464.0
2024-07-16,中班,ES-07,169.0,103,3161.0
2024-07-16,中班,ES-08,115.2,110,3310.0
2024-07-16,夜班,ES-01,131.2,105,3428.0
2024-07-16,夜班,ES-02,117.4,93,2999.0
2024-07-16,夜班,ES-03,118.7,46,1502.0
2024-07-16,夜班,ES-05,139.3,80,2287.0
2024-07-16,夜班,ES-08,126.3,103,3080.0
2024-07-17,早班,ES-01,134.2,94,3045.0
2024-07-17,早班,ES-02,133.9,129,4057.0
2024-07-17,早班,ES-03,100.9,81,2513.0
2024-07-17,早班,ES-06,150.8,91,2739.0
2024-07-17,早班,ES-07,157.6,77,2465.0
2024-07-17,早班,ES-08,116.9,104,3321.0
2024-07-17,中班,ES-01,115.8,111,3170.0
2024-07-17,中班,ES-03,104.8,85,2727.0
2024-07-17,中班,ES-04,180.3,89,2707.0
2024-07-17,中班,ES-05,123.7,84,2449.0
2024-07-17,中班,ES-06,133.2,108,3335.0
2024-07-17,夜班,ES-01,124.5,114,3359.0
2024-07-17,夜班,ES-02,130.1,86,2590.0
2024-07-17,夜班,ES-03,121.3,68,1947.0
2024-07-17,夜班,ES-04,171.0,121,3954.0
2024-07-17,夜班,ES-05,122.0,81,2274.0
2024-07-17,夜班,ES-06,136.5,107,3156.0
2024-07-17,夜班,ES-08,177.1,132,4141.0
2024-07-18,早班,ES-01,109.6,107,3149.0
2024-07-18,早班,ES-02,125.6,124,3694.0
2024-07-18,早班,ES-04,211.1,74,2370.0
2024-07-18,早班,ES-05,125.6,105,3238.0
2024-07-18,早班,ES-06,132.0,118,3471.0
2024-07-18,早班,ES-07,141.8,102,2964.0
2024-07-18,早班,ES-08,187.9,121,3472.0
2024-07-18,中班,ES-01,130.9,108,3110.0
2024-07-18,中班,ES-02,119.7,109,3431.0
2024-07-18,中班,ES-03,113.4,67,1938.0
2024-07-18,中班,ES-05,131.9,92,2688.0
2024-07-18,中班,ES-06,133.5,85,2398.0
2024-07-18,中班,ES-07,148.1,110,3093.0
2024-07-18,夜班,ES-01,121.1,77,2376.0
2024-07-18,夜班,ES-02,127.0,100,2858.0
2024-07-18,夜班,ES-03,125.0,83,2662.0
2024-07-18,夜班,ES-04,173.0,68,2140.0
2024-07-18,夜班,ES-05,140.5,77,2409.0
2024-07-18,夜班,ES-07,152.0,130,3973.0
2024-07-19,早班,ES-01,116.7,101,3199.0
2024-07-19,早班,ES-02,131.3,100,2887.0
2024-07-19,早班,ES-03,108.1,70,1983.0
2024-07-19,早班,ES-05,125.4,97,2891.0
2024-07-19,早班,ES-06,128.9,101,3270.0
2024-07-19,早班,ES-07,156.8,126,3713.0
2024-07-19,早班,ES-08,136.5,87,2583.0
2024-07-19,中班,ES-02,121.5,89,2642.0
2024-07-19,中班,ES-03,112.7,105,3278.0
2024-07-19,中班,ES-05,135.1,113,3328.0
2024-07-19,中班,ES-06,119.0,93,2638.0
2024-07-19,中班,ES-07,160.9,94,2952.0
2024-07-19,中班,ES-08,130.1,78,2394.0
2024-07-19,夜班,ES-01,115.8,71,2068.0
2024-07-19,夜班,ES-02,112.9,77,2478.0
2024-07-19,夜班,ES-03,92.7,113,3656.0
2024-07-19,夜班,ES-04,179.4,86,2789.0
2024-07-19,夜班,ES-06,131.8,115,3573.0
2024-07-19,夜班,ES-07,149.3,79,2484.0
2024-07-19,夜班,ES-08,130.8,116,3763.0
2024-07-20,早班,ES-01,118.6,106,3115.0
2024-07-20,早班,ES-02,131.6,112,3481.0
2024-07-20,早班,ES-03,109.8,70,2293.0
2024-07-20,早班,ES-04,174.1,83,2668.0
2024-07-20,早班,ES-05,129.7,104,3287.0
2024-07-20,早班,ES-07,148.7,99,3102.0
2024-07-20,早班,ES-08,124.1,98,3085.0
2024-07-20,中班,ES-01,104.9,75,2403.0
2024-07-20,中班,ES-03,97.4,100,2820.0
2024-07-20,中班,ES-04,184.4,87,2666.0
2024-07-20,中班,ES-07,149.0,71,2136.0
2024-07-20,夜班,ES-02,129.7,127,3640.0
2024-07-20,夜班,ES-03,115.6,93,2906.0
2024-07-20,夜班,ES-05,131.5,112,3204.0
2024-07-20,夜班,ES-06,144.0,94,2857.0
2024-07-20,夜班,ES-07,160.7,94,2639.0
2024-07-21,早班,ES-01,120.8,139,3992.0
2024-07-21,早班,ES-04,176.5,112,3294.0
2024-07-21,早班,ES-05,126.4,76,2371.0
2024-07-21,早班,ES-06,127.0,97,2908.0
2024-07-21,早班,ES-07,147.4,110,3147.0
2024-07-21,早班,ES-08,127.6,115,3222.0
2024-07-21,中班,ES-01,106.5,101,3045.0
2024-07-21,中班,ES-02,113.4,105,3047.0
2024-07-21,中班,ES-03,97.5,94,2862.0
2024-07-21,中班,ES-05,129.1,113,3393.0
2024-07-21,中班,ES-07,160.5,63,1847.0
2024-07-21,中班,ES-08,127.4,89,2569.0
2024-07-21,夜班,ES-01,116.5,75,2123.0
2024-07-21,夜班,ES-02,124.3,94,2639.0
2024-07-21,夜班,ES-04,174.4,89,2929.0
2024-07-21,夜班,ES-05,123.5,88,2594.0
2024-07-21,夜班,ES-06,124.5,119,3682.0
2024-07-21,夜班,ES-07,163.7,101,2844.0
2024-07-21,夜班,ES-08,123.0,88,2893.0
2024-07-22,早班,ES-01,111.6,95,2952.0
2024-07-22,早班,ES-02,131.0,78,2326.0
2024-07-22,早班,ES-03,110.5,81,2583.0
2024-07-22,早班,ES-04,179.3,95,3053.0
2024-07-22,早班,ES-05,118.8,117,3287.0
2024-07-22,早班,ES-06,122.5,72,2185.0
2024-07-22,早班,ES-07,147.7,91,2635.0
2024-07-22,早班,ES-08,117.3,91,2903.0
2024-07-22,中班,ES-01,118.0,94,2896.0
2024-07-22,中班,ES-02,122.2,57,1778.0
2024-07-22,中班,ES-03,102.7,99,3120.0
2024-07-22,中班,ES-04,245.1,110,3083.0
2024-07-22,中班,ES-05,126.6,94,2828.0
2024-07-22,中班,ES-06,119.2,88,2822.0
2024-07-22,中班,ES-07,153.2,63,1870.0
2024-07-22,中班,ES-08,123.9,70,2101.0
2024-07-22,夜班,ES-01,109.6,68,2163.0
2024-07-22,夜班,ES-02,106.2,103,3042.0
2024-07-22,夜班,ES-03,114.0,94,2662.0
2024-07-22,夜班,ES-04,175.6,79,2429.0
2024-07-22,夜班,ES-06,132.4,85,2724.0
2024-07-22,夜班,ES-07,145.7,106,3046.0
2024-07-22,夜班,ES-08,126.3,114,3438.0
2024-07-23,早班,ES-01,129.5,91,2767.0
2024-07-23,早班,ES-02,128.0,74,2419.0
2024-07-23,早班,ES-03,117.9,105,3288.0
2024-07-23,早班,ES-04,155.8,89,2515.0
2024-07-23,早班,ES-05,125.8,89,2576.0
2024-07-23,早班,ES-06,143.7,98,2879.0
2024-07-23,早班,ES-07,151.3,87,2470.0
2024-07-23,早班,ES-08,130.0,101,3062.0
2024-07-23,中班,ES-01,106.8,114,3290.0
2024-07-23,中班,ES-02,110.9,123,4020.0
2024-07-23,中班,ES-03,110.5,66,1908.0
2024-07-23,中班,ES-04,189.1,97,2716.0
2024-07-23,中班,ES-05,124.7,98,3197.0
2024-07-23,中班,ES-06,138.4,62,1801.0
2024-07-23,中班,ES-08,118.4,68,2095.0
2024-07-23,夜班,ES-01,118.9,86,2730.0
2024-07-23,夜班,ES-04,160.4,108,3552.0
2024-07-23,夜班,ES-05,120.9,126,3687.0
2024-07-23,夜班,ES-06,128.0,102,3170.0
2024-07-23,夜班,ES-07,144.7,96,3154.0
2024-07-23,夜班,ES-08,119.6,129,3858.0
2024-07-24,早班,ES-01,111.7,96,2740.0
2024-07-24,早班,ES-02,133.5,114,3610.0
2024-07-24,早班,ES-03,108.3,105,3124.0
2024-07-24,早班,ES-05,114.5,92,2711.0
2024-07-24,早班,ES-06,129.9,88,2755.0
2024-07-24,早班,ES-08,118.1,108,3290.0
2024-07-24,中班,ES-01,121.6,89,2649.0
2024-07-24,中班,ES-02,123.2,74,2083.0
2024-07-24,中班,ES-04,177.9,102,3317.0
2024-07-24,中班,ES-05,128.3,73,2365.0
2024-07-24,中班,ES-06,137.0,107,3396.0
2024-07-24,中班,ES-07,145.5,66,2002.0
2024-07-24,中班,ES-08,112.1,93,2656.0
2024-07-24,夜班,ES-02,119.7,108,3487.0
2024-07-24,夜班,ES-03,104.8,128,3990.0
2024-07-24,夜班,ES-04,177.9,82,2667.0
2024-07-24,夜班,ES-06,136.7,90,2967.0
2024-07-24,夜班,ES-07,160.3,115,3356.0
2024-07-24,夜班,ES-08,126.0,80,2565.0
2024-07-25,早班,ES-01,132.2,95,2960.0
2024-07-25,早班,ES-02,118.5,71,2029.0
2024-07-25,早班,ES-03,109.7,107,3425.0
2024-07-25,早班,ES-04,171.3,103,3038.0
2024-07-25,早班,ES-05,125.5,99,3224.0
2024-07-25,早班,ES-06,136.4,84,2393.0
2024-07-25,早班,ES-07,152.0,107,3340.0
2024-07-25,早班,ES-08,139.1,108,3237.0
2024-07-25,中班,ES-01,128.8,105,3218.0
2024-07-25,中班,ES-02,136.1,87,2735.0
2024-07-25,中班,ES-03,110.3,108,3332.0
2024-07-25,中班,ES-04,182.0,127,3935.0
2024-07-25,夜班,ES-02,118.5,101,3010.0
2024-07-25,夜班,ES-04,173.4,106,3157.0
2024-07-25,夜班,ES-05,127.5,97,2932.0
2024-07-25,夜班,ES-06,125.4,95,3095.0
2024-07-25,夜班,ES-07,145.3,78,2193.0
2024-07-26,早班,ES-01,120.7,101,3280.0
2024-07-26,早班,ES-02,132.5,67,2052.0
2024-07-26,早班,ES-03,173.6,91,2550.0
2024-07-26,早班,ES-05,144.0,105,3078.0
2024-07-26,早班,ES-06,120.3,112,3340.0
2024-07-26,早班,ES-07,151.2,102,3276.0
2024-07-26,早班,ES-08,127.6,88,2729.0
2024-07-26,中班,ES-01,122.1,120,3784.0
2024-07-26,中班,ES-02,110.4,85,2697.0
2024-07-26,中班,ES-03,112.2,109,3121.0
2024-07-26,中班,ES-04,183.2,117,3649.0
2024-07-26,中班,ES-05,120.6,78,2280.0
2024-07-26,中班,ES-07,147.0,94,3011.0
2024-07-26,中班,ES-08,122.8,96,3101.0
2024-07-26,夜班,ES-01,124.5,82,2348.0
2024-07-26,夜班,ES-03,122.2,90,2609.0
2024-07-26,夜班,ES-04,166.4,104,3239.0
2024-07-26,夜班,ES-05,134.6,90,2593.0
2024-07-27,早班,ES-01,109.6,115,3420.0
2024-07-27,早班,ES-02,123.9,89,2814.0
2024-07-27,早班,ES-03,106.8,88,2490.0
2024-07-27,早班,ES-04,178.2,116,3415.0
2024-07-27,早班,ES-05,119.6,92,2926.0
2024-07-27,早班,ES-06,133.0,91,2589.0
2024-07-27,早班,ES-07,156.7,70,2204.0
2024-07-27,早班,ES-08,123.6,95,2719.0
2024-07-27,中班,ES-01,122.1,109,3105.0
2024-07-27,中班,ES-02,115.5,109,3278.0
2024-07-27,中班,ES-03,106.0,94,2958.0
2024-07-27,中班,ES-04,179.0,105,3001.0
2024-07-27,中班,ES-05,127.9,125,3781.0
2024-07-27,中班,ES-06,135.2,93,2957.0
2024-07-27,中班,ES-07,142.9,85,2553.0
2024-07-27,夜班,ES-01,184.3,97,2849.0
2024-07-27,夜班,ES-02,123.8,96,2832.0
2024-07-27,夜班,ES-03,98.3,95,3015.0
2024-07-27,夜班,ES-04,169.0,98,3061.0
2024-07-27,夜班,ES-06,143.8,101,3139.0
2024-07-27,夜班,ES-07,159.4,85,2501.0
2024-07-27,夜班,ES-08,127.0,83,2493.0
2024-07-28,早班,ES-01,113.6,117,3319.0
2024-07-28,早班,ES-02,133.3,56,1696.0
2024-07-28,早班,ES-03,109.5,114,3525.0
2024-07-28,早班,ES-04,172.0,64,1923.0
2024-07-28,早班,ES-05,125.2,108,3472.0
2024-07-28,早班,ES-06,127.3,92,2632.0
2024-07-28,早班,ES-08,121.1,69,2022.0
2024-07-28,中班,ES-01,121.9,112,3523.0
2024-07-28,中班,ES-03,112.9,117,3699.0
2024-07-28,中班,ES-05,133.6,62,1961.0
2024-07-28,中班,ES-06,134.3,62,1848.0
2024-07-28,中班,ES-08,194.6,80,2527.0
2024-07-28,夜班,ES-01,135.8,133,4263.0
2024-07-28,夜班,ES-02,128.9,83,2350.0
2024-07-28,夜班,ES-03,104.4,83,2330.0
2024-07-28,夜班,ES-06,131.9,113,3585.0
2024-07-28,夜班,ES-08,117.7,96,3049.0
2024-07-29,早班,ES-01,111.0,89,2599.0
2024-07-29,早班,ES-02,115.7,103,3062.0
2024-07-29,早班,ES-03,109.6,95,2884.0
2024-07-29,早班,ES-05,135.4,116,3339.0
2024-07-29,早班,ES-06,124.5,82,2503.0
2024-07-29,早班,ES-07,158.3,108,3485.0
2024-07-29,早班,ES-08,117.3,94,2777.0
2024-07-29,中班,ES-01,119.2,65,1950.0
2024-07-29,中班,ES-02,115.1,88,2850.0
2024-07-29,中班,ES-03,106.1,87,2557.0
2024-07-29,中班,ES-04,159.5,92,2957.0
2024-07-29,中班,ES-05,121.7,72,2021.0
2024-07-29,中班,ES-07,142.0,123,3868.0
2024-07-29,中班,ES-08,201.4,87,2711.0
2024-07-29,夜班,ES-01,120.0,106,3475.0
2024-07-29,夜班,ES-04,182.3,104,3384.0
2024-07-29,夜班,ES-05,139.6,75,2264.0
2024-07-29,夜班,ES-06,127.2,67,1982.0
2024-07-29,夜班,ES-07,147.2,84,2355.0
2024-07-30,早班,ES-01,123.0,81,2607.0
2024-07-30,早班,ES-02,127.4,92,2702.0
2024-07-30,早班,ES-03,106.6,93,2786.0
2024-07-30,早班,ES-04,251.1,120,3579.0
2024-07-30,早班,ES-05,126.5,101,3255.0
2024-07-30,早班,ES-06,139.5,93,2683.0
2024-07-30,早班,ES-07,148.2,126,3592.0
2024-07-30,早班,ES-08,127.1,72,2105.0
2024-07-30,中班,ES-01,121.1,57,1817.0
2024-07-30,中班,ES-02,131.1,90,2579.0
2024-07-30,中班,ES-03,103.9,74,2194.0
2024-07-30,中班,ES-04,165.6,96,2861.0
2024-07-30,中班,ES-05,132.3,115,3622.0
2024-07-30,中班,ES-06,126.7,78,2307.0
2024-07-30,中班,ES-07,145.1,89,2635.0
2024-07-30,夜班,ES-01,107.4,66,2001.0
2024-07-30,夜班,ES-03,103.7,91,2999.0
2024-07-30,夜班,ES-05,138.7,112,3299.0
2024-07-30,夜班,ES-07,150.4,100,3028.0
2024-07-30,夜班,ES-08,127.3,119,3399.0
2024-07-31,早班,ES-02,128.9,75,2122.0
2024-07-31,早班,ES-03,101.7,67,1999.0
2024-07-31,早班,ES-04,177.9,115,3666.0
2024-07-31,早班,ES-05,130.6,108,3499.0
2024-07-31,早班,ES-06,123.9,79,2212.0
2024-07-31,早班,ES-07,151.1,134,4151.0
2024-07-31,早班,ES-08,133.5,108,3264.0
2024-07-31,中班,ES-02,146.8,100,3249.0
2024-07-31,中班,ES-03,109.8,97,2728.0
2024-07-31,中班,ES-04,176.7,131,3860.0
2024-07-31,中班,ES-08,122.0,70,2077.0
2024-07-31,夜班,ES-01,118.3,108,3360.0
2024-07-31,夜班,ES-03,104.9,112,3300.0
2024-07-31,夜班,ES-05,119.7,91,2549.0
2024-07-31,夜班,ES-06,135.7,143,4608.0
2024-07-31,夜班,ES-07,144.5,58,1761.0
2024-07-31,夜班,ES-08,130.5,97,2838.0
2024-08-01,早班,ES-01,186.9,111,3439.0
2024-08-01,早班,ES-02,130.1,87,2449.0
2024-08-01,早班,ES-03,116.3,90,2721.0
2024-08-01,早班,ES-05,118.6,108,3182.0
2024-08-01,早班,ES-06,128.2,80,2508.0
2024-08-01,早班,ES-07,160.1,93,2997.0
2024-08-01,中班,ES-01,121.0,118,3741.0
2024-08-01,中班,ES-02,127.4,89,2677.0
2024-08-01,中班,ES-04,184.9,100,3003.0
2024-08-01,中班,ES-05,140.4,97,3089.0
2024-08-01,中班,ES-06,135.0,123,3465.0
2024-08-01,夜班,ES-01,105.6,123,3551.0
2024-08-01,夜班,ES-02,127.4,88,2738.0
2024-08-01,夜班,ES-03,103.6,81,2460.0
2024-08-01,夜班,ES-04,184.6,110,3318.0
2024-08-01,夜班,ES-05,126.2,85,2638.0
2024-08-01,夜班,ES-06,139.1,73,2398.0
2024-08-01,夜班,ES-07,153.8,103,2983.0
2024-08-01,夜班,ES-08,186.3,94,2942.0
2024-08-02,早班,ES-01,105.9,107,3311.0
2024-08-02,早班,ES-02,140.1,93,2932.0
2024-08-02,早班,ES-03,119.5,101,3013.0
2024-08-02,早班,ES-04,177.1,84,2403.0
2024-08-02,早班,ES-06,124.6,80,2546.0
2024-08-02,早班,ES-07,140.2,101,2863.0
2024-08-02,早班,ES-08,124.5,108,3313.0
2024-08-02,中班,ES-02,122.8,103,3192.0
2024-08-02,中班,ES-03,109.4,76,2206.0
2024-08-02,中班,ES-05,130.1,86,2538.0
2024-08-02,中班,ES-06,118.4,128,3888.0
2024-08-02,中班,ES-07,152.1,84,2387.0
2024-08-02,中班,ES-08,131.5,70,2280.0
2024-08-02,夜班,ES-01,127.4,86,2434.0
2024-08-02,夜班,ES-02,128.2,106,3277.0
2024-08-02,夜班,ES-03,127.4,89,2614.0
2024-08-02,夜班,ES-04,180.1,80,2382.0
2024-08-02,夜班,ES-05,173.6,100,2898.0
2024-08-02,夜班,ES-06,135.9,112,3694.0
2024-08-02,夜班,ES-07,144.2,129,3705.0
2024-08-02,夜班,ES-08,174.5,95,2825.0
2024-08-03,早班,ES-01,128.5,104,3065.0
2024-08-03,早班,ES-02,128.2,90,2675.0
2024-08-03,早班,ES-03,117.2,110,3609.0
2024-08-03,早班,ES-04,231.1,92,2590.0
2024-08-03,早班,ES-05,125.5,108,3343.0
2024-08-03,早班,ES-06,121.0,84,2601.0
2024-08-03,早班,ES-07,155.3,102,2942.0
2024-08-03,早班,ES-08,138.8,112,3396.0
2024-08-03,中班,ES-01,116.8,94,2990.0
2024-08-03,中班,ES-02,127.6,107,3317.0
2024-08-03,中班,ES-03,113.5,104,2913.0
2024-08-03,中班,ES-04,181.3,93,2791.0
2024-08-03,中班,ES-05,142.5,71,1998.0
2024-08-03,中班,ES-06,119.2,105,3315.0
2024-08-03,中班,ES-07,144.8,107,3275.0
2024-08-03,中班,ES-08,141.2,83,2684.0
2024-08-03,夜班,ES-03,113.1,96,2897.0
2024-08-03,夜班,ES-05,115.0,111,3193.0
2024-08-03,夜班,ES-06,139.9,103,3195.0
2024-08-03,夜班,ES-07,155.1,80,2288.0
2024-08-03,夜班,ES-08,118.2,97,3165.0
2024-08-04,早班,ES-01,119.5,95,3074.0
2024-08-04,早班,ES-04,188.8,110,3232.0
2024-08-04,早班,ES-05,130.0,116,3717.0
2024-08-04,早班,ES-06,132.7,64,2042.0
2024-08-04,中班,ES-01,127.7,96,3012.0
2024-08-04,中班,ES-02,112.7,87,2761.0
2024-08-04,中班,ES-03,115.6,91,2657.0
2024-08-04,中班,ES-04,184.0,116,3263.0
2024-08-04,中班,ES-05,123.6,99,3250.0
2024-08-04,中班,ES-06,132.8,78,2426.0
2024-08-04,中班,ES-07,158.8,88,2823.0
2024-08-04,中班,ES-08,133.3,78,2432.0
2024-08-04,夜班,ES-01,113.9,69,2126.0
2024-08-04,夜班,ES-03,111.1,100,3231.0
2024-08-04,夜班,ES-04,167.7,76,2425.0
2024-08-04,夜班,ES-05,123.5,148,4700.0
2024-08-04,夜班,ES-06,125.2,92,2740.0
2024-08-04,夜班,ES-08,116.0,98,2836.0
2024-08-05,早班,ES-01,123.9,92,2960.0
2024-08-05,早班,ES-02,123.3,75,2464.0
2024-08-05,早班,ES-03,113.6,83,2419.0
2024-08-05,早班,ES-04,176.3,130,3971.0
2024-08-05,早班,ES-05,147.4,109,3379.0
2024-08-05,早班,ES-06,136.6,108,3431.0
2024-08-05,早班,ES-07,150.9,104,3333.0
2024-08-05,中班,ES-01,135.0,91,2633.0
2024-08-05,中班,ES-03,126.6,111,3247.0
2024-08-05,中班,ES-04,166.8,71,2337.0
2024-08-05,中班,ES-05,195.2,109,3061.0
2024-08-05,中班,ES-06,127.5,72,2285.0
2024-08-05,中班,ES-07,221.2,129,3885.0
2024-08-05,中班,ES-08,122.4,96,3018.0
2024-08-05,夜班,ES-01,100.9,53,1723.0
2024-08-05,夜班,ES-02,120.3,93,2759.0
2024-08-05,夜班,ES-03,102.3,88,2849.0
2024-08-05,夜班,ES-04,178.8,83,2693.0
2024-08-05,夜班,ES-05,128.0,85,2520.0
2024-08-05,夜班,ES-06,124.8,88,2557.0
2024-08-05,夜班,ES-07,145.4,113,3173.0
2024-08-06,早班,ES-01,124.5,121,3802.0
2024-08-06,早班,ES-02,118.3,116,3380.0
2024-08-06,早班,ES-05,135.6,129,3744.0
2024-08-06,早班,ES-07,149.8,70,2109.0
2024-08-06,早班,ES-08,119.0,95,3017.0
2024-08-06,中班,ES-03,107.0,88,2704.0
2024-08-06,中班,ES-04,171.1,82,2693.0
2024-08-06,中班,ES-06,129.1,116,3599.0
2024-08-06,中班,ES-07,147.3,101,2990.0
2024-08-06,中班,ES-08,119.6,113,3279.0
2024-08-06,夜班,ES-01,120.8,102,2911.0
2024-08-06,夜班,ES-02,123.2,102,3364.0
2024-08-06,夜班,ES-03,117.6,98,3171.0
2024-08-06,夜班,ES-04,159.3,90,2938.0
2024-08-06,夜班,ES-05,125.4,75,2437.0
2024-08-06,夜班,ES-06,131.5,51,1430.0
2024-08-06,夜班,ES-07,156.8,99,2784.0
2024-08-07,早班,ES-01,121.2,83,2557.0
2024-08-07,早班,ES-03,90.8,101,3019.0
2024-08-07,早班,ES-04,177.6,107,3381.0
2024-08-07,早班,ES-07,163.5,83,2360.0
2024-08-07,早班,ES-08,124.4,94,2938.0
2024-08-07,中班,ES-01,113.2,108,3387.0
2024-08-07,中班,ES-02,129.6,96,2740.0
2024-08-07,中班,ES-03,107.7,106,3269.0
2024-08-07,中班,ES-04,181.7,94,2840.0
2024-08-07,中班,ES-05,136.0,59,1713.0
2024-08-07,中班,ES-06,141.1,90,2731.0
2024-08-07,中班,ES-08,126.7,110,3385.0
2024-08-07,夜班,ES-02,124.7,96,3030.0
2024-08-07,夜班,ES-04,159.8,116,3426.0
2024-08-07,夜班,ES-06,135.8,112,3498.0
2024-08-07,夜班,ES-08,116.4,135,3989.0
2024-08-08,早班,ES-01,123.6,107,3096.0
2024-08-08,早班,ES-02,130.4,126,3545.0
2024-08-08,早班,ES-03,113.3,99,3214.0
2024-08-08,早班,ES-04,170.5,107,3275.0
2024-08-08,早班,ES-05,122.9,83,2620.0
2024-08-08,早班,ES-06,128.5,78,2246.0
2024-08-08,早班,ES-07,145.0,135,4088.0
2024-08-08,早班,ES-08,118.7,99,2866.0
2024-08-08,中班,ES-01,116.2,103,3322.0
2024-08-08,中班,ES-02,133.1,103,3387.0
2024-08-08,中班,ES-03,109.8,82,2433.0
2024-08-08,中班,ES-05,144.1,116,3330.0
2024-08-08,中班,ES-07,151.8,99,3188.0
2024-08-08,夜班,ES-01,109.0,88,2775.0
2024-08-08,夜班,ES-03,107.7,94,2691.0
2024-08-08,夜班,ES-05,127.5,95,2855.0
2024-08-08,夜班,ES-06,133.5,74,2319.0
2024-08-08,夜班,ES-07,141.2,86,2458.0
2024-08-08,夜班,ES-08,149.9,122,3694.0
2024-08-09,早班,ES-01,186.8,115,3779.0
2024-08-09,早班,ES-02,123.8,110,3115.0
2024-08-09,早班,ES-03,118.8,95,2963.0
2024-08-09,早班,ES-04,177.9,88,2689.0
2024-08-09,早班,ES-06,146.8,99,3241.0
2024-08-09,早班,ES-07,161.0,91,2632.0
2024-08-09,早班,ES-08,118.7,109,3132.0
2024-08-09,中班,ES-01,117.0,99,3015.0
2024-08-09,中班,ES-02,138.2,99,2886.0
2024-08-09,中班,ES-03,104.5,128,4109.0
2024-08-09,夜班,ES-01,124.4,84,2698.0
2024-08-09,夜班,ES-02,115.6,97,2739.0
2024-08-09,夜班,ES-03,105.5,103,2908.0
2024-08-09,夜班,ES-05,135.5,115,3495.0
2024-08-09,夜班,ES-06,131.3,77,2443.0
2024-08-09,夜班,ES-08,118.5,90,2660.0
2024-08-10,早班,ES-01,131.5,81,2660.0
2024-08-10,早班,ES-02,120.2,64,1914.0
2024-08-10,早班,ES-03,122.7,71,2137.0
2024-08-10,早班,ES-04,184.3,72,2369.0
2024-08-10,早班,ES-05,126.9,88,2832.0
2024-08-10,早班,ES-06,139.9,90,2863.0
2024-08-10,早班,ES-08,131.1,92,2971.0
2024-08-10,中班,ES-01,124.7,100,3178.0
2024-08-10,中班,ES-02,126.0,88,2854.0
2024-08-10,中班,ES-03,108.3,104,3231.0
2024-08-10,中班,ES-04,177.2,77,2439.0
2024-08-10,中班,ES-05,115.9,65,2004.0
2024-08-10,中班,ES-06,127.2,100,3254.0
2024-08-10,中班,ES-07,155.8,101,3323.0
2024-08-10,夜班,ES-01,115.6,94,2885.0
2024-08-10,夜班,ES-02,113.0,108,3049.0
2024-08-10,夜班,ES-03,107.1,92,2864.0
2024-08-10,夜班,ES-04,173.7,108,3071.0
2024-08-10,夜班,ES-05,123.3,85,2655.0
2024-08-10,夜班,ES-06,120.8,95,3133.0
2024-08-10,夜班,ES-07,149.1,109,3095.0
2024-08-10,夜班,ES-08,120.5,80,2505.0
2024-08-11,早班,ES-01,130.1,104,2964.0
2024-08-11,早班,ES-02,110.8,92,2938.0
2024-08-11,早班,ES-03,114.3,91,2892.0
2024-08-11,早班,ES-04,180.7,125,3879.0
2024-08-11,早班,ES-05,124.5,89,2595.0
2024-08-11,早班,ES-06,116.7,95,2932.0
2024-08-11,早班,ES-07,206.7,80,2450.0
2024-08-11,中班,ES-01,124.1,109,3524.0
2024-08-11,中班,ES-02,129.3,94,2934.0
2024-08-11,中班,ES-03,121.0,63,1937.0
2024-08-11,中班,ES-07,143.9,97,3142.0
2024-08-11,夜班,ES-01,123.9,83,2524.0
2024-08-11,夜班,ES-02,113.1,84,2546.0
2024-08-11,夜班,ES-03,108.3,71,2236.0
2024-08-11,夜班,ES-05,129.1,81,2334.0
2024-08-11,夜班,ES-07,146.1,113,3415.0
2024-08-11,夜班,ES-08,124.8,96,3032.0
2024-08-12,早班,ES-01,131.0,98,3061.0
2024-08-12,早班,ES-02,117.0,98,3099.0
2024-08-12,早班,ES-03,121.3,113,3669.0
2024-08-12,早班,ES-04,179.5,99,2815.0
2024-08-12,早班,ES-07,137.7,75,2407.0
2024-08-12,早班,ES-08,121.0,122,3513.0
2024-08-12,中班,ES-01,142.1,122,3533.0
2024-08-12,中班,ES-03,110.4,107,3055.0
2024-08-12,中班,ES-04,182.1,69,1935.0
2024-08-12,中班,ES-05,129.1,103,3305.0
2024-08-12,中班,ES-06,136.2,87,2694.0
2024-08-12,中班,ES-07,152.7,114,3609.0
2024-08-12,中班,ES-08,129.6,93,2697.0
2024-08-12,夜班,ES-01,115.5,113,3177.0
2024-08-12,夜班,ES-03,113.7,59,1808.0
2024-08-12,夜班,ES-04,167.5,85,2399.0
2024-08-12,夜班,ES-06,124.8,86,2531.0
2024-08-12,夜班,ES-07,141.6,105,3267.0
2024-08-12,夜班,ES-08,131.6,87,2766.0
2024-08-13,早班,ES-06,141.0,86,2445.0
2024-08-13,早班,ES-07,158.7,135,3782.0
2024-08-13,中班,ES-01,98.9,74,2407.0
2024-08-13,中班,ES-02,120.2,101,2833.0
2024-08-13,中班,ES-03,123.1,123,3887.0
2024-08-13,中班,ES-04,177.6,83,2501.0
2024-08-13,中班,ES-05,131.2,78,2303.0
2024-08-13,中班,ES-06,136.1,111,3479.0
2024-08-13,中班,ES-07,158.1,69,2095.0
2024-08-13,中班,ES-08,126.1,96,2912.0
2024-08-13,夜班,ES-02,123.6,115,3504.0
2024-08-13,夜班,ES-03,119.7,114,3604.0
2024-08-13,夜班,ES-04,186.6,102,2989.0
2024-08-13,夜班,ES-06,128.5,125,3597.0
2024-08-13,夜班,ES-07,152.0,79,2504.0
2024-08-13,夜班,ES-08,114.2,122,3697.0
2024-08-14,早班,ES-02,125.9,90,2895.0
2024-08-14,早班,ES-04,173.1,123,3471.0
2024-08-14,早班,ES-05,140.4,99,2929.0
2024-08-14,早班,ES-06,131.6,103,3269.0
2024-08-14,早班,ES-07,137.3,87,2502.0
2024-08-14,中班,ES-01,119.9,104,3194.0
2024-08-14,中班,ES-02,122.3,78,2404.0
2024-08-14,中班,ES-03,118.9,111,3112.0
2024-08-14,中班,ES-04,186.0,136,4324.0
2024-08-14,中班,ES-05,175.5,59,1787.0
2024-08-14,中班,ES-06,137.4,107,3374.0
2024-08-14,中班,ES-08,134.8,100,2930.0
2024-08-14,夜班,ES-01,110.1,76,2306.0
2024-08-14,夜班,ES-03,113.9,85,2702.0
2024-08-14,夜班,ES-04,168.8,102,3173.0
2024-08-14,夜班,ES-05,122.0,108,3299.0
2024-08-14,夜班,ES-06,135.1,102,3276.0
2024-08-14,夜班,ES-07,136.6,91,2722.0
2024-08-14,夜班,ES-08,116.8,93,2895.0
2024-08-15,早班,ES-02,125.1,93,3069.0
2024-08-15,早班,ES-03,109.8,91,2568.0
2024-08-15,早班,ES-05,167.0,97,2908.0
2024-08-15,早班,ES-06,124.6,76,2504.0
2024-08-15,早班,ES-08,127.5,86,2775.0
2024-08-15,中班,ES-01,117.9,105,3398.0
2024-08-15,中班,ES-02,120.0,84,2402.0
2024-08-15,中班,ES-03,113.0,108,3452.0
2024-08-15,中班,ES-04,183.0,147,4686.0
2024-08-15,中班,ES-05,129.4,105,3296.0
2024-08-15,中班,ES-06,135.7,132,4264.0
2024-08-15,中班,ES-07,150.2,89,2782.0
2024-08-15,中班,ES-08,135.5,64,1906.0
2024-08-15,夜班,ES-02,130.0,94,2636.0
2024-08-15,夜班,ES-03,99.6,114,3217.0
2024-08-15,夜班,ES-04,198.7,108,3115.0
2024-08-15,夜班,ES-05,130.8,104,3404.0
2024-08-15,夜班,ES-06,126.6,99,3037.0
2024-08-15,夜班,ES-07,134.1,50,1618.0
2024-08-15,夜班,ES-08,190.9,92,2875.0
2024-08-16,早班,ES-02,139.5,93,2842.0
2024-08-16,早班,ES-03,107.3,122,3878.0
2024-08-16,早班,ES-04,181.4,104,3176.0
2024-08-16,早班,ES-05,118.4,101,3181.0
2024-08-16,早班,ES-08,111.4,118,3623.0
2024-08-16,中班,ES-01,116.3,127,3923.0
2024-08-16,中班,ES-02,118.6,105,3405.0
2024-08-16,中班,ES-05,117.0,101,3198.0
2024-08-16,中班,ES-06,133.3,112,3620.0
2024-08-16,中班,ES-07,150.7,82,2629.0
2024-08-16,中班,ES-08,120.5,78,2345.0
2024-08-16,夜班,ES-01,120.5,97,2848.0
2024-08-16,夜班,ES-02,112.9,89,2552.0
2024-08-16,夜班,ES-03,100.6,119,3871.0
2024-08-16,夜班,ES-04,169.8,99,3003.0
2024-08-16,夜班,ES-05,141.4,98,2802.0
2024-08-16,夜班,ES-06,140.6,110,3405.0
2024-08-16,夜班,ES-07,153.6,99,3017.0
2024-08-16,夜班,ES-08,128.0,71,2275.0
2024-08-17,早班,ES-01,116.6,100,2864.0
2024-08-17,早班,ES-02,128.4,104,3193.0
2024-08-17,早班,ES-03,115.8,96,2731.0
2024-08-17,早班,ES-05,140.9,96,3079.0
2024-08-17,早班,ES-07,160.4,86,2545.0
2024-08-17,早班,ES-08,121.8,57,1663.0
2024-08-17,中班,ES-01,123.2,84,2444.0
2024-08-17,中班,ES-04,191.4,89,2896.0
2024-08-17,中班,ES-05,120.0,76,2425.0
2024-08-17,中班,ES-06,117.3,73,2362.0
2024-08-17,中班,ES-07,154.5,91,2922.0
2024-08-17,中班,ES-08,120.7,104,3415.0
2024-08-17,夜班,ES-01,119.6,99,2848.0
2024-08-17,夜班,ES-02,127.2,105,2968.0
2024-08-17,夜班,ES-03,115.9,105,3348.0
2024-08-17,夜班,ES-05,112.1,132,3894.0
2024-08-17,夜班,ES-07,151.5,79,2553.0
2024-08-18,早班,ES-01,114.4,114,3236.0
2024-08-18,早班,ES-02,137.4,86,2420.0
2024-08-18,早班,ES-04,173.0,67,2133.0
2024-08-18,早班,ES-05,133.1,120,3657.0
2024-08-18,早班,ES-06,121.2,100,2868.0
2024-08-18,早班,ES-07,145.6,68,2232.0
2024-08-18,中班,ES-01,190.5,106,3046.0
2024-08-18,中班,ES-02,128.1,86,2796.0
2024-08-18,中班,ES-03,120.8,103,3027.0
2024-08-18,中班,ES-04,176.3,101,3091.0
2024-08-18,中班,ES-06,114.1,115,3745.0
2024-08-18,中班,ES-08,119.8,103,2991.0
2024-08-18,夜班,ES-01,124.0,105,3199.0
2024-08-18,夜班,ES-03,121.1,122,3696.0
2024-08-18,夜班,ES-05,113.4,117,3695.0
2024-08-18,夜班,ES-06,135.3,108,3370.0
2024-08-18,夜班,ES-08,122.8,85,2392.0
2024-08-19,早班,ES-01,134.1,118,3505.0
2024-08-19,早班,ES-03,120.4,96,2723.0
2024-08-19,早班,ES-04,172.1,61,1967.0
2024-08-19,早班,ES-05,145.4,80,2294.0
2024-08-19,早班,ES-06,122.5,90,2799.0
2024-08-19,早班,ES-07,152.8,87,2598.0
2024-08-19,早班,ES-08,107.3,109,3558.0
2024-08-19,中班,ES-01,109.2,106,3432.0
2024-08-19,中班,ES-02,114.9,92,2830.0
2024-08-19,中班,ES-03,107.6,120,3663.0
2024-08-19,中班,ES-04,175.6,98,2925.0
2024-08-19,中班,ES-05,134.3,78,2296.0
2024-08-19,中班,ES-06,142.6,139,4109.0
2024-08-19,中班,ES-07,176.3,73,2175.0
2024-08-19,中班,ES-08,122.9,92,2704.0
2024-08-19,夜班,ES-01,127.2,112,3258.0
2024-08-19,夜班,ES-02,131.4,100,3082.0
2024-08-19,夜班,ES-04,185.0,99,2772.0
2024-08-19,夜班,ES-05,119.8,110,3515.0
2024-08-19,夜班,ES-07,151.4,117,3370.0
2024-08-19,夜班,ES-08,120.1,90,2699.0
2024-08-20,早班,ES-01,120.3,89,2571.0
2024-08-20,早班,ES-02,125.2,114,3616.0
2024-08-20,早班,ES-03,127.5,94,2650.0
2024-08-20,早班,ES-04,174.0,106,3490.0
2024-08-20,早班,ES-06,128.8,120,3689.0
2024-08-20,中班,ES-01,138.1,114,3382.0
2024-08-20,中班,ES-02,131.1,113,3313.0
2024-08-20,中班,ES-03,122.0,87,2678.0
2024-08-20,中班,ES-04,170.2,77,2240.0
2024-08-20,中班,ES-05,117.4,84,2654.0
2024-08-20,中班,ES-06,127.5,103,3131.0
2024-08-20,中班,ES-08,127.7,112,3177.0
2024-08-20,夜班,ES-01,116.6,95,2947.0
2024-08-20,夜班,ES-02,137.0,74,2212.0
2024-08-20,夜班,ES-03,115.2,99,2809.0
2024-08-20,夜班,ES-04,165.5,74,2219.0
2024-08-20,夜班,ES-05,128.3,91,2655.0
2024-08-20,夜班,ES-07,145.5,96,2776.0
2024-08-20,夜班,ES-08,121.3,94,2958.0
2024-08-21,早班,ES-01,133.3,75,2444.0
2024-08-21,早班,ES-02,125.9,88,2841.0
2024-08-21,早班,ES-03,101.5,92,2628.0
2024-08-21,早班,ES-04,178.1,80,2578.0
2024-08-21,早班,ES-05,126.3,64,1923.0
2024-08-21,早班,ES-06,123.6,55,1757.0
2024-08-21,早班,ES-07,143.4,116,3826.0
2024-08-21,早班,ES-08,138.4,66,1849.0
2024-08-21,中班,ES-01,104.1,80,2252.0
2024-08-21,中班,ES-02,181.1,87,2811.0
2024-08-21,中班,ES-03,104.1,94,2875.0
2024-08-21,中班,ES-04,180.3,84,2607.0
2024-08-21,中班,ES-05,130.2,70,2191.0
2024-08-21,中班,ES-06,129.1,92,2942.0
2024-08-21,中班,ES-07,149.5,100,2805.0
2024-08-21,中班,ES-08,122.0,100,3189.0
2024-08-21,夜班,ES-01,125.1,81,2551.0
2024-08-21,夜班,ES-02,114.3,116,3816.0
2024-08-21,夜班,ES-03,116.8,51,1670.0
2024-08-21,夜班,ES-04,186.9,105,2957.0
2024-08-21,夜班,ES-05,123.3,91,2976.0
2024-08-21,夜班,ES-07,139.6,121,3623.0
2024-08-22,早班,ES-01,125.6,80,2546.0
2024-08-22,早班,ES-02,132.6,95,2778.0
2024-08-22,早班,ES-03,153.5,80,2578.0
2024-08-22,早班,ES-05,124.6,97,2829.0
2024-08-22,早班,ES-06,137.8,93,2732.0
2024-08-22,早班,ES-08,120.1,114,3340.0
2024-08-22,中班,ES-01,122.1,96,3069.0
2024-08-22,中班,ES-02,136.7,85,2611.0
2024-08-22,中班,ES-03,154.2,116,3319.0
2024-08-22,中班,ES-04,174.5,67,2186.0
2024-08-22,中班,ES-05,127.3,142,4413.0
2024-08-22,中班,ES-06,134.5,75,2452.0
2024-08-22,中班,ES-07,153.8,82,2457.0
2024-08-22,中班,ES-08,130.0,78,2306.0
2024-08-22,夜班,ES-02,116.9,129,3661.0
2024-08-22,夜班,ES-03,114.6,97,3139.0
2024-08-22,夜班,ES-05,126.7,106,3300.0
2024-08-22,夜班,ES-07,149.2,108,3444.0
2024-08-22,夜班,ES-08,116.7,91,2710.0
2024-08-23,早班,ES-02,151.7,100,3240.0
2024-08-23,早班,ES-04,178.4,95,2928.0
2024-08-23,早班,ES-05,129.2,145,4636.0
2024-08-23,早班,ES-06,124.7,98,2797.0
2024-08-23,早班,ES-07,144.0,75,2431.0
2024-08-23,早班,ES-08,124.3,76,2470.0
2024-08-23,中班,ES-01,121.4,84,2459.0
2024-08-23,中班,ES-02,121.0,83,2497.0
2024-08-23,中班,ES-03,111.0,107,3161.0
2024-08-23,中班,ES-05,118.9,124,4050.0
2024-08-23,中班,ES-06,124.0,78,2381.0
2024-08-23,中班,ES-07,150.1,86,2690.0
2024-08-23,中班,ES-08,114.1,84,2508.0
2024-08-23,夜班,ES-02,124.9,134,4392.0
2024-08-23,夜班,ES-03,109.2,105,3083.0
2024-08-23,夜班,ES-05,110.2,98,2961.0
2024-08-23,夜班,ES-06,150.1,52,1545.0
2024-08-23,夜班,ES-07,140.8,86,2541.0
2024-08-24,早班,ES-02,134.4,89,2536.0
2024-08-24,早班,ES-03,106.6,129,3918.0
2024-08-24,早班,ES-04,179.5,121,3497.0
2024-08-24,早班,ES-06,130.4,99,2902.0
2024-08-24,早班,ES-07,156.6,109,3364.0
2024-08-24,早班,ES-08,142.5,82,2314.0
2024-08-24,中班,ES-01,119.5,99,2823.0
2024-08-24,中班,ES-02,119.2,103,3026.0
2024-08-24,中班,ES-03,103.7,129,4019.0
2024-08-24,中班,ES-04,184.2,103,3022.0
2024-08-24,中班,ES-05,124.3,118,3567.0
2024-08-24,中班,ES-07,156.0,108,3377.0
2024-08-24,中班,ES-08,118.0,109,3511.0
2024-08-24,夜班,ES-02,116.7,96,2908.0
2024-08-24,夜班,ES-03,125.8,95,2758.0
2024-08-24,夜班,ES-04,167.7,73,2228.0
2024-08-24,夜班,ES-08,123.9,111,3621.0
2024-08-25,早班,ES-01,114.0,124,3947.0
2024-08-25,早班,ES-02,130.6,99,2778.0
2024-08-25,早班,ES-03,118.5,103,3009.0
2024-08-25,早班,ES-05,127.4,108,3529.0
2024-08-25,早班,ES-06,131.8,98,2901.0
2024-08-25,中班,ES-01,116.7,71,2155.0
2024-08-25,中班,ES-02,133.0,97,2929.0
2024-08-25,中班,ES-03,116.9,98,2865.0
2024-08-25,中班,ES-04,187.3,110,3426.0
2024-08-25,中班,ES-05,130.0,110,3263.0
2024-08-25,中班,ES-07,152.2,103,3125.0
2024-08-25,中班,ES-08,117.9,56,1702.0
2024-08-25,夜班,ES-01,112.5,110,3359.0
2024-08-25,夜班,ES-02,123.7,86,2613.0
2024-08-25,夜班,ES-03,99.8,111,3308.0
2024-08-25,夜班,ES-04,182.2,147,4720.0
2024-08-25,夜班,ES-06,131.9,84,2506.0
2024-08-25,夜班,ES-07,162.4,81,2364.0
2024-08-25,夜班,ES-08,133.1,119,3508.0
2024-08-26,早班,ES-01,129.2,87,2465.0
2024-08-26,早班,ES-04,177.9,122,3585.0
2024-08-26,早班,ES-05,194.0,103,3113.0
2024-08-26,早班,ES-06,128.7,102,3166.0
2024-08-26,早班,ES-07,150.2,106,3368.0
2024-08-26,早班,ES-08,131.4,102,3233.0
2024-08-26,中班,ES-01,120.2,71,2133.0
2024-08-26,中班,ES-02,122.4,107,3003.0
2024-08-26,中班,ES-03,118.2,105,3328.0
2024-08-26,中班,ES-04,177.8,113,3476.0
2024-08-26,中班,ES-06,128.7,114,3203.0
2024-08-26,中班,ES-07,166.3,79,2607.0
2024-08-26,中班,ES-08,114.3,89,2717.0
2024-08-26,夜班,ES-01,119.8,87,2505.0
2024-08-26,夜班,ES-02,115.0,96,3013.0
2024-08-26,夜班,ES-05,141.8,45,1408.0
2024-08-26,夜班,ES-07,157.3,70,2096.0
2024-08-26,夜班,ES-08,113.4,86,2708.0
2024-08-27,早班,ES-01,120.3,64,1830.0
2024-08-27,早班,ES-02,124.9,98,2985.0
2024-08-27,早班,ES-03,112.2,74,2169.0
2024-08-27,早班,ES-05,122.0,97,2771.0
2024-08-27,早班,ES-07,155.1,104,3317.0
2024-08-27,早班,ES-08,122.7,100,3099.0
2024-08-27,中班,ES-01,124.8,105,3433.0
2024-08-27,中班,ES-02,120.6,80,2519.0
2024-08-27,中班,ES-03,120.4,104,3351.0
2024-08-27,中班,ES-04,178.1,119,3491.0
2024-08-27,中班,ES-05,136.7,84,2600.0
2024-08-27,中班,ES-06,122.9,76,2313.0
2024-08-27,中班,ES-07,144.8,118,3382.0
2024-08-27,中班,ES-08,122.7,85,2716.0
2024-08-27,夜班,ES-01,192.3,97,2947.0
2024-08-27,夜班,ES-02,115.6,125,4111.0
2024-08-27,夜班,ES-04,174.4,90,2723.0
2024-08-27,夜班,ES-05,125.9,85,2650.0
2024-08-27,夜班,ES-06,129.0,71,1998.0
2024-08-27,夜班,ES-08,118.8,113,3333.0
2024-08-28,早班,ES-02,129.9,94,2754.0
2024-08-28,早班,ES-04,184.4,135,3798.0
2024-08-28,早班,ES-05,185.8,85,2618.0
2024-08-28,早班,ES-06,137.4,89,2655.0
2024-08-28,早班,ES-07,194.7,130,4150.0
2024-08-28,早班,ES-08,133.9,118,3488.0
2024-08-28,中班,ES-01,113.9,106,3014.0
2024-08-28,中班,ES-02,117.9,106,3430.0
2024-08-28,中班,ES-03,102.0,76,2421.0
2024-08-28,中班,ES-04,180.6,109,3553.0
2024-08-28,中班,ES-05,129.0,99,2993.0
2024-08-28,中班,ES-06,119.4,115,3393.0
2024-08-28,中班,ES-07,138.6,68,2162.0
2024-08-28,中班,ES-08,133.6,110,3343.0
2024-08-28,夜班,ES-01,125.3,76,2304.0
2024-08-28,夜班,ES-02,129.2,91,2549.0
2024-08-28,夜班,ES-03,114.1,111,3358.0
2024-08-28,夜班,ES-04,170.7,125,3656.0
2024-08-28,夜班,ES-05,134.8,109,3447.0
2024-08-28,夜班,ES-07,141.1,122,3989.0
2024-08-28,夜班,ES-08,101.7,96,3055.0
2024-08-29,早班,ES-01,120.9,94,2931.0
2024-08-29,早班,ES-02,140.8,54,1669.0
2024-08-29,早班,ES-03,117.7,105,3406.0
2024-08-29,早班,ES-05,122.5,88,2786.0
2024-08-29,早班,ES-06,151.7,99,2904.0
2024-08-29,早班,ES-07,141.0,107,3203.0
2024-08-29,早班,ES-08,123.1,89,2881.0
2024-08-29,中班,ES-02,129.3,100,2827.0
2024-08-29,中班,ES-03,108.2,71,2117.0
2024-08-29,中班,ES-04,174.6,72,2326.0
2024-08-29,中班,ES-05,132.9,88,2653.0
2024-08-29,中班,ES-06,135.7,107,3410.0
2024-08-29,中班,ES-07,149.5,78,2441.0
2024-08-29,夜班,ES-01,182.6,66,2165.0
2024-08-29,夜班,ES-02,145.4,95,2971.0
2024-08-29,夜班,ES-04,179.1,86,2784.0
2024-08-29,夜班,ES-05,173.5,110,3232.0
2024-08-29,夜班,ES-06,134.2,79,2525.0
2024-08-29,夜班,ES-08,135.8,34,1048.0
2024-08-30,早班,ES-02,131.6,90,2924.0
2024-08-30,早班,ES-03,107.3,73,2323.0
2024-08-30,早班,ES-04,161.2,92,2654.0
2024-08-30,早班,ES-06,117.3,72,2279.0
2024-08-30,早班,ES-07,146.1,98,2857.0
2024-08-30,早班,ES-08,118.9,103,3044.0
2024-08-30,中班,ES-01,117.0,96,3123.0
2024-08-30,中班,ES-02,115.7,86,2783.0
2024-08-30,中班,ES-03,113.3,101,2982.0
2024-08-30,中班,ES-04,163.1,103,3208.0
2024-08-30,中班,ES-06,136.0,73,2330.0
2024-08-30,中班,ES-08,132.0,62,1826.0
2024-08-30,夜班,ES-01,116.2,125,3697.0
2024-08-30,夜班,ES-02,114.0,101,2982.0
2024-08-30,夜班,ES-03,104.0,70,2217.0
2024-08-30,夜班,ES-06,143.7,100,3215.0
2024-08-30,夜班,ES-07,148.6,93,2846.0
2024-08-30,夜班,ES-08,122.3,74,2244.0
2024-08-31,早班,ES-01,134.0,87,2715.0
2024-08-31,早班,ES-02,152.2,90,2614.0
2024-08-31,早班,ES-03,110.7,68,2168.0
2024-08-31,早班,ES-04,173.6,81,2528.0
2024-08-31,早班,ES-06,119.8,55,1782.0
2024-08-31,早班,ES-08,109.0,97,2756.0
2024-08-31,中班,ES-02,115.8,73,2125.0
2024-08-31,中班,ES-03,105.4,102,3082.0
2024-08-31,中班,ES-04,173.7,122,3939.0
2024-08-31,中班,ES-05,124.7,88,2580.0
2024-08-31,中班,ES-06,137.3,77,2475.0
2024-08-31,中班,ES-07,150.3,82,2646.0
2024-08-31,中班,ES-08,121.7,99,2941.0
2024-08-31,夜班,ES-01,110.6,119,3533.0
2024-08-31,夜班,ES-02,123.9,108,3450.0
2024-08-31,夜班,ES-03,110.1,99,3185.0
2024-08-31,夜班,ES-05,129.3,114,3438.0
2024-08-31,夜班,ES-06,119.6,108,3205.0
2024-08-31,夜班,ES-07,149.3,136,4449.0
2024-08-31,夜班,ES-08,120.3,117,3312.0
2024-09-01,早班,ES-01,120.5,107,3530.0
2024-09-01,早班,ES-02,124.4,70,2029.0
2024-09-01,早班,ES-04,184.9,118,3785.0
2024-09-01,早班,ES-05,129.4,79,2226.0
2024-09-01,早班,ES-06,125.4,100,3019.0
2024-09-01,早班,ES-08,129.8,96,3035.0
2024-09-01,中班,ES-01,111.8,75,2473.0
2024-09-01,中班,ES-02,117.7,94,2888.0
2024-09-01,中班,ES-03,103.1,83,2352.0
2024-09-01,中班,ES-04,171.1,101,3038.0
2024-09-01,中班,ES-05,132.8,107,3411.0
2024-09-01,中班,ES-06,130.3,95,2951.0
2024-09-01,中班,ES-07,142.6,125,3666.0
2024-09-01,夜班,ES-01,123.2,85,2576.0
2024-09-01,夜班,ES-02,129.6,102,2917.0
2024-09-01,夜班,ES-03,111.2,118,3589.0
2024-09-01,夜班,ES-04,171.9,78,2364.0
2024-09-01,夜班,ES-05,122.3,96,2815.0
2024-09-01,夜班,ES-07,154.0,55,1789.0
2024-09-01,夜班,ES-08,123.0,107,3008.0
2024-09-02,早班,ES-01,112.2,103,3258.0
2024-09-02,早班,ES-02,201.2,101,3029.0
2024-09-02,早班,ES-03,103.2,72,2253.0
2024-09-02,早班,ES-04,179.7,95,3044.0
2024-09-02,早班,ES-06,133.8,86,2421.0
2024-09-02,早班,ES-07,143.4,116,3754.0
2024-09-02,早班,ES-08,124.6,87,2783.0
2024-09-02,中班,ES-02,129.0,119,3517.0
2024-09-02,中班,ES-03,104.9,118,3853.0
2024-09-02,中班,ES-04,168.9,108,3539.0
2024-09-02,中班,ES-05,133.1,93,2925.0
2024-09-02,中班,ES-06,146.0,82,2360.0
2024-09-02,中班,ES-07,147.9,97,3080.0
2024-09-02,中班,ES-08,131.5,92,2628.0
2024-09-02,夜班,ES-01,117.4,94,3007.0
2024-09-02,夜班,ES-02,139.9,83,2429.0
2024-09-02,夜班,ES-03,114.5,99,2779.0
2024-09-02,夜班,ES-04,166.9,63,1780.0
2024-09-02,夜班,ES-05,137.2,87,2483.0
2024-09-02,夜班,ES-08,115.0,110,3605.0
2024-09-03,早班,ES-01,115.4,111,3656.0
2024-09-03,早班,ES-02,134.0,111,3172.0
2024-09-03,早班,ES-03,200.2,47,1426.0
2024-09-03,早班,ES-04,188.1,112,3522.0
2024-09-03,早班,ES-05,136.2,64,1842.0
2024-09-03,早班,ES-06,115.4,93,2991.0
2024-09-03,早班,ES-07,156.1,113,3696.0
2024-09-03,早班,ES-08,122.1,99,3098.0
2024-09-03,中班,ES-01,132.2,107,3326.0
2024-09-03,中班,ES-02,141.8,101,3027.0
2024-09-03,中班,ES-03,169.1,73,2324.0
2024-09-03,中班,ES-05,108.3,115,3589.0
2024-09-03,中班,ES-06,182.8,88,2646.0
2024-09-03,中班,ES-08,128.3,114,3495.0
2024-09-03,夜班,ES-01,111.2,133,3850.0
2024-09-03,夜班,ES-03,92.8,84,2574.0
2024-09-03,夜班,ES-04,179.1,79,2226.0
2024-09-03,夜班,ES-05,111.7,115,3562.0
2024-09-03,夜班,ES-06,135.0,114,3377.0
2024-09-04,早班,ES-02,129.8,99,3182.0
2024-09-04,早班,ES-05,136.8,126,4015.0
2024-09-04,早班,ES-06,128.2,80,2292.0
2024-09-04,早班,ES-07,140.3,93,3048.0
2024-09-04,早班,ES-08,118.3,94,2961.0
2024-09-04,中班,ES-02,119.4,83,2664.0
2024-09-04,中班,ES-03,130.5,85,2667.0
2024-09-04,中班,ES-05,129.0,94,2796.0
2024-09-04,中班,ES-06,119.2,121,3590.0
2024-09-04,中班,ES-08,125.6,119,3908.0
2024-09-04,夜班,ES-01,141.1,104,3099.0
2024-09-04,夜班,ES-02,120.9,102,3316.0
2024-09-04,夜班,ES-03,108.0,110,3415.0
2024-09-04,夜班,ES-05,120.7,117,3614.0
2024-09-04,夜班,ES-07,145.1,108,3487.0
2024-09-04,夜班,ES-08,115.5,96,3095.0
2024-09-05,早班,ES-01,110.2,81,2558.0
2024-09-05,早班,ES-02,134.2,115,3610.0
2024-09-05,早班,ES-03,102.3,119,3530.0
2024-09-05,早班,ES-04,169.0,127,4111.0
2024-09-05,早班,ES-05,135.6,43,1325.0
2024-09-05,早班,ES-06,141.5,88,2499.0
2024-09-05,早班,ES-07,146.8,86,2594.0
2024-09-05,中班,ES-01,136.7,133,4144.0
2024-09-05,中班,ES-02,120.4,77,2340.0
2024-09-05,中班,ES-04,184.7,80,2273.0
2024-09-05,中班,ES-05,134.3,92,2620.0
2024-09-05,中班,ES-06,117.2,65,2058.0
2024-09-05,中班,ES-07,150.5,97,2892.0
2024-09-05,中班,ES-08,121.7,98,2747.0
2024-09-05,夜班,ES-01,115.5,85,2744.0
2024-09-05,夜班,ES-02,121.5,81,2348.0
2024-09-05,夜班,ES-03,118.1,95,3088.0
2024-09-05,夜班,ES-04,183.6,74,2304.0
2024-09-05,夜班,ES-05,115.6,101,2878.0
2024-09-05,夜班,ES-06,130.0,80,2348.0
2024-09-05,夜班,ES-07,144.9,65,1924.0
2024-09-05,夜班,ES-08,117.4,109,3060.0
2024-09-06,早班,ES-01,106.6,100,2849.0
2024-09-06,早班,ES-02,135.8,87,2553.0
2024-09-06,早班,ES-04,162.8,128,3603.0
2024-09-06,早班,ES-05,134.6,110,3345.0
2024-09-06,早班,ES-06,132.0,118,3550.0
2024-09-06,早班,ES-07,141.4,78,2393.0
2024-09-06,中班,ES-01,108.0,94,2976.0
2024-09-06,中班,ES-03,116.0,62,1928.0
2024-09-06,中班,ES-04,242.8,112,3320.0
2024-09-06,中班,ES-05,114.0,65,1893.0
2024-09-06,中班,ES-06,133.9,86,2498.0
2024-09-06,中班,ES-07,144.9,84,2573.0
2024-09-06,中班,ES-08,124.5,107,3207.0
2024-09-06,夜班,ES-01,118.8,87,2690.0
2024-09-06,夜班,ES-02,122.1,96,2906.0
2024-09-06,夜班,ES-03,102.5,108,3366.0
2024-09-06,夜班,ES-04,176.5,104,3209.0
2024-09-06,夜班,ES-05,122.7,122,3554.0
2024-09-06,夜班,ES-06,130.1,79,2541.0
2024-09-06,夜班,ES-07,161.9,129,3938.0
2024-09-06,夜班,ES-08,142.4,88,2650.0
2024-09-07,早班,ES-01,116.3,72,2158.0
2024-09-07,早班,ES-02,118.9,120,3788.0
2024-09-07,早班,ES-03,105.1,118,3784.0
2024-09-07,早班,ES-05,121.5,129,3709.0
2024-09-07,早班,ES-06,120.4,95,3040.0
2024-09-07,早班,ES-07,138.1,122,3611.0
2024-09-07,中班,ES-02,119.7,117,3602.0
2024-09-07,中班,ES-04,186.8,87,2864.0
2024-09-07,中班,ES-05,133.9,94,2968.0
2024-09-07,中班,ES-06,132.0,92,2960.0
2024-09-07,中班,ES-07,156.3,69,1997.0
2024-09-07,夜班,ES-01,124.1,81,2301.0
2024-09-07,夜班,ES-03,119.6,132,3740.0
2024-09-07,夜班,ES-04,188.9,105,3134.0
2024-09-07,夜班,ES-05,118.9,108,3144.0
2024-09-07,夜班,ES-07,146.9,74,2214.0
2024-09-07,夜班,ES-08,117.0,72,2150.0
2024-09-08,早班,ES-02,129.0,99,3160.0
2024-09-08,早班,ES-03,107.1,77,2501.0
2024-09-08,早班,ES-04,170.6,102,3126.0
2024-09-08,早班,ES-05,135.8,87,2870.0
2024-09-08,早班,ES-06,129.3,106,3028.0
2024-09-08,早班,ES-07,150.1,102,2944.0
2024-09-08,中班,ES-02,139.7,92,2857.0
2024-09-08,中班,ES-03,110.5,112,3420.0
2024-09-08,中班,ES-04,184.7,82,2359.0
2024-09-08,中班,ES-05,145.7,103,3262.0
2024-09-08,中班,ES-06,132.5,130,4233.0
2024-09-08,中班,ES-07,151.8,87,2826.0
2024-09-08,中班,ES-08,141.5,86,2755.0
2024-09-08,夜班,ES-01,120.0,107,3197.0
2024-09-08,夜班,ES-02,124.1,128,3895.0
2024-09-08,夜班,ES-03,122.8,123,4010.0
2024-09-08,夜班,ES-04,181.4,91,2963.0
2024-09-08,夜班,ES-05,124.1,102,2925.0
2024-09-08,夜班,ES-06,124.3,64,1956.0
2024-09-08,夜班,ES-07,150.7,58,1839.0
2024-09-08,夜班,ES-08,212.7,74,2077.0
2024-09-09,早班,ES-01,139.8,109,3168.0
2024-09-09,早班,ES-02,130.2,107,3138.0
2024-09-09,早班,ES-03,125.9,61,1845.0
2024-09-09,早班,ES-04,170.2,94,2773.0
2024-09-09,早班,ES-05,121.9,104,3027.0
2024-09-09,早班,ES-06,126.0,99,2920.0
2024-09-09,早班,ES-07,143.6,92,2872.0
2024-09-09,早班,ES-08,116.4,82,2409.0
2024-09-09,中班,ES-01,125.3,82,2455.0
2024-09-09,中班,ES-02,109.1,119,3700.0
2024-09-09,中班,ES-03,110.1,92,2652.0
2024-09-09,中班,ES-04,182.7,129,4031.0
2024-09-09,中班,ES-05,111.6,98,2960.0
2024-09-09,中班,ES-07,167.5,76,2356.0
2024-09-09,中班,ES-08,173.6,96,2744.0
2024-09-09,夜班,ES-01,124.2,93,2677.0
2024-09-09,夜班,ES-03,115.9,104,3142.0
2024-09-09,夜班,ES-04,170.6,104,3013.0
2024-09-09,夜班,ES-06,135.4,106,3135.0
2024-09-09,夜班,ES-07,158.3,76,2486.0
2024-09-09,夜班,ES-08,104.2,109,3316.0
2024-09-10,早班,ES-02,119.3,79,2455.0
2024-09-10,早班,ES-03,112.3,112,3630.0
2024-09-10,早班,ES-04,174.0,118,3552.0
2024-09-10,早班,ES-05,133.9,125,3698.0
2024-09-10,早班,ES-07,143.7,90,2940.0
2024-09-10,早班,ES-08,137.7,70,2131.0
2024-09-10,中班,ES-01,122.3,80,2616.0
2024-09-10,中班,ES-02,158.9,75,2271.0
2024-09-10,中班,ES-03,113.2,62,2015.0
2024-09-10,中班,ES-04,178.2,97,3199.0
2024-09-10,中班,ES-05,121.3,99,3204.0
2024-09-10,中班,ES-08,111.2,101,3091.0
2024-09-10,夜班,ES-01,118.0,109,3585.0
2024-09-10,夜班,ES-02,138.3,93,2932.0
2024-09-10,夜班,ES-04,178.6,88,2736.0
2024-09-10,夜班,ES-05,142.9,77,2525.0
2024-09-10,夜班,ES-06,138.0,75,2422.0
2024-09-10,夜班,ES-07,158.0,102,3161.0
2024-09-10,夜班,ES-08,120.9,100,3048.0
2024-09-11,早班,ES-01,127.4,64,1891.0
2024-09-11,早班,ES-02,132.4,95,2866.0
2024-09-11,早班,ES-03,112.4,102,3033.0
2024-09-11,早班,ES-05,137.2,110,3573.0
2024-09-11,早班,ES-07,157.3,56,1582.0
2024-09-11,早班,ES-08,163.1,90,2675.0
2024-09-11,中班,ES-03,122.4,78,2473.0
2024-09-11,中班,ES-04,175.1,74,2138.0
2024-09-11,中班,ES-05,126.5,116,3336.0
2024-09-11,中班,ES-06,112.0,82,2349.0
2024-09-11,中班,ES-07,152.9,95,2880.0
2024-09-11,中班,ES-08,132.2,115,3480.0
2024-09-11,夜班,ES-01,121.6,92,2825.0
2024-09-11,夜班,ES-02,136.0,93,2609.0
2024-09-11,夜班,ES-03,100.0,105,3390.0
2024-09-11,夜班,ES-06,131.2,107,3449.0
2024-09-11,夜班,ES-08,122.0,108,3105.0
2024-09-12,早班,ES-02,118.4,83,2657.0
2024-09-12,早班,ES-03,120.9,41,1336.0
2024-09-12,早班,ES-05,112.4,104,3262.0
2024-09-12,早班,ES-06,135.7,79,2283.0
2024-09-12,早班,ES-07,140.6,81,2358.0
2024-09-12,早班,ES-08,122.3,113,3383.0
2024-09-12,中班,ES-01,130.8,124,3746.0
2024-09-12,中班,ES-02,122.5,90,2674.0
2024-09-12,中班,ES-04,174.5,70,2157.0
2024-09-12,中班,ES-05,138.1,87,2631.0
2024-09-12,中班,ES-06,129.2,96,2981.0
2024-09-12,中班,ES-07,142.0,104,3283.0
2024-09-12,中班,ES-08,130.4,79,2251.0
2024-09-12,夜班,ES-02,124.8,82,2510.0
2024-09-12,夜班,ES-04,177.9,85,2405.0
2024-09-12,夜班,ES-05,129.7,93,2972.0
2024-09-12,夜班,ES-07,157.1,131,3912.0
2024-09-12,夜班,ES-08,121.3,78,2251.0
2024-09-13,早班,ES-01,121.9,80,2339.0
2024-09-13,早班,ES-02,133.6,101,2945.0
2024-09-13,早班,ES-03,108.5,64,1971.0
2024-09-13,早班,ES-04,177.6,132,3883.0
2024-09-13,早班,ES-05,142.1,57,1664.0
2024-09-13,早班,ES-06,130.1,81,2308.0
2024-09-13,早班,ES-07,162.3,126,3645.0
2024-09-13,早班,ES-08,125.1,99,3121.0
2024-09-13,中班,ES-01,110.2,93,3035.0
2024-09-13,中班,ES-02,133.4,88,2678.0
2024-09-13,中班,ES-04,183.6,120,3674.0
2024-09-13,中班,ES-05,125.4,77,2401.0
2024-09-13,中班,ES-06,124.3,92,2885.0
2024-09-13,中班,ES-08,124.7,89,2669.0
2024-09-13,夜班,ES-01,116.4,137,4314.0
2024-09-13,夜班,ES-02,122.1,107,3028.0
2024-09-13,夜班,ES-03,108.5,95,2671.0
2024-09-13,夜班,ES-04,165.9,117,3336.0
2024-09-13,夜班,ES-05,148.2,93,2873.0
2024-09-13,夜班,ES-07,147.0,110,3573.0
2024-09-13,夜班,ES-08,120.9,91,2773.0
2024-09-14,早班,ES-01,122.1,102,3047.0
2024-09-14,早班,ES-03,107.4,110,3465.0
2024-09-14,早班,ES-04,169.5,80,2303.0
2024-09-14,早班,ES-05,133.3,105,3422.0
2024-09-14,早班,ES-07,144.6,76,2495.0
2024-09-14,早班,ES-08,115.4,89,2669.0
2024-09-14,中班,ES-01,133.2,72,2091.0
2024-09-14,中班,ES-02,130.2,112,3423.0
2024-09-14,中班,ES-03,123.6,96,3066.0
2024-09-14,中班,ES-04,163.9,70,2117.0
2024-09-14,中班,ES-05,134.4,85,2602.0
2024-09-14,中班,ES-06,133.2,91,2581.0
2024-09-14,中班,ES-07,155.2,111,3214.0
2024-09-14,中班,ES-08,125.7,97,2770.0
2024-09-14,夜班,ES-01,117.1,106,3400.0
2024-09-14,夜班,ES-02,125.9,113,3626.0
2024-09-14,夜班,ES-03,108.0,99,3053.0
2024-09-14,夜班,ES-04,178.0,92,2958.0
2024-09-14,夜班,ES-05,128.3,71,2034.0
2024-09-14,夜班,ES-06,127.1,82,2608.0
2024-09-14,夜班,ES-07,147.8,99,3042.0
2024-09-14,夜班,ES-08,115.8,104,3358.0
2024-09-15,早班,ES-01,128.1,107,3046.0
2024-09-15,早班,ES-02,119.0,76,2173.0
2024-09-15,早班,ES-03,119.6,100,2991.0
2024-09-15,早班,ES-04,197.0,97,2726.0
2024-09-15,早班,ES-05,131.4,66,2067.0
2024-09-15,早班,ES-06,124.0,102,2977.0
2024-09-15,早班,ES-07,156.2,87,2784.0
2024-09-15,早班,ES-08,124.9,94,2700.0
2024-09-15,中班,ES-01,114.0,93,2836.0
2024-09-15,中班,ES-02,123.3,87,2618.0
2024-09-15,中班,ES-07,154.2,76,2377.0
2024-09-15,中班,ES-08,125.4,94,2989.0
2024-09-15,夜班,ES-01,119.1,82,2339.0
2024-09-15,夜班,ES-02,122.1,81,2380.0
2024-09-15,夜班,ES-03,118.0,90,2897.0
2024-09-15,夜班,ES-04,176.1,129,4003.0
2024-09-15,夜班,ES-05,112.4,84,2514.0
2024-09-15,夜班,ES-06,125.0,91,2576.0
2024-09-15,夜班,ES-07,162.1,78,2565.0
2024-09-16,早班,ES-02,125.3,121,3975.0
2024-09-16,早班,ES-03,121.2,104,2949.0
2024-09-16,早班,ES-04,180.5,93,2907.0
2024-09-16,早班,ES-05,135.9,64,2010.0
2024-09-16,中班,ES-01,116.2,104,3068.0
2024-09-16,中班,ES-02,129.8,87,2859.0
2024-09-16,中班,ES-03,113.1,109,3315.0
2024-09-16,中班,ES-05,119.6,71,2194.0
2024-09-16,中班,ES-06,141.5,76,2352.0
2024-09-16,中班,ES-08,122.7,104,3283.0
2024-09-16,夜班,ES-01,119.9,105,3226.0
2024-09-16,夜班,ES-02,121.3,105,3094.0
2024-09-16,夜班,ES-03,112.4,94,3084.0
2024-09-16,夜班,ES-06,138.1,84,2726.0
2024-09-16,夜班,ES-07,147.5,106,2973.0
2024-09-16,夜班,ES-08,117.3,106,3363.0
2024-09-17,早班,ES-01,133.1,111,3299.0
2024-09-17,早班,ES-02,115.6,104,3303.0
2024-09-17,早班,ES-03,150.9,150,4857.0
2024-09-17,早班,ES-04,181.1,100,3242.0
2024-09-17,早班,ES-05,138.6,83,2399.0
2024-09-17,早班,ES-06,135.9,143,4350.0
2024-09-17,早班,ES-07,145.8,56,1682.0
2024-09-17,早班,ES-08,136.4,90,2652.0
2024-09-17,中班,ES-01,132.7,75,2167.0
2024-09-17,中班,ES-03,114.1,69,2134.0
2024-09-17,中班,ES-04,170.5,81,2542.0
2024-09-17,中班,ES-05,130.1,91,2673.0
2024-09-17,夜班,ES-01,112.0,66,2033.0
2024-09-17,夜班,ES-02,129.7,102,3160.0
2024-09-17,夜班,ES-03,110.5,78,2399.0
2024-09-17,夜班,ES-04,172.4,100,3170.0
2024-09-17,夜班,ES-05,117.7,78,2566.0
2024-09-17,夜班,ES-06,126.7,76,2498.0
2024-09-17,夜班,ES-07,173.0,104,3384.0
2024-09-17,夜班,ES-08,188.9,112,3474.0
2024-09-18,早班,ES-01,117.0,71,2034.0
2024-09-18,早班,ES-02,113.5,104,3040.0
2024-09-18,早班,ES-03,175.6,75,2229.0
2024-09-18,早班,ES-04,172.0,78,2293.0
2024-09-18,早班,ES-05,114.7,67,2039.0
2024-09-18,早班,ES-07,156.1,105,3346.0
2024-09-18,早班,ES-08,118.2,116,3435.0
2024-09-18,中班,ES-01,120.4,91,2707.0
2024-09-18,中班,ES-02,123.0,80,2508.0
2024-09-18,中班,ES-03,100.3,96,3051.0
2024-09-18,中班,ES-04,156.1,81,2366.0
2024-09-18,中班,ES-05,116.4,120,3459.0
2024-09-18,中班,ES-06,131.5,96,3156.0
2024-09-18,夜班,ES-01,109.0,102,3078.0
2024-09-18,夜班,ES-02,127.6,92,2709.0
2024-09-18,夜班,ES-03,110.6,119,3776.0
2024-09-18,夜班,ES-05,121.4,73,2119.0
2024-09-18,夜班,ES-06,137.0,84,2565.0
2024-09-18,夜班,ES-07,141.9,107,3513.0
2024-09-18,夜班,ES-08,122.6,70,2025.0
2024-09-19,早班,ES-01,113.7,101,3251.0
2024-09-19,早班,ES-02,121.9,86,2591.0
2024-09-19,早班,ES-03,107.2,85,2739.0
2024-09-19,早班,ES-04,176.9,92,2741.0
2024-09-19,早班,ES-05,132.3,85,2585.0
2024-09-19,早班,ES-07,163.0,102,3098.0
2024-09-19,早班,ES-08,136.4,71,2176.0
2024-09-19,中班,ES-01,114.4,86,2678.0
2024-09-19,中班,ES-02,127.9,97,2729.0
2024-09-19,中班,ES-03,120.2,91,2826.0
2024-09-19,中班,ES-04,174.0,112,3179.0
2024-09-19,中班,ES-05,139.0,119,3846.0
2024-09-19,中班,ES-06,120.5,101,3297.0
2024-09-19,中班,ES-07,145.4,84,2431.0
2024-09-19,中班,ES-08,117.4,96,2785.0
2024-09-19,夜班,ES-01,117.7,99,3208.0
2024-09-19,夜班,ES-03,110.8,123,3559.0
2024-09-19,夜班,ES-06,125.3,84,2531.0
2024-09-19,夜班,ES-07,149.1,102,2858.0
2024-09-19,夜班,ES-08,121.1,90,2939.0
2024-09-20,早班,ES-01,122.0,107,3089.0
2024-09-20,早班,ES-02,117.0,86,2508.0
2024-09-20,早班,ES-03,92.9,74,2389.0
2024-09-20,早班,ES-04,175.0,106,3284.0
2024-09-20,早班,ES-05,113.5,79,2297.0
2024-09-20,早班,ES-06,120.2,89,2802.0
2024-09-20,早班,ES-07,145.2,73,2398.0
2024-09-20,早班,ES-08,123.2,72,2062.0
2024-09-20,中班,ES-01,117.3,99,2887.0
2024-09-20,中班,ES-02,121.5,61,1900.0
2024-09-20,中班,ES-03,109.1,97,3096.0
2024-09-20,中班,ES-04,194.1,54,1624.0
2024-09-20,中班,ES-05,112.3,121,3457.0
2024-09-20,中班,ES-06,130.1,92,2837.0
2024-09-20,中班,ES-07,138.7,116,3694.0
2024-09-20,中班,ES-08,128.3,126,3605.0
2024-09-20,夜班,ES-01,118.1,135,4266.0
2024-09-20,夜班,ES-02,129.6,89,2591.0
2024-09-20,夜班,ES-03,125.3,95,3044.0
2024-09-20,夜班,ES-04,165.2,73,2263.0
2024-09-20,夜班,ES-05,118.3,78,2274.0
2024-09-20,夜班,ES-06,127.0,100,3008.0
2024-09-20,夜班,ES-07,145.2,109,3302.0
2024-09-20,夜班,ES-08,119.3,96,3052.0
2024-09-21,早班,ES-01,133.9,66,1952.0
2024-09-21,早班,ES-02,132.2,95,2679.0
2024-09-21,早班,ES-05,134.5,91,2784.0
2024-09-21,早班,ES-06,115.5,121,3519.0
2024-09-21,早班,ES-07,224.0,109,3462.0
2024-09-21,早班,ES-08,123.7,103,3187.0
2024-09-21,中班,ES-01,123.1,88,2895.0
2024-09-21,中班,ES-02,130.1,116,3606.0
2024-09-21,中班,ES-04,183.8,80,2262.0
2024-09-21,中班,ES-05,128.6,123,3516.0
2024-09-21,中班,ES-06,138.8,95,2680.0
2024-09-21,中班,ES-07,137.1,103,3372.0
2024-09-21,夜班,ES-01,121.0,96,3099.0
2024-09-21,夜班,ES-02,131.7,72,2264.0
2024-09-21,夜班,ES-03,109.7,101,3293.0
2024-09-21,夜班,ES-05,117.4,74,2090.0
2024-09-21,夜班,ES-07,139.3,96,2942.0
2024-09-21,夜班,ES-08,113.3,98,2923.0
2024-09-22,早班,ES-01,112.4,88,2757.0
2024-09-22,早班,ES-02,140.5,97,3024.0
2024-09-22,早班,ES-03,113.7,111,3368.0
2024-09-22,早班,ES-04,177.4,86,2789.0
2024-09-22,早班,ES-05,122.8,101,3231.0
2024-09-22,早班,ES-06,123.6,106,3008.0
2024-09-22,早班,ES-07,152.2,80,2299.0
2024-09-22,早班,ES-08,111.4,91,2578.0
2024-09-22,中班,ES-01,126.3,66,1959.0
2024-09-22,中班,ES-02,134.3,106,2997.0
2024-09-22,中班,ES-04,182.7,86,2440.0
2024-09-22,中班,ES-05,122.7,102,2870.0
2024-09-22,中班,ES-06,130.2,81,2311.0
2024-09-22,中班,ES-07,158.6,85,2561.0
2024-09-22,中班,ES-08,139.3,98,3165.0
2024-09-22,夜班,ES-01,118.6,97,2923.0
2024-09-22,夜班,ES-02,111.1,93,2713.0
2024-09-22,夜班,ES-03,111.4,76,2485.0
2024-09-22,夜班,ES-04,181.6,107,3459.0
2024-09-22,夜班,ES-05,134.9,76,2420.0
2024-09-22,夜班,ES-06,124.5,100,3144.0
2024-09-22,夜班,ES-07,153.2,133,3922.0
2024-09-22,夜班,ES-08,125.3,102,2912.0
2024-09-23,早班,ES-02,134.3,72,2139.0
2024-09-23,早班,ES-03,114.4,93,3064.0
2024-09-23,早班,ES-04,175.4,60,1915.0
2024-09-23,早班,ES-06,127.3,86,2476.0
2024-09-23,早班,ES-07,158.5,91,2817.0
2024-09-23,早班,ES-08,118.0,59,1764.0
2024-09-23,中班,ES-01,141.2,101,3058.0
2024-09-23,中班,ES-02,118.2,89,2547.0
2024-09-23,中班,ES-03,104.1,65,1947.0
2024-09-23,中班,ES-04,189.1,120,3846.0
2024-09-23,中班,ES-05,109.9,101,3318.0
2024-09-23,中班,ES-07,147.9,108,3097.0
2024-09-23,夜班,ES-01,127.5,89,2713.0
2024-09-23,夜班,ES-02,134.1,108,3527.0
2024-09-23,夜班,ES-05,121.2,101,3209.0
2024-09-23,夜班,ES-06,135.4,114,3205.0
2024-09-23,夜班,ES-08,115.4,88,2703.0
2024-09-24,早班,ES-03,113.8,92,2650.0
2024-09-24,早班,ES-04,179.3,106,3352.0
2024-09-24,早班,ES-05,118.0,87,2748.0
2024-09-24,早班,ES-06,174.0,116,3512.0
2024-09-24,早班,ES-08,122.5,100,2858.0
2024-09-24,中班,ES-03,119.3,67,2008.0
2024-09-24,中班,ES-04,191.4,57,1646.0
2024-09-24,中班,ES-05,129.1,82,2561.0
2024-09-24,中班,ES-06,118.7,70,2115.0
2024-09-24,夜班,ES-01,115.6,99,2976.0
2024-09-24,夜班,ES-02,138.5,71,2246.0
2024-09-24,夜班,ES-03,114.6,103,2887.0
2024-09-24,夜班,ES-07,142.7,90,2555.0
2024-09-24,夜班,ES-08,112.2,83,2359.0
2024-09-25,早班,ES-01,108.8,81,2348.0
2024-09-25,早班,ES-02,132.6,85,2696.0
2024-09-25,早班,ES-03,114.9,118,3567.0
2024-09-25,早班,ES-04,174.0,102,2880.0
2024-09-25,早班,ES-05,108.7,95,2896.0
2024-09-25,早班,ES-06,137.6,70,2308.0
2024-09-25,早班,ES-07,146.2,100,3268.0
2024-09-25,早班,ES-08,131.1,114,3603.0
2024-09-25,中班,ES-01,118.1,114,3682.0
2024-09-25,中班,ES-02,131.8,122,4024.0
2024-09-25,中班,ES-03,107.3,100,2969.0
2024-09-25,中班,ES-04,166.4,76,2373.0
2024-09-25,中班,ES-05,131.9,80,2311.0
2024-09-25,中班,ES-07,158.8,130,3647.0
2024-09-25,中班,ES-08,117.7,82,2440.0
2024-09-25,夜班,ES-01,113.2,75,2192.0
2024-09-25,夜班,ES-02,127.6,62,1751.0
2024-09-25,夜班,ES-03,108.0,86,2606.0
2024-09-25,夜班,ES-04,167.2,70,2270.0
2024-09-25,夜班,ES-07,145.6,60,1791.0
2024-09-25,夜班,ES-08,127.3,99,2950.0
2024-09-26,早班,ES-01,124.8,109,3479.0
2024-09-26,早班,ES-02,113.7,92,2618.0
2024-09-26,早班,ES-04,184.1,105,3373.0
2024-09-26,早班,ES-05,126.2,93,2611.0
2024-09-26,早班,ES-07,151.2,102,3267.0
2024-09-26,早班,ES-08,117.9,124,3520.0
2024-09-26,中班,ES-01,110.6,121,3905.0
2024-09-26,中班,ES-03,100.1,76,2445.0
2024-09-26,中班,ES-05,121.7,79,2408.0
2024-09-26,中班,ES-06,134.3,117,3533.0
2024-09-26,中班,ES-07,169.3,84,2512.0
2024-09-26,中班,ES-08,127.4,84,2473.0
2024-09-26,夜班,ES-01,109.1,87,2716.0
2024-09-26,夜班,ES-03,114.0,115,3640.0
2024-09-26,夜班,ES-05,136.4,72,2269.0
2024-09-26,夜班,ES-06,135.7,88,2503.0
2024-09-26,夜班,ES-07,154.7,101,2954.0
2024-09-26,夜班,ES-08,139.6,109,3244.0
2024-09-27,早班,ES-01,115.2,72,2165.0
2024-09-27,早班,ES-03,110.2,74,2287.0
2024-09-27,早班,ES-06,127.7,83,2686.0
2024-09-27,早班,ES-08,127.2,97,3169.0
2024-09-27,中班,ES-04,168.8,96,3069.0
2024-09-27,中班,ES-05,127.1,76,2446.0
2024-09-27,中班,ES-06,120.0,93,2833.0
2024-09-27,夜班,ES-01,112.2,118,3462.0
2024-09-27,夜班,ES-02,119.2,120,3634.0
2024-09-27,夜班,ES-03,96.8,89,2618.0
2024-09-27,夜班,ES-04,173.7,97,2978.0
2024-09-27,夜班,ES-06,124.0,53,1654.0
2024-09-27,夜班,ES-07,160.7,98,3210.0
2024-09-27,夜班,ES-08,120.2,66,2105.0
2024-09-28,早班,ES-01,116.9,98,3072.0
2024-09-28,早班,ES-03,96.4,70,2250.0
2024-09-28,早班,ES-04,159.1,111,3215.0
2024-09-28,早班,ES-05,138.3,89,2870.0
2024-09-28,早班,ES-07,148.0,103,2933.0
2024-09-28,早班,ES-08,127.5,52,1632.0
2024-09-28,中班,ES-01,117.6,98,3023.0
2024-09-28,中班,ES-03,119.6,104,3244.0
2024-09-28,中班,ES-04,174.2,95,2740.0
2024-09-28,中班,ES-05,123.4,84,2710.0
2024-09-28,中班,ES-06,130.1,81,2485.0
2024-09-28,中班,ES-07,149.5,86,2688.0
2024-09-28,夜班,ES-01,123.4,113,3211.0
2024-09-28,夜班,ES-02,131.0,61,1925.0
2024-09-28,夜班,ES-03,120.7,83,2428.0
2024-09-28,夜班,ES-07,151.5,118,3607.0
2024-09-29,早班,ES-01,118.9,111,3279.0
2024-09-29,早班,ES-03,107.4,102,3162.0
2024-09-29,早班,ES-05,118.0,74,2429.0
2024-09-29,早班,ES-07,157.6,82,2482.0
2024-09-29,中班,ES-04,178.3,105,3437.0
2024-09-29,中班,ES-07,150.1,73,2155.0
2024-09-29,夜班,ES-01,128.3,98,3049.0
2024-09-29,夜班,ES-04,187.1,88,2533.0
2024-09-29,夜班,ES-05,115.4,83,2324.0
2024-09-29,夜班,ES-06,133.6,120,3565.0
2024-09-29,夜班,ES-07,160.8,98,2834.0
2024-09-30,早班,ES-01,179.3,132,3925.0
2024-09-30,早班,ES-02,127.6,77,2479.0
2024-09-30,早班,ES-03,111.2,110,3334.0
2024-09-30,早班,ES-04,172.0,77,2255.0
2024-09-30,早班,ES-05,118.6,119,3708.0
2024-09-30,早班,ES-07,143.7,90,2749.0
2024-09-30,中班,ES-02,123.5,142,4311.0
2024-09-30,中班,ES-03,160.1,82,2400.0
2024-09-30,中班,ES-04,177.5,129,4047.0
2024-09-30,中班,ES-06,124.6,97,3089.0
2024-09-30,中班,ES-07,151.9,71,2182.0
2024-09-30,中班,ES-08,110.5,72,2168.0
2024-09-30,夜班,ES-01,123.3,105,3350.0
2024-09-30,夜班,ES-02,153.7,85,2602.0
2024-09-30,夜班,ES-03,117.2,53,1706.0
2024-09-30,夜班,ES-04,169.7,82,2525.0
2024-09-30,夜班,ES-06,131.8,99,3250.0
2024-09-30,夜班,ES-08,122.6,94,2823.0
2024-10-01,早班,ES-01,116.5,82,2329.0
2024-10-01,早班,ES-02,128.7,114,3472.0
2024-10-01,早班,ES-03,100.5,92,2746.0
2024-10-01,早班,ES-05,125.9,105,3149.0
2024-10-01,早班,ES-06,126.3,94,3074.0
2024-10-01,早班,ES-07,144.6,94,3078.0
2024-10-01,中班,ES-02,130.7,108,3343.0
2024-10-01,中班,ES-03,110.0,125,3544.0
2024-10-01,中班,ES-04,184.1,94,2970.0
2024-10-01,中班,ES-05,127.2,101,3236.0
2024-10-01,中班,ES-06,133.1,118,3588.0
2024-10-01,中班,ES-08,198.9,78,2519.0
2024-10-01,夜班,ES-01,113.0,90,2850.0
2024-10-01,夜班,ES-02,123.2,109,3320.0
2024-10-01,夜班,ES-03,118.5,110,3323.0
2024-10-01,夜班,ES-04,186.3,65,1989.0
2024-10-01,夜班,ES-05,133.2,55,1640.0
2024-10-01,夜班,ES-06,130.1,104,3428.0
2024-10-01,夜班,ES-07,148.4,94,2867.0
2024-10-01,夜班,ES-08,127.5,90,2888.0
2024-10-02,早班,ES-02,127.2,110,3477.0
2024-10-02,早班,ES-04,174.6,71,2286.0
2024-10-02,早班,ES-05,129.7,68,1957.0
2024-10-02,早班,ES-06,129.2,78,2340.0
2024-10-02,早班,ES-07,152.0,92,2691.0
2024-10-02,早班,ES-08,121.9,68,1973.0
2024-10-02,中班,ES-03,96.7,96,3029.0
2024-10-02,中班,ES-04,169.5,74,2229.0
2024-10-02,中班,ES-05,127.8,97,3089.0
2024-10-02,中班,ES-06,134.1,76,2336.0
2024-10-02,中班,ES-07,147.6,106,2971.0
2024-10-02,中班,ES-08,124.8,103,2925.0
2024-10-02,夜班,ES-01,117.7,66,2167.0
2024-10-02,夜班,ES-02,136.9,105,3182.0
2024-10-02,夜班,ES-03,114.7,94,2977.0
2024-10-02,夜班,ES-04,162.7,98,3191.0
2024-10-02,夜班,ES-05,118.7,107,3297.0
2024-10-02,夜班,ES-06,126.7,91,2809.0
2024-10-02,夜班,ES-07,158.0,104,3290.0
2024-10-02,夜班,ES-08,114.7,74,2088.0
2024-10-03,早班,ES-01,117.8,77,2157.0
2024-10-03,早班,ES-04,168.3,123,3991.0
2024-10-03,早班,ES-05,126.6,90,2615.0
2024-10-03,早班,ES-06,125.0,96,2693.0
2024-10-03,早班,ES-08,200.7,99,3032.0
2024-10-03,中班,ES-01,191.2,96,2780.0
2024-10-03,中班,ES-02,133.0,104,3171.0
2024-10-03,中班,ES-03,100.7,101,3117.0
2024-10-03,中班,ES-04,170.6,70,2047.0
2024-10-03,中班,ES-05,178.0,64,1842.0
2024-10-03,中班,ES-06,130.6,74,2207.0
2024-10-03,中班,ES-08,134.8,120,3588.0
2024-10-03,夜班,ES-02,119.1,75,2157.0
2024-10-03,夜班,ES-03,103.8,82,2342.0
2024-10-03,夜班,ES-04,181.6,80,2578.0
2024-10-03,夜班,ES-05,137.8,116,3585.0
2024-10-03,夜班,ES-06,137.5,89,2721.0
2024-10-03,夜班,ES-07,159.2,67,1914.0
2024-10-04,早班,ES-01,119.7,45,1465.0
2024-10-04,早班,ES-02,115.1,85,2805.0
2024-10-04,早班,ES-03,126.8,104,3295.0
2024-10-04,早班,ES-04,192.6,121,3980.0
2024-10-04,早班,ES-05,115.8,52,1605.0
2024-10-04,早班,ES-07,148.9,100,3268.0
2024-10-04,早班,ES-08,139.7,87,2820.0
2024-10-04,中班,ES-02,168.6,109,3134.0
2024-10-04,中班,ES-03,147.9,57,1736.0
2024-10-04,中班,ES-05,114.6,111,3269.0
2024-10-04,中班,ES-06,132.4,108,3053.0
2024-10-04,中班,ES-07,150.4,81,2516.0
2024-10-04,中班,ES-08,123.3,71,2285.0
2024-10-04,夜班,ES-01,121.8,77,2395.0
2024-10-04,夜班,ES-02,129.0,95,2806.0
2024-10-04,夜班,ES-03,103.7,74,2256.0
2024-10-04,夜班,ES-05,134.2,94,2723.0
2024-10-04,夜班,ES-06,133.2,89,2889.0
2024-10-05,早班,ES-02,126.9,71,2243.0
2024-10-05,早班,ES-03,122.4,112,3434.0
2024-10-05,早班,ES-04,193.2,116,3641.0
2024-10-05,早班,ES-05,134.1,118,3804.0
2024-10-05,早班,ES-07,157.8,87,2524.0
2024-10-05,早班,ES-08,126.2,93,2635.0
2024-10-05,中班,ES-01,124.2,93,2821.0
2024-10-05,中班,ES-02,164.2,115,3596.0
2024-10-05,中班,ES-03,108.4,56,1682.0
2024-10-05,中班,ES-04,185.4,96,2785.0
2024-10-05,中班,ES-05,132.0,61,1788.0
2024-10-05,中班,ES-06,126.0,106,3478.0
2024-10-05,中班,ES-07,164.7,70,2026.0
2024-10-05,夜班,ES-01,116.5,88,2816.0
2024-10-05,夜班,ES-02,115.4,137,4340.0
2024-10-05,夜班,ES-03,101.3,69,2131.0
2024-10-05,夜班,ES-04,187.4,97,3033.0
2024-10-05,夜班,ES-05,129.4,115,3566.0
2024-10-05,夜班,ES-08,118.5,104,3229.0
2024-10-06,早班,ES-01,110.9,75,2138.0
2024-10-06,早班,ES-02,134.1,63,2075.0
2024-10-06,早班,ES-03,129.6,92,2936.0
2024-10-06,早班,ES-05,138.5,94,2886.0
2024-10-06,早班,ES-07,149.2,84,2747.0
2024-10-06,中班,ES-01,116.0,75,2280.0
2024-10-06,中班,ES-03,113.9,104,3354.0
2024-10-06,中班,ES-04,190.8,106,3126.0
2024-10-06,中班,ES-05,108.4,84,2495.0
2024-10-06,中班,ES-06,125.5,100,3239.0
2024-10-06,中班,ES-07,152.0,48,1470.0
2024-10-06,中班,ES-08,124.9,93,2936.0
2024-10-06,夜班,ES-01,125.8,98,2868.0
2024-10-06,夜班,ES-03,104.1,84,2576.0
2024-10-06,夜班,ES-04,173.7,93,2667.0
2024-10-06,夜班,ES-05,126.9,92,2579.0
2024-10-06,夜班,ES-07,141.6,72,2200.0
2024-10-07,早班,ES-01,123.0,92,2902.0
2024-10-07,早班,ES-02,130.7,109,3099.0
2024-10-07,早班,ES-03,112.1,135,4358.0
2024-10-07,早班,ES-05,124.2,72,2150.0
2024-10-07,早班,ES-06,133.2,103,3390.0
2024-10-07,早班,ES-07,153.2,69,2158.0
2024-10-07,早班,ES-08,138.3,87,2446.0
2024-10-07,中班,ES-01,116.1,90,2711.0
2024-10-07,中班,ES-02,125.9,87,2760.0
2024-10-07,中班,ES-04,170.7,98,3180.0
2024-10-07,中班,ES-05,119.8,91,2575.0
2024-10-07,中班,ES-07,162.0,102,3327.0
2024-10-07,夜班,ES-02,142.3,124,3876.0
2024-10-07,夜班,ES-03,120.3,102,2976.0
2024-10-07,夜班,ES-04,173.0,85,2720.0
2024-10-07,夜班,ES-05,141.5,92,2602.0
2024-10-07,夜班,ES-07,153.4,104,2942.0
2024-10-07,夜班,ES-08,122.9,99,2840.0
2024-10-08,早班,ES-01,102.1,83,2641.0
2024-10-08,早班,ES-02,118.8,113,3455.0
2024-10-08,早班,ES-04,179.8,95,2883.0
2024-10-08,早班,ES-05,135.4,99,3131.0
2024-10-08,早班,ES-07,146.0,94,3060.0
2024-10-08,中班,ES-01,114.9,53,1543.0
2024-10-08,中班,ES-02,117.8,101,2962.0
2024-10-08,中班,ES-04,178.4,93,2988.0
2024-10-08,中班,ES-05,131.3,57,1781.0
2024-10-08,中班,ES-07,167.1,82,2520.0
2024-10-08,中班,ES-08,118.6,106,2978.0
2024-10-08,夜班,ES-02,125.0,91,2853.0
2024-10-08,夜班,ES-03,106.3,61,1848.0
2024-10-08,夜班,ES-04,168.7,95,3131.0
2024-10-08,夜班,ES-05,138.6,89,2784.0
2024-10-08,夜班,ES-06,131.4,106,3102.0
2024-10-08,夜班,ES-07,140.8,81,2566.0
2024-10-08,夜班,ES-08,118.1,90,2918.0
2024-10-09,早班,ES-01,120.3,108,3145.0
2024-10-09,早班,ES-02,123.1,100,3290.0
2024-10-09,早班,ES-03,109.3,72,2323.0
2024-10-09,早班,ES-04,163.5,71,2206.0
2024-10-09,早班,ES-06,128.4,95,3118.0
2024-10-09,早班,ES-07,162.7,80,2423.0
2024-10-09,早班,ES-08,121.7,108,3274.0
2024-10-09,中班,ES-01,124.4,74,2386.0
2024-10-09,中班,ES-02,124.6,109,3134.0
2024-10-09,中班,ES-03,106.8,103,3139.0
2024-10-09,中班,ES-04,178.6,89,2620.0
2024-10-09,中班,ES-07,155.8,39,1194.0
2024-10-09,中班,ES-08,114.0,84,2566.0
2024-10-09,夜班,ES-01,100.7,115,3524.0
2024-10-09,夜班,ES-02,115.4,88,2618.0
2024-10-09,夜班,ES-03,103.6,88,2682.0
2024-10-09,夜班,ES-04,174.7,119,3795.0
2024-10-09,夜班,ES-06,137.4,100,3136.0
2024-10-09,夜班,ES-07,151.1,72,2347.0
2024-10-09,夜班,ES-08,122.0,107,3120.0
2024-10-10,早班,ES-02,127.6,68,2023.0
2024-10-10,早班,ES-04,156.6,91,2857.0
2024-10-10,早班,ES-07,143.5,101,3056.0
2024-10-10,早班,ES-08,114.8,105,2965.0
2024-10-10,中班,ES-03,109.1,95,3034.0
2024-10-10,中班,ES-04,169.7,112,3307.0
2024-10-10,中班,ES-05,142.3,94,2841.0
2024-10-10,中班,ES-06,127.4,93,2790.0
2024-10-10,中班,ES-07,157.8,78,2411.0
2024-10-10,夜班,ES-01,120.7,128,4002.0
2024-10-10,夜班,ES-04,166.5,90,2935.0
2024-10-10,夜班,ES-05,121.8,64,2033.0
2024-10-10,夜班,ES-06,118.9,109,3123.0
2024-10-10,夜班,ES-07,147.8,113,3621.0
2024-10-10,夜班,ES-08,125.1,89,2538.0
2024-10-11,早班,ES-01,116.0,88,2784.0
2024-10-11,早班,ES-03,126.2,109,3324.0
2024-10-11,早班,ES-04,162.3,124,3540.0
2024-10-11,早班,ES-06,134.8,61,1908.0
2024-10-11,早班,ES-07,154.1,95,2845.0
2024-10-11,早班,ES-08,117.9,86,2464.0
2024-10-11,中班,ES-01,124.8,110,3270.0
2024-10-11,中班,ES-02,136.8,95,2743.0
2024-10-11,中班,ES-03,114.7,124,3734.0
2024-10-11,中班,ES-04,223.8,96,2857.0
2024-10-11,中班,ES-05,127.9,97,2826.0
2024-10-11,中班,ES-06,124.9,84,2744.0
2024-10-11,中班,ES-07,160.0,101,2867.0
2024-10-11,中班,ES-08,120.9,86,2755.0
2024-10-11,夜班,ES-01,121.3,125,3832.0
2024-10-11,夜班,ES-03,113.7,81,2634.0
2024-10-11,夜班,ES-04,187.8,78,2188.0
2024-10-11,夜班,ES-05,124.9,108,3337.0
2024-10-11,夜班,ES-08,133.5,70,2236.0
2024-10-12,早班,ES-01,109.4,89,2844.0
2024-10-12,早班,ES-02,126.0,63,2022.0
2024-10-12,早班,ES-03,107.0,108,3530.0
2024-10-12,早班,ES-05,117.5,95,2825.0
2024-10-12,早班,ES-07,153.1,95,2945.0
2024-10-12,早班,ES-08,120.0,114,3239.0
2024-10-12,中班,ES-03,111.4,99,3248.0
2024-10-12,中班,ES-04,165.0,94,2938.0
2024-10-12,中班,ES-05,139.6,82,2351.0
2024-10-12,中班,ES-06,133.0,91,2871.0
2024-10-12,中班,ES-07,141.5,54,1584.0
2024-10-12,中班,ES-08,113.8,83,2608.0
2024-10-12,夜班,ES-01,122.6,94,2962.0
2024-10-12,夜班,ES-02,127.2,67,1943.0
2024-10-12,夜班,ES-03,94.6,77,2412.0
2024-10-12,夜班,ES-04,254.4,103,3283.0
2024-10-12,夜班,ES-05,199.7,87,2534.0
2024-10-12,夜班,ES-06,139.7,109,3459.0
2024-10-13,早班,ES-01,118.8,94,2826.0
2024-10-13,早班,ES-02,124.5,109,3080.0
2024-10-13,早班,ES-05,125.4,78,2337.0
2024-10-13,早班,ES-06,116.1,108,3172.0
2024-10-13,早班,ES-08,132.5,142,4281.0
2024-10-13,中班,ES-01,119.5,78,2309.0
2024-10-13,中班,ES-02,127.9,71,2127.0
2024-10-13,中班,ES-03,104.9,84,2607.0
2024-10-13,中班,ES-04,182.7,97,3129.0
2024-10-13,中班,ES-07,140.8,87,2701.0
2024-10-13,中班,ES-08,139.7,92,2864.0
2024-10-13,夜班,ES-02,123.3,93,2777.0
2024-10-13,夜班,ES-03,107.6,95,2797.0
2024-10-13,夜班,ES-04,189.0,117,3295.0
2024-10-13,夜班,ES-05,129.6,112,3182.0
2024-10-13,夜班,ES-06,136.5,117,3502.0
2024-10-13,夜班,ES-07,144.7,90,2732.0
2024-10-13,夜班,ES-08,111.5,108,3485.0
2024-10-14,早班,ES-01,116.3,77,2453.0
2024-10-14,早班,ES-03,113.7,111,3330.0
2024-10-14,早班,ES-04,180.9,91,2620.0
2024-10-14,早班,ES-05,117.4,113,3539.0
2024-10-14,早班,ES-06,125.6,111,3601.0
2024-10-14,早班,ES-07,148.6,119,3821.0
2024-10-14,中班,ES-02,129.5,87,2523.0
2024-10-14,中班,ES-03,97.3,93,2978.0
2024-10-14,中班,ES-05,125.6,113,3580.0
2024-10-14,中班,ES-06,130.8,89,2783.0
2024-10-14,中班,ES-07,144.4,68,2190.0
2024-10-14,中班,ES-08,130.6,92,2685.0
2024-10-14,夜班,ES-01,116.7,85,2582.0
2024-10-14,夜班,ES-03,103.6,88,2599.0
2024-10-14,夜班,ES-04,164.6,112,3549.0
2024-10-14,夜班,ES-05,130.1,94,2797.0
2024-10-14,夜班,ES-06,131.5,86,2711.0
2024-10-14,夜班,ES-07,151.0,104,3006.0
2024-10-15,早班,ES-01,122.4,106,3111.0
2024-10-15,早班,ES-02,121.3,87,2457.0
2024-10-15,早班,ES-03,113.0,128,4175.0
2024-10-15,早班,ES-04,180.6,91,2561.0
2024-10-15,早班,ES-05,141.6,117,3279.0
2024-10-15,早班,ES-06,139.6,109,3590.0
2024-10-15,早班,ES-07,138.8,63,1918.0
2024-10-15,中班,ES-01,200.5,82,2532.0
2024-10-15,中班,ES-02,113.8,50,1533.0
2024-10-15,中班,ES-03,104.2,87,2622.0
2024-10-15,中班,ES-04,199.3,98,2771.0
2024-10-15,中班,ES-05,135.1,102,3110.0
2024-10-15,中班,ES-06,122.1,98,3148.0
2024-10-15,中班,ES-07,153.6,85,2642.0
2024-10-15,中班,ES-08,122.7,97,2903.0
2024-10-15,夜班,ES-01,128.9,94,2893.0
2024-10-15,夜班,ES-02,121.9,110,3459.0
2024-10-15,夜班,ES-03,105.3,80,2473.0
2024-10-15,夜班,ES-04,171.4,82,2618.0
2024-10-15,夜班,ES-05,140.2,107,3424.0
2024-10-15,夜班,ES-06,125.3,69,1936.0
2024-10-15,夜班,ES-07,151.7,104,3411.0
2024-10-15,夜班,ES-08,111.6,73,2366.0
2024-10-16,早班,ES-01,128.6,76,2297.0
2024-10-16,早班,ES-03,112.3,104,3046.0
2024-10-16,早班,ES-04,172.4,94,3042.0
2024-10-16,早班,ES-05,137.0,115,3493.0
2024-10-16,早班,ES-06,136.9,130,3752.0
2024-10-16,早班,ES-07,139.8,64,1971.0
2024-10-16,早班,ES-08,125.3,139,4166.0
2024-10-16,中班,ES-01,120.3,97,3017.0
2024-10-16,中班,ES-02,106.5,62,1852.0
2024-10-16,中班,ES-03,102.2,94,2817.0
2024-10-16,中班,ES-05,136.8,104,3404.0
2024-10-16,中班,ES-06,129.2,111,3545.0
2024-10-16,中班,ES-08,121.9,75,2219.0
2024-10-16,夜班,ES-02,127.3,69,2249.0
2024-10-16,夜班,ES-03,110.9,92,2892.0
2024-10-16,夜班,ES-04,178.0,116,3350.0
2024-10-16,夜班,ES-05,105.7,111,3629.0
2024-10-16,夜班,ES-06,136.0,116,3769.0
2024-10-16,夜班,ES-07,157.0,75,2288.0
2024-10-16,夜班,ES-08,128.0,111,3182.0
2024-10-17,早班,ES-01,114.2,65,1904.0
2024-10-17,早班,ES-03,111.8,62,1864.0
2024-10-17,早班,ES-06,138.2,69,1949.0
2024-10-17,早班,ES-07,142.2,84,2496.0
2024-10-17,早班,ES-08,129.7,94,2993.0
2024-10-17,中班,ES-02,130.0,107,3384.0
2024-10-17,中班,ES-04,176.8,78,2242.0
2024-10-17,中班,ES-05,137.1,84,2717.0
2024-10-17,中班,ES-07,156.3,99,3091.0
2024-10-17,中班,ES-08,130.2,113,3527.0
2024-10-17,夜班,ES-01,114.9,85,2469.0
2024-10-17,夜班,ES-02,117.7,96,3044.0
2024-10-17,夜班,ES-03,115.2,91,2779.0
2024-10-17,夜班,ES-04,173.5,102,3226.0
2024-10-17,夜班,ES-05,132.2,82,2365.0
2024-10-17,夜班,ES-07,163.0,109,3206.0
2024-10-17,夜班,ES-08,127.4,73,2245.0
2024-10-18,早班,ES-01,126.8,94,2767.0
2024-10-18,早班,ES-02,134.4,88,2795.0
2024-10-18,早班,ES-03,102.6,124,3928.0
2024-10-18,早班,ES-04,184.1,86,2591.0
2024-10-18,早班,ES-05,140.9,68,2216.0
2024-10-18,早班,ES-06,138.7,108,3071.0
2024-10-18,早班,ES-07,149.6,103,3236.0
2024-10-18,早班,ES-08,122.5,129,4072.0
2024-10-18,中班,ES-04,174.8,64,1973.0
2024-10-18,中班,ES-05,137.7,101,3308.0
2024-10-18,中班,ES-06,123.7,81,2282.0
2024-10-18,中班,ES-08,125.9,126,4095.0
2024-10-18,夜班,ES-01,131.1,58,1742.0
2024-10-18,夜班,ES-03,122.1,84,2747.0
2024-10-18,夜班,ES-04,173.9,76,2333.0
2024-10-18,夜班,ES-05,134.3,92,2901.0
2024-10-18,夜班,ES-06,136.4,61,1763.0
2024-10-18,夜班,ES-08,118.0,108,3172.0
2024-10-19,早班,ES-01,110.6,119,3472.0
2024-10-19,早班,ES-02,142.0,76,2351.0
2024-10-19,早班,ES-03,113.2,83,2555.0
2024-10-19,早班,ES-04,170.1,127,3919.0
2024-10-19,早班,ES-05,123.8,108,3165.0
2024-10-19,早班,ES-07,151.6,74,2279.0
2024-10-19,早班,ES-08,115.4,122,3559.0
2024-10-19,中班,ES-01,103.8,108,3112.0
2024-10-19,中班,ES-04,185.4,72,2218.0
2024-10-19,中班,ES-05,142.4,58,1735.0
2024-10-19,中班,ES-06,122.7,113,3252.0
2024-10-19,中班,ES-08,123.6,94,2660.0
2024-10-19,夜班,ES-02,125.8,110,3080.0
2024-10-19,夜班,ES-03,109.7,102,2950.0
2024-10-19,夜班,ES-05,129.9,138,4000.0
2024-10-19,夜班,ES-06,128.2,126,3892.0
2024-10-19,夜班,ES-08,135.3,65,2069.0
2024-10-20,早班,ES-01,126.9,81,2350.0
2024-10-20,早班,ES-02,129.5,103,3066.0
2024-10-20,早班,ES-03,114.4,107,3306.0
2024-10-20,早班,ES-04,173.7,77,2266.0
2024-10-20,早班,ES-05,133.8,74,2202.0
2024-10-20,早班,ES-06,120.3,119,3382.0
2024-10-20,早班,ES-07,160.2,76,2493.0
2024-10-20,早班,ES-08,123.4,58,1875.0
2024-10-20,中班,ES-01,124.0,71,2278.0
2024-10-20,中班,ES-02,126.0,109,3387.0
2024-10-20,中班,ES-03,118.1,86,2767.0
2024-10-20,中班,ES-04,240.9,87,2598.0
2024-10-20,中班,ES-05,114.1,97,3089.0
2024-10-20,中班,ES-07,142.0,84,2502.0
2024-10-20,中班,ES-08,119.0,103,3122.0
2024-10-20,夜班,ES-02,130.8,65,1994.0
2024-10-20,夜班,ES-05,138.5,103,3162.0
2024-10-20,夜班,ES-06,118.1,104,3294.0
2024-10-20,夜班,ES-07,157.6,112,3300.0
2024-10-20,夜班,ES-08,122.5,92,2787.0
2024-10-21,早班,ES-01,107.1,64,2055.0
2024-10-21,早班,ES-02,194.7,119,3731.0
2024-10-21,早班,ES-03,103.2,62,1821.0
2024-10-21,早班,ES-04,173.6,84,2354.0
2024-10-21,早班,ES-05,119.2,98,3038.0
2024-10-21,早班,ES-06,123.1,104,3014.0
2024-10-21,早班,ES-08,129.3,116,3479.0
2024-10-21,中班,ES-01,119.0,82,2399.0
2024-10-21,中班,ES-02,126.8,74,2198.0
2024-10-21,中班,ES-03,105.1,78,2221.0
2024-10-21,中班,ES-04,177.2,97,3005.0
2024-10-21,中班,ES-05,137.5,82,2305.0
2024-10-21,中班,ES-06,128.1,91,2642.0
2024-10-21,中班,ES-07,154.3,66,2110.0
2024-10-21,中班,ES-08,142.6,103,3229.0
2024-10-21,夜班,ES-01,115.0,83,2480.0
2024-10-21,夜班,ES-02,135.1,103,2890.0
2024-10-21,夜班,ES-03,114.8,97,3137.0
2024-10-21,夜班,ES-04,246.1,80,2442.0
2024-10-21,夜班,ES-06,135.2,81,2545.0
2024-10-21,夜班,ES-07,145.3,129,3871.0
2024-10-21,夜班,ES-08,127.0,84,2577.0
2024-10-22,早班,ES-01,136.6,111,3443.0
2024-10-22,早班,ES-02,128.7,59,1806.0
2024-10-22,早班,ES-03,115.2,112,3250.0
2024-10-22,早班,ES-05,126.9,85,2451.0
2024-10-22,早班,ES-06,129.7,84,2398.0
2024-10-22,早班,ES-07,131.6,97,2785.0
2024-10-22,早班,ES-08,131.1,64,1821.0
2024-10-22,中班,ES-01,106.5,120,3533.0
2024-10-22,中班,ES-02,117.7,90,2754.0
2024-10-22,中班,ES-03,155.1,85,2795.0
2024-10-22,中班,ES-05,137.6,70,2186.0
2024-10-22,中班,ES-06,110.6,83,2537.0
2024-10-22,夜班,ES-01,127.1,95,2768.0
2024-10-22,夜班,ES-02,130.6,99,3031.0
2024-10-22,夜班,ES-03,105.0,117,3601.0
2024-10-22,夜班,ES-04,178.3,98,2914.0
2024-10-22,夜班,ES-05,126.1,120,3873.0
2024-10-22,夜班,ES-06,119.1,87,2799.0
2024-10-22,夜班,ES-07,144.1,74,2309.0
2024-10-22,夜班,ES-08,116.6,95,3130.0
2024-10-23,早班,ES-01,114.5,108,3274.0
2024-10-23,早班,ES-02,135.0,65,2101.0
2024-10-23,早班,ES-03,122.2,91,2757.0
2024-10-23,早班,ES-04,177.0,98,3212.0
2024-10-23,早班,ES-05,119.1,83,2734.0
2024-10-23,早班,ES-06,137.2,99,3042.0
2024-10-23,早班,ES-08,126.6,102,3222.0
2024-10-23,中班,ES-01,128.7,61,1948.0
2024-10-23,中班,ES-02,113.6,142,4436.0
2024-10-23,中班,ES-04,170.0,132,4041.0
2024-10-23,中班,ES-05,122.6,95,2798.0
2024-10-23,中班,ES-06,127.9,103,2993.0
2024-10-23,中班,ES-07,155.7,101,3099.0
2024-10-23,中班,ES-08,130.9,85,2649.0
2024-10-23,夜班,ES-01,102.1,94,2894.0
2024-10-23,夜班,ES-02,120.7,89,2849.0
2024-10-23,夜班,ES-03,101.6,117,3739.0
2024-10-23,夜班,ES-07,156.9,77,2258.0
2024-10-23,夜班,ES-08,115.3,106,3105.0
2024-10-24,早班,ES-01,116.4,132,4145.0
2024-10-24,早班,ES-03,124.9,121,3889.0
2024-10-24,早班,ES-04,169.6,85,2570.0
2024-10-24,早班,ES-06,129.9,99,2795.0
2024-10-24,早班,ES-07,137.8,106,3277.0
2024-10-24,早班,ES-08,120.1,116,3267.0
2024-10-24,中班,ES-02,122.3,99,3181.0
2024-10-24,中班,ES-04,182.0,50,1536.0
2024-10-24,中班,ES-06,117.4,89,2844.0
2024-10-24,中班,ES-07,149.3,90,2578.0
2024-10-24,夜班,ES-01,128.0,99,2891.0
2024-10-24,夜班,ES-02,126.6,72,2072.0
2024-10-24,夜班,ES-03,114.8,100,3090.0
2024-10-24,夜班,ES-04,181.1,97,2786.0
2024-10-24,夜班,ES-06,131.4,92,2807.0
2024-10-25,早班,ES-01,116.0,106,3489.0
2024-10-25,早班,ES-04,152.0,107,3079.0
2024-10-25,早班,ES-05,143.4,85,2663.0
2024-10-25,早班,ES-06,132.6,106,3202.0
2024-10-25,早班,ES-07,141.4,95,2785.0
2024-10-25,中班,ES-01,117.3,78,2409.0
2024-10-25,中班,ES-02,134.2,126,3581.0
2024-10-25,中班,ES-03,100.0,87,2556.0
2024-10-25,中班,ES-04,169.1,93,2858.0
2024-10-25,中班,ES-05,112.5,123,3912.0
2024-10-25,中班,ES-07,154.4,90,2695.0
2024-10-25,中班,ES-08,116.7,103,3175.0
2024-10-25,夜班,ES-01,126.4,100,3259.0
2024-10-25,夜班,ES-03,180.6,108,3254.0
2024-10-25,夜班,ES-04,158.4,111,3185.0
2024-10-25,夜班,ES-05,120.2,79,2290.0
2024-10-25,夜班,ES-06,144.3,82,2329.0
2024-10-25,夜班,ES-07,141.9,110,3448.0
2024-10-25,夜班,ES-08,134.2,117,3840.0
2024-10-26,早班,ES-01,120.5,120,3427.0
2024-10-26,早班,ES-02,125.4,76,2147.0
2024-10-26,早班,ES-03,122.1,109,3097.0
2024-10-26,早班,ES-04,179.3,102,2858.0
2024-10-26,早班,ES-05,133.0,96,3050.0
2024-10-26,早班,ES-06,135.6,81,2524.0
2024-10-26,早班,ES-07,161.8,89,2886.0
2024-10-26,早班,ES-08,117.4,106,3070.0
2024-10-26,中班,ES-01,113.1,102,2881.0
2024-10-26,中班,ES-03,115.9,83,2538.0
2024-10-26,中班,ES-04,169.5,119,3625.0
2024-10-26,中班,ES-05,132.9,88,2488.0
2024-10-26,中班,ES-06,135.1,102,2896.0
2024-10-26,中班,ES-07,163.0,134,3792.0
2024-10-26,中班,ES-08,123.8,85,2390.0
2024-10-26,夜班,ES-01,111.5,71,2209.0
2024-10-26,夜班,ES-03,100.3,102,3300.0
2024-10-26,夜班,ES-04,181.3,102,2977.0
2024-10-26,夜班,ES-05,132.5,78,2234.0
2024-10-26,夜班,ES-06,127.8,88,2477.0
2024-10-26,夜班,ES-07,142.8,105,3232.0
2024-10-26,夜班,ES-08,131.2,76,2365.0
2024-10-27,早班,ES-01,164.5,95,3111.0
2024-10-27,早班,ES-02,119.4,101,3254.0
2024-10-27,早班,ES-03,117.1,83,2675.0
2024-10-27,早班,ES-04,178.3,80,2318.0
2024-10-27,早班,ES-05,116.7,116,3791.0
2024-10-27,早班,ES-06,123.9,97,3106.0
2024-10-27,早班,ES-07,152.4,98,2863.0
2024-10-27,早班,ES-08,123.7,89,2564.0
2024-10-27,中班,ES-01,115.7,118,3364.0
2024-10-27,中班,ES-03,118.7,82,2330.0
2024-10-27,中班,ES-04,180.3,20,632.0
2024-10-27,中班,ES-05,126.1,114,3490.0
2024-10-27,中班,ES-07,137.5,105,3288.0
2024-10-27,中班,ES-08,118.1,111,3528.0
2024-10-27,夜班,ES-01,101.4,86,2743.0
2024-10-27,夜班,ES-04,169.1,66,1852.0
2024-10-27,夜班,ES-05,136.6,85,2791.0
2024-10-27,夜班,ES-06,121.1,76,2415.0
2024-10-27,夜班,ES-08,130.0,66,2146.0
2024-10-28,早班,ES-01,116.9,103,2952.0
2024-10-28,早班,ES-02,132.9,79,2380.0
2024-10-28,早班,ES-03,110.2,93,2854.0
2024-10-28,早班,ES-04,184.7,96,3073.0
2024-10-28,早班,ES-06,130.6,103,3238.0
2024-10-28,早班,ES-07,138.6,105,3106.0
2024-10-28,中班,ES-01,114.4,96,2847.0
2024-10-28,中班,ES-02,126.8,94,3009.0
2024-10-28,中班,ES-03,119.2,68,2234.0
2024-10-28,中班,ES-04,185.7,109,3480.0
2024-10-28,中班,ES-05,123.9,97,2772.0
2024-10-28,夜班,ES-03,99.1,77,2401.0
2024-10-28,夜班,ES-04,188.3,54,1569.0
2024-10-28,夜班,ES-06,126.0,81,2498.0
2024-10-29,早班,ES-03,109.4,110,3213.0
2024-10-29,早班,ES-04,174.4,90,2662.0
2024-10-29,早班,ES-05,133.6,96,3032.0
2024-10-29,早班,ES-06,121.1,87,2531.0
2024-10-29,早班,ES-07,151.2,80,2632.0
2024-10-29,早班,ES-08,121.3,82,2440.0
2024-10-29,中班,ES-01,118.0,94,2718.0
2024-10-29,中班,ES-02,106.9,74,2395.0
2024-10-29,中班,ES-03,115.0,89,2788.0
2024-10-29,中班,ES-04,183.7,94,3044.0
2024-10-29,中班,ES-06,120.6,103,2961.0
2024-10-29,中班,ES-07,141.4,73,2323.0
2024-10-29,中班,ES-08,131.1,74,2072.0
2024-10-29,夜班,ES-01,122.7,88,2800.0
2024-10-29,夜班,ES-04,179.3,102,3129.0
2024-10-29,夜班,ES-05,132.6,57,1617.0
2024-10-29,夜班,ES-06,121.8,86,2668.0
2024-10-29,夜班,ES-07,157.1,113,3303.0
2024-10-29,夜班,ES-08,134.1,120,3618.0
2024-10-30,早班,ES-01,115.6,118,3407.0
2024-10-30,早班,ES-03,114.4,92,2847.0
2024-10-30,早班,ES-04,221.9,34,1051.0
2024-10-30,早班,ES-05,204.5,98,2816.0
2024-10-30,早班,ES-06,131.1,81,2438.0
2024-10-30,早班,ES-07,148.7,97,3026.0
2024-10-30,早班,ES-08,127.4,98,3080.0
2024-10-30,中班,ES-01,133.0,101,3054.0
2024-10-30,中班,ES-04,232.5,86,2550.0
2024-10-30,中班,ES-05,128.4,104,3173.0
2024-10-30,中班,ES-06,135.3,110,3593.0
2024-10-30,中班,ES-07,158.1,97,2783.0
2024-10-30,夜班,ES-01,183.2,90,2760.0
2024-10-30,夜班,ES-02,125.6,105,3337.0
2024-10-30,夜班,ES-03,110.1,140,4404.0
2024-10-30,夜班,ES-04,168.6,99,3224.0
2024-10-30,夜班,ES-05,130.7,116,3513.0
2024-10-30,夜班,ES-06,118.5,93,2838.0
2024-10-30,夜班,ES-08,112.9,69,2019.0
2024-10-31,早班,ES-01,137.9,82,2675.0
2024-10-31,早班,ES-03,119.1,73,2272.0
2024-10-31,早班,ES-04,195.8,113,3210.0
2024-10-31,早班,ES-06,120.1,79,2384.0
2024-10-31,早班,ES-07,155.4,90,2902.0
2024-10-31,早班,ES-08,128.3,81,2519.0
2024-10-31,中班,ES-01,123.9,75,2247.0
2024-10-31,中班,ES-02,141.4,96,2810.0
2024-10-31,中班,ES-05,133.7,71,2159.0
2024-10-31,中班,ES-06,124.6,90,2917.0
2024-10-31,中班,ES-08,127.9,89,2740.0
2024-10-31,夜班,ES-01,109.9,85,2752.0
2024-10-31,夜班,ES-02,128.9,98,3123.0
2024-10-31,夜班,ES-03,111.7,77,2352.0
2024-10-31,夜班,ES-05,112.3,67,1978.0
2024-10-31,夜班,ES-07,157.4,94,2835.0
2024-10-31,夜班,ES-08,110.4,114,3364.0
2024-11-01,早班,ES-01,139.5,101,3098.0
2024-11-01,早班,ES-02,125.4,85,2669.0
2024-11-01,早班,ES-03,104.3,110,3319.0
2024-11-01,早班,ES-04,169.4,99,2999.0
2024-11-01,早班,ES-05,147.8,120,3800.0
2024-11-01,早班,ES-06,132.0,77,2198.0
2024-11-01,早班,ES-07,141.0,84,2609.0
2024-11-01,早班,ES-08,119.1,98,3171.0
2024-11-01,中班,ES-01,115.2,112,3513.0
2024-11-01,中班,ES-02,122.3,134,3771.0
2024-11-01,中班,ES-03,98.4,73,2404.0
2024-11-01,中班,ES-04,181.7,91,2895.0
2024-11-01,中班,ES-05,128.4,78,2418.0
2024-11-01,中班,ES-06,122.8,102,3097.0
2024-11-01,中班,ES-07,132.5,83,2357.0
2024-11-01,夜班,ES-01,129.4,78,2494.0
2024-11-01,夜班,ES-02,112.2,40,1204.0
2024-11-01,夜班,ES-03,111.6,123,3613.0
2024-11-01,夜班,ES-05,119.7,144,4593.0
2024-11-01,夜班,ES-06,137.3,100,3140.0
2024-11-01,夜班,ES-07,141.2,115,3743.0
2024-11-01,夜班,ES-08,121.9,97,2830.0
2024-11-02,早班,ES-01,123.3,89,2824.0
2024-11-02,早班,ES-03,127.0,97,3158.0
2024-11-02,早班,ES-05,124.9,96,3148.0
2024-11-02,早班,ES-06,144.4,90,2710.0
2024-11-02,早班,ES-07,140.7,127,3966.0
2024-11-02,早班,ES-08,119.0,86,2453.0
2024-11-02,中班,ES-01,108.9,114,3431.0
2024-11-02,中班,ES-02,126.8,130,3980.0
2024-11-02,中班,ES-03,109.1,64,2035.0
2024-11-02,中班,ES-04,177.2,78,2286.0
2024-11-02,中班,ES-05,131.5,102,3330.0
2024-11-02,中班,ES-06,132.6,113,3270.0
2024-11-02,中班,ES-07,139.7,50,1513.0
2024-11-02,中班,ES-08,108.0,104,3093.0
2024-11-02,夜班,ES-01,123.2,87,2816.0
2024-11-02,夜班,ES-02,137.7,54,1624.0
2024-11-02,夜班,ES-03,107.9,84,2736.0
2024-11-02,夜班,ES-04,183.5,99,2798.0
2024-11-02,夜班,ES-05,124.5,119,3819.0
2024-11-02,夜班,ES-06,135.0,80,2415.0
2024-11-02,夜班,ES-07,140.9,80,2599.0
2024-11-02,夜班,ES-08,117.6,97,2988.0
2024-11-03,早班,ES-01,121.7,81,2275.0
2024-11-03,早班,ES-03,109.5,82,2419.0
2024-11-03,早班,ES-04,190.6,112,3440.0
2024-11-03,早班,ES-05,117.2,85,2520.0
2024-11-03,早班,ES-06,117.2,76,2184.0
2024-11-03,早班,ES-07,182.1,95,3128.0
2024-11-03,中班,ES-01,113.4,101,2943.0
2024-11-03,中班,ES-02,125.4,93,2728.0
2024-11-03,中班,ES-04,166.6,64,2020.0
2024-11-03,中班,ES-05,135.5,91,2680.0
2024-11-03,中班,ES-06,135.9,73,2123.0
2024-11-03,中班,ES-08,127.1,93,2617.0
2024-11-03,夜班,ES-01,191.7,70,2187.0
2024-11-03,夜班,ES-02,130.3,71,2214.0
2024-11-03,夜班,ES-03,128.7,94,2708.0
2024-11-03,夜班,ES-04,182.8,119,3382.0
2024-11-03,夜班,ES-05,121.1,112,3615.0
2024-11-03,夜班,ES-06,117.3,69,2112.0
2024-11-03,夜班,ES-07,155.9,95,3068.0
2024-11-03,夜班,ES-08,115.9,94,2769.0
2024-11-04,早班,ES-01,118.4,75,2130.0
2024-11-04,早班,ES-02,137.9,80,2285.0
2024-11-04,早班,ES-03,113.8,80,2388.0
2024-11-04,早班,ES-04,175.9,87,2830.0
2024-11-04,早班,ES-06,136.4,113,3434.0
2024-11-04,早班,ES-07,185.9,86,2480.0
2024-11-04,早班,ES-08,143.6,114,3239.0
2024-11-04,中班,ES-02,126.5,115,3334.0
2024-11-04,中班,ES-03,119.9,106,3439.0
2024-11-04,中班,ES-04,179.2,117,3509.0
2024-11-04,中班,ES-05,118.8,129,3658.0
2024-11-04,中班,ES-07,153.0,103,3094.0
2024-11-04,中班,ES-08,132.1,113,3520.0
2024-11-04,夜班,ES-04,179.5,128,4175.0
2024-11-04,夜班,ES-06,133.6,82,2699.0
2024-11-04,夜班,ES-07,153.3,115,3562.0
2024-11-05,早班,ES-01,130.0,78,2345.0
2024-11-05,早班,ES-02,124.2,109,3116.0
2024-11-05,早班,ES-04,174.3,121,3653.0
2024-11-05,早班,ES-06,134.6,120,3870.0
2024-11-05,早班,ES-07,144.0,97,2960.0
2024-11-05,早班,ES-08,126.8,96,2815.0
2024-11-05,中班,ES-01,125.8,135,4392.0
2024-11-05,中班,ES-02,174.7,73,2135.0
2024-11-05,中班,ES-04,172.0,115,3333.0
2024-11-05,中班,ES-05,123.2,103,3239.0
2024-11-05,中班,ES-06,125.8,101,2941.0
2024-11-05,中班,ES-08,136.1,111,3443.0
2024-11-05,夜班,ES-01,109.4,128,3848.0
2024-11-05,夜班,ES-04,170.3,130,4202.0
2024-11-05,夜班,ES-05,126.5,84,2561.0
2024-11-05,夜班,ES-06,128.2,95,3127.0
2024-11-06,早班,ES-01,121.2,90,2909.0
2024-11-06,早班,ES-02,123.0,85,2795.0
2024-11-06,早班,ES-04,171.6,88,2573.0
2024-11-06,早班,ES-05,129.3,110,3200.0
2024-11-06,早班,ES-07,164.6,83,2734.0
2024-11-06,中班,ES-01,115.6,77,2171.0
2024-11-06,中班,ES-02,131.4,110,3593.0
2024-11-06,中班,ES-03,115.5,68,2210.0
2024-11-06,中班,ES-04,184.5,47,1446.0
2024-11-06,中班,ES-05,127.7,96,2806.0
2024-11-06,中班,ES-06,119.3,84,2756.0
2024-11-06,中班,ES-07,144.7,82,2466.0
2024-11-06,中班,ES-08,128.7,73,2354.0
2024-11-06,夜班,ES-01,120.4,91,2657.0
2024-11-06,夜班,ES-02,126.5,95,2681.0
2024-11-06,夜班,ES-05,124.8,86,2809.0
2024-11-06,夜班,ES-06,125.3,108,3294.0
2024-11-06,夜班,ES-08,111.0,103,3327.0
2024-11-07,早班,ES-01,115.8,107,3030.0
2024-11-07,早班,ES-02,129.0,89,2751.0
2024-11-07,早班,ES-04,174.6,103,3381.0
2024-11-07,早班,ES-05,122.0,89,2741.0
2024-11-07,早班,ES-06,141.6,99,2792.0
2024-11-07,早班,ES-07,152.4,91,2561.0
2024-11-07,早班,ES-08,123.8,97,2819.0
2024-11-07,中班,ES-01,185.7,113,3471.0
2024-11-07,中班,ES-04,186.5,130,3738.0
2024-11-07,中班,ES-05,128.0,90,2847.0
2024-11-07,中班,ES-06,137.0,122,3534.0
2024-11-07,中班,ES-07,146.3,111,3455.0
2024-11-07,中班,ES-08,132.4,104,3135.0
2024-11-07,夜班,ES-01,119.8,123,3769.0
2024-11-07,夜班,ES-02,139.2,102,3030.0
2024-11-07,夜班,ES-03,103.3,71,2254.0
2024-11-07,夜班,ES-04,172.6,110,3336.0
2024-11-07,夜班,ES-05,123.9,93,2731.0
2024-11-07,夜班,ES-06,151.5,104,3220.0
2024-11-08,早班,ES-01,115.8,105,3137.0
2024-11-08,早班,ES-02,138.6,108,3042.0
2024-11-08,早班,ES-04,175.6,104,3378.0
2024-11-08,早班,ES-05,127.0,72,2255.0
2024-11-08,早班,ES-06,127.9,82,2501.0
2024-11-08,早班,ES-08,117.4,69,1933.0
2024-11-08,中班,ES-01,118.4,110,3174.0
2024-11-08,中班,ES-02,121.8,71,2237.0
2024-11-08,中班,ES-04,177.8,77,2318.0
2024-11-08,中班,ES-05,112.4,94,2850.0
2024-11-08,中班,ES-06,128.1,88,2694.0
2024-11-08,中班,ES-08,117.7,85,2548.0
2024-11-08,夜班,ES-01,115.7,72,2255.0
2024-11-08,夜班,ES-02,124.7,86,2531.0
2024-11-08,夜班,ES-04,176.3,71,1994.0
2024-11-08,夜班,ES-05,135.4,113,3533.0
2024-11-08,夜班,ES-06,126.7,109,3287.0
2024-11-08,夜班,ES-07,143.0,60,1695.0
2024-11-08,夜班,ES-08,122.5,82,2330.0
2024-11-09,早班,ES-02,127.8,85,2680.0
2024-11-09,早班,ES-03,135.9,102,3132.0
2024-11-09,早班,ES-05,135.7,76,2325.0
2024-11-09,早班,ES-06,116.7,61,1719.0
2024-11-09,早班,ES-07,156.9,122,3508.0
2024-11-09,早班,ES-08,117.4,94,2925.0
2024-11-09,中班,ES-01,121.0,91,2864.0
2024-11-09,中班,ES-02,130.4,93,2639.0
2024-11-09,中班,ES-04,165.1,88,2833.0
2024-11-09,中班,ES-05,136.2,104,3010.0
2024-11-09,中班,ES-06,119.7,125,3954.0
2024-11-09,中班,ES-08,110.3,86,2494.0
2024-11-09,夜班,ES-01,128.3,113,3516.0
2024-11-09,夜班,ES-02,119.5,72,2255.0
2024-11-09,夜班,ES-03,111.7,64,1932.0
2024-11-09,夜班,ES-04,172.6,106,3287.0
2024-11-10,早班,ES-01,118.1,101,2875.0
2024-11-10,早班,ES-02,138.2,109,3523.0
2024-11-10,早班,ES-04,177.6,86,2526.0
2024-11-10,早班,ES-05,116.3,106,3177.0
2024-11-10,早班,ES-06,117.9,68,2038.0
2024-11-10,早班,ES-07,153.5,100,3226.0
2024-11-10,早班,ES-08,116.5,96,3057.0
2024-11-10,中班,ES-01,119.5,141,4590.0
2024-11-10,中班,ES-02,140.8,110,3523.0
2024-11-10,中班,ES-04,158.5,123,3760.0
2024-11-10,中班,ES-07,147.4,124,3910.0
2024-11-10,夜班,ES-01,127.2,96,3065.0
2024-11-10,夜班,ES-02,115.6,95,2828.0
2024-11-10,夜班,ES-03,106.7,132,3774.0
2024-11-10,夜班,ES-04,172.5,68,1916.0
2024-11-10,夜班,ES-06,133.5,89,2572.0
2024-11-10,夜班,ES-07,155.8,70,1991.0
2024-11-10,夜班,ES-08,130.5,92,3023.0
2024-11-11,早班,ES-01,118.4,77,2458.0
2024-11-11,早班,ES-02,122.8,91,2809.0
2024-11-11,早班,ES-03,101.7,92,2605.0
2024-11-11,早班,ES-05,139.4,115,3483.0
2024-11-11,早班,ES-06,171.6,120,3685.0
2024-11-11,早班,ES-07,144.5,92,2731.0
2024-11-11,早班,ES-08,124.6,130,3910.0
2024-11-11,中班,ES-01,123.7,55,1637.0
2024-11-11,中班,ES-02,139.8,73,2211.0
2024-11-11,中班,ES-03,107.6,118,3417.0
2024-11-11,中班,ES-04,167.2,100,3068.0
2024-11-11,中班,ES-05,136.6,94,2798.0
2024-11-11,中班,ES-06,139.5,98,3075.0
2024-11-11,中班,ES-07,162.9,90,2908.0
2024-11-11,中班,ES-08,150.4,74,2351.0
2024-11-11,夜班,ES-02,119.8,77,2189.0
2024-11-11,夜班,ES-04,174.2,119,3349.0
2024-11-11,夜班,ES-05,121.6,109,3371.0
2024-11-11,夜班,ES-06,127.0,98,2949.0
2024-11-11,夜班,ES-07,150.1,102,3127.0
2024-11-11,夜班,ES-08,123.2,123,3757.0
2024-11-12,早班,ES-01,101.2,93,2673.0
2024-11-12,早班,ES-02,131.1,99,3022.0
2024-11-12,早班,ES-03,123.9,80,2629.0
2024-11-12,早班,ES-04,171.9,101,3161.0
2024-11-12,早班,ES-06,126.7,64,1807.0
2024-11-12,早班,ES-07,154.3,62,1966.0
2024-11-12,早班,ES-08,119.4,75,2103.0
2024-11-12,中班,ES-01,121.3,97,3129.0
2024-11-12,中班,ES-02,129.6,92,2807.0
2024-11-12,中班,ES-03,115.3,101,3236.0
2024-11-12,中班,ES-04,176.8,99,2775.0
2024-11-12,中班,ES-05,122.2,74,2186.0
2024-11-12,中班,ES-07,140.6,110,3273.0
2024-11-12,中班,ES-08,117.0,97,3055.0
2024-11-12,夜班,ES-03,97.6,130,4058.0
2024-11-12,夜班,ES-04,174.2,110,3249.0
2024-11-12,夜班,ES-05,137.9,86,2419.0
2024-11-12,夜班,ES-06,137.4,96,2989.0
2024-11-12,夜班,ES-07,145.3,104,3235.0
2024-11-12,夜班,ES-08,124.4,111,3619.0
2024-11-13,早班,ES-01,110.2,97,2741.0
2024-11-13,早班,ES-02,116.7,71,2094.0
2024-11-13,早班,ES-03,108.8,119,3625.0
2024-11-13,早班,ES-04,251.0,89,2497.0
2024-11-13,早班,ES-07,151.5,106,3188.0
2024-11-13,早班,ES-08,119.7,103,2958.0
2024-11-13,中班,ES-02,121.2,99,3064.0
2024-11-13,中班,ES-03,100.0,97,2874.0
2024-11-13,中班,ES-04,180.2,75,2229.0
2024-11-13,中班,ES-05,117.6,105,3012.0
2024-11-13,中班,ES-06,132.5,96,3125.0
2024-11-13,中班,ES-07,163.4,123,3863.0
2024-11-13,中班,ES-08,120.0,94,3068.0
2024-11-13,夜班,ES-01,113.1,97,3164.0
2024-11-13,夜班,ES-02,104.6,94,2683.0
2024-11-13,夜班,ES-03,110.8,78,2433.0
2024-11-13,夜班,ES-05,167.9,101,3075.0
2024-11-13,夜班,ES-06,137.2,103,3086.0
2024-11-13,夜班,ES-07,143.3,95,2663.0
2024-11-13,夜班,ES-08,140.8,103,3172.0
2024-11-14,早班,ES-01,114.8,64,1867.0
2024-11-14,早班,ES-02,117.1,78,2388.0
2024-11-14,早班,ES-03,109.4,109,3231.0
2024-11-14,早班,ES-04,155.2,85,2730.0
2024-11-14,早班,ES-06,120.7,90,2903.0
2024-11-14,早班,ES-07,161.2,63,2023.0
2024-11-14,早班,ES-08,121.2,75,2395.0
2024-11-14,中班,ES-01,110.5,116,3542.0
2024-11-14,中班,ES-02,118.1,97,2822.0
2024-11-14,中班,ES-05,127.9,74,2324.0
2024-11-14,中班,ES-06,122.4,81,2617.0
2024-11-14,中班,ES-07,139.7,99,3071.0
2024-11-14,中班,ES-08,120.6,83,2656.0
2024-11-14,夜班,ES-01,120.1,113,3396.0
2024-11-14,夜班,ES-02,197.8,69,2061.0
2024-11-14,夜班,ES-03,109.6,85,2472.0
2024-11-14,夜班,ES-05,131.3,76,2235.0
2024-11-14,夜班,ES-06,130.5,129,3916.0
2024-11-14,夜班,ES-07,149.0,141,4228.0
2024-11-14,夜班,ES-08,121.7,90,2939.0
2024-11-15,早班,ES-01,136.2,91,2592.0
2024-11-15,早班,ES-02,130.9,108,3214.0
2024-11-15,早班,ES-03,126.2,55,1680.0
2024-11-15,早班,ES-04,184.4,122,3964.0
2024-11-15,早班,ES-06,124.5,70,2152.0
2024-11-15,早班,ES-07,144.7,80,2550.0
2024-11-15,中班,ES-02,120.5,82,2464.0
2024-11-15,中班,ES-03,114.9,94,2950.0
2024-11-15,中班,ES-04,179.7,99,3085.0
2024-11-15,中班,ES-06,128.3,89,2909.0
2024-11-15,中班,ES-07,138.8,84,2354.0
2024-11-15,中班,ES-08,106.1,97,3076.0
2024-11-15,夜班,ES-01,124.0,93,2681.0
2024-11-15,夜班,ES-02,107.6,117,3402.0
2024-11-15,夜班,ES-03,101.4,103,3099.0
2024-11-15,夜班,ES-04,179.4,94,2887.0
2024-11-15,夜班,ES-07,149.9,86,2822.0
2024-11-15,夜班,ES-08,115.6,76,2476.0
2024-11-16,早班,ES-01,122.9,94,2812.0
2024-11-16,早班,ES-02,113.9,122,3771.0
2024-11-16,早班,ES-04,184.2,108,3267.0
2024-11-16,早班,ES-05,118.8,97,3178.0
2024-11-16,早班,ES-07,141.8,65,2024.0
2024-11-16,早班,ES-08,133.0,93,2932.0
2024-11-16,中班,ES-02,129.1,71,2143.0
2024-11-16,中班,ES-03,100.8,87,2522.0
2024-11-16,中班,ES-04,179.8,132,4051.0
2024-11-16,中班,ES-06,118.5,89,2757.0
2024-11-16,中班,ES-07,159.9,115,3774.0
2024-11-16,中班,ES-08,119.1,124,3536.0
2024-11-16,夜班,ES-01,111.2,87,2741.0
2024-11-16,夜班,ES-02,133.1,113,3306.0
2024-11-16,夜班,ES-03,115.9,113,3595.0
2024-11-16,夜班,ES-04,180.0,99,3026.0
2024-11-16,夜班,ES-05,148.4,77,2400.0
2024-11-16,夜班,ES-06,137.0,73,2314.0
2024-11-16,夜班,ES-07,156.2,88,2693.0
2024-11-16,夜班,ES-08,117.3,97,3028.0
2024-11-17,早班,ES-02,134.5,89,2868.0
2024-11-17,早班,ES-03,99.6,86,2629.0
2024-11-17,早班,ES-04,189.8,64,1915.0
2024-11-17,早班,ES-05,126.4,89,2913.0
2024-11-17,早班,ES-08,122.8,84,2755.0
2024-11-17,中班,ES-01,150.2,73,2110.0
2024-11-17,中班,ES-02,117.5,119,3472.0
2024-11-17,中班,ES-03,110.3,130,3820.0
2024-11-17,中班,ES-04,176.5,99,2930.0
2024-11-17,中班,ES-05,131.3,103,3330.0
2024-11-17,中班,ES-06,172.1,69,2154.0
2024-11-17,中班,ES-08,119.6,97,2923.0
2024-11-17,夜班,ES-01,131.9,64,1998.0
2024-11-17,夜班,ES-02,121.9,99,3250.0
2024-11-17,夜班,ES-03,155.1,84,2417.0
2024-11-17,夜班,ES-05,126.9,83,2684.0
2024-11-17,夜班,ES-06,132.4,93,3023.0
2024-11-17,夜班,ES-08,128.9,85,2400.0
2024-11-18,早班,ES-01,118.6,87,2588.0
2024-11-18,早班,ES-06,133.5,124,3482.0
2024-11-18,早班,ES-07,152.0,89,2629.0
2024-11-18,中班,ES-02,135.4,103,3295.0
2024-11-18,中班,ES-04,176.0,103,3034.0
2024-11-18,中班,ES-05,130.2,94,2793.0
2024-11-18,中班,ES-06,126.8,91,2965.0
2024-11-18,中班,ES-07,146.6,96,3024.0
2024-11-18,中班,ES-08,122.4,91,2962.0
2024-11-18,夜班,ES-01,110.7,66,2092.0
2024-11-18,夜班,ES-02,114.1,109,3577.0
2024-11-18,夜班,ES-03,107.1,82,2447.0
2024-11-18,夜班,ES-04,181.8,102,3121.0
2024-11-18,夜班,ES-05,131.0,77,2189.0
2024-11-18,夜班,ES-06,190.4,102,3019.0
2024-11-18,夜班,ES-07,150.9,64,2020.0
2024-11-18,夜班,ES-08,134.6,64,2082.0
2024-11-19,早班,ES-02,133.3,99,3248.0
2024-11-19,早班,ES-03,116.0,73,2314.0
2024-11-19,早班,ES-06,140.0,83,2713.0
2024-11-19,早班,ES-07,149.9,92,2636.0
2024-11-19,早班,ES-08,119.3,52,1561.0
2024-11-19,中班,ES-01,135.7,103,3146.0
2024-11-19,中班,ES-02,140.2,82,2471.0
2024-11-19,中班,ES-04,176.7,103,3377.0
2024-11-19,中班,ES-05,127.3,89,2700.0
2024-11-19,中班,ES-06,133.2,91,2775.0
2024-11-19,中班,ES-07,148.1,67,2169.0
2024-11-19,中班,ES-08,119.3,120,3804.0
2024-11-19,夜班,ES-01,107.0,57,1872.0
2024-11-19,夜班,ES-02,115.0,68,1906.0
2024-11-19,夜班,ES-03,105.6,80,2619.0
2024-11-19,夜班,ES-04,183.5,89,2900.0
2024-11-19,夜班,ES-06,128.2,111,3289.0
2024-11-19,夜班,ES-07,210.4,105,2954.0
2024-11-19,夜班,ES-08,125.3,79,2398.0
2024-11-20,早班,ES-02,124.9,92,2716.0
2024-11-20,早班,ES-04,184.2,126,3865.0
2024-11-20,早班,ES-05,134.4,116,3790.0
2024-11-20,早班,ES-07,158.3,103,3048.0
2024-11-20,早班,ES-08,129.5,93,2911.0
2024-11-20,中班,ES-01,116.7,98,2943.0
2024-11-20,中班,ES-04,176.2,83,2654.0
2024-11-20,中班,ES-07,146.1,97,3057.0
2024-11-20,夜班,ES-03,113.2,83,2387.0
2024-11-20,夜班,ES-04,172.4,115,3638.0
2024-11-20,夜班,ES-05,119.9,109,3133.0
2024-11-20,夜班,ES-06,186.5,96,3070.0
2024-11-21,早班,ES-01,182.8,100,2954.0
2024-11-21,早班,ES-03,113.7,98,2999.0
2024-11-21,早班,ES-04,175.8,73,2125.0
2024-11-21,早班,ES-05,122.1,121,3446.0
2024-11-21,早班,ES-06,140.9,85,2754.0
2024-11-21,早班,ES-07,173.6,100,3284.0
2024-11-21,早班,ES-08,132.0,92,2919.0
2024-11-21,中班,ES-01,119.2,127,3920.0
2024-11-21,中班,ES-02,125.9,95,3071.0
2024-11-21,中班,ES-04,164.9,101,2875.0
2024-11-21,中班,ES-06,139.2,103,3301.0
2024-11-21,中班,ES-08,118.2,84,2572.0
2024-11-21,夜班,ES-01,121.1,64,2011.0
2024-11-21,夜班,ES-02,122.8,94,2900.0
2024-11-21,夜班,ES-03,96.5,76,2468.0
2024-11-21,夜班,ES-05,119.0,80,2361.0
2024-11-21,夜班,ES-06,117.5,117,3503.0
2024-11-21,夜班,ES-07,137.9,61,1824.0
2024-11-21,夜班,ES-08,127.6,112,3376.0
2024-11-22,早班,ES-01,110.9,120,3833.0
2024-11-22,早班,ES-02,127.1,97,2999.0
2024-11-22,早班,ES-03,117.2,98,2916.0
2024-11-22,早班,ES-04,173.0,90,2695.0
2024-11-22,早班,ES-05,129.8,108,3387.0
2024-11-22,早班,ES-06,132.9,98,2962.0
2024-11-22,早班,ES-07,160.4,127,4016.0
2024-11-22,中班,ES-01,131.4,75,2338.0
2024-11-22,中班,ES-02,119.2,81,2359.0
2024-11-22,中班,ES-03,124.2,86,2585.0
2024-11-22,中班,ES-04,166.2,89,2827.0
2024-11-22,中班,ES-05,122.3,82,2376.0
2024-11-22,中班,ES-08,129.3,92,2794.0
2024-11-22,夜班,ES-01,127.8,117,3752.0
2024-11-22,夜班,ES-03,108.5,114,3266.0
2024-11-22,夜班,ES-04,159.3,112,3156.0
2024-11-22,夜班,ES-05,117.2,124,3756.0
2024-11-22,夜班,ES-06,133.5,90,2657.0
2024-11-22,夜班,ES-07,149.1,114,3235.0
2024-11-22,夜班,ES-08,118.5,90,2566.0
2024-11-23,早班,ES-01,130.0,69,2202.0
2024-11-23,早班,ES-02,110.3,65,1991.0
2024-11-23,早班,ES-03,100.4,84,2765.0
2024-11-23,早班,ES-04,194.5,101,3147.0
2024-11-23,早班,ES-05,130.4,124,3963.0
2024-11-23,早班,ES-06,128.1,138,4546.0
2024-11-23,早班,ES-07,157.2,138,4375.0
2024-11-23,中班,ES-01,126.6,85,2529.0
2024-11-23,中班,ES-02,127.9,83,2523.0
2024-11-23,中班,ES-03,104.1,93,3048.0
2024-11-23,中班,ES-04,180.5,111,3274.0
2024-11-23,中班,ES-05,120.1,70,2092.0
2024-11-23,中班,ES-06,140.5,117,3354.0
2024-11-23,中班,ES-07,151.7,92,2727.0
2024-11-23,中班,ES-08,139.7,88,2763.0
2024-11-23,夜班,ES-02,132.5,70,2163.0
2024-11-23,夜班,ES-03,112.9,90,2815.0
2024-11-23,夜班,ES-05,133.6,95,2788.0
2024-11-23,夜班,ES-06,118.5,96,2964.0
2024-11-23,夜班,ES-07,161.7,88,2902.0
2024-11-23,夜班,ES-08,117.2,131,3933.0
2024-11-24,早班,ES-03,110.4,107,3058.0
2024-11-24,早班,ES-04,174.5,82,2374.0
2024-11-24,早班,ES-05,127.3,135,3864.0
2024-11-24,早班,ES-07,148.3,101,3041.0
2024-11-24,早班,ES-08,193.4,73,2297.0
2024-11-24,中班,ES-01,120.8,107,3164.0
2024-11-24,中班,ES-02,116.1,89,2923.0
2024-11-24,中班,ES-03,94.7,75,2374.0
2024-11-24,中班,ES-04,183.3,96,2749.0
2024-11-24,中班,ES-05,113.2,85,2721.0
2024-11-24,中班,ES-06,134.7,70,1992.0
2024-11-24,中班,ES-07,146.2,109,3553.0
2024-11-24,夜班,ES-01,118.6,84,2621.0
2024-11-24,夜班,ES-02,127.3,96,3094.0
2024-11-24,夜班,ES-03,121.3,122,3862.0
2024-11-24,夜班,ES-05,126.8,87,2450.0
2024-11-24,夜班,ES-06,129.6,86,2633.0
2024-11-24,夜班,ES-07,217.5,117,3332.0
2024-11-24,夜班,ES-08,132.7,117,3445.0
2024-11-25,早班,ES-01,117.2,123,4002.0
2024-11-25,早班,ES-02,128.3,92,2586.0
2024-11-25,早班,ES-03,114.2,109,3583.0
2024-11-25,早班,ES-04,172.4,110,3165.0
2024-11-25,早班,ES-05,120.7,105,3005.0
2024-11-25,早班,ES-06,134.3,103,3005.0
2024-11-25,早班,ES-07,136.6,82,2450.0
2024-11-25,早班,ES-08,125.9,114,3459.0
2024-11-25,中班,ES-01,124.1,114,3550.0
2024-11-25,中班,ES-02,122.7,81,2293.0
2024-11-25,中班,ES-03,110.7,93,2871.0
2024-11-25,中班,ES-04,168.4,72,2199.0
2024-11-25,中班,ES-05,137.3,83,2452.0
2024-11-25,中班,ES-06,123.9,96,3164.0
2024-11-25,中班,ES-07,158.6,69,2232.0
2024-11-25,中班,ES-08,128.9,71,2000.0
2024-11-25,夜班,ES-01,109.9,66,2108.0
2024-11-25,夜班,ES-02,130.0,118,3606.0
2024-11-25,夜班,ES-03,116.1,131,3829.0
2024-11-25,夜班,ES-04,169.3,107,3062.0
2024-11-25,夜班,ES-05,118.1,79,2422.0
2024-11-25,夜班,ES-06,132.7,88,2897.0
2024-11-25,夜班,ES-07,147.6,57,1804.0
2024-11-25,夜班,ES-08,116.0,87,2724.0
2024-11-26,早班,ES-02,125.6,106,3108.0
2024-11-26,早班,ES-03,118.8,91,2615.0
2024-11-26,早班,ES-05,136.5,110,3292.0
2024-11-26,早班,ES-06,133.0,84,2655.0
2024-11-26,早班,ES-07,134.6,73,2290.0
2024-11-26,早班,ES-08,127.5,100,3003.0
2024-11-26,中班,ES-01,121.4,110,3539.0
2024-11-26,中班,ES-04,187.2,94,2895.0
2024-11-26,中班,ES-05,126.1,106,3459.0
2024-11-26,中班,ES-06,137.5,77,2332.0
2024-11-26,中班,ES-07,151.1,111,3619.0
2024-11-26,中班,ES-08,131.9,85,2753.0
2024-11-26,夜班,ES-01,117.0,92,2576.0
2024-11-26,夜班,ES-02,130.1,81,2649.0
2024-11-26,夜班,ES-03,124.5,88,2613.0
2024-11-26,夜班,ES-05,135.5,82,2412.0
2024-11-26,夜班,ES-06,133.9,67,2086.0
2024-11-26,夜班,ES-07,145.1,54,1750.0
2024-11-26,夜班,ES-08,127.9,94,2643.0
2024-11-27,早班,ES-01,110.2,80,2532.0
2024-11-27,早班,ES-02,127.2,85,2735.0
2024-11-27,早班,ES-03,124.6,101,3139.0
2024-11-27,早班,ES-04,165.8,130,3776.0
2024-11-27,早班,ES-05,134.2,82,2529.0
2024-11-27,早班,ES-06,125.4,71,2147.0
2024-11-27,早班,ES-07,144.2,95,3116.0
2024-11-27,中班,ES-01,122.7,102,3054.0
2024-11-27,中班,ES-03,119.2,77,2362.0
2024-11-27,中班,ES-05,121.3,95,2934.0
2024-11-27,中班,ES-06,125.1,108,3463.0
2024-11-27,中班,ES-07,152.0,91,2957.0
2024-11-27,中班,ES-08,109.9,91,2975.0
2024-11-27,夜班,ES-02,132.3,110,3083.0
2024-11-27,夜班,ES-03,116.6,109,3474.0
2024-11-27,夜班,ES-04,180.1,53,1671.0
2024-11-27,夜班,ES-06,129.4,98,2790.0
2024-11-27,夜班,ES-08,132.0,86,2655.0
2024-11-28,早班,ES-01,116.6,104,3316.0
2024-11-28,早班,ES-03,107.8,124,4040.0
2024-11-28,早班,ES-04,186.3,109,3562.0
2024-11-28,早班,ES-05,135.3,96,3077.0
2024-11-28,早班,ES-06,108.6,108,3407.0
2024-11-28,中班,ES-02,120.9,67,1902.0
2024-11-28,中班,ES-03,111.9,85,2765.0
2024-11-28,中班,ES-04,170.5,84,2367.0
2024-11-28,中班,ES-05,119.4,113,3333.0
2024-11-28,中班,ES-06,130.5,93,2966.0
2024-11-28,中班,ES-08,131.2,105,3318.0
2024-11-28,夜班,ES-01,108.0,113,3327.0
2024-11-28,夜班,ES-02,113.0,96,2864.0
2024-11-28,夜班,ES-05,123.2,92,2773.0
2024-11-28,夜班,ES-06,117.9,90,2581.0
2024-11-28,夜班,ES-07,163.7,87,2807.0
2024-11-29,早班,ES-02,127.2,79,2285.0
2024-11-29,早班,ES-03,196.8,57,1858.0
2024-11-29,早班,ES-04,172.8,73,2388.0
2024-11-29,早班,ES-07,153.6,104,3377.0
2024-11-29,早班,ES-08,126.9,95,2916.0
2024-11-29,中班,ES-02,119.0,80,2420.0
2024-11-29,中班,ES-03,161.2,110,3355.0
2024-11-29,中班,ES-04,175.7,81,2537.0
2024-11-29,中班,ES-05,127.9,110,3171.0
2024-11-29,中班,ES-06,117.7,100,3141.0
2024-11-29,中班,ES-07,151.8,128,3767.0
2024-11-29,中班,ES-08,118.0,69,2090.0
2024-11-29,夜班,ES-02,118.4,95,2661.0
2024-11-29,夜班,ES-04,171.9,92,2739.0
2024-11-29,夜班,ES-06,130.2,131,3729.0
2024-11-29,夜班,ES-08,118.9,88,2622.0
2024-11-30,早班,ES-01,123.9,104,3267.0
2024-11-30,早班,ES-02,128.5,89,2873.0
2024-11-30,早班,ES-03,96.0,72,2042.0
2024-11-30,早班,ES-04,180.0,84,2564.0
2024-11-30,早班,ES-05,132.4,81,2481.0
2024-11-30,早班,ES-06,142.2,111,3312.0
2024-11-30,中班,ES-04,175.6,79,2547.0
2024-11-30,中班,ES-05,130.3,88,2642.0
2024-11-30,中班,ES-06,122.9,125,3880.0
2024-11-30,中班,ES-07,137.9,83,2693.0
2024-11-30,夜班,ES-01,121.6,122,3899.0
2024-11-30,夜班,ES-02,120.8,132,4318.0
2024-11-30,夜班,ES-03,103.6,85,2589.0
2024-11-30,夜班,ES-04,189.7,93,3026.0
2024-11-30,夜班,ES-05,138.7,94,3069.0
2024-11-30,夜班,ES-06,122.0,98,2912.0
2024-11-30,夜班,ES-07,149.6,122,3733.0
2024-11-30,夜班,ES-08,127.7,81,2670.0
2024-12-01,早班,ES-01,113.7,74,2294.0
2024-12-01,早班,ES-02,131.4,110,3439.0
2024-12-01,早班,ES-03,100.7,128,4068.0
2024-12-01,早班,ES-06,127.6,82,2301.0
2024-12-01,早班,ES-07,148.7,84,2389.0
2024-12-01,中班,ES-01,106.8,105,3272.0
2024-12-01,中班,ES-02,128.2,109,3139.0
2024-12-01,中班,ES-03,107.6,101,2997.0
2024-12-01,中班,ES-04,178.5,84,2507.0
2024-12-01,中班,ES-05,120.9,91,2973.0
2024-12-01,中班,ES-06,123.4,99,3003.0
2024-12-01,中班,ES-07,156.2,55,1694.0
2024-12-01,中班,ES-08,115.1,92,2703.0
2024-12-01,夜班,ES-01,129.3,60,1949.0
2024-12-01,夜班,ES-02,131.4,86,2440.0
2024-12-01,夜班,ES-05,137.9,89,2769.0
2024-12-01,夜班,ES-06,150.8,73,2383.0
2024-12-01,夜班,ES-07,147.0,89,2544.0
2024-12-01,夜班,ES-08,115.5,93,2611.0
2024-12-02,早班,ES-01,118.5,80,2614.0
2024-12-02,早班,ES-02,139.5,88,2648.0
2024-12-02,早班,ES-04,168.2,93,2968.0
2024-12-02,早班,ES-05,121.3,65,2085.0
2024-12-02,早班,ES-06,128.2,92,3016.0
2024-12-02,早班,ES-07,150.2,74,2277.0
2024-12-02,早班,ES-08,126.8,93,2799.0
2024-12-02,中班,ES-02,120.6,121,3431.0
2024-12-02,中班,ES-03,111.8,101,3055.0
2024-12-02,中班,ES-04,184.9,122,3966.0
2024-12-02,中班,ES-06,126.8,111,3621.0
2024-12-02,中班,ES-07,141.3,79,2372.0
2024-12-02,夜班,ES-01,125.3,81,2298.0
2024-12-02,夜班,ES-02,122.0,96,2924.0
2024-12-02,夜班,ES-03,101.1,99,2815.0
2024-12-02,夜班,ES-05,131.4,80,2276.0
2024-12-02,夜班,ES-06,125.3,91,2678.0
2024-12-02,夜班,ES-07,148.4,133,4052.0
2024-12-02,夜班,ES-08,121.8,82,2499.0
2024-12-03,早班,ES-01,124.6,71,2024.0
2024-12-03,早班,ES-02,120.1,86,2576.0
2024-12-03,早班,ES-03,113.5,114,3759.0
2024-12-03,早班,ES-04,178.8,105,3240.0
2024-12-03,早班,ES-05,122.2,71,2048.0
2024-12-03,早班,ES-08,123.1,82,2442.0
2024-12-03,中班,ES-01,127.9,124,3645.0
2024-12-03,中班,ES-02,136.9,106,3487.0
2024-12-03,中班,ES-04,190.9,68,1918.0
2024-12-03,中班,ES-06,130.3,93,2976.0
2024-12-03,中班,ES-07,158.0,106,3042.0
2024-12-03,中班,ES-08,127.6,103,3229.0
2024-12-03,夜班,ES-01,111.4,105,3050.0
2024-12-03,夜班,ES-02,177.9,124,3725.0
2024-12-03,夜班,ES-03,110.2,68,2197.0
2024-12-03,夜班,ES-04,177.7,111,3249.0
2024-12-03,夜班,ES-05,126.0,88,2837.0
2024-12-03,夜班,ES-06,130.8,114,3541.0
2024-12-03,夜班,ES-08,122.4,103,3116.0
2024-12-04,早班,ES-03,103.0,85,2675.0
2024-12-04,早班,ES-05,130.4,77,2408.0
2024-12-04,早班,ES-06,151.0,76,2450.0
2024-12-04,早班,ES-07,139.1,99,3149.0
2024-12-04,早班,ES-08,130.6,97,3028.0
2024-12-04,中班,ES-01,117.1,83,2400.0
2024-12-04,中班,ES-02,125.9,83,2550.0
2024-12-04,中班,ES-03,111.1,96,3047.0
2024-12-04,中班,ES-05,127.9,84,2366.0
2024-12-04,中班,ES-06,126.1,95,3062.0
2024-12-04,中班,ES-07,147.6,93,2726.0
2024-12-04,中班,ES-08,120.7,103,3181.0
2024-12-04,夜班,ES-01,124.9,107,3326.0
2024-12-04,夜班,ES-02,118.0,120,3531.0
2024-12-04,夜班,ES-03,123.9,74,2355.0
2024-12-04,夜班,ES-05,114.1,108,3079.0
2024-12-04,夜班,ES-07,155.7,68,2220.0
2024-12-04,夜班,ES-08,123.2,76,2359.0
2024-12-05,早班,ES-01,116.2,81,2389.0
2024-12-05,早班,ES-02,139.0,101,2855.0
2024-12-05,早班,ES-03,108.8,96,3136.0
2024-12-05,早班,ES-05,114.3,95,2951.0
2024-12-05,早班,ES-06,125.0,113,3216.0
2024-12-05,早班,ES-08,129.6,105,3404.0
2024-12-05,中班,ES-03,180.4,99,2923.0
2024-12-05,中班,ES-05,145.1,100,3066.0
2024-12-05,中班,ES-06,137.8,103,3072.0
2024-12-05,中班,ES-07,159.9,84,2749.0
2024-12-05,中班,ES-08,114.2,121,3574.0
2024-12-05,夜班,ES-02,130.6,100,2825.0
2024-12-05,夜班,ES-03,112.3,75,2313.0
2024-12-05,夜班,ES-04,168.0,69,2080.0
2024-12-05,夜班,ES-05,112.8,74,2155.0
2024-12-05,夜班,ES-06,117.0,96,3001.0
2024-12-05,夜班,ES-07,142.1,87,2495.0
2024-12-05,夜班,ES-08,117.3,87,2740.0
2024-12-06,早班,ES-01,119.9,106,3230.0
2024-12-06,早班,ES-02,119.8,102,3245.0
2024-12-06,早班,ES-03,112.7,94,2949.0
2024-12-06,早班,ES-04,157.6,85,2393.0
2024-12-06,早班,ES-06,125.2,68,2110.0
2024-12-06,早班,ES-07,163.1,95,2924.0
2024-12-06,早班,ES-08,122.5,91,2902.0
2024-12-06,中班,ES-01,130.2,82,2307.0
2024-12-06,中班,ES-02,131.8,74,2345.0
2024-12-06,中班,ES-07,129.6,117,3612.0
2024-12-06,中班,ES-08,134.3,146,4549.0
2024-12-06,夜班,ES-02,112.4,109,3256.0
2024-12-06,夜班,ES-03,100.2,83,2516.0
2024-12-06,夜班,ES-05,122.0,63,1888.0
2024-12-06,夜班,ES-06,126.9,111,3299.0
2024-12-06,夜班,ES-07,139.5,90,2745.0
2024-12-06,夜班,ES-08,123.1,109,3560.0
2024-12-07,早班,ES-01,124.6,88,2579.0
2024-12-07,早班,ES-02,137.2,88,2869.0
2024-12-07,早班,ES-04,179.7,118,3457.0
2024-12-07,早班,ES-05,131.6,125,3578.0
2024-12-07,早班,ES-06,125.3,129,4254.0
2024-12-07,早班,ES-07,144.6,73,2123.0
2024-12-07,早班,ES-08,125.2,53,1591.0
2024-12-07,中班,ES-01,118.5,80,2574.0
2024-12-07,中班,ES-02,118.1,78,2354.0
2024-12-07,中班,ES-03,110.6,87,2828.0
2024-12-07,中班,ES-05,122.5,109,3177.0
2024-12-07,中班,ES-06,118.3,89,2573.0
2024-12-07,中班,ES-07,147.3,95,2676.0
2024-12-07,中班,ES-08,130.8,75,2411.0
2024-12-07,夜班,ES-01,109.9,89,2929.0
2024-12-07,夜班,ES-02,123.3,74,2251.0
2024-12-07,夜班,ES-03,98.5,118,3351.0
2024-12-07,夜班,ES-06,131.2,88,2509.0
2024-12-07,夜班,ES-07,139.2,82,2424.0
2024-12-07,夜班,ES-08,115.4,86,2638.0
2024-12-08,早班,ES-01,123.2,92,2856.0
2024-12-08,早班,ES-02,121.1,106,3393.0
2024-12-08,早班,ES-03,118.5,67,1948.0
2024-12-08,早班,ES-04,167.8,129,4031.0
2024-12-08,早班,ES-05,129.1,96,2820.0
2024-12-08,早班,ES-06,123.0,82,2705.0
2024-12-08,早班,ES-07,152.4,124,3951.0
2024-12-08,早班,ES-08,124.2,91,2862.0
2024-12-08,中班,ES-01,134.8,105,3018.0
2024-12-08,中班,ES-03,97.1,119,3336.0
2024-12-08,中班,ES-04,173.6,117,3665.0
2024-12-08,中班,ES-06,123.9,129,3855.0
2024-12-08,中班,ES-07,165.0,106,3113.0
2024-12-08,中班,ES-08,118.8,116,3389.0
2024-12-08,夜班,ES-01,104.4,140,4314.0
2024-12-08,夜班,ES-02,117.9,93,3050.0
2024-12-08,夜班,ES-03,94.1,74,2276.0
2024-12-08,夜班,ES-04,188.4,100,2945.0
2024-12-08,夜班,ES-07,144.0,86,2831.0
2024-12-09,早班,ES-01,118.1,122,4019.0
2024-12-09,早班,ES-02,128.3,106,2988.0
2024-12-09,早班,ES-03,101.4,123,4025.0
2024-12-09,早班,ES-04,170.7,77,2168.0
2024-12-09,早班,ES-05,131.0,116,3566.0
2024-12-09,早班,ES-06,120.0,95,2867.0
2024-12-09,早班,ES-07,148.7,117,3513.0
2024-12-09,中班,ES-01,130.0,77,2328.0
2024-12-09,中班,ES-02,131.6,97,3133.0
2024-12-09,中班,ES-03,121.6,109,3250.0
2024-12-09,中班,ES-04,160.0,100,3177.0
2024-12-09,中班,ES-05,126.5,101,2938.0
2024-12-09,中班,ES-06,142.4,94,2944.0
2024-12-09,中班,ES-07,149.2,121,3544.0
2024-12-09,中班,ES-08,126.6,107,3507.0
2024-12-09,夜班,ES-01,121.6,89,2694.0
2024-12-09,夜班,ES-02,121.3,69,2046.0
2024-12-09,夜班,ES-04,177.7,43,1404.0
2024-12-09,夜班,ES-06,126.9,64,1988.0
2024-12-09,夜班,ES-07,158.4,101,2890.0
2024-12-09,夜班,ES-08,129.0,99,3216.0
2024-12-10,早班,ES-01,128.1,52,1625.0
2024-12-10,早班,ES-02,135.4,41,1262.0
2024-12-10,早班,ES-03,96.3,122,3839.0
2024-12-10,早班,ES-04,181.3,84,2387.0
2024-12-10,早班,ES-05,121.4,106,3290.0
2024-12-10,早班,ES-06,130.5,88,2718.0
2024-12-10,早班,ES-07,146.0,78,2254.0
2024-12-10,早班,ES-08,122.3,94,3015.0
2024-12-10,中班,ES-01,126.7,109,3476.0
2024-12-10,中班,ES-02,133.1,115,3753.0
2024-12-10,中班,ES-03,127.5,80,2316.0
2024-12-10,中班,ES-04,182.8,113,3608.0
2024-12-10,中班,ES-06,130.7,132,4345.0
2024-12-10,中班,ES-07,157.7,106,3450.0
2024-12-10,中班,ES-08,113.5,105,3006.0
2024-12-10,夜班,ES-01,119.2,122,3745.0
2024-12-10,夜班,ES-02,111.6,84,2469.0
2024-12-10,夜班,ES-05,132.7,107,3285.0
2024-12-10,夜班,ES-06,128.6,98,2815.0
2024-12-10,夜班,ES-08,125.2,101,3311.0
2024-12-11,早班,ES-01,107.1,65,1833.0
2024-12-11,早班,ES-02,131.6,104,3211.0
2024-12-11,早班,ES-03,189.1,75,2359.0
2024-12-11,早班,ES-04,180.9,86,2636.0
2024-12-11,早班,ES-05,128.0,94,2685.0
2024-12-11,早班,ES-06,135.0,113,3524.0
2024-12-11,早班,ES-07,157.2,99,2817.0
2024-12-11,早班,ES-08,122.1,114,3434.0
2024-12-11,中班,ES-01,121.3,113,3167.0
2024-12-11,中班,ES-03,113.5,132,4253.0
2024-12-11,中班,ES-04,178.1,100,2856.0
2024-12-11,中班,ES-05,129.2,85,2596.0
2024-12-11,中班,ES-06,138.2,121,3483.0
2024-12-11,中班,ES-08,127.8,101,2903.0
2024-12-11,夜班,ES-01,102.5,76,2325.0
2024-12-11,夜班,ES-02,134.5,81,2502.0
2024-12-11,夜班,ES-03,107.2,122,3691.0
2024-12-11,夜班,ES-05,111.7,77,2346.0
2024-12-11,夜班,ES-08,137.0,74,2206.0
2024-12-12,早班,ES-01,128.7,123,3697.0
2024-12-12,早班,ES-02,109.3,82,2508.0
2024-12-12,早班,ES-03,171.3,112,3635.0
2024-12-12,早班,ES-04,186.4,95,2699.0
2024-12-12,早班,ES-05,126.9,101,3115.0
2024-12-12,早班,ES-06,122.9,83,2613.0
2024-12-12,早班,ES-07,164.2,84,2647.0
2024-12-12,早班,ES-08,136.5,134,3896.0
2024-12-12,中班,ES-01,105.2,135,4232.0
2024-12-12,中班,ES-02,130.2,85,2524.0
2024-12-12,中班,ES-06,123.8,104,3028.0
2024-12-12,中班,ES-07,143.6,105,3044.0
2024-12-12,中班,ES-08,142.6,123,3482.0
2024-12-12,夜班,ES-01,122.6,112,3468.0
2024-12-12,夜班,ES-02,127.0,132,4090.0
2024-12-12,夜班,ES-04,175.0,60,1690.0
2024-12-12,夜班,ES-05,124.6,90,2871.0
2024-12-12,夜班,ES-06,133.5,121,3399.0
2024-12-12,夜班,ES-08,131.0,93,2688.0
2024-12-13,早班,ES-01,116.9,100,2931.0
2024-12-13,早班,ES-02,119.4,95,2993.0
2024-12-13,早班,ES-03,173.5,95,2927.0
2024-12-13,早班,ES-05,202.7,100,3201.0
2024-12-13,中班,ES-01,125.8,93,2962.0
2024-12-13,中班,ES-03,120.7,99,2895.0
2024-12-13,中班,ES-04,193.6,71,2287.0
2024-12-13,中班,ES-05,131.9,79,2450.0
2024-12-13,中班,ES-06,127.6,125,3521.0
2024-12-13,中班,ES-08,124.5,110,3168.0
2024-12-13,夜班,ES-01,124.4,74,2232.0
2024-12-13,夜班,ES-03,123.3,80,2331.0
2024-12-13,夜班,ES-04,182.6,86,2821.0
2024-12-13,夜班,ES-05,128.2,76,2310.0
2024-12-13,夜班,ES-06,151.7,106,3404.0
2024-12-13,夜班,ES-07,146.9,105,3419.0
2024-12-13,夜班,ES-08,127.8,112,3537.0
2024-12-14,早班,ES-01,130.7,89,2535.0
2024-12-14,早班,ES-02,115.7,97,2752.0
2024-12-14,早班,ES-03,114.2,78,2346.0
2024-12-14,早班,ES-05,122.2,78,2377.0
2024-12-14,早班,ES-07,148.7,65,1983.0
2024-12-14,早班,ES-08,121.1,101,3184.0
2024-12-14,中班,ES-01,122.1,70,2248.0
2024-12-14,中班,ES-02,130.5,119,3865.0
2024-12-14,中班,ES-05,124.5,100,2933.0
2024-12-14,中班,ES-06,121.3,107,3128.0
2024-12-14,中班,ES-07,143.4,117,3694.0
2024-12-14,夜班,ES-02,119.6,103,2921.0
2024-12-14,夜班,ES-06,128.6,121,3526.0
2024-12-14,夜班,ES-07,159.6,115,3370.0
2024-12-15,早班,ES-02,120.1,108,3474.0
2024-12-15,早班,ES-04,174.7,89,2889.0
2024-12-15,早班,ES-05,123.9,97,3115.0
2024-12-15,早班,ES-07,134.3,88,2590.0
2024-12-15,早班,ES-08,122.1,84,2409.0
2024-12-15,中班,ES-01,112.1,51,1582.0
2024-12-15,中班,ES-02,125.4,77,2196.0
2024-12-15,中班,ES-03,115.1,104,3006.0
2024-12-15,中班,ES-04,166.9,101,2894.0
2024-12-15,中班,ES-05,131.5,81,2536.0
2024-12-15,中班,ES-06,131.1,86,2480.0
2024-12-15,中班,ES-07,152.4,128,3669.0
2024-12-15,夜班,ES-02,116.1,79,2401.0
2024-12-15,夜班,ES-04,181.2,111,3582.0
2024-12-15,夜班,ES-08,124.2,71,2198.0
2024-12-16,早班,ES-01,184.3,77,2479.0
2024-12-16,早班,ES-02,123.8,102,3246.0
2024-12-16,早班,ES-03,117.0,101,3282.0
2024-12-16,早班,ES-04,175.1,129,3937.0
2024-12-16,早班,ES-05,133.3,106,3239.0
2024-12-16,早班,ES-06,139.1,89,2758.0
2024-12-16,早班,ES-07,150.8,121,3421.0
2024-12-16,早班,ES-08,132.4,104,2954.0
2024-12-16,中班,ES-01,117.0,134,4417.0
2024-12-16,中班,ES-02,143.7,83,2647.0
2024-12-16,中班,ES-03,115.8,80,2461.0
2024-12-16,中班,ES-04,161.9,84,2602.0
2024-12-16,中班,ES-05,139.9,99,3140.0
2024-12-16,中班,ES-06,123.7,84,2493.0
2024-12-16,中班,ES-07,138.6,80,2338.0
2024-12-16,夜班,ES-02,141.5,99,3167.0
2024-12-16,夜班,ES-04,177.9,102,3312.0
2024-12-16,夜班,ES-05,126.4,91,2837.0
2024-12-16,夜班,ES-06,120.6,54,1571.0
2024-12-16,夜班,ES-07,163.3,89,2831.0
2024-12-16,夜班,ES-08,133.5,115,3290.0
2024-12-17,早班,ES-01,112.8,97,2797.0
2024-12-17,早班,ES-02,122.1,125,3744.0
2024-12-17,早班,ES-03,112.0,112,3600.0
2024-12-17,早班,ES-04,169.6,83,2407.0
2024-12-17,早班,ES-07,151.6,128,3667.0
2024-12-17,早班,ES-08,121.9,74,2216.0
2024-12-17,中班,ES-01,108.8,88,2470.0
2024-12-17,中班,ES-02,130.4,79,2592.0
2024-12-17,中班,ES-03,122.2,100,3061.0
2024-12-17,中班,ES-04,182.2,103,3101.0
2024-12-17,中班,ES-05,138.8,87,2822.0
2024-12-17,中班,ES-06,128.5,112,3167.0
2024-12-17,中班,ES-07,135.0,93,2832.0
2024-12-17,中班,ES-08,114.5,87,2752.0
2024-12-17,夜班,ES-01,111.2,110,3272.0
2024-12-17,夜班,ES-02,121.7,88,2717.0
2024-12-17,夜班,ES-03,116.2,84,2399.0
2024-12-17,夜班,ES-05,136.7,96,2981.0
2024-12-17,夜班,ES-06,130.5,117,3458.0
2024-12-17,夜班,ES-07,138.1,78,2266.0
2024-12-18,早班,ES-01,124.8,103,3153.0
2024-12-18,早班,ES-02,119.8,97,2769.0
2024-12-18,早班,ES-04,165.5,80,2490.0
2024-12-18,早班,ES-06,184.8,117,3818.0
2024-12-18,早班,ES-07,197.8,92,2990.0
2024-12-18,早班,ES-08,124.7,62,2004.0
2024-12-18,中班,ES-02,133.1,75,2331.0
2024-12-18,中班,ES-04,171.4,100,2905.0
2024-12-18,中班,ES-05,146.2,98,3205.0
2024-12-18,中班,ES-06,135.6,80,2327.0
2024-12-18,中班,ES-07,155.6,90,2683.0
2024-12-18,夜班,ES-02,130.4,72,2172.0
2024-12-18,夜班,ES-04,170.8,105,3428.0
2024-12-18,夜班,ES-06,114.7,102,3314.0
2024-12-18,夜班,ES-07,141.4,79,2353.0
2024-12-18,夜班,ES-08,117.4,90,2548.0
2024-12-19,早班,ES-01,115.9,83,2397.0
2024-12-19,早班,ES-02,127.9,67,1918.0
2024-12-19,早班,ES-03,110.8,82,2564.0
2024-12-19,早班,ES-04,182.8,132,3984.0
2024-12-19,早班,ES-05,126.4,113,3702.0
2024-12-19,早班,ES-06,139.0,78,2536.0
2024-12-19,早班,ES-07,153.6,73,2303.0
2024-12-19,中班,ES-02,122.6,124,3771.0
2024-12-19,中班,ES-03,123.9,96,2911.0
2024-12-19,中班,ES-04,162.3,88,2617.0
2024-12-19,中班,ES-05,139.2,100,2801.0
2024-12-19,中班,ES-06,137.7,103,2885.0
2024-12-19,中班,ES-07,145.9,71,1993.0
2024-12-19,中班,ES-08,113.1,95,3001.0
2024-12-19,夜班,ES-01,111.8,93,2691.0
2024-12-19,夜班,ES-03,118.8,109,3241.0
2024-12-19,夜班,ES-04,177.3,85,2669.0
2024-12-19,夜班,ES-05,118.9,90,2728.0
2024-12-19,夜班,ES-07,149.3,53,1557.0
2024-12-20,早班,ES-02,127.2,91,2943.0
2024-12-20,早班,ES-04,173.3,86,2456.0
2024-12-20,早班,ES-05,117.0,87,2463.0
2024-12-20,早班,ES-06,140.4,74,2368.0
2024-12-20,早班,ES-07,148.5,55,1782.0
2024-12-20,早班,ES-08,108.5,91,2929.0
2024-12-20,中班,ES-02,122.2,99,2892.0
2024-12-20,中班,ES-03,105.8,116,3813.0
2024-12-20,中班,ES-08,123.6,82,2593.0
2024-12-20,夜班,ES-01,120.7,80,2582.0
2024-12-20,夜班,ES-02,110.1,113,3577.0
2024-12-20,夜班,ES-04,180.2,92,2903.0
2024-12-20,夜班,ES-05,142.6,87,2509.0
2024-12-20,夜班,ES-07,137.3,58,1811.0
2024-12-20,夜班,ES-08,127.8,115,3242.0
2024-12-21,早班,ES-01,106.1,103,3190.0
2024-12-21,早班,ES-04,182.8,67,1904.0
2024-12-21,早班,ES-05,130.4,111,3263.0
2024-12-21,早班,ES-06,131.6,71,2199.0
2024-12-21,早班,ES-07,147.0,88,2524.0
2024-12-21,早班,ES-08,123.8,98,2994.0
2024-12-21,中班,ES-01,106.6,113,3462.0
2024-12-21,中班,ES-02,118.7,90,2903.0
2024-12-21,中班,ES-03,121.0,84,2446.0
2024-12-21,中班,ES-04,180.0,76,2157.0
2024-12-21,中班,ES-05,137.2,92,2986.0
2024-12-21,中班,ES-06,136.5,73,2245.0
2024-12-21,中班,ES-07,147.1,107,3482.0
2024-12-21,中班,ES-08,125.3,90,2890.0
2024-12-21,夜班,ES-01,123.7,103,3135.0
2024-12-21,夜班,ES-02,126.7,110,3465.0
2024-12-21,夜班,ES-03,104.6,126,3640.0
2024-12-21,夜班,ES-04,171.9,85,2605.0
2024-12-21,夜班,ES-05,131.7,95,2824.0
2024-12-21,夜班,ES-06,118.3,87,2595.0
2024-12-21,夜班,ES-07,143.1,104,3392.0
2024-12-21,夜班,ES-08,106.7,98,3160.0
2024-12-22,早班,ES-01,115.4,85,2555.0
2024-12-22,早班,ES-02,132.3,59,1849.0
2024-12-22,早班,ES-03,109.2,80,2620.0
2024-12-22,早班,ES-04,189.8,87,2709.0
2024-12-22,早班,ES-05,129.0,106,3141.0
2024-12-22,早班,ES-06,123.8,102,3356.0
2024-12-22,早班,ES-07,155.6,69,2151.0
2024-12-22,早班,ES-08,128.2,62,1892.0
2024-12-22,中班,ES-01,103.1,106,3010.0
2024-12-22,中班,ES-02,119.0,118,3627.0
2024-12-22,中班,ES-04,189.0,49,1593.0
2024-12-22,中班,ES-05,122.8,92,2679.0
2024-12-22,中班,ES-06,128.5,88,2465.0
2024-12-22,中班,ES-07,149.4,82,2376.0
2024-12-22,中班,ES-08,106.1,78,2322.0
2024-12-22,夜班,ES-01,131.4,104,3291.0
2024-12-22,夜班,ES-02,125.1,76,2317.0
2024-12-22,夜班,ES-06,130.0,99,3049.0
2024-12-22,夜班,ES-07,166.5,119,3434.0
2024-12-23,早班,ES-01,121.4,74,2088.0
2024-12-23,早班,ES-02,126.1,71,2174.0
2024-12-23,早班,ES-05,119.3,99,2871.0
2024-12-23,早班,ES-06,197.5,83,2710.0
2024-12-23,早班,ES-08,124.3,92,2864.0
2024-12-23,中班,ES-01,128.9,104,3172.0
2024-12-23,中班,ES-02,123.3,90,2570.0
2024-12-23,中班,ES-04,158.3,89,2540.0
2024-12-23,中班,ES-05,116.9,78,2563.0
2024-12-23,中班,ES-07,161.9,77,2328.0
2024-12-23,夜班,ES-01,123.2,86,2777.0
2024-12-23,夜班,ES-02,123.1,103,3180.0
2024-12-23,夜班,ES-03,107.7,85,2445.0
2024-12-23,夜班,ES-04,179.7,86,2621.0
2024-12-23,夜班,ES-05,116.3,96,3032.0
2024-12-23,夜班,ES-06,119.3,128,3630.0
2024-12-23,夜班,ES-07,147.9,61,1749.0
2024-12-23,夜班,ES-08,128.5,95,2961.0
2024-12-24,早班,ES-01,117.6,106,3430.0
2024-12-24,早班,ES-02,131.7,73,2140.0
2024-12-24,早班,ES-03,107.4,103,2905.0
2024-12-24,早班,ES-06,128.3,95,2971.0
2024-12-24,早班,ES-07,138.8,77,2343.0
2024-12-24,早班,ES-08,119.1,93,2944.0
2024-12-24,中班,ES-01,118.1,74,2431.0
2024-12-24,中班,ES-02,127.0,96,2832.0
2024-12-24,中班,ES-03,109.7,64,2043.0
2024-12-24,中班,ES-04,176.1,92,2902.0
2024-12-24,中班,ES-07,147.8,96,2864.0
2024-12-24,夜班,ES-02,116.9,74,2266.0
2024-12-24,夜班,ES-03,118.5,80,2329.0
2024-12-24,夜班,ES-04,175.9,90,2851.0
2024-12-24,夜班,ES-05,125.1,91,2973.0
2024-12-24,夜班,ES-06,130.7,82,2639.0
2024-12-24,夜班,ES-07,147.6,103,2924.0
2024-12-24,夜班,ES-08,127.1,56,1740.0
2024-12-25,早班,ES-01,120.6,89,2868.0
2024-12-25,早班,ES-02,117.7,110,3168.0
2024-12-25,早班,ES-03,104.4,105,3256.0
2024-12-25,早班,ES-04,164.6,90,2730.0
2024-12-25,早班,ES-05,128.0,74,2301.0
2024-12-25,早班,ES-06,133.6,84,2591.0
2024-12-25,早班,ES-07,154.7,117,3652.0
2024-12-25,中班,ES-02,123.9,141,4317.0
2024-12-25,中班,ES-03,115.1,64,1843.0
2024-12-25,中班,ES-04,195.3,80,2300.0
2024-12-25,中班,ES-05,135.9,73,2075.0
2024-12-25,中班,ES-07,156.7,71,2113.0
2024-12-25,中班,ES-08,124.2,92,2923.0
2024-12-25,夜班,ES-01,123.9,83,2557.0
2024-12-25,夜班,ES-02,119.3,97,3179.0
2024-12-25,夜班,ES-04,175.4,94,2993.0
2024-12-25,夜班,ES-05,124.5,95,2969.0
2024-12-25,夜班,ES-06,129.5,96,2944.0
2024-12-25,夜班,ES-07,144.2,78,2562.0
2024-12-25,夜班,ES-08,109.7,117,3445.0
2024-12-26,早班,ES-01,176.6,93,2879.0
2024-12-26,早班,ES-02,137.9,88,2857.0
2024-12-26,早班,ES-03,114.2,101,2869.0
2024-12-26,早班,ES-04,179.1,74,2297.0
2024-12-26,早班,ES-05,124.5,101,3121.0
2024-12-26,早班,ES-06,131.1,92,2892.0
2024-12-26,早班,ES-07,166.8,97,3091.0
2024-12-26,早班,ES-08,118.5,107,3175.0
2024-12-26,中班,ES-01,126.4,92,2935.0
2024-12-26,中班,ES-03,110.7,100,3236.0
2024-12-26,中班,ES-04,180.4,75,2156.0
2024-12-26,中班,ES-05,117.8,92,2578.0
2024-12-26,中班,ES-06,114.7,86,2557.0
2024-12-26,中班,ES-07,149.9,51,1504.0
2024-12-26,夜班,ES-02,141.9,100,3092.0
2024-12-26,夜班,ES-03,117.1,54,1605.0
2024-12-26,夜班,ES-04,172.1,90,2692.0
2024-12-26,夜班,ES-05,117.6,85,2646.0
2024-12-26,夜班,ES-06,141.9,127,3663.0
2024-12-26,夜班,ES-07,158.3,80,2363.0
2024-12-26,夜班,ES-08,125.7,115,3454.0
2024-12-27,早班,ES-01,135.7,85,2406.0
2024-12-27,早班,ES-02,117.9,114,3302.0
2024-12-27,早班,ES-05,129.6,108,3454.0
2024-12-27,早班,ES-06,120.9,68,2025.0
2024-12-27,早班,ES-07,154.7,72,2216.0
2024-12-27,早班,ES-08,120.8,124,3534.0
2024-12-27,中班,ES-01,114.0,136,4009.0
2024-12-27,中班,ES-03,118.8,111,3121.0
2024-12-27,中班,ES-04,159.7,94,2642.0
2024-12-27,中班,ES-05,128.2,102,3031.0
2024-12-27,中班,ES-06,143.6,63,1962.0
2024-12-27,中班,ES-07,157.3,101,3068.0
2024-12-27,中班,ES-08,128.4,67,2208.0
2024-12-27,夜班,ES-01,129.6,81,2294.0
2024-12-27,夜班,ES-02,121.6,86,2481.0
2024-12-27,夜班,ES-05,123.4,104,3299.0
2024-12-27,夜班,ES-06,120.9,79,2257.0
2024-12-27,夜班,ES-08,124.7,84,2395.0
2024-12-28,早班,ES-03,111.6,82,2591.0
2024-12-28,早班,ES-04,180.1,78,2455.0
2024-12-28,早班,ES-06,120.0,117,3288.0
2024-12-28,早班,ES-07,131.8,115,3234.0
2024-12-28,早班,ES-08,127.5,72,2144.0
2024-12-28,中班,ES-02,126.4,105,3349.0
2024-12-28,中班,ES-03,110.7,83,2724.0
2024-12-28,中班,ES-04,190.0,106,3216.0
2024-12-28,中班,ES-05,135.0,141,4498.0
2024-12-28,中班,ES-06,133.0,109,3130.0
2024-12-28,中班,ES-07,151.5,113,3363.0
2024-12-28,中班,ES-08,117.7,79,2532.0
2024-12-28,夜班,ES-01,121.7,87,2473.0
2024-12-28,夜班,ES-02,110.5,95,2773.0
2024-12-28,夜班,ES-05,120.0,110,3513.0
2024-12-28,夜班,ES-07,152.4,84,2359.0
2024-12-28,夜班,ES-08,131.0,123,3587.0
2024-12-29,早班,ES-01,127.1,122,3455.0
2024-12-29,早班,ES-02,118.3,120,3831.0
2024-12-29,早班,ES-03,102.9,106,3107.0
2024-12-29,早班,ES-04,165.5,88,2507.0
2024-12-29,早班,ES-05,118.5,100,3256.0
2024-12-29,早班,ES-06,161.3,136,4177.0
2024-12-29,早班,ES-07,164.3,96,2718.0
2024-12-29,早班,ES-08,117.0,85,2397.0
2024-12-29,中班,ES-01,109.4,116,3799.0
2024-12-29,中班,ES-02,133.2,88,2810.0
2024-12-29,中班,ES-03,100.4,80,2520.0
2024-12-29,中班,ES-04,240.2,74,2223.0
2024-12-29,中班,ES-07,145.9,72,2296.0
2024-12-29,中班,ES-08,114.9,105,3230.0
2024-12-29,夜班,ES-01,104.0,60,1900.0
2024-12-29,夜班,ES-02,143.9,103,3051.0
2024-12-29,夜班,ES-03,112.0,113,3633.0
2024-12-29,夜班,ES-04,206.1,112,3416.0
2024-12-29,夜班,ES-05,128.7,100,2851.0
2024-12-29,夜班,ES-06,116.2,119,3635.0
2024-12-30,早班,ES-01,119.6,67,2174.0
2024-12-30,早班,ES-03,107.3,91,2890.0
2024-12-30,早班,ES-04,173.2,109,3262.0
2024-12-30,早班,ES-05,118.2,82,2664.0
2024-12-30,早班,ES-06,133.9,121,3394.0
2024-12-30,早班,ES-07,152.3,93,2942.0
2024-12-30,早班,ES-08,112.2,88,2520.0
2024-12-30,中班,ES-03,105.1,96,2817.0
2024-12-30,中班,ES-04,165.4,116,3358.0
2024-12-30,中班,ES-05,122.5,88,2679.0
2024-12-30,中班,ES-06,146.1,98,2852.0
2024-12-30,中班,ES-08,128.9,86,2749.0
2024-12-30,夜班,ES-01,113.7,113,3228.0
2024-12-30,夜班,ES-02,128.2,79,2431.0
2024-12-30,夜班,ES-03,106.7,109,3398.0
2024-12-30,夜班,ES-06,140.9,75,2379.0
2024-12-30,夜班,ES-08,122.7,67,2020.0
2024-12-31,早班,ES-02,122.7,62,1947.0
2024-12-31,早班,ES-03,88.0,97,2848.0
2024-12-31,早班,ES-05,184.5,94,3065.0
2024-12-31,早班,ES-08,129.7,88,2607.0
2024-12-31,中班,ES-01,132.8,96,2788.0
2024-12-31,中班,ES-02,130.7,76,2427.0
2024-12-31,中班,ES-04,175.9,131,3694.0
2024-12-31,中班,ES-05,123.0,83,2593.0
2024-12-31,中班,ES-06,129.9,91,2723.0
2024-12-31,中班,ES-07,146.9,116,3536.0
2024-12-31,中班,ES-08,127.5,89,2680.0
2024-12-31,夜班,ES-01,128.5,78,2458.0
2024-12-31,夜班,ES-03,109.5,84,2402.0
2024-12-31,夜班,ES-04,181.8,58,1626.0
2024-12-31,夜班,ES-05,131.3,86,2797.0
2024-12-31,夜班,ES-06,118.6,80,2618.0
2024-12-31,夜班,ES-07,145.4,89,2648.0
2024-12-31,夜班,ES-08,119.4,110,3469.0
2025-01-01,早班,ES-01,114.1,109,3510.0
2025-01-01,早班,ES-03,115.4,115,3498.0
2025-01-01,早班,ES-04,171.2,82,2524.0
2025-01-01,早班,ES-06,120.2,116,3604.0
2025-01-01,早班,ES-07,143.1,113,3225.0
2025-01-01,中班,ES-01,112.6,82,2682.0
2025-01-01,中班,ES-02,119.4,48,1473.0
2025-01-01,中班,ES-03,105.2,111,3413.0
2025-01-01,中班,ES-04,171.5,127,3874.0
2025-01-01,中班,ES-05,122.1,87,2487.0
2025-01-01,中班,ES-06,129.5,94,2934.0
2025-01-01,中班,ES-07,141.6,71,2260.0
2025-01-01,夜班,ES-01,128.8,80,2406.0
2025-01-01,夜班,ES-02,130.1,106,3038.0
2025-01-01,夜班,ES-03,95.6,102,3333.0
2025-01-01,夜班,ES-05,119.6,104,3163.0
2025-01-01,夜班,ES-06,131.1,91,2883.0
2025-01-01,夜班,ES-07,165.0,67,1989.0
2025-01-01,夜班,ES-08,119.8,87,2535.0
2025-01-02,早班,ES-01,128.4,84,2473.0
2025-01-02,早班,ES-02,130.2,112,3183.0
2025-01-02,早班,ES-03,100.4,75,2429.0
2025-01-02,早班,ES-05,107.7,105,3444.0
2025-01-02,早班,ES-07,153.0,109,3556.0
2025-01-02,早班,ES-08,135.3,95,2951.0
2025-01-02,中班,ES-01,112.7,101,3174.0
2025-01-02,中班,ES-02,131.5,114,3613.0
2025-01-02,中班,ES-03,121.3,135,4267.0
2025-01-02,中班,ES-04,211.7,102,3250.0
2025-01-02,中班,ES-05,127.2,87,2476.0
2025-01-02,中班,ES-06,134.9,112,3177.0
2025-01-02,中班,ES-07,158.6,84,2503.0
2025-01-02,中班,ES-08,111.7,76,2160.0
2025-01-02,夜班,ES-01,115.5,97,3120.0
2025-01-02,夜班,ES-03,119.1,65,2035.0
2025-01-02,夜班,ES-04,189.6,93,2719.0
2025-01-02,夜班,ES-06,125.9,83,2656.0
2025-01-02,夜班,ES-08,121.3,126,4012.0
2025-01-03,早班,ES-01,137.3,51,1602.0
2025-01-03,早班,ES-03,109.8,106,3062.0
2025-01-03,早班,ES-05,138.7,89,2684.0
2025-01-03,早班,ES-06,140.3,102,2879.0
2025-01-03,早班,ES-07,150.2,112,3272.0
2025-01-03,早班,ES-08,114.0,117,3537.0
2025-01-03,中班,ES-01,115.1,120,3386.0
2025-01-03,中班,ES-02,135.3,95,3011.0
2025-01-03,中班,ES-03,105.5,103,3202.0
2025-01-03,中班,ES-04,180.5,110,3528.0
2025-01-03,中班,ES-07,142.2,89,2495.0
2025-01-03,中班,ES-08,119.8,102,3123.0
2025-01-03,夜班,ES-01,115.7,76,2399.0
2025-01-03,夜班,ES-02,128.4,82,2444.0
2025-01-03,夜班,ES-03,114.0,115,3479.0
2025-01-03,夜班,ES-04,167.8,71,2019.0
2025-01-03,夜班,ES-05,118.5,103,3390.0
2025-01-03,夜班,ES-06,138.2,59,1705.0
2025-01-03,夜班,ES-07,169.7,84,2692.0
2025-01-04,早班,ES-01,124.1,118,3805.0
2025-01-04,早班,ES-02,134.7,125,3553.0
2025-01-04,早班,ES-05,124.5,102,3084.0
2025-01-04,早班,ES-06,122.0,103,3340.0
2025-01-04,早班,ES-07,153.8,92,2820.0
2025-01-04,早班,ES-08,122.6,103,3059.0
2025-01-04,中班,ES-01,126.5,76,2493.0
2025-01-04,中班,ES-02,126.2,123,3990.0
2025-01-04,中班,ES-03,110.8,64,1972.0
2025-01-04,中班,ES-05,137.6,84,2577.0
2025-01-04,中班,ES-06,112.4,110,3370.0
2025-01-04,中班,ES-07,144.3,62,1920.0
2025-01-04,中班,ES-08,123.3,85,2718.0
2025-01-04,夜班,ES-01,117.8,89,2715.0
2025-01-04,夜班,ES-02,112.0,122,3935.0
2025-01-04,夜班,ES-04,172.8,111,3500.0
2025-01-04,夜班,ES-05,141.0,116,3779.0
2025-01-04,夜班,ES-07,149.4,75,2115.0
2025-01-04,夜班,ES-08,137.1,49,1399.0
2025-01-05,早班,ES-02,128.0,120,3551.0
2025-01-05,早班,ES-03,120.6,102,2914.0
2025-01-05,早班,ES-05,129.7,103,3106.0
2025-01-05,早班,ES-07,154.2,113,3312.0
2025-01-05,早班,ES-08,132.9,89,2921.0
2025-01-05,中班,ES-01,121.5,82,2502.0
2025-01-05,中班,ES-02,124.6,106,3234.0
2025-01-05,中班,ES-03,108.8,89,2901.0
2025-01-05,中班,ES-04,179.1,109,3596.0
2025-01-05,中班,ES-05,131.3,65,2110.0
2025-01-05,中班,ES-06,126.6,80,2465.0
2025-01-05,中班,ES-07,139.7,91,2555.0
2025-01-05,中班,ES-08,119.5,112,3226.0
2025-01-05,夜班,ES-01,105.9,93,2787.0
2025-01-05,夜班,ES-03,100.0,112,3434.0
2025-01-05,夜班,ES-04,157.6,91,2967.0
2025-01-05,夜班,ES-05,125.3,99,3208.0
2025-01-05,夜班,ES-07,149.3,80,2345.0
2025-01-05,夜班,ES-08,135.3,95,2769.0
2025-01-06,早班,ES-01,111.7,103,3303.0
2025-01-06,早班,ES-05,139.4,69,2027.0
2025-01-06,早班,ES-06,139.2,112,3183.0
2025-01-06,早班,ES-07,201.5,59,1779.0
2025-01-06,早班,ES-08,122.6,94,2999.0
2025-01-06,中班,ES-01,115.7,109,3119.0
2025-01-06,中班,ES-02,122.8,81,2633.0
2025-01-06,中班,ES-03,105.6,106,3235.0
2025-01-06,中班,ES-04,183.4,63,1828.0
2025-01-06,中班,ES-05,125.3,121,3984.0
2025-01-06,中班,ES-06,112.1,61,1819.0
2025-01-06,中班,ES-07,159.3,90,2746.0
2025-01-06,中班,ES-08,112.2,70,2301.0
2025-01-06,夜班,ES-04,181.4,53,1703.0
2025-01-06,夜班,ES-05,126.7,129,4006.0
2025-01-06,夜班,ES-06,131.4,90,2523.0
2025-01-06,夜班,ES-07,156.4,79,2288.0
2025-01-07,早班,ES-01,138.2,70,2141.0
2025-01-07,早班,ES-03,98.4,56,1761.0
2025-01-07,早班,ES-04,173.2,95,2889.0
2025-01-07,早班,ES-05,138.1,100,3129.0
2025-01-07,早班,ES-06,123.0,79,2502.0
2025-01-07,早班,ES-07,153.5,77,2367.0
2025-01-07,早班,ES-08,184.8,106,2972.0
2025-01-07,中班,ES-03,108.8,78,2275.0
2025-01-07,中班,ES-04,172.1,78,2507.0
2025-01-07,中班,ES-05,128.8,86,2602.0
2025-01-07,中班,ES-06,124.8,75,2305.0
2025-01-07,中班,ES-07,160.6,112,3506.0
2025-01-07,中班,ES-08,123.5,72,2064.0
2025-01-07,夜班,ES-01,128.9,116,3538.0
2025-01-07,夜班,ES-02,121.3,101,3225.0
2025-01-07,夜班,ES-03,110.8,65,2025.0
2025-01-07,夜班,ES-04,159.5,76,2448.0
2025-01-07,夜班,ES-05,128.7,59,1803.0
2025-01-07,夜班,ES-06,121.3,88,2576.0
2025-01-07,夜班,ES-07,151.2,109,3243.0
2025-01-07,夜班,ES-08,118.3,106,2993.0
2025-01-08,早班,ES-01,141.2,65,1835.0
2025-01-08,早班,ES-02,115.6,61,2011.0
2025-01-08,早班,ES-04,176.7,114,3583.0
2025-01-08,早班,ES-05,120.8,103,3176.0
2025-01-08,早班,ES-06,133.9,99,3085.0
2025-01-08,早班,ES-07,156.2,107,3056.0
2025-01-08,中班,ES-01,112.6,128,4010.0
2025-01-08,中班,ES-02,123.2,114,3405.0
2025-01-08,中班,ES-04,183.2,98,2807.0
2025-01-08,中班,ES-05,113.2,124,3739.0
2025-01-08,中班,ES-06,116.9,55,1684.0
2025-01-08,中班,ES-08,136.6,115,3367.0
2025-01-08,夜班,ES-02,116.6,107,3181.0
2025-01-08,夜班,ES-03,114.2,94,2669.0
2025-01-08,夜班,ES-05,129.0,90,2963.0
2025-01-08,夜班,ES-06,126.0,89,2829.0
2025-01-08,夜班,ES-07,155.6,91,2721.0
2025-01-09,早班,ES-01,125.3,127,3953.0
2025-01-09,早班,ES-03,114.5,90,2783.0
2025-01-09,早班,ES-05,133.7,89,2833.0
2025-01-09,早班,ES-06,137.4,91,2712.0
2025-01-09,中班,ES-01,118.1,97,2962.0
2025-01-09,中班,ES-02,134.9,90,2698.0
2025-01-09,中班,ES-03,97.7,108,3538.0
2025-01-09,中班,ES-06,126.8,83,2728.0
2025-01-09,中班,ES-07,151.6,102,3281.0
2025-01-09,中班,ES-08,127.7,74,2215.0
2025-01-09,夜班,ES-01,102.0,78,2294.0
2025-01-09,夜班,ES-02,142.4,129,3618.0
2025-01-09,夜班,ES-05,128.1,102,3305.0
2025-01-09,夜班,ES-06,135.6,112,3430.0
2025-01-09,夜班,ES-07,159.0,114,3414.0
2025-01-09,夜班,ES-08,120.6,101,2843.0
2025-01-10,早班,ES-02,138.0,114,3268.0
2025-01-10,早班,ES-03,101.1,109,3540.0
2025-01-10,早班,ES-05,120.6,65,1976.0
2025-01-10,早班,ES-06,126.9,80,2489.0
2025-01-10,早班,ES-07,145.4,81,2633.0
2025-01-10,早班,ES-08,121.9,123,3990.0
2025-01-10,中班,ES-01,125.9,111,3623.0
2025-01-10,中班,ES-03,119.0,96,2948.0
2025-01-10,中班,ES-04,178.4,94,2677.0
2025-01-10,中班,ES-06,132.3,58,1667.0
2025-01-10,中班,ES-07,151.0,91,2920.0
2025-01-10,中班,ES-08,142.8,99,2860.0
2025-01-10,夜班,ES-01,118.1,105,3408.0
2025-01-10,夜班,ES-02,136.3,84,2458.0
2025-01-10,夜班,ES-03,118.8,101,3114.0
2025-01-10,夜班,ES-04,174.5,56,1627.0
2025-01-10,夜班,ES-05,132.9,97,2795.0
2025-01-10,夜班,ES-06,126.0,53,1722.0
2025-01-10,夜班,ES-07,151.9,70,2208.0
2025-01-11,早班,ES-01,125.4,94,2883.0
2025-01-11,早班,ES-02,123.4,129,3867.0
2025-01-11,早班,ES-03,99.9,121,3585.0
2025-01-11,早班,ES-05,106.9,70,2195.0
2025-01-11,早班,ES-06,137.0,86,2683.0
2025-01-11,早班,ES-07,153.3,46,1329.0
2025-01-11,早班,ES-08,125.3,62,1810.0
2025-01-11,中班,ES-01,100.4,110,3104.0
2025-01-11,中班,ES-02,124.2,86,2472.0
2025-01-11,中班,ES-03,122.2,105,3270.0
2025-01-11,中班,ES-05,136.4,93,2636.0
2025-01-11,中班,ES-06,111.8,71,2186.0
2025-01-11,中班,ES-07,148.9,115,3457.0
2025-01-11,中班,ES-08,109.8,97,3178.0
2025-01-11,夜班,ES-01,115.0,89,2709.0
2025-01-11,夜班,ES-02,126.4,72,2162.0
2025-01-11,夜班,ES-03,108.9,81,2369.0
2025-01-11,夜班,ES-04,175.2,97,2874.0
2025-01-11,夜班,ES-05,117.4,93,3050.0
2025-01-11,夜班,ES-07,146.6,44,1256.0
2025-01-11,夜班,ES-08,114.1,81,2503.0
2025-01-12,早班,ES-01,124.8,87,2801.0
2025-01-12,早班,ES-02,113.6,121,3475.0
2025-01-12,早班,ES-03,98.7,96,2909.0
2025-01-12,早班,ES-04,172.0,87,2542.0
2025-01-12,早班,ES-05,137.1,107,3346.0
2025-01-12,早班,ES-07,156.3,63,1886.0
2025-01-12,中班,ES-01,122.6,90,2738.0
2025-01-12,中班,ES-02,135.9,98,3047.0
2025-01-12,中班,ES-03,120.8,83,2512.0
2025-01-12,中班,ES-04,186.4,104,2915.0
2025-01-12,中班,ES-05,135.4,55,1752.0
2025-01-12,中班,ES-06,124.1,66,1856.0
2025-01-12,中班,ES-07,157.6,86,2513.0
2025-01-12,中班,ES-08,121.1,126,3630.0
2025-01-12,夜班,ES-01,126.1,99,2913.0
2025-01-12,夜班,ES-02,117.5,84,2502.0
2025-01-12,夜班,ES-03,124.0,93,3013.0
2025-01-12,夜班,ES-05,136.9,99,3185.0
2025-01-12,夜班,ES-06,121.8,81,2341.0
2025-01-12,夜班,ES-07,140.7,134,4253.0
2025-01-12,夜班,ES-08,115.2,109,3558.0
2025-01-13,早班,ES-01,120.9,84,2532.0
2025-01-13,早班,ES-02,126.2,113,3643.0
2025-01-13,早班,ES-03,119.9,84,2448.0
2025-01-13,早班,ES-07,141.3,82,2304.0
2025-01-13,早班,ES-08,112.6,109,3316.0
2025-01-13,中班,ES-01,124.1,128,3841.0
2025-01-13,中班,ES-02,115.4,125,3904.0
2025-01-13,中班,ES-03,110.1,81,2475.0
2025-01-13,中班,ES-04,173.5,80,2485.0
2025-01-13,中班,ES-05,122.9,101,3315.0
2025-01-13,中班,ES-06,123.8,102,3102.0
2025-01-13,中班,ES-07,141.8,109,3465.0
2025-01-13,夜班,ES-01,123.9,67,1893.0
2025-01-13,夜班,ES-02,123.6,69,2171.0
2025-01-13,夜班,ES-03,109.3,106,2973.0
2025-01-13,夜班,ES-04,156.7,98,3012.0
2025-01-13,夜班,ES-05,131.6,82,2627.0
2025-01-13,夜班,ES-06,121.0,127,3749.0
2025-01-13,夜班,ES-07,165.6,119,3741.0
2025-01-13,夜班,ES-08,132.0,93,2730.0
2025-01-14,早班,ES-01,124.9,135,4175.0
2025-01-14,早班,ES-03,125.8,86,2611.0
2025-01-14,早班,ES-06,123.2,96,3147.0
2025-01-14,早班,ES-07,140.5,104,2929.0
2025-01-14,早班,ES-08,125.2,106,3406.0
2025-01-14,中班,ES-01,114.1,89,2867.0
2025-01-14,中班,ES-03,109.7,77,2454.0
2025-01-14,中班,ES-04,181.7,89,2840.0
2025-01-14,中班,ES-06,112.1,95,2677.0
2025-01-14,中班,ES-07,144.6,71,2311.0
2025-01-14,夜班,ES-01,115.8,104,3304.0
2025-01-14,夜班,ES-02,134.4,107,3314.0
2025-01-14,夜班,ES-03,119.1,102,3163.0
2025-01-14,夜班,ES-04,174.5,104,3146.0
2025-01-14,夜班,ES-05,134.0,69,2207.0
2025-01-14,夜班,ES-06,134.9,119,3799.0
2025-01-14,夜班,ES-07,149.8,93,2657.0
2025-01-15,早班,ES-01,117.0,71,2215.0
2025-01-15,早班,ES-03,111.1,99,2947.0
2025-01-15,早班,ES-04,176.3,58,1682.0
2025-01-15,早班,ES-05,127.5,97,3095.0
2025-01-15,早班,ES-07,146.3,73,2144.0
2025-01-15,早班,ES-08,122.0,136,3875.0
2025-01-15,中班,ES-03,116.2,102,3173.0
2025-01-15,中班,ES-04,173.3,129,3746.0
2025-01-15,中班,ES-05,127.4,81,2334.0
2025-01-15,中班,ES-06,122.2,54,1734.0
2025-01-15,中班,ES-08,127.0,94,2795.0
2025-01-15,夜班,ES-01,126.3,96,2972.0
2025-01-15,夜班,ES-02,123.7,85,2502.0
2025-01-15,夜班,ES-03,105.4,108,3248.0
2025-01-15,夜班,ES-04,184.8,106,3041.0
2025-01-15,夜班,ES-05,127.6,78,2189.0
2025-01-15,夜班,ES-06,126.4,70,2276.0
2025-01-15,夜班,ES-07,137.5,98,2857.0
2025-01-15,夜班,ES-08,127.7,78,2377.0
2025-01-16,早班,ES-01,132.9,93,2740.0
2025-01-16,早班,ES-02,128.9,59,1852.0
2025-01-16,早班,ES-05,131.1,107,3087.0
2025-01-16,早班,ES-06,121.2,117,3829.0
2025-01-16,早班,ES-07,154.4,63,1933.0
2025-01-16,早班,ES-08,188.7,83,2400.0
2025-01-16,中班,ES-02,127.0,94,2767.0
2025-01-16,中班,ES-03,106.2,79,2509.0
2025-01-16,中班,ES-04,169.8,112,3371.0
2025-01-16,中班,ES-05,133.2,89,2911.0
2025-01-16,中班,ES-06,134.0,88,2492.0
2025-01-16,中班,ES-07,145.2,112,3410.0
2025-01-16,中班,ES-08,113.1,89,2702.0
2025-01-16,夜班,ES-01,115.5,108,3083.0
2025-01-16,夜班,ES-02,128.4,89,2620.0
2025-01-16,夜班,ES-03,113.6,104,3269.0
2025-01-16,夜班,ES-04,166.7,77,2293.0
2025-01-16,夜班,ES-06,135.4,105,3322.0
2025-01-16,夜班,ES-07,215.3,101,3183.0
2025-01-16,夜班,ES-08,130.9,71,2143.0
2025-01-17,早班,ES-01,126.3,75,2359.0
2025-01-17,早班,ES-02,113.8,66,1925.0
2025-01-17,早班,ES-05,123.3,99,2914.0
2025-01-17,早班,ES-07,150.6,105,3318.0
2025-01-17,早班,ES-08,123.7,78,2466.0
2025-01-17,中班,ES-01,133.9,101,2946.0
2025-01-17,中班,ES-02,130.4,129,4095.0
2025-01-17,中班,ES-03,174.3,89,2554.0
2025-01-17,中班,ES-06,122.2,113,3692.0
2025-01-17,中班,ES-08,116.4,115,3625.0
2025-01-17,夜班,ES-01,109.2,81,2407.0
2025-01-17,夜班,ES-02,125.7,107,3197.0
2025-01-17,夜班,ES-05,111.4,70,2163.0
2025-01-17,夜班,ES-06,211.9,84,2361.0
2025-01-17,夜班,ES-07,159.0,106,3377.0
2025-01-17,夜班,ES-08,118.6,72,2328.0
2025-01-18,早班,ES-01,117.5,79,2548.0
2025-01-18,早班,ES-02,119.2,98,3089.0
2025-01-18,早班,ES-03,127.7,85,2642.0
2025-01-18,早班,ES-04,172.8,61,1859.0
2025-01-18,早班,ES-05,117.1,111,3410.0
2025-01-18,早班,ES-06,138.5,72,2078.0
2025-01-18,早班,ES-07,148.7,85,2424.0
2025-01-18,早班,ES-08,114.0,94,2781.0
2025-01-18,中班,ES-01,124.3,87,2615.0
2025-01-18,中班,ES-03,116.4,105,3189.0
2025-01-18,中班,ES-04,176.4,112,3339.0
2025-01-18,中班,ES-06,126.4,100,2836.0
2025-01-18,中班,ES-08,116.5,91,2744.0
2025-01-18,夜班,ES-01,112.6,69,2033.0
2025-01-18,夜班,ES-02,122.2,70,2052.0
2025-01-18,夜班,ES-04,191.2,74,2184.0
2025-01-18,夜班,ES-05,142.7,58,1836.0
2025-01-18,夜班,ES-06,133.2,108,3069.0
2025-01-18,夜班,ES-07,142.3,79,2306.0
2025-01-18,夜班,ES-08,120.2,67,2040.0
2025-01-19,早班,ES-01,105.2,93,2879.0
2025-01-19,早班,ES-02,106.4,91,2869.0
2025-01-19,早班,ES-03,122.7,102,2975.0
2025-01-19,早班,ES-04,175.3,75,2311.0
2025-01-19,早班,ES-06,127.8,107,3316.0
2025-01-19,早班,ES-07,158.8,107,3317.0
2025-01-19,早班,ES-08,118.8,119,3727.0
2025-01-19,中班,ES-01,111.6,82,2563.0
2025-01-19,中班,ES-02,121.8,101,2963.0
2025-01-19,中班,ES-03,115.8,106,3135.0
2025-01-19,中班,ES-05,131.4,103,3097.0
2025-01-19,中班,ES-06,206.5,129,4062.0
2025-01-19,中班,ES-08,125.2,85,2573.0
2025-01-19,夜班,ES-02,130.9,87,2619.0
2025-01-19,夜班,ES-06,141.3,80,2259.0
2025-01-19,夜班,ES-07,160.3,104,3233.0
2025-01-19,夜班,ES-08,117.6,80,2485.0
2025-01-20,早班,ES-01,127.4,99,3005.0
2025-01-20,早班,ES-02,123.9,86,2431.0
2025-01-20,早班,ES-03,109.9,95,2819.0
2025-01-20,早班,ES-04,176.3,104,3306.0
2025-01-20,早班,ES-06,134.2,71,2270.0
2025-01-20,早班,ES-07,132.3,91,2817.0
2025-01-20,中班,ES-01,104.8,98,2897.0
2025-01-20,中班,ES-02,129.4,91,2967.0
2025-01-20,中班,ES-03,117.0,86,2459.0
2025-01-20,中班,ES-04,177.9,90,2756.0
2025-01-20,中班,ES-06,126.3,77,2503.0
2025-01-20,中班,ES-07,156.4,117,3645.0
2025-01-20,夜班,ES-01,118.5,105,3302.0
2025-01-20,夜班,ES-02,124.9,93,2903.0
2025-01-20,夜班,ES-03,122.3,77,2531.0
2025-01-20,夜班,ES-04,189.4,88,2889.0
2025-01-20,夜班,ES-05,130.4,54,1536.0
2025-01-20,夜班,ES-06,128.2,105,3197.0
2025-01-21,早班,ES-02,116.9,62,1771.0
2025-01-21,早班,ES-04,176.3,87,2860.0
2025-01-21,早班,ES-05,119.1,53,1687.0
2025-01-21,早班,ES-06,133.4,94,2821.0
2025-01-21,中班,ES-01,113.8,106,3400.0
2025-01-21,中班,ES-03,109.7,110,3455.0
2025-01-21,中班,ES-04,184.5,148,4559.0
2025-01-21,中班,ES-05,141.3,98,2887.0
2025-01-21,中班,ES-07,165.1,123,3626.0
2025-01-21,中班,ES-08,119.1,81,2604.0
2025-01-21,夜班,ES-01,116.0,75,2243.0
2025-01-21,夜班,ES-02,140.7,61,1817.0
2025-01-21,夜班,ES-03,102.6,83,2354.0
2025-01-21,夜班,ES-07,141.8,92,2604.0
2025-01-22,早班,ES-03,111.5,97,3096.0
2025-01-22,早班,ES-04,184.4,73,2065.0
2025-01-22,早班,ES-08,164.9,93,2848.0
2025-01-22,中班,ES-01,118.1,110,3146.0
2025-01-22,中班,ES-03,110.9,74,2297.0
2025-01-22,中班,ES-04,162.5,96,3044.0
2025-01-22,中班,ES-05,121.9,80,2524.0
2025-01-22,中班,ES-06,133.6,103,3065.0
2025-01-22,中班,ES-07,140.7,135,3786.0
2025-01-22,中班,ES-08,108.3,110,3432.0
2025-01-22,夜班,ES-01,128.3,56,1734.0
2025-01-22,夜班,ES-02,126.7,80,2461.0
2025-01-22,夜班,ES-03,122.5,104,3093.0
2025-01-22,夜班,ES-04,167.6,118,3380.0
2025-01-22,夜班,ES-05,129.4,101,3329.0
2025-01-22,夜班,ES-06,138.3,99,3124.0
2025-01-22,夜班,ES-07,144.6,108,3231.0
2025-01-22,夜班,ES-08,129.6,93,2651.0
2025-01-23,早班,ES-02,131.2,104,3165.0
2025-01-23,早班,ES-03,91.9,105,3178.0
2025-01-23,早班,ES-04,185.1,90,2828.0
2025-01-23,早班,ES-05,115.9,120,3632.0
2025-01-23,早班,ES-06,134.7,115,3325.0
2025-01-23,早班,ES-07,153.1,113,3565.0
2025-01-23,早班,ES-08,108.6,103,3192.0
2025-01-23,中班,ES-01,111.9,109,3135.0
2025-01-23,中班,ES-02,127.6,101,3040.0
2025-01-23,中班,ES-05,141.4,96,2959.0
2025-01-23,中班,ES-06,118.0,84,2474.0
2025-01-23,中班,ES-08,119.9,91,2908.0
2025-01-23,夜班,ES-01,110.4,98,2955.0
2025-01-23,夜班,ES-02,126.2,78,2435.0
2025-01-23,夜班,ES-03,122.9,123,3985.0
2025-01-23,夜班,ES-04,187.4,108,3392.0
2025-01-23,夜班,ES-05,125.8,107,3061.0
2025-01-23,夜班,ES-06,130.4,94,2670.0
2025-01-23,夜班,ES-07,139.8,108,3529.0
2025-01-23,夜班,ES-08,130.6,85,2775.0
2025-01-24,早班,ES-01,117.2,99,2773.0
2025-01-24,早班,ES-02,146.7,97,2805.0
2025-01-24,早班,ES-03,104.1,70,2039.0
2025-01-24,早班,ES-04,175.2,74,2167.0
2025-01-24,早班,ES-05,129.6,101,3138.0
2025-01-24,早班,ES-06,141.3,82,2350.0
2025-01-24,早班,ES-07,154.4,97,2737.0
2025-01-24,早班,ES-08,112.9,85,2456.0
2025-01-24,中班,ES-01,119.8,65,1923.0
2025-01-24,中班,ES-02,126.4,68,2022.0
2025-01-24,中班,ES-03,119.6,120,3396.0
2025-01-24,中班,ES-05,121.2,91,2836.0
2025-01-24,中班,ES-07,147.1,92,2812.0
2025-01-24,夜班,ES-02,118.0,65,1828.0
2025-01-24,夜班,ES-04,180.2,99,3061.0
2025-01-24,夜班,ES-05,140.1,102,3008.0
2025-01-24,夜班,ES-06,130.5,92,2595.0
2025-01-25,早班,ES-01,129.7,98,3114.0
2025-01-25,早班,ES-02,186.4,76,2142.0
2025-01-25,早班,ES-03,122.7,82,2674.0
2025-01-25,早班,ES-04,234.5,67,2175.0
2025-01-25,早班,ES-05,117.2,87,2776.0
2025-01-25,早班,ES-06,131.3,74,2426.0
2025-01-25,早班,ES-07,156.2,103,3316.0
2025-01-25,早班,ES-08,125.0,72,2337.0
2025-01-25,中班,ES-01,114.7,109,3112.0
2025-01-25,中班,ES-03,108.6,71,2169.0
2025-01-25,中班,ES-04,177.5,82,2297.0
2025-01-25,中班,ES-05,120.5,76,2151.0
2025-01-25,中班,ES-06,195.8,67,2184.0
2025-01-25,中班,ES-08,138.6,105,3033.0
2025-01-25,夜班,ES-02,123.1,96,2852.0
2025-01-25,夜班,ES-03,118.0,102,3331.0
2025-01-25,夜班,ES-07,151.8,85,2401.0
2025-01-25,夜班,ES-08,128.6,119,3476.0
2025-01-26,早班,ES-06,114.7,103,3114.0
2025-01-26,早班,ES-07,138.7,109,3143.0
2025-01-26,早班,ES-08,130.6,92,2606.0
2025-01-26,中班,ES-02,157.3,104,3270.0
2025-01-26,中班,ES-04,172.4,66,1966.0
2025-01-26,中班,ES-05,114.1,96,2789.0
2025-01-26,夜班,ES-02,136.6,105,3369.0
2025-01-26,夜班,ES-04,159.7,97,3155.0
2025-01-26,夜班,ES-05,131.1,110,3559.0
2025-01-26,夜班,ES-06,122.2,132,4304.0
2025-01-26,夜班,ES-07,135.9,85,2535.0
2025-01-26,夜班,ES-08,133.8,94,3054.0
2025-01-27,早班,ES-01,110.0,77,2329.0
2025-01-27,早班,ES-04,180.5,94,2875.0
2025-01-27,早班,ES-05,131.9,77,2340.0
2025-01-27,早班,ES-06,112.7,122,3578.0
2025-01-27,早班,ES-07,138.0,74,2089.0
2025-01-27,早班,ES-08,120.4,122,3444.0
2025-01-27,中班,ES-01,117.0,103,3267.0
2025-01-27,中班,ES-03,97.0,85,2485.0
2025-01-27,中班,ES-04,161.0,99,3044.0
2025-01-27,中班,ES-06,126.6,101,3096.0
2025-01-27,中班,ES-07,150.1,73,2335.0
2025-01-27,中班,ES-08,130.5,97,2754.0
2025-01-27,夜班,ES-01,114.4,129,3695.0
2025-01-27,夜班,ES-02,123.5,114,3694.0
2025-01-27,夜班,ES-03,118.2,82,2575.0
2025-01-27,夜班,ES-05,123.5,111,3648.0
2025-01-27,夜班,ES-06,130.2,95,2681.0
2025-01-28,早班,ES-01,108.2,117,3778.0
2025-01-28,早班,ES-02,135.0,89,2891.0
2025-01-28,早班,ES-03,127.4,107,3115.0
2025-01-28,早班,ES-05,131.6,77,2177.0
2025-01-28,早班,ES-06,135.9,118,3600.0
2025-01-28,早班,ES-08,122.4,68,1954.0
2025-01-28,中班,ES-01,128.0,97,3128.0
2025-01-28,中班,ES-02,134.3,74,2317.0
2025-01-28,中班,ES-03,108.4,94,2722.0
2025-01-28,中班,ES-04,192.3,104,3082.0
2025-01-28,中班,ES-05,120.7,102,3061.0
2025-01-28,中班,ES-07,144.0,82,2639.0
2025-01-28,中班,ES-08,129.6,103,3122.0
2025-01-28,夜班,ES-01,104.5,88,2680.0
2025-01-28,夜班,ES-02,131.9,70,2147.0
2025-01-28,夜班,ES-03,125.2,131,3896.0
2025-01-28,夜班,ES-04,158.8,117,3297.0
2025-01-28,夜班,ES-05,128.3,84,2360.0
2025-01-28,夜班,ES-06,123.2,83,2471.0
2025-01-28,夜班,ES-07,136.1,77,2428.0
2025-01-28,夜班,ES-08,118.1,78,2411.0
2025-01-29,早班,ES-01,114.8,113,3314.0
2025-01-29,早班,ES-03,119.8,78,2335.0
2025-01-29,早班,ES-05,135.8,82,2614.0
2025-01-29,早班,ES-06,140.1,92,2956.0
2025-01-29,早班,ES-07,151.4,73,2086.0
2025-01-29,早班,ES-08,121.1,69,2019.0
2025-01-29,中班,ES-01,132.6,99,3062.0
2025-01-29,中班,ES-02,142.3,117,3758.0
2025-01-29,中班,ES-03,120.3,96,2823.0
2025-01-29,中班,ES-04,176.4,113,3273.0
2025-01-29,中班,ES-05,122.5,64,1980.0
2025-01-29,中班,ES-06,135.9,98,2838.0
2025-01-29,中班,ES-07,148.3,101,3266.0
2025-01-29,中班,ES-08,122.3,138,4549.0
2025-01-29,夜班,ES-01,116.1,71,2223.0
2025-01-29,夜班,ES-02,121.6,54,1778.0
2025-01-29,夜班,ES-04,173.6,103,3270.0
2025-01-29,夜班,ES-05,128.2,114,3747.0
2025-01-29,夜班,ES-06,124.9,105,3292.0
2025-01-29,夜班,ES-08,132.6,63,1854.0
2025-01-30,早班,ES-01,104.6,118,3542.0
2025-01-30,早班,ES-02,117.6,87,2764.0
2025-01-30,早班,ES-03,111.9,105,3348.0
2025-01-30,早班,ES-04,180.7,98,2769.0
2025-01-30,早班,ES-05,120.4,88,2830.0
2025-01-30,早班,ES-06,127.7,106,3294.0
2025-01-30,早班,ES-07,136.1,113,3513.0
2025-01-30,早班,ES-08,124.4,81,2601.0
2025-01-30,中班,ES-01,106.6,109,3136.0
2025-01-30,中班,ES-03,110.6,87,2611.0
2025-01-30,中班,ES-04,180.8,68,1960.0
2025-01-30,中班,ES-05,128.6,104,3106.0
2025-01-30,中班,ES-07,145.1,90,2528.0
2025-01-30,夜班,ES-01,122.1,80,2242.0
2025-01-30,夜班,ES-02,134.5,101,2847.0
2025-01-30,夜班,ES-04,183.2,89,2918.0
2025-01-30,夜班,ES-05,127.5,91,2697.0
2025-01-30,夜班,ES-06,143.4,107,3240.0
2025-01-30,夜班,ES-07,140.4,92,2915.0
2025-01-30,夜班,ES-08,123.9,106,3144.0
2025-01-31,早班,ES-02,128.1,85,2732.0
2025-01-31,早班,ES-03,101.5,90,2661.0
2025-01-31,早班,ES-04,186.0,50,1584.0
2025-01-31,早班,ES-05,131.3,73,2178.0
2025-01-31,早班,ES-06,130.9,106,3022.0
2025-01-31,早班,ES-07,166.1,89,2520.0
2025-01-31,早班,ES-08,126.7,122,3678.0
2025-01-31,中班,ES-02,129.0,128,4135.0
2025-01-31,中班,ES-03,116.3,83,2464.0
2025-01-31,中班,ES-06,126.2,75,2396.0
2025-01-31,中班,ES-08,123.7,79,2469.0
2025-01-31,夜班,ES-01,113.4,106,3422.0
2025-01-31,夜班,ES-02,121.1,91,2840.0
2025-01-31,夜班,ES-03,106.4,92,3025.0
2025-01-31,夜班,ES-04,186.2,99,3021.0
2025-01-31,夜班,ES-05,134.9,83,2700.0
2025-01-31,夜班,ES-07,153.6,74,2092.0
2025-01-31,夜班,ES-08,121.4,71,2184.0
2025-02-01,早班,ES-01,132.6,83,2709.0
2025-02-01,早班,ES-02,129.6,78,2554.0
2025-02-01,早班,ES-03,103.5,73,2329.0
2025-02-01,早班,ES-05,134.8,120,3710.0
2025-02-01,早班,ES-06,138.4,118,3628.0
2025-02-01,早班,ES-07,203.9,91,2843.0
2025-02-01,中班,ES-01,125.6,109,3136.0
2025-02-01,中班,ES-02,117.4,135,3786.0
2025-02-01,中班,ES-05,120.3,75,2312.0
2025-02-01,中班,ES-06,125.3,120,3504.0
2025-02-01,中班,ES-07,143.5,102,3081.0
2025-02-01,夜班,ES-01,135.3,92,2723.0
2025-02-01,夜班,ES-03,124.6,38,1155.0
2025-02-01,夜班,ES-04,175.9,117,3681.0
2025-02-01,夜班,ES-05,115.5,96,3059.0
2025-02-01,夜班,ES-06,134.1,47,1421.0
2025-02-02,早班,ES-02,132.2,119,3603.0
2025-02-02,早班,ES-03,104.0,131,4170.0
2025-02-02,早班,ES-04,173.7,75,2164.0
2025-02-02,早班,ES-05,115.4,80,2615.0
2025-02-02,早班,ES-06,126.3,125,3731.0
2025-02-02,早班,ES-07,147.7,105,3412.0
2025-02-02,早班,ES-08,122.6,53,1745.0
2025-02-02,中班,ES-01,130.3,86,2561.0
2025-02-02,中班,ES-03,110.8,97,2907.0
2025-02-02,中班,ES-04,177.8,122,3487.0
2025-02-02,中班,ES-05,121.6,97,3105.0
2025-02-02,中班,ES-06,131.9,97,2785.0
2025-02-02,中班,ES-07,150.5,117,3280.0
2025-02-02,中班,ES-08,126.4,117,3814.0
2025-02-02,夜班,ES-01,126.5,74,2190.0
2025-02-02,夜班,ES-02,97.9,102,2997.0
2025-02-02,夜班,ES-03,110.3,109,3500.0
2025-02-02,夜班,ES-04,179.2,89,2736.0
2025-02-02,夜班,ES-07,147.8,68,2108.0
2025-02-02,夜班,ES-08,113.9,78,2494.0
2025-02-03,早班,ES-01,128.1,92,2614.0
2025-02-03,早班,ES-03,100.8,113,3314.0
2025-02-03,早班,ES-04,181.4,93,2863.0
2025-02-03,早班,ES-05,131.7,95,2775.0
2025-02-03,早班,ES-07,143.2,107,3097.0
2025-02-03,早班,ES-08,128.6,100,3062.0
2025-02-03,中班,ES-01,135.4,69,2194.0
2025-02-03,中班,ES-03,141.4,112,3157.0
2025-02-03,中班,ES-04,184.5,102,3247.0
2025-02-03,中班,ES-05,125.7,84,2609.0
2025-02-03,中班,ES-06,137.5,77,2266.0
2025-02-03,中班,ES-07,138.3,114,3544.0
2025-02-03,中班,ES-08,133.1,79,2387.0
2025-02-03,夜班,ES-01,117.1,95,2746.0
2025-02-03,夜班,ES-03,110.1,86,2723.0
2025-02-03,夜班,ES-05,130.0,85,2665.0
2025-02-03,夜班,ES-06,124.0,105,3030.0
2025-02-03,夜班,ES-07,147.2,68,2222.0
2025-02-04,早班,ES-01,119.2,99,2818.0
2025-02-04,早班,ES-03,115.0,93,2728.0
2025-02-04,早班,ES-04,178.2,96,2704.0
2025-02-04,早班,ES-06,194.8,103,3166.0
2025-02-04,早班,ES-07,154.9,130,4058.0
2025-02-04,早班,ES-08,118.4,94,2841.0
2025-02-04,中班,ES-03,95.8,63,1930.0
2025-02-04,中班,ES-04,177.2,95,3048.0
2025-02-04,中班,ES-05,148.7,72,2273.0
2025-02-04,中班,ES-06,116.1,70,2068.0
2025-02-04,中班,ES-07,142.4,47,1511.0
2025-02-04,夜班,ES-01,126.9,81,2635.0
2025-02-04,夜班,ES-02,130.2,74,2223.0
2025-02-04,夜班,ES-03,100.5,107,3381.0
2025-02-04,夜班,ES-04,199.1,100,2850.0
2025-02-04,夜班,ES-05,109.8,97,3102.0
2025-02-04,夜班,ES-06,124.5,89,2528.0
2025-02-04,夜班,ES-07,155.1,105,2950.0
2025-02-04,夜班,ES-08,180.5,87,2466.0
2025-02-05,早班,ES-01,126.8,106,3129.0
2025-02-05,早班,ES-02,123.7,94,3075.0
2025-02-05,早班,ES-04,178.3,116,3606.0
2025-02-05,早班,ES-05,115.4,102,3171.0
2025-02-05,早班,ES-06,126.7,85,2452.0
2025-02-05,早班,ES-07,147.6,96,2911.0
2025-02-05,中班,ES-01,121.5,106,2979.0
2025-02-05,中班,ES-02,129.5,127,3996.0
2025-02-05,中班,ES-03,98.2,73,2173.0
2025-02-05,中班,ES-04,184.1,83,2545.0
2025-02-05,中班,ES-06,130.2,89,2601.0
2025-02-05,中班,ES-07,151.1,83,2652.0
2025-02-05,中班,ES-08,117.1,84,2392.0
2025-02-05,夜班,ES-01,117.6,91,2697.0
2025-02-05,夜班,ES-02,123.5,96,2975.0
2025-02-05,夜班,ES-03,98.8,117,3782.0
2025-02-05,夜班,ES-05,120.6,123,4033.0
2025-02-05,夜班,ES-07,142.7,90,2823.0
2025-02-05,夜班,ES-08,158.7,104,3200.0
2025-02-06,早班,ES-01,113.2,95,3063.0
2025-02-06,早班,ES-02,116.7,97,2979.0
2025-02-06,早班,ES-03,115.8,88,2707.0
2025-02-06,早班,ES-04,169.9,85,2449.0
2025-02-06,早班,ES-07,147.3,117,3284.0
2025-02-06,早班,ES-08,123.8,97,3003.0
2025-02-06,中班,ES-01,104.7,80,2444.0
2025-02-06,中班,ES-02,119.0,111,3240.0
2025-02-06,中班,ES-03,120.7,102,2909.0
2025-02-06,中班,ES-04,178.9,96,2946.0
2025-02-06,中班,ES-05,118.6,69,2257.0
2025-02-06,中班,ES-06,131.1,64,1795.0
2025-02-06,中班,ES-08,119.1,70,2281.0
2025-02-06,夜班,ES-01,109.7,109,3389.0
2025-02-06,夜班,ES-04,181.5,111,3162.0
2025-02-06,夜班,ES-05,123.7,65,1985.0
2025-02-06,夜班,ES-06,117.8,105,3429.0
2025-02-06,夜班,ES-07,145.9,96,3139.0
2025-02-06,夜班,ES-08,120.3,110,3222.0
2025-02-07,早班,ES-01,121.4,104,3235.0
2025-02-07,早班,ES-02,121.0,63,1936.0
2025-02-07,早班,ES-03,109.9,103,3348.0
2025-02-07,早班,ES-04,177.7,67,2056.0
2025-02-07,早班,ES-05,126.0,63,1779.0
2025-02-07,早班,ES-06,136.9,104,3325.0
2025-02-07,早班,ES-07,177.0,89,2670.0
2025-02-07,早班,ES-08,112.6,89,2880.0
2025-02-07,中班,ES-01,105.4,90,2581.0
2025-02-07,中班,ES-02,130.3,87,2552.0
2025-02-07,中班,ES-03,93.3,83,2403.0
2025-02-07,中班,ES-04,170.1,110,3297.0
2025-02-07,中班,ES-05,133.1,68,2121.0
2025-02-07,中班,ES-06,116.0,82,2570.0
2025-02-07,中班,ES-07,158.2,83,2711.0
2025-02-07,中班,ES-08,117.5,98,2985.0
2025-02-07,夜班,ES-03,110.9,95,2925.0
2025-02-07,夜班,ES-05,146.8,104,3396.0
2025-02-07,夜班,ES-06,121.7,125,3858.0
2025-02-07,夜班,ES-07,153.6,92,2898.0
2025-02-08,早班,ES-02,119.9,63,2057.0
2025-02-08,早班,ES-03,108.8,106,3025.0
2025-02-08,早班,ES-04,174.3,110,3511.0
2025-02-08,早班,ES-05,135.3,77,2201.0
2025-02-08,早班,ES-06,119.7,76,2355.0
2025-02-08,早班,ES-07,169.6,118,3410.0
2025-02-08,早班,ES-08,122.1,99,3173.0
2025-02-08,中班,ES-01,125.8,121,3980.0
2025-02-08,中班,ES-02,131.7,71,2166.0
2025-02-08,中班,ES-03,109.2,133,4256.0
2025-02-08,中班,ES-04,170.7,64,1859.0
2025-02-08,中班,ES-05,129.0,94,2835.0
2025-02-08,中班,ES-06,135.3,98,3143.0
2025-02-08,中班,ES-07,147.9,101,3260.0
2025-02-08,中班,ES-08,127.2,85,2387.0
2025-02-08,夜班,ES-01,120.5,114,3194.0
2025-02-08,夜班,ES-03,95.2,92,2769.0
2025-02-08,夜班,ES-05,119.3,100,3244.0
2025-02-08,夜班,ES-06,125.8,121,3824.0
2025-02-08,夜班,ES-08,126.9,104,3374.0
2025-02-09,早班,ES-01,117.7,81,2348.0
2025-02-09,早班,ES-02,122.5,107,3048.0
2025-02-09,早班,ES-05,125.9,79,2287.0
2025-02-09,早班,ES-06,135.6,90,2888.0
2025-02-09,早班,ES-07,149.6,52,1519.0
2025-02-09,早班,ES-08,103.1,68,2067.0
2025-02-09,中班,ES-01,122.6,64,1800.0
2025-02-09,中班,ES-03,116.0,86,2693.0
2025-02-09,中班,ES-06,123.5,82,2533.0
2025-02-09,中班,ES-07,121.5,111,3260.0
2025-02-09,中班,ES-08,120.1,95,2991.0
2025-02-09,夜班,ES-01,131.2,96,2968.0
2025-02-09,夜班,ES-02,122.0,108,3280.0
2025-02-09,夜班,ES-05,120.9,69,2231.0
2025-02-09,夜班,ES-06,176.7,135,3817.0
2025-02-09,夜班,ES-07,143.7,81,2291.0
2025-02-09,夜班,ES-08,142.5,67,1921.0
2025-02-10,早班,ES-01,128.6,81,2362.0
2025-02-10,早班,ES-02,137.2,86,2754.0
2025-02-10,早班,ES-03,92.1,79,2356.0
2025-02-10,早班,ES-04,162.8,93,2861.0
2025-02-10,早班,ES-06,122.7,104,3041.0
2025-02-10,早班,ES-07,154.6,125,3813.0
2025-02-10,早班,ES-08,127.6,86,2484.0
2025-02-10,中班,ES-01,123.7,99,3073.0
2025-02-10,中班,ES-02,126.1,70,2126.0
2025-02-10,中班,ES-05,132.7,67,1995.0
2025-02-10,中班,ES-06,145.2,110,3297.0
2025-02-10,中班,ES-08,127.6,129,3933.0
2025-02-10,夜班,ES-01,107.6,104,3077.0
2025-02-10,夜班,ES-02,120.5,106,3043.0
2025-02-10,夜班,ES-03,109.4,102,3006.0
2025-02-10,夜班,ES-05,120.7,70,1997.0
2025-02-10,夜班,ES-07,138.9,83,2365.0
2025-02-11,早班,ES-01,128.3,84,2705.0
2025-02-11,早班,ES-02,129.0,79,2276.0
2025-02-11,早班,ES-03,112.0,95,2684.0
2025-02-11,早班,ES-04,173.9,68,2177.0
2025-02-11,早班,ES-05,132.8,76,2381.0
2025-02-11,早班,ES-07,156.4,91,2852.0
2025-02-11,中班,ES-01,120.6,84,2658.0
2025-02-11,中班,ES-02,118.4,93,3004.0
2025-02-11,中班,ES-03,107.4,114,3742.0
2025-02-11,中班,ES-04,193.0,109,3490.0
2025-02-11,中班,ES-05,134.9,48,1526.0
2025-02-11,中班,ES-07,145.6,73,2356.0
2025-02-11,中班,ES-08,110.6,94,2971.0
2025-02-11,夜班,ES-01,131.4,69,1948.0
2025-02-11,夜班,ES-02,126.2,105,3322.0
2025-02-11,夜班,ES-04,169.8,98,3178.0
2025-02-11,夜班,ES-05,140.1,95,2904.0
2025-02-11,夜班,ES-06,124.6,83,2628.0
2025-02-11,夜班,ES-07,157.2,97,2886.0
2025-02-11,夜班,ES-08,125.0,61,1865.0
2025-02-12,早班,ES-01,114.5,87,2450.0
2025-02-12,早班,ES-02,114.7,99,3119.0
2025-02-12,早班,ES-03,118.3,97,2850.0
2025-02-12,早班,ES-05,118.8,104,3086.0
2025-02-12,早班,ES-06,133.1,98,2778.0
2025-02-12,早班,ES-07,152.5,121,3525.0
2025-02-12,中班,ES-02,129.9,93,2801.0
2025-02-12,中班,ES-04,188.3,91,2717.0
2025-02-12,中班,ES-06,135.7,89,2723.0
2025-02-12,中班,ES-07,134.0,92,2952.0
2025-02-12,中班,ES-08,126.9,115,3235.0
2025-02-12,夜班,ES-01,109.0,75,2199.0
2025-02-12,夜班,ES-02,127.8,112,3532.0
2025-02-12,夜班,ES-04,177.7,115,3726.0
2025-02-12,夜班,ES-06,127.8,89,2886.0
2025-02-12,夜班,ES-07,145.4,102,2866.0
2025-02-12,夜班,ES-08,130.4,82,2326.0
2025-02-13,早班,ES-01,123.8,123,3843.0
2025-02-13,早班,ES-02,111.7,89,2598.0
2025-02-13,早班,ES-03,109.9,82,2358.0
2025-02-13,早班,ES-04,162.8,101,2864.0
2025-02-13,早班,ES-05,122.4,68,1961.0
2025-02-13,早班,ES-06,131.2,123,3471.0
2025-02-13,早班,ES-07,152.0,92,2643.0
2025-02-13,中班,ES-01,110.4,79,2491.0
2025-02-13,中班,ES-02,127.0,77,2403.0
2025-02-13,中班,ES-03,109.9,105,2960.0
2025-02-13,中班,ES-04,178.5,85,2468.0
2025-02-13,中班,ES-05,130.2,107,3375.0
2025-02-13,中班,ES-07,154.1,110,3359.0
2025-02-13,夜班,ES-01,122.7,107,3109.0
2025-02-13,夜班,ES-02,135.8,95,2783.0
2025-02-13,夜班,ES-03,102.9,81,2666.0
2025-02-13,夜班,ES-04,167.8,81,2481.0
2025-02-13,夜班,ES-06,122.0,93,2667.0
2025-02-13,夜班,ES-08,121.6,99,3190.0
2025-02-14,早班,ES-02,132.5,95,2874.0
2025-02-14,早班,ES-03,115.4,92,2784.0
2025-02-14,早班,ES-04,163.8,83,2620.0
2025-02-14,早班,ES-05,106.6,91,2805.0
2025-02-14,早班,ES-08,132.2,100,3204.0
2025-02-14,中班,ES-03,106.1,82,2364.0
2025-02-14,中班,ES-04,191.7,115,3645.0
2025-02-14,中班,ES-05,119.4,111,3210.0
2025-02-14,中班,ES-06,218.7,82,2521.0
2025-02-14,中班,ES-07,156.7,118,3405.0
2025-02-14,中班,ES-08,125.7,79,2447.0
2025-02-14,夜班,ES-02,121.1,116,3348.0
2025-02-14,夜班,ES-03,100.0,86,2731.0
2025-02-14,夜班,ES-04,175.0,81,2363.0
2025-02-14,夜班,ES-08,129.1,82,2603.0
2025-02-15,早班,ES-01,113.4,146,4342.0
2025-02-15,早班,ES-03,105.1,102,2952.0
2025-02-15,早班,ES-04,184.6,84,2431.0
2025-02-15,早班,ES-05,120.0,101,3019.0
2025-02-15,早班,ES-08,127.4,116,3481.0
2025-02-15,中班,ES-01,121.2,109,3438.0
2025-02-15,中班,ES-02,122.8,106,3076.0
2025-02-15,中班,ES-03,111.2,113,3253.0
2025-02-15,中班,ES-04,167.7,100,3079.0
2025-02-15,中班,ES-05,118.7,121,3766.0
2025-02-15,中班,ES-06,127.1,102,3343.0
2025-02-15,中班,ES-08,126.9,114,3625.0
2025-02-15,夜班,ES-01,116.2,98,3178.0
2025-02-15,夜班,ES-02,130.9,102,3084.0
2025-02-15,夜班,ES-03,108.2,85,2583.0
2025-02-15,夜班,ES-04,168.4,101,3278.0
2025-02-15,夜班,ES-05,143.3,126,3965.0
2025-02-15,夜班,ES-06,145.1,90,2653.0
2025-02-15,夜班,ES-07,145.6,84,2502.0
2025-02-15,夜班,ES-08,137.5,99,3103.0
2025-02-16,早班,ES-01,116.0,100,2980.0
2025-02-16,早班,ES-02,119.0,75,2135.0
2025-02-16,早班,ES-03,106.0,82,2418.0
2025-02-16,早班,ES-04,174.6,83,2725.0
2025-02-16,早班,ES-05,136.4,90,2852.0
2025-02-16,早班,ES-06,125.4,83,2598.0
2025-02-16,早班,ES-07,150.1,32,1037.0
2025-02-16,早班,ES-08,119.2,116,3809.0
2025-02-16,中班,ES-01,126.5,93,3002.0
2025-02-16,中班,ES-03,113.0,86,2598.0
2025-02-16,中班,ES-04,176.2,75,2235.0
2025-02-16,中班,ES-05,138.3,106,3001.0
2025-02-16,中班,ES-06,130.6,131,4009.0
2025-02-16,中班,ES-07,148.3,74,2144.0
2025-02-16,中班,ES-08,116.2,95,3115.0
2025-02-16,夜班,ES-01,117.0,67,2124.0
2025-02-16,夜班,ES-02,118.9,76,2435.0
2025-02-16,夜班,ES-03,117.1,98,2870.0
2025-02-16,夜班,ES-05,143.8,120,3765.0
2025-02-16,夜班,ES-06,131.1,100,3127.0
2025-02-16,夜班,ES-07,158.0,113,3297.0
2025-02-16,夜班,ES-08,137.9,85,2705.0
2025-02-17,早班,ES-02,129.8,106,3351.0
2025-02-17,早班,ES-03,107.2,85,2395.0
2025-02-17,早班,ES-04,177.1,86,2507.0
2025-02-17,早班,ES-05,129.6,99,2902.0
2025-02-17,早班,ES-06,124.0,117,3485.0
2025-02-17,早班,ES-07,155.5,104,3185.0
2025-02-17,中班,ES-01,123.4,111,3595.0
2025-02-17,中班,ES-02,128.0,119,3350.0
2025-02-17,中班,ES-03,104.1,71,2304.0
2025-02-17,中班,ES-05,123.0,105,3332.0
2025-02-17,中班,ES-07,157.2,82,2373.0
2025-02-17,中班,ES-08,117.3,72,2330.0
2025-02-17,夜班,ES-01,119.3,140,4098.0
2025-02-17,夜班,ES-02,125.8,113,3262.0
2025-02-17,夜班,ES-03,111.3,73,2130.0
2025-02-17,夜班,ES-04,176.8,44,1419.0
2025-02-17,夜班,ES-05,115.2,85,2449.0
2025-02-17,夜班,ES-07,158.3,66,2039.0
2025-02-17,夜班,ES-08,121.3,90,2614.0
2025-02-18,早班,ES-01,168.0,89,2754.0
2025-02-18,早班,ES-02,138.4,65,1821.0
2025-02-18,早班,ES-04,178.4,78,2512.0
2025-02-18,早班,ES-05,112.2,78,2311.0
2025-02-18,早班,ES-07,146.5,78,2214.0
2025-02-18,早班,ES-08,167.7,91,2997.0
2025-02-18,中班,ES-01,121.6,85,2418.0
2025-02-18,中班,ES-02,126.7,117,3376.0
2025-02-18,中班,ES-03,111.1,54,1780.0
2025-02-18,中班,ES-04,181.5,86,2567.0
2025-02-18,中班,ES-06,135.3,115,3547.0
2025-02-18,中班,ES-07,151.8,102,3002.0
2025-02-18,中班,ES-08,121.7,64,1813.0
2025-02-18,夜班,ES-02,125.4,92,2713.0
2025-02-18,夜班,ES-03,187.6,92,2599.0
2025-02-18,夜班,ES-04,167.0,83,2538.0
2025-02-18,夜班,ES-05,141.0,63,1924.0
2025-02-18,夜班,ES-06,138.4,91,2820.0
2025-02-18,夜班,ES-07,156.3,85,2730.0
2025-02-19,早班,ES-01,114.3,111,3325.0
2025-02-19,早班,ES-04,178.9,127,3862.0
2025-02-19,早班,ES-05,113.2,97,2823.0
2025-02-19,早班,ES-07,172.3,117,3529.0
2025-02-19,早班,ES-08,121.4,71,1992.0
2025-02-19,中班,ES-01,132.2,132,4014.0
2025-02-19,中班,ES-03,108.5,120,3867.0
2025-02-19,中班,ES-04,183.8,115,3348.0
2025-02-19,中班,ES-05,133.3,86,2626.0
2025-02-19,中班,ES-06,129.7,92,2773.0
2025-02-19,中班,ES-07,156.3,96,2822.0
2025-02-19,中班,ES-08,120.5,112,3582.0
2025-02-19,夜班,ES-01,118.2,81,2475.0
2025-02-19,夜班,ES-02,127.1,111,3651.0
2025-02-19,夜班,ES-03,123.4,80,2291.0
2025-02-19,夜班,ES-04,191.4,119,3344.0
2025-02-19,夜班,ES-05,124.9,111,3636.0
2025-02-19,夜班,ES-07,145.2,113,3697.0
2025-02-19,夜班,ES-08,122.3,132,4192.0
2025-02-20,早班,ES-01,109.8,82,2522.0
2025-02-20,早班,ES-02,120.7,120,3892.0
2025-02-20,早班,ES-03,101.8,122,3571.0
2025-02-20,早班,ES-04,181.6,110,3165.0
2025-02-20,早班,ES-05,122.2,86,2828.0
2025-02-20,早班,ES-07,151.8,141,4070.0
2025-02-20,早班,ES-08,139.3,59,1915.0
2025-02-20,中班,ES-01,110.3,80,2505.0
2025-02-20,中班,ES-02,127.1,123,3541.0
2025-02-20,中班,ES-03,99.9,65,2017.0
2025-02-20,中班,ES-04,186.3,106,2969.0
2025-02-20,中班,ES-06,143.1,86,2737.0
2025-02-20,中班,ES-07,154.3,102,2998.0
2025-02-20,中班,ES-08,114.6,85,2596.0
2025-02-20,夜班,ES-01,128.9,65,2054.0
2025-02-20,夜班,ES-02,124.6,115,3305.0
2025-02-20,夜班,ES-04,182.2,110,3240.0
2025-02-20,夜班,ES-05,128.1,95,2914.0
2025-02-20,夜班,ES-07,165.3,120,3586.0
2025-02-20,夜班,ES-08,109.9,105,2960.0
2025-02-21,早班,ES-01,131.6,125,3992.0
2025-02-21,早班,ES-03,105.1,87,2855.0
2025-02-21,早班,ES-04,177.6,71,2007.0
2025-02-21,早班,ES-06,123.3,111,3189.0
2025-02-21,早班,ES-07,200.4,109,3058.0
2025-02-21,中班,ES-01,118.7,67,1916.0
2025-02-21,中班,ES-02,106.7,104,3129.0
2025-02-21,中班,ES-03,108.4,59,1688.0
2025-02-21,中班,ES-04,180.6,91,2785.0
2025-02-21,中班,ES-05,126.7,74,2394.0
2025-02-21,中班,ES-06,135.0,106,3465.0
2025-02-21,中班,ES-07,197.0,48,1448.0
2025-02-21,中班,ES-08,122.3,127,3734.0
2025-02-21,夜班,ES-02,134.9,119,3832.0
2025-02-21,夜班,ES-03,123.9,67,1976.0
2025-02-21,夜班,ES-05,128.9,102,2933.0
2025-02-21,夜班,ES-06,123.0,81,2414.0
2025-02-21,夜班,ES-07,145.6,57,1839.0
2025-02-22,早班,ES-01,123.1,91,2920.0
2025-02-22,早班,ES-03,110.8,75,2222.0
2025-02-22,早班,ES-05,130.7,103,2947.0
2025-02-22,早班,ES-06,125.2,75,2208.0
2025-02-22,早班,ES-07,151.0,110,3167.0
2025-02-22,中班,ES-01,124.3,85,2415.0
2025-02-22,中班,ES-02,134.5,97,3079.0
2025-02-22,中班,ES-03,151.2,40,1160.0
2025-02-22,中班,ES-04,171.5,81,2483.0
2025-02-22,中班,ES-05,138.0,96,2764.0
2025-02-22,中班,ES-07,142.2,94,2984.0
2025-02-22,中班,ES-08,125.2,66,2048.0
2025-02-22,夜班,ES-01,117.4,110,3568.0
2025-02-22,夜班,ES-02,143.6,78,2231.0
2025-02-22,夜班,ES-03,116.1,106,3369.0
2025-02-22,夜班,ES-04,182.2,74,2423.0
2025-02-22,夜班,ES-07,151.5,85,2545.0
2025-02-22,夜班,ES-08,126.5,56,1739.0
2025-02-23,早班,ES-01,112.9,93,2955.0
2025-02-23,早班,ES-02,135.2,101,2860.0
2025-02-23,早班,ES-03,169.9,51,1511.0
2025-02-23,早班,ES-04,180.5,85,2584.0
2025-02-23,早班,ES-06,140.6,98,2791.0
2025-02-23,早班,ES-07,143.8,78,2277.0
2025-02-23,早班,ES-08,116.2,108,3414.0
2025-02-23,中班,ES-01,121.7,100,3171.0
2025-02-23,中班,ES-02,123.0,86,2770.0
2025-02-23,中班,ES-03,112.4,69,2128.0
2025-02-23,中班,ES-05,119.5,92,2886.0
2025-02-23,中班,ES-06,132.4,77,2411.0
2025-02-23,中班,ES-07,143.2,77,2324.0
2025-02-23,中班,ES-08,126.4,92,2900.0
2025-02-23,夜班,ES-02,187.8,107,3017.0
2025-02-23,夜班,ES-03,119.0,90,2792.0
2025-02-23,夜班,ES-04,171.9,83,2543.0
2025-02-23,夜班,ES-05,122.7,77,2389.0
2025-02-23,夜班,ES-08,121.4,99,2984.0
2025-02-24,早班,ES-02,122.6,83,2488.0
2025-02-24,早班,ES-03,117.9,124,4010.0
2025-02-24,早班,ES-04,169.5,57,1611.0
2025-02-24,早班,ES-05,137.8,83,2363.0
2025-02-24,早班,ES-06,123.8,112,3469.0
2025-02-24,早班,ES-07,145.1,99,3201.0
2025-02-24,早班,ES-08,115.9,57,1735.0
2025-02-24,中班,ES-02,119.8,100,3183.0
2025-02-24,中班,ES-05,128.0,125,3866.0
2025-02-24,中班,ES-06,135.6,76,2157.0
2025-02-24,中班,ES-08,127.2,93,3037.0
2025-02-24,夜班,ES-01,126.3,90,2638.0
2025-02-24,夜班,ES-02,131.1,96,2808.0
2025-02-24,夜班,ES-03,111.7,85,2759.0
2025-02-24,夜班,ES-06,128.1,115,3351.0
2025-02-24,夜班,ES-07,158.2,57,1757.0
2025-02-24,夜班,ES-08,127.1,94,3067.0
2025-02-25,早班,ES-02,130.4,106,3020.0
2025-02-25,早班,ES-03,114.2,106,3095.0
2025-02-25,早班,ES-05,136.4,109,3566.0
2025-02-25,早班,ES-06,106.9,74,2260.0
2025-02-25,中班,ES-01,114.6,108,3175.0
2025-02-25,中班,ES-02,117.1,102,3144.0
2025-02-25,中班,ES-03,94.9,89,2528.0
2025-02-25,中班,ES-04,185.7,64,1833.0
2025-02-25,中班,ES-05,134.7,65,1938.0
2025-02-25,中班,ES-06,127.0,132,3719.0
2025-02-25,中班,ES-07,148.9,104,3019.0
2025-02-25,中班,ES-08,124.5,65,1854.0
2025-02-25,夜班,ES-01,115.3,112,3175.0
2025-02-25,夜班,ES-03,112.0,106,3088.0
2025-02-25,夜班,ES-04,162.6,126,4083.0
2025-02-25,夜班,ES-05,127.9,133,4326.0
2025-02-25,夜班,ES-06,132.5,109,3223.0
2025-02-25,夜班,ES-07,145.0,80,2461.0
2025-02-26,早班,ES-01,107.3,101,3052.0
2025-02-26,早班,ES-02,122.9,97,3012.0
2025-02-26,早班,ES-03,103.9,89,2530.0
2025-02-26,早班,ES-04,188.8,76,2301.0
2025-02-26,早班,ES-05,129.5,115,3426.0
2025-02-26,早班,ES-06,144.0,112,3610.0
2025-02-26,早班,ES-07,142.9,120,3622.0
2025-02-26,中班,ES-01,107.9,90,2862.0
2025-02-26,中班,ES-02,128.1,91,2660.0
2025-02-26,中班,ES-04,178.1,103,3016.0
2025-02-26,中班,ES-06,130.5,75,2392.0
2025-02-26,中班,ES-08,107.7,104,2953.0
2025-02-26,夜班,ES-01,101.7,123,3512.0
2025-02-26,夜班,ES-02,132.5,114,3251.0
2025-02-26,夜班,ES-03,106.7,93,3022.0
2025-02-26,夜班,ES-04,173.7,74,2325.0
2025-02-26,夜班,ES-05,127.3,89,2535.0
2025-02-26,夜班,ES-06,124.8,116,3639.0
2025-02-26,夜班,ES-07,160.3,114,3710.0
2025-02-26,夜班,ES-08,112.5,117,3860.0
2025-02-27,早班,ES-01,125.3,67,2101.0
2025-02-27,早班,ES-02,138.5,113,3325.0
2025-02-27,早班,ES-03,109.7,101,3260.0
2025-02-27,早班,ES-04,184.4,87,2529.0
2025-02-27,早班,ES-06,133.7,105,3345.0
2025-02-27,早班,ES-07,151.0,107,3442.0
2025-02-27,早班,ES-08,185.1,81,2540.0
2025-02-27,中班,ES-02,126.7,96,2695.0
2025-02-27,中班,ES-03,106.2,113,3178.0
2025-02-27,中班,ES-04,177.2,80,2479.0
2025-02-27,中班,ES-05,123.7,97,2905.0
2025-02-27,中班,ES-06,122.6,109,3279.0
2025-02-27,中班,ES-07,146.3,115,3551.0
2025-02-27,中班,ES-08,138.5,120,3804.0
2025-02-27,夜班,ES-01,121.5,95,2862.0
2025-02-27,夜班,ES-02,124.0,106,3262.0
2025-02-27,夜班,ES-03,107.1,94,2979.0
2025-02-27,夜班,ES-04,185.8,109,3171.0
2025-02-27,夜班,ES-06,120.0,137,4000.0
2025-02-27,夜班,ES-07,162.4,60,1707.0
2025-02-27,夜班,ES-08,116.3,102,3333.0
2025-02-28,早班,ES-01,116.3,89,2541.0
2025-02-28,早班,ES-02,118.5,116,3418.0
2025-02-28,早班,ES-03,100.4,71,2096.0
2025-02-28,早班,ES-04,179.7,80,2491.0
2025-02-28,早班,ES-05,111.0,73,2226.0
2025-02-28,早班,ES-06,135.1,99,3220.0
2025-02-28,早班,ES-08,128.2,105,3422.0
2025-02-28,中班,ES-02,127.5,44,1325.0
2025-02-28,中班,ES-03,91.7,96,2868.0
2025-02-28,中班,ES-04,177.9,87,2659.0
2025-02-28,中班,ES-07,150.3,111,3444.0
2025-02-28,夜班,ES-02,128.4,122,3995.0
2025-02-28,夜班,ES-03,109.5,69,2199.0
2025-02-28,夜班,ES-04,168.2,103,3193.0
2025-02-28,夜班,ES-06,124.0,83,2537.0
2025-02-28,夜班,ES-07,150.8,106,3223.0
2025-02-28,夜班,ES-08,121.9,78,2296.0
2025-03-01,早班,ES-01,114.5,111,3423.0
2025-03-01,早班,ES-02,118.7,102,3308.0
2025-03-01,早班,ES-03,123.2,109,3141.0
2025-03-01,早班,ES-04,183.3,77,2221.0
2025-03-01,早班,ES-05,131.8,122,3939.0
2025-03-01,早班,ES-06,127.1,110,3498.0
2025-03-01,早班,ES-07,146.7,137,4002.0
2025-03-01,早班,ES-08,132.7,78,2561.0
2025-03-01,中班,ES-01,110.6,96,3038.0
2025-03-01,中班,ES-02,126.2,80,2567.0
2025-03-01,中班,ES-03,115.4,63,1839.0
2025-03-01,中班,ES-04,192.0,38,1179.0
2025-03-01,中班,ES-05,116.3,86,2703.0
2025-03-01,中班,ES-06,133.3,98,3122.0
2025-03-01,中班,ES-08,125.2,80,2365.0
2025-03-01,夜班,ES-01,126.3,118,3783.0
2025-03-01,夜班,ES-02,131.3,77,2355.0
2025-03-01,夜班,ES-03,112.7,98,2793.0
2025-03-01,夜班,ES-04,202.0,133,4134.0
2025-03-01,夜班,ES-05,130.6,89,2525.0
2025-03-01,夜班,ES-06,122.0,95,2935.0
2025-03-01,夜班,ES-07,159.0,93,2613.0
2025-03-02,早班,ES-01,109.4,108,3385.0
2025-03-02,早班,ES-03,104.2,126,3943.0
2025-03-02,早班,ES-06,126.2,108,3193.0
2025-03-02,中班,ES-01,122.8,72,2238.0
2025-03-02,中班,ES-04,163.3,75,2127.0
2025-03-02,中班,ES-06,131.7,83,2411.0
2025-03-02,中班,ES-07,155.9,102,3175.0
2025-03-02,中班,ES-08,118.9,101,3150.0
2025-03-02,夜班,ES-01,118.9,107,3332.0
2025-03-02,夜班,ES-04,173.7,68,2204.0
2025-03-02,夜班,ES-05,118.7,78,2234.0
2025-03-02,夜班,ES-06,125.8,88,2740.0
2025-03-02,夜班,ES-07,152.4,47,1436.0
2025-03-02,夜班,ES-08,124.8,79,2514.0
2025-03-03,早班,ES-01,118.6,76,2186.0
2025-03-03,早班,ES-03,102.5,66,1856.0
2025-03-03,早班,ES-04,179.4,58,1807.0
2025-03-03,早班,ES-05,122.6,76,2429.0
2025-03-03,早班,ES-06,113.5,82,2503.0
2025-03-03,早班,ES-07,142.1,98,2801.0
2025-03-03,早班,ES-08,134.8,107,3440.0
2025-03-03,中班,ES-01,114.9,83,2638.0
2025-03-03,中班,ES-02,133.9,100,3116.0
2025-03-03,中班,ES-03,108.5,107,3490.0
2025-03-03,中班,ES-04,180.1,92,2736.0
2025-03-03,中班,ES-06,137.1,81,2319.0
2025-03-03,中班,ES-07,138.4,86,2588.0
2025-03-03,中班,ES-08,116.6,96,2737.0
2025-03-03,夜班,ES-01,119.3,76,2419.0
2025-03-03,夜班,ES-02,136.7,71,2280.0
2025-03-03,夜班,ES-03,102.7,86,2744.0
2025-03-03,夜班,ES-04,179.1,82,2635.0
2025-03-03,夜班,ES-06,139.7,63,1780.0
2025-03-03,夜班,ES-07,153.5,99,3035.0
2025-03-04,早班,ES-01,118.6,108,3154.0
2025-03-04,早班,ES-03,169.7,97,2814.0
2025-03-04,早班,ES-05,132.7,103,2936.0
2025-03-04,早班,ES-07,151.2,100,3095.0
2025-03-04,早班,ES-08,124.8,129,4178.0
2025-03-04,中班,ES-01,115.3,91,2747.0
2025-03-04,中班,ES-02,132.6,119,3488.0
2025-03-04,中班,ES-03,118.6,88,2632.0
2025-03-04,中班,ES-05,122.0,103,3131.0
2025-03-04,中班,ES-06,128.3,72,2289.0
2025-03-04,夜班,ES-01,125.3,101,3222.0
2025-03-04,夜班,ES-02,117.9,88,2731.0
2025-03-04,夜班,ES-03,104.2,96,2781.0
2025-03-04,夜班,ES-04,171.7,88,2836.0
2025-03-04,夜班,ES-05,123.3,105,3399.0
2025-03-04,夜班,ES-06,135.1,101,2892.0
2025-03-04,夜班,ES-07,153.3,133,4193.0
2025-03-04,夜班,ES-08,113.9,75,2271.0
2025-03-05,早班,ES-02,123.6,91,2702.0
2025-03-05,早班,ES-03,113.8,79,2335.0
2025-03-05,早班,ES-04,185.6,84,2450.0
2025-03-05,早班,ES-05,129.4,106,3038.0
2025-03-05,早班,ES-07,137.0,127,3676.0
2025-03-05,中班,ES-01,121.0,92,2912.0
2025-03-05,中班,ES-02,121.9,115,3597.0
2025-03-05,中班,ES-03,119.5,123,3958.0
2025-03-05,中班,ES-05,136.1,145,4521.0
2025-03-05,中班,ES-06,126.7,110,3521.0
2025-03-05,中班,ES-07,138.1,92,2714.0
2025-03-05,夜班,ES-01,111.0,123,3967.0
2025-03-05,夜班,ES-02,130.1,110,3467.0
2025-03-05,夜班,ES-03,100.3,75,2307.0
2025-03-05,夜班,ES-04,188.4,95,2940.0
2025-03-05,夜班,ES-05,135.2,90,2716.0
2025-03-05,夜班,ES-06,124.4,86,2592.0
2025-03-05,夜班,ES-07,155.8,90,2858.0
2025-03-05,夜班,ES-08,118.6,94,2767.0
2025-03-06,早班,ES-01,93.6,124,3588.0
2025-03-06,早班,ES-02,116.0,106,3474.0
2025-03-06,早班,ES-03,117.4,81,2446.0
2025-03-06,早班,ES-04,169.3,92,2765.0
2025-03-06,早班,ES-05,130.6,79,2335.0
2025-03-06,早班,ES-06,127.4,112,3556.0
2025-03-06,早班,ES-07,161.3,86,2441.0
2025-03-06,早班,ES-08,114.2,90,2638.0
2025-03-06,中班,ES-01,112.4,85,2639.0
2025-03-06,中班,ES-02,138.1,71,2080.0
2025-03-06,中班,ES-03,125.3,76,2441.0
2025-03-06,中班,ES-04,176.1,108,3282.0
2025-03-06,中班,ES-05,125.9,123,3850.0
2025-03-06,中班,ES-06,146.9,95,2791.0
2025-03-06,夜班,ES-01,115.6,102,2859.0
2025-03-06,夜班,ES-03,108.1,87,2573.0
2025-03-06,夜班,ES-05,182.7,104,2971.0
2025-03-06,夜班,ES-06,126.3,84,2465.0
2025-03-06,夜班,ES-08,133.7,111,3616.0
2025-03-07,早班,ES-02,133.6,94,2781.0
2025-03-07,早班,ES-03,114.3,81,2485.0
2025-03-07,早班,ES-04,191.6,74,2442.0
2025-03-07,早班,ES-05,120.3,64,1850.0
2025-03-07,早班,ES-06,172.7,112,3377.0
2025-03-07,早班,ES-07,157.2,79,2428.0
2025-03-07,早班,ES-08,118.3,118,3654.0
2025-03-07,中班,ES-01,116.1,79,2399.0
2025-03-07,中班,ES-02,141.5,78,2200.0
2025-03-07,中班,ES-03,121.1,96,2723.0
2025-03-07,中班,ES-04,179.0,93,3062.0
2025-03-07,中班,ES-05,127.7,106,3097.0
2025-03-07,中班,ES-06,124.0,115,3701.0
2025-03-07,中班,ES-07,157.5,89,2502.0
2025-03-07,中班,ES-08,118.9,74,2268.0
2025-03-07,夜班,ES-01,130.2,89,2805.0
2025-03-07,夜班,ES-02,124.5,94,2914.0
2025-03-07,夜班,ES-03,114.9,74,2184.0
2025-03-07,夜班,ES-04,175.2,98,2921.0
2025-03-07,夜班,ES-06,140.5,75,2123.0
2025-03-07,夜班,ES-08,129.1,85,2592.0
2025-03-08,早班,ES-01,124.9,93,2683.0
2025-03-08,早班,ES-02,128.5,121,3430.0
2025-03-08,早班,ES-03,118.8,139,4500.0
2025-03-08,早班,ES-04,180.8,88,2800.0
2025-03-08,早班,ES-05,120.8,95,2812.0
2025-03-08,早班,ES-06,129.3,125,3804.0
2025-03-08,早班,ES-07,138.3,78,2398.0
2025-03-08,早班,ES-08,127.4,76,2392.0
2025-03-08,中班,ES-01,117.0,76,2223.0
2025-03-08,中班,ES-02,130.9,100,2819.0
2025-03-08,中班,ES-03,106.4,101,3276.0
2025-03-08,中班,ES-04,184.7,96,2985.0
2025-03-08,中班,ES-05,126.9,89,2621.0
2025-03-08,中班,ES-06,125.0,125,4040.0
2025-03-08,中班,ES-08,118.9,71,2244.0
2025-03-08,夜班,ES-01,114.6,130,3645.0
2025-03-08,夜班,ES-02,133.1,115,3653.0
2025-03-08,夜班,ES-03,106.3,96,3080.0
2025-03-08,夜班,ES-04,179.6,116,3497.0
2025-03-08,夜班,ES-05,131.7,107,3240.0
2025-03-08,夜班,ES-06,126.3,89,2655.0
2025-03-08,夜班,ES-07,137.9,86,2661.0
2025-03-08,夜班,ES-08,133.2,111,3296.0
2025-03-09,早班,ES-01,113.4,80,2256.0
2025-03-09,早班,ES-02,125.9,117,3793.0
2025-03-09,早班,ES-03,121.1,90,2653.0
2025-03-09,早班,ES-04,174.6,121,3703.0
2025-03-09,早班,ES-05,119.8,84,2767.0
2025-03-09,早班,ES-06,130.4,102,3191.0
2025-03-09,早班,ES-08,124.1,123,3664.0
2025-03-09,中班,ES-01,114.1,106,3325.0
2025-03-09,中班,ES-02,120.2,106,3283.0
2025-03-09,中班,ES-03,95.4,103,3158.0
2025-03-09,中班,ES-04,189.9,57,1879.0
2025-03-09,中班,ES-05,122.8,100,3020.0
2025-03-09,中班,ES-07,145.7,67,1956.0
2025-03-09,中班,ES-08,125.1,107,3344.0
2025-03-09,夜班,ES-01,112.5,112,3302.0
2025-03-09,夜班,ES-02,126.9,115,3625.0
2025-03-09,夜班,ES-03,115.0,86,2748.0
2025-03-09,夜班,ES-04,175.1,110,3316.0
2025-03-09,夜班,ES-05,124.8,92,2752.0
2025-03-09,夜班,ES-06,132.9,58,1641.0
2025-03-09,夜班,ES-07,153.7,65,1941.0
2025-03-09,夜班,ES-08,119.9,79,2509.0
2025-03-10,早班,ES-01,119.9,91,2918.0
2025-03-10,早班,ES-06,129.3,70,2212.0
2025-03-10,早班,ES-07,146.1,79,2470.0
2025-03-10,早班,ES-08,104.4,85,2535.0
2025-03-10,中班,ES-01,178.4,125,3604.0
2025-03-10,中班,ES-03,121.7,75,2177.0
2025-03-10,中班,ES-04,180.2,111,3413.0
2025-03-10,中班,ES-05,130.9,118,3306.0
2025-03-10,中班,ES-06,125.5,90,2839.0
2025-03-10,中班,ES-07,161.8,100,3013.0
2025-03-10,中班,ES-08,124.8,85,2457.0
2025-03-10,夜班,ES-01,126.4,73,2271.0
2025-03-10,夜班,ES-02,174.4,91,2910.0
2025-03-10,夜班,ES-03,121.2,111,3585.0
2025-03-10,夜班,ES-05,141.2,92,2697.0
2025-03-10,夜班,ES-06,115.8,96,2803.0
2025-03-11,早班,ES-01,107.6,43,1372.0
2025-03-11,早班,ES-02,131.2,96,3128.0
2025-03-11,早班,ES-03,103.4,91,2991.0
2025-03-11,早班,ES-04,189.3,54,1723.0
2025-03-11,早班,ES-05,127.4,121,3639.0
2025-03-11,中班,ES-01,112.9,73,2382.0
2025-03-11,中班,ES-02,119.6,100,3191.0
2025-03-11,中班,ES-03,128.1,126,3826.0
2025-03-11,中班,ES-04,176.1,93,3035.0
2025-03-11,中班,ES-05,138.6,122,3919.0
2025-03-11,中班,ES-06,128.8,76,2238.0
2025-03-11,中班,ES-07,150.8,75,2325.0
2025-03-11,夜班,ES-01,122.9,73,2328.0
2025-03-11,夜班,ES-04,165.4,81,2540.0
2025-03-11,夜班,ES-05,142.1,80,2344.0
2025-03-11,夜班,ES-06,120.2,90,2718.0
2025-03-11,夜班,ES-07,145.7,126,4096.0
2025-03-11,夜班,ES-08,124.5,66,2052.0
2025-03-12,早班,ES-02,144.6,101,3012.0
2025-03-12,早班,ES-04,187.9,122,3896.0
2025-03-12,早班,ES-05,125.9,105,3116.0
2025-03-12,早班,ES-07,132.2,72,2368.0
2025-03-12,中班,ES-01,129.6,98,2881.0
2025-03-12,中班,ES-03,103.2,116,3308.0
2025-03-12,中班,ES-04,168.9,84,2603.0
2025-03-12,中班,ES-06,121.2,77,2400.0
2025-03-12,中班,ES-07,152.3,104,3419.0
2025-03-12,夜班,ES-02,131.7,92,2730.0
2025-03-12,夜班,ES-03,114.8,85,2775.0
2025-03-12,夜班,ES-04,196.0,119,3539.0
2025-03-12,夜班,ES-05,120.9,87,2533.0
2025-03-12,夜班,ES-07,164.2,104,3389.0
2025-03-12,夜班,ES-08,122.4,83,2400.0
2025-03-13,早班,ES-01,129.7,104,3181.0
2025-03-13,早班,ES-02,130.6,80,2358.0
2025-03-13,早班,ES-03,116.2,105,3399.0
2025-03-13,早班,ES-04,187.0,98,3138.0
2025-03-13,早班,ES-05,124.9,102,3052.0
2025-03-13,早班,ES-06,130.4,107,3307.0
2025-03-13,早班,ES-07,143.3,108,3317.0
2025-03-13,早班,ES-08,129.5,107,3047.0
2025-03-13,中班,ES-02,164.6,76,2455.0
2025-03-13,中班,ES-03,117.4,86,2628.0
2025-03-13,中班,ES-04,178.2,93,2999.0
2025-03-13,夜班,ES-01,113.2,86,2651.0
2025-03-13,夜班,ES-02,138.1,94,2745.0
2025-03-13,夜班,ES-03,104.6,91,2670.0
2025-03-13,夜班,ES-04,176.5,98,3040.0
2025-03-13,夜班,ES-05,135.5,99,3139.0
2025-03-13,夜班,ES-06,126.3,124,3891.0
2025-03-13,夜班,ES-07,157.6,126,4073.0
2025-03-13,夜班,ES-08,132.0,71,1991.0
2025-03-14,早班,ES-01,124.0,91,2749.0
2025-03-14,早班,ES-02,121.7,89,2910.0
2025-03-14,早班,ES-03,179.1,98,3157.0
2025-03-14,早班,ES-04,187.4,75,2114.0
2025-03-14,早班,ES-05,134.1,103,3135.0
2025-03-14,早班,ES-06,123.2,86,2715.0
2025-03-14,早班,ES-07,154.7,81,2572.0
2025-03-14,中班,ES-01,131.5,53,1489.0
2025-03-14,中班,ES-03,100.2,98,3175.0
2025-03-14,中班,ES-04,185.9,79,2420.0
2025-03-14,中班,ES-05,120.7,79,2543.0
2025-03-14,中班,ES-06,127.4,96,3162.0
2025-03-14,夜班,ES-03,105.0,106,3496.0
2025-03-14,夜班,ES-05,127.6,95,3105.0
2025-03-14,夜班,ES-06,133.6,88,2697.0
2025-03-14,夜班,ES-08,113.9,106,3047.0
2025-03-15,早班,ES-01,108.0,102,3131.0
2025-03-15,早班,ES-02,127.2,76,2166.0
2025-03-15,早班,ES-03,127.2,96,2833.0
2025-03-15,早班,ES-04,176.0,103,3202.0
2025-03-15,早班,ES-05,109.3,71,2276.0
2025-03-15,早班,ES-06,134.4,99,3240.0
2025-03-15,早班,ES-07,151.9,88,2614.0
2025-03-15,早班,ES-08,119.4,82,2485.0
2025-03-15,中班,ES-01,121.1,103,3354.0
2025-03-15,中班,ES-02,132.0,117,3682.0
2025-03-15,中班,ES-03,114.1,102,3131.0
2025-03-15,中班,ES-05,130.5,89,2886.0
2025-03-15,中班,ES-06,114.5,101,3293.0
2025-03-15,中班,ES-07,145.8,101,3249.0
2025-03-15,中班,ES-08,117.1,110,3441.0
2025-03-15,夜班,ES-01,122.1,131,4231.0
2025-03-15,夜班,ES-03,131.5,101,3032.0
2025-03-15,夜班,ES-04,181.0,109,3475.0
2025-03-15,夜班,ES-05,131.4,92,3004.0
2025-03-15,夜班,ES-06,121.4,75,2288.0
2025-03-15,夜班,ES-08,115.8,111,3258.0
2025-03-16,早班,ES-02,123.4,63,1978.0
2025-03-16,早班,ES-03,112.2,113,3528.0
2025-03-16,早班,ES-04,185.0,112,3556.0
2025-03-16,早班,ES-05,125.7,82,2402.0
2025-03-16,早班,ES-06,125.1,69,2251.0
2025-03-16,早班,ES-08,117.2,54,1664.0
2025-03-16,中班,ES-01,111.2,73,2274.0
2025-03-16,中班,ES-02,142.5,99,3177.0
2025-03-16,中班,ES-03,108.7,102,3192.0
2025-03-16,中班,ES-04,175.9,83,2521.0
2025-03-16,中班,ES-05,131.1,90,2744.0
2025-03-16,中班,ES-06,138.0,97,2722.0
2025-03-16,中班,ES-08,123.2,111,3658.0
2025-03-16,夜班,ES-01,106.9,94,2634.0
2025-03-16,夜班,ES-02,135.2,138,4149.0
2025-03-16,夜班,ES-03,101.8,73,2394.0
2025-03-16,夜班,ES-04,170.2,109,3525.0
2025-03-16,夜班,ES-05,136.1,116,3520.0
2025-03-16,夜班,ES-06,138.9,108,3287.0
2025-03-16,夜班,ES-07,147.8,64,1893.0
2025-03-17,早班,ES-01,128.3,97,2894.0
2025-03-17,早班,ES-02,137.2,110,3158.0
2025-03-17,早班,ES-03,104.1,97,3106.0
2025-03-17,早班,ES-04,168.4,124,3843.0
2025-03-17,早班,ES-05,120.9,109,3490.0
2025-03-17,早班,ES-06,137.4,65,2027.0
2025-03-17,早班,ES-08,120.9,96,2835.0
2025-03-17,中班,ES-01,112.7,109,3341.0
2025-03-17,中班,ES-02,119.4,115,3511.0
2025-03-17,中班,ES-03,111.5,78,2289.0
2025-03-17,中班,ES-04,186.8,105,3190.0
2025-03-17,中班,ES-05,118.1,114,3568.0
2025-03-17,中班,ES-07,153.6,120,3488.0
2025-03-17,中班,ES-08,105.7,117,3300.0
2025-03-17,夜班,ES-01,117.5,60,1938.0
2025-03-17,夜班,ES-02,132.8,115,3779.0
2025-03-17,夜班,ES-04,169.7,87,2629.0
2025-03-17,夜班,ES-06,140.2,107,3449.0
2025-03-18,早班,ES-01,117.0,95,3037.0
2025-03-18,早班,ES-02,116.9,90,2640.0
2025-03-18,早班,ES-03,112.5,123,3769.0
2025-03-18,早班,ES-04,182.8,107,3009.0
2025-03-18,早班,ES-05,123.0,55,1651.0
2025-03-18,早班,ES-06,131.3,118,3456.0
2025-03-18,早班,ES-07,153.5,116,3512.0
2025-03-18,中班,ES-01,116.0,75,2159.0
2025-03-18,中班,ES-02,124.5,103,3014.0
2025-03-18,中班,ES-03,112.5,107,3329.0
2025-03-18,中班,ES-04,172.7,111,3290.0
2025-03-18,中班,ES-05,133.5,99,3245.0
2025-03-18,中班,ES-07,143.5,93,2946.0
2025-03-18,中班,ES-08,124.8,102,3148.0
2025-03-18,夜班,ES-02,125.0,87,2446.0
2025-03-18,夜班,ES-03,115.4,85,2740.0
2025-03-18,夜班,ES-05,116.9,70,2222.0
2025-03-18,夜班,ES-06,123.6,93,2968.0
2025-03-18,夜班,ES-07,133.5,54,1603.0
2025-03-18,夜班,ES-08,164.0,121,3896.0
2025-03-19,早班,ES-01,118.2,84,2728.0
2025-03-19,早班,ES-02,106.1,121,3402.0
2025-03-19,早班,ES-06,130.4,102,3068.0
2025-03-19,早班,ES-07,156.3,81,2647.0
2025-03-19,中班,ES-02,136.3,101,2856.0
2025-03-19,中班,ES-03,115.9,82,2659.0
2025-03-19,中班,ES-04,184.2,107,3450.0
2025-03-19,中班,ES-06,116.5,81,2424.0
2025-03-19,中班,ES-07,150.4,97,2967.0
2025-03-19,中班,ES-08,113.2,67,2081.0
2025-03-19,夜班,ES-01,111.5,61,1875.0
2025-03-19,夜班,ES-02,128.0,87,2560.0
2025-03-19,夜班,ES-03,111.6,93,2988.0
2025-03-19,夜班,ES-05,133.6,102,3001.0
2025-03-19,夜班,ES-07,151.2,95,3024.0
2025-03-20,早班,ES-02,129.2,117,3471.0
2025-03-20,早班,ES-03,104.6,69,1967.0
2025-03-20,早班,ES-04,181.8,151,4777.0
2025-03-20,早班,ES-05,121.4,85,2706.0
2025-03-20,早班,ES-06,145.5,63,1894.0
2025-03-20,早班,ES-08,118.9,90,2821.0
2025-03-20,中班,ES-01,136.1,110,3160.0
2025-03-20,中班,ES-02,123.8,94,2883.0
2025-03-20,中班,ES-04,176.1,75,2441.0
2025-03-20,中班,ES-05,118.2,86,2591.0
2025-03-20,中班,ES-07,150.6,79,2578.0
2025-03-20,夜班,ES-01,109.3,111,3481.0
2025-03-20,夜班,ES-02,123.6,82,2523.0
2025-03-20,夜班,ES-03,117.3,107,3005.0
2025-03-20,夜班,ES-04,170.4,93,2970.0
2025-03-20,夜班,ES-05,117.4,108,3447.0
2025-03-20,夜班,ES-07,146.9,91,2807.0
2025-03-20,夜班,ES-08,117.8,114,3399.0
2025-03-21,早班,ES-03,110.6,67,1989.0
2025-03-21,早班,ES-04,172.2,95,2979.0
2025-03-21,早班,ES-05,140.3,93,2882.0
2025-03-21,早班,ES-06,137.7,92,2730.0
2025-03-21,早班,ES-07,144.5,87,2835.0
2025-03-21,中班,ES-02,122.0,114,3747.0
2025-03-21,中班,ES-04,169.9,114,3438.0
2025-03-21,中班,ES-05,112.1,122,3829.0
2025-03-21,中班,ES-06,125.9,95,2771.0
2025-03-21,中班,ES-07,144.5,80,2523.0
2025-03-21,中班,ES-08,137.3,99,3199.0
2025-03-21,夜班,ES-01,125.4,100,3267.0
2025-03-21,夜班,ES-02,117.3,79,2398.0
2025-03-21,夜班,ES-03,116.1,111,3306.0
2025-03-21,夜班,ES-04,180.8,89,2888.0
2025-03-21,夜班,ES-05,120.0,30,880.0
2025-03-21,夜班,ES-07,161.2,78,2332.0
2025-03-21,夜班,ES-08,118.7,80,2358.0
2025-03-22,早班,ES-01,122.3,72,2224.0
2025-03-22,早班,ES-02,131.4,98,3047.0
2025-03-22,早班,ES-03,114.2,81,2641.0
2025-03-22,早班,ES-04,178.2,75,2159.0
2025-03-22,早班,ES-05,132.9,85,2747.0
2025-03-22,早班,ES-06,134.0,61,1848.0
2025-03-22,早班,ES-08,116.8,87,2804.0
2025-03-22,中班,ES-01,121.0,63,2056.0
2025-03-22,中班,ES-02,129.6,84,2441.0
2025-03-22,中班,ES-05,128.2,90,2667.0
2025-03-22,中班,ES-06,130.7,72,2141.0
2025-03-22,中班,ES-07,140.4,94,2866.0
2025-03-22,中班,ES-08,128.1,83,2638.0
2025-03-22,夜班,ES-02,138.6,96,2950.0
2025-03-22,夜班,ES-03,118.9,106,3341.0
2025-03-22,夜班,ES-04,181.2,105,3141.0
2025-03-22,夜班,ES-05,120.2,104,3104.0
2025-03-22,夜班,ES-06,131.8,79,2468.0
2025-03-23,早班,ES-01,119.9,91,2980.0
2025-03-23,早班,ES-03,109.9,99,3081.0
2025-03-23,早班,ES-04,175.6,48,1508.0
2025-03-23,早班,ES-06,123.7,112,3411.0
2025-03-23,早班,ES-07,145.9,90,2603.0
2025-03-23,中班,ES-01,109.4,102,3321.0
2025-03-23,中班,ES-02,118.4,107,3358.0
2025-03-23,中班,ES-03,113.0,77,2211.0
2025-03-23,中班,ES-04,179.7,97,2779.0
2025-03-23,中班,ES-05,121.3,119,3529.0
2025-03-23,中班,ES-07,161.1,82,2625.0
2025-03-23,夜班,ES-01,118.0,83,2350.0
2025-03-23,夜班,ES-02,127.6,100,2925.0
2025-03-23,夜班,ES-03,116.4,65,2122.0
2025-03-23,夜班,ES-04,175.0,76,2380.0
2025-03-23,夜班,ES-06,129.4,89,2644.0
2025-03-23,夜班,ES-07,151.3,63,1836.0
2025-03-24,早班,ES-01,113.3,77,2510.0
2025-03-24,早班,ES-03,106.6,83,2341.0
2025-03-24,早班,ES-04,162.3,93,2850.0
2025-03-24,早班,ES-06,117.5,131,3998.0
2025-03-24,早班,ES-07,154.1,77,2158.0
2025-03-24,早班,ES-08,126.4,66,1982.0
2025-03-24,中班,ES-01,130.8,110,3132.0
2025-03-24,中班,ES-02,128.2,77,2403.0
2025-03-24,中班,ES-03,108.9,96,2961.0
2025-03-24,中班,ES-04,167.0,110,3094.0
2025-03-24,中班,ES-05,126.7,75,2238.0
2025-03-24,中班,ES-06,138.3,84,2478.0
2025-03-24,中班,ES-08,129.0,132,3753.0
2025-03-24,夜班,ES-01,136.5,80,2535.0
2025-03-24,夜班,ES-02,121.9,87,2712.0
2025-03-24,夜班,ES-03,112.8,88,2721.0
2025-03-24,夜班,ES-04,191.9,102,3346.0
2025-03-24,夜班,ES-05,133.7,95,2731.0
2025-03-24,夜班,ES-06,116.5,67,1984.0
2025-03-24,夜班,ES-07,142.3,68,1969.0
2025-03-24,夜班,ES-08,124.5,121,3441.0
2025-03-25,早班,ES-01,112.3,75,2378.0
2025-03-25,早班,ES-02,125.2,88,2621.0
2025-03-25,早班,ES-03,116.2,77,2364.0
2025-03-25,早班,ES-05,124.3,114,3555.0
2025-03-25,早班,ES-06,138.1,102,2920.0
2025-03-25,早班,ES-07,142.7,91,2614.0
2025-03-25,早班,ES-08,118.5,71,2006.0
2025-03-25,中班,ES-01,123.5,82,2297.0
2025-03-25,中班,ES-02,140.6,70,2088.0
2025-03-25,中班,ES-03,105.3,112,3285.0
2025-03-25,中班,ES-04,172.3,86,2816.0
2025-03-25,中班,ES-05,198.5,62,1851.0
2025-03-25,中班,ES-06,125.4,117,3285.0
2025-03-25,中班,ES-07,146.0,59,1693.0
2025-03-25,中班,ES-08,125.3,89,2649.0
2025-03-25,夜班,ES-01,115.8,134,4091.0
2025-03-25,夜班,ES-03,115.7,104,3356.0
2025-03-25,夜班,ES-04,185.1,82,2438.0
2025-03-25,夜班,ES-05,130.1,110,3339.0
2025-03-25,夜班,ES-06,131.6,111,3281.0
2025-03-25,夜班,ES-07,144.0,116,3814.0
2025-03-25,夜班,ES-08,193.7,86,2591.0
2025-03-26,早班,ES-01,111.3,84,2575.0
2025-03-26,早班,ES-02,133.7,79,2247.0
2025-03-26,早班,ES-04,178.3,95,3116.0
2025-03-26,早班,ES-05,135.9,89,2661.0
2025-03-26,早班,ES-06,134.7,94,2758.0
2025-03-26,早班,ES-07,171.3,96,3101.0
2025-03-26,早班,ES-08,114.7,116,3429.0
2025-03-26,中班,ES-01,112.0,74,2258.0
2025-03-26,中班,ES-02,121.7,86,2814.0
2025-03-26,中班,ES-03,97.7,104,3187.0
2025-03-26,中班,ES-05,131.2,110,3296.0
2025-03-26,中班,ES-06,136.6,117,3692.0
2025-03-26,中班,ES-08,123.5,114,3497.0
2025-03-26,夜班,ES-01,112.4,88,2639.0
2025-03-26,夜班,ES-02,132.3,80,2369.0
2025-03-26,夜班,ES-03,117.0,88,2630.0
2025-03-26,夜班,ES-04,165.3,104,3390.0
2025-03-26,夜班,ES-05,131.1,83,2650.0
2025-03-26,夜班,ES-06,125.3,109,3199.0
2025-03-26,夜班,ES-07,145.9,79,2389.0
2025-03-26,夜班,ES-08,137.1,97,3189.0
2025-03-27,早班,ES-02,122.4,140,4560.0
2025-03-27,早班,ES-03,87.5,82,2425.0
2025-03-27,早班,ES-05,127.4,91,2758.0
2025-03-27,早班,ES-06,125.7,93,2954.0
2025-03-27,早班,ES-07,198.7,91,2908.0
2025-03-27,早班,ES-08,123.8,91,2710.0
2025-03-27,中班,ES-01,115.4,101,2828.0
2025-03-27,中班,ES-02,134.0,121,3566.0
2025-03-27,中班,ES-04,178.0,97,2854.0
2025-03-27,中班,ES-05,127.4,85,2495.0
2025-03-27,中班,ES-07,154.1,112,3603.0
2025-03-27,中班,ES-08,122.8,95,2687.0
2025-03-27,夜班,ES-01,98.5,121,3413.0
2025-03-27,夜班,ES-02,139.5,100,3286.0
2025-03-27,夜班,ES-03,102.0,111,3340.0
2025-03-27,夜班,ES-04,156.3,127,3674.0
2025-03-27,夜班,ES-05,117.8,105,3453.0
2025-03-27,夜班,ES-07,154.6,112,3183.0
2025-03-28,早班,ES-01,128.3,92,2939.0
2025-03-28,早班,ES-02,123.9,57,1607.0
2025-03-28,早班,ES-04,182.8,90,2729.0
2025-03-28,早班,ES-05,125.8,101,2912.0
2025-03-28,早班,ES-06,126.5,92,2692.0
2025-03-28,早班,ES-07,140.3,78,2573.0
2025-03-28,早班,ES-08,113.1,68,2005.0
2025-03-28,中班,ES-02,134.7,105,3419.0
2025-03-28,中班,ES-03,105.7,75,2309.0
2025-03-28,中班,ES-05,125.5,102,3301.0
2025-03-28,中班,ES-06,127.4,111,3164.0
2025-03-28,中班,ES-08,110.3,118,3885.0
2025-03-28,夜班,ES-01,110.1,72,2039.0
2025-03-28,夜班,ES-02,141.2,111,3644.0
2025-03-28,夜班,ES-04,184.9,74,2317.0
2025-03-28,夜班,ES-05,121.6,72,2180.0
2025-03-28,夜班,ES-07,149.9,92,2578.0
2025-03-28,夜班,ES-08,129.8,74,2215.0
2025-03-29,早班,ES-02,134.4,89,2929.0
2025-03-29,早班,ES-05,120.4,88,2719.0
2025-03-29,早班,ES-07,160.0,92,2854.0
2025-03-29,早班,ES-08,130.3,112,3493.0
2025-03-29,中班,ES-01,126.3,72,2108.0
2025-03-29,中班,ES-02,124.3,104,3114.0
2025-03-29,中班,ES-03,111.2,95,3028.0
2025-03-29,中班,ES-04,215.0,68,2101.0
2025-03-29,中班,ES-05,138.6,102,3242.0
2025-03-29,中班,ES-06,125.2,90,2548.0
2025-03-29,中班,ES-07,152.3,85,2407.0
2025-03-29,中班,ES-08,137.9,44,1256.0
2025-03-29,夜班,ES-01,110.2,87,2508.0
2025-03-29,夜班,ES-02,123.1,79,2436.0
2025-03-29,夜班,ES-03,117.8,71,2310.0
2025-03-29,夜班,ES-04,163.3,100,3229.0
2025-03-29,夜班,ES-05,126.8,84,2403.0
2025-03-29,夜班,ES-08,122.1,57,1711.0
2025-03-30,早班,ES-02,134.7,103,2894.0
2025-03-30,早班,ES-03,109.4,92,2906.0
2025-03-30,早班,ES-04,171.1,79,2578.0
2025-03-30,早班,ES-05,139.9,90,2774.0
2025-03-30,早班,ES-07,149.5,76,2174.0
2025-03-30,中班,ES-01,110.4,130,3974.0
2025-03-30,中班,ES-02,132.8,106,3326.0
2025-03-30,中班,ES-03,104.5,90,2657.0
2025-03-30,中班,ES-05,122.5,86,2463.0
2025-03-30,中班,ES-06,118.0,99,2970.0
2025-03-30,中班,ES-07,152.8,102,2962.0
2025-03-30,中班,ES-08,119.6,85,2506.0
2025-03-30,夜班,ES-01,115.5,66,1979.0
2025-03-30,夜班,ES-02,126.0,100,2903.0
2025-03-30,夜班,ES-06,129.1,89,2931.0
2025-03-30,夜班,ES-07,153.6,79,2475.0
2025-03-31,早班,ES-01,115.1,94,3083.0
2025-03-31,早班,ES-02,124.5,78,2534.0
2025-03-31,早班,ES-03,115.9,80,2416.0
2025-03-31,早班,ES-04,168.2,69,2185.0
2025-03-31,早班,ES-05,128.1,82,2324.0
2025-03-31,早班,ES-06,131.9,87,2859.0
2025-03-31,早班,ES-07,165.5,83,2693.0
2025-03-31,中班,ES-01,118.4,80,2373.0
2025-03-31,中班,ES-02,129.7,88,2474.0
2025-03-31,中班,ES-03,146.1,125,3782.0
2025-03-31,中班,ES-05,145.4,64,2016.0
2025-03-31,中班,ES-07,154.6,89,2568.0
2025-03-31,中班,ES-08,123.7,82,2370.0
2025-03-31,夜班,ES-01,123.4,102,2941.0
2025-03-31,夜班,ES-02,124.7,116,3484.0
2025-03-31,夜班,ES-03,116.3,72,2280.0
2025-03-31,夜班,ES-04,215.4,126,3759.0
2025-03-31,夜班,ES-05,131.7,81,2497.0
2025-03-31,夜班,ES-07,138.4,81,2521.0
2025-04-01,早班,ES-01,125.1,95,3037.0
2025-04-01,早班,ES-02,131.7,79,2430.0
2025-04-01,早班,ES-03,115.4,81,2343.0
2025-04-01,早班,ES-04,165.1,91,2825.0
2025-04-01,早班,ES-06,145.1,106,3124.0
2025-04-01,早班,ES-07,168.6,97,2743.0
2025-04-01,早班,ES-08,118.7,56,1698.0
2025-04-01,中班,ES-01,127.9,98,3224.0
2025-04-01,中班,ES-03,128.4,97,2925.0
2025-04-01,中班,ES-04,173.7,131,3908.0
2025-04-01,中班,ES-05,127.1,69,2185.0
2025-04-01,中班,ES-06,123.2,83,2658.0
2025-04-01,中班,ES-07,151.1,80,2271.0
2025-04-01,中班,ES-08,120.5,102,3044.0
2025-04-01,夜班,ES-01,120.7,91,2864.0
2025-04-01,夜班,ES-02,118.7,101,2884.0
2025-04-01,夜班,ES-03,121.9,90,2714.0
2025-04-01,夜班,ES-04,185.4,91,2762.0
2025-04-01,夜班,ES-05,126.5,79,2265.0
2025-04-01,夜班,ES-06,122.3,83,2736.0
2025-04-01,夜班,ES-07,144.6,94,3040.0
2025-04-01,夜班,ES-08,125.0,111,3316.0
2025-04-02,早班,ES-03,122.0,92,2967.0
2025-04-02,早班,ES-05,125.2,106,3488.0
2025-04-02,早班,ES-07,162.8,85,2462.0
2025-04-02,早班,ES-08,123.4,63,1958.0
2025-04-02,中班,ES-01,108.9,110,3611.0
2025-04-02,中班,ES-02,132.5,99,3041.0
2025-04-02,中班,ES-03,100.9,101,3308.0
2025-04-02,中班,ES-04,179.0,101,2903.0
2025-04-02,中班,ES-05,127.1,96,2775.0
2025-04-02,中班,ES-07,153.3,61,1773.0
2025-04-02,中班,ES-08,108.5,125,3649.0
2025-04-02,夜班,ES-01,126.5,79,2443.0
2025-04-02,夜班,ES-02,122.4,123,3677.0
2025-04-02,夜班,ES-03,108.3,71,2211.0
2025-04-02,夜班,ES-04,167.6,85,2525.0
2025-04-02,夜班,ES-05,132.1,75,2161.0
2025-04-02,夜班,ES-06,140.8,93,2790.0
2025-04-02,夜班,ES-07,147.6,84,2609.0
2025-04-02,夜班,ES-08,123.3,104,3136.0
2025-04-03,早班,ES-03,113.5,131,3997.0
2025-04-03,早班,ES-04,188.0,85,2600.0
2025-04-03,早班,ES-05,125.8,127,3856.0
2025-04-03,早班,ES-06,132.7,124,3597.0
2025-04-03,早班,ES-08,119.7,131,4072.0
2025-04-03,中班,ES-01,119.5,119,3694.0
2025-04-03,中班,ES-02,117.7,72,2364.0
2025-04-03,中班,ES-03,106.1,80,2479.0
2025-04-03,中班,ES-06,136.3,82,2705.0
2025-04-03,中班,ES-07,147.3,71,2060.0
2025-04-03,中班,ES-08,118.2,125,3941.0
2025-04-03,夜班,ES-01,125.9,79,2296.0
2025-04-03,夜班,ES-02,131.9,108,3451.0
2025-04-03,夜班,ES-03,106.8,89,2675.0
2025-04-03,夜班,ES-04,187.0,66,2037.0
2025-04-03,夜班,ES-05,120.3,81,2582.0
2025-04-03,夜班,ES-06,126.5,52,1592.0
2025-04-03,夜班,ES-07,230.5,106,2992.0
2025-04-03,夜班,ES-08,124.6,123,4048.0
2025-04-04,早班,ES-02,131.5,54,1694.0
2025-04-04,早班,ES-03,113.9,110,3437.0
2025-04-04,早班,ES-04,170.6,98,2861.0
2025-04-04,早班,ES-06,133.9,101,3112.0
2025-04-04,早班,ES-07,149.7,80,2257.0
2025-04-04,早班,ES-08,115.6,129,3802.0
2025-04-04,中班,ES-01,123.8,91,2777.0
2025-04-04,中班,ES-03,102.4,110,3433.0
2025-04-04,中班,ES-04,175.5,69,2139.0
2025-04-04,中班,ES-05,138.0,104,3227.0
2025-04-04,中班,ES-06,115.0,94,2871.0
2025-04-04,中班,ES-07,142.4,110,3219.0
2025-04-04,中班,ES-08,138.7,80,2311.0
2025-04-04,夜班,ES-02,130.2,95,2973.0
2025-04-04,夜班,ES-03,115.6,71,2018.0
2025-04-04,夜班,ES-04,165.1,109,3329.0
2025-04-04,夜班,ES-05,127.5,62,1838.0
2025-04-04,夜班,ES-06,119.3,76,2446.0
2025-04-04,夜班,ES-07,156.0,65,1849.0
2025-04-04,夜班,ES-08,118.3,119,3913.0
2025-04-05,早班,ES-01,114.6,121,3922.0
2025-04-05,早班,ES-03,108.7,104,3147.0
2025-04-05,早班,ES-04,168.0,122,3853.0
2025-04-05,中班,ES-01,102.7,120,3629.0
2025-04-05,中班,ES-03,107.3,117,3400.0
2025-04-05,中班,ES-04,172.6,89,2553.0
2025-04-05,中班,ES-05,129.4,71,2038.0
2025-04-05,中班,ES-06,136.0,109,3395.0
2025-04-05,中班,ES-07,156.5,99,3176.0
2025-04-05,中班,ES-08,125.8,102,3254.0
2025-04-05,夜班,ES-01,116.9,90,2789.0
2025-04-05,夜班,ES-02,112.2,80,2627.0
2025-04-05,夜班,ES-03,104.3,89,2618.0
2025-04-05,夜班,ES-04,175.8,114,3489.0
2025-04-05,夜班,ES-05,123.4,63,1909.0
2025-04-05,夜班,ES-06,132.3,82,2684.0
2025-04-05,夜班,ES-07,137.9,92,2792.0
2025-04-05,夜班,ES-08,128.5,71,2203.0
2025-04-06,早班,ES-01,105.3,76,2343.0
2025-04-06,早班,ES-02,123.7,117,3467.0
2025-04-06,早班,ES-03,109.9,86,2764.0
2025-04-06,早班,ES-04,173.1,71,2205.0
2025-04-06,早班,ES-05,134.3,65,2033.0
2025-04-06,早班,ES-06,121.1,51,1533.0
2025-04-06,早班,ES-07,152.6,67,2019.0
2025-04-06,早班,ES-08,115.3,113,3551.0
2025-04-06,中班,ES-01,117.6,89,2855.0
2025-04-06,中班,ES-02,167.6,117,3681.0
2025-04-06,中班,ES-03,119.4,113,3443.0
2025-04-06,中班,ES-04,178.4,90,2960.0
2025-04-06,中班,ES-05,137.3,98,3031.0
2025-04-06,中班,ES-06,122.7,118,3695.0
2025-04-06,夜班,ES-01,114.4,81,2570.0
2025-04-06,夜班,ES-02,132.8,101,2908.0
2025-04-06,夜班,ES-03,104.9,92,2871.0
2025-04-06,夜班,ES-06,132.1,142,4257.0
2025-04-06,夜班,ES-07,138.3,86,2785.0
2025-04-06,夜班,ES-08,120.3,74,2170.0
2025-04-07,早班,ES-01,119.6,131,3993.0
2025-04-07,早班,ES-02,113.9,115,3513.0
2025-04-07,早班,ES-03,106.6,97,3074.0
2025-04-07,早班,ES-07,146.6,86,2483.0
2025-04-07,早班,ES-08,122.0,87,2757.0
2025-04-07,中班,ES-01,122.8,107,3327.0
2025-04-07,中班,ES-03,112.4,89,2843.0
2025-04-07,中班,ES-04,180.4,62,1861.0
2025-04-07,中班,ES-05,132.6,91,2828.0
2025-04-07,中班,ES-07,147.9,97,3016.0
2025-04-07,中班,ES-08,121.6,99,2945.0
2025-04-07,夜班,ES-01,125.3,107,3324.0
2025-04-07,夜班,ES-02,137.3,124,3484.0
2025-04-07,夜班,ES-03,117.3,97,3155.0
2025-04-07,夜班,ES-06,207.7,81,2441.0
2025-04-07,夜班,ES-07,142.8,99,3250.0
2025-04-07,夜班,ES-08,124.9,113,3428.0
2025-04-08,早班,ES-01,120.1,96,3022.0
2025-04-08,早班,ES-03,104.0,126,3544.0
2025-04-08,早班,ES-04,173.6,94,2635.0
2025-04-08,早班,ES-05,142.3,124,3977.0
2025-04-08,早班,ES-07,164.5,110,3114.0
2025-04-08,中班,ES-02,127.4,59,1746.0
2025-04-08,中班,ES-03,106.0,100,2964.0
2025-04-08,中班,ES-07,159.4,70,2087.0
2025-04-08,中班,ES-08,118.8,87,2621.0
2025-04-08,夜班,ES-01,117.0,56,1725.0
2025-04-08,夜班,ES-02,135.5,130,4189.0
2025-04-08,夜班,ES-03,113.1,93,2918.0
2025-04-08,夜班,ES-04,185.0,56,1714.0
2025-04-08,夜班,ES-05,119.3,104,3403.0
2025-04-08,夜班,ES-08,121.8,110,3616.0
2025-04-09,早班,ES-01,123.9,91,2627.0
2025-04-09,早班,ES-02,116.2,92,2999.0
2025-04-09,早班,ES-03,109.8,132,3863.0
2025-04-09,早班,ES-05,132.0,136,3964.0
2025-04-09,早班,ES-06,116.0,103,2959.0
2025-04-09,早班,ES-07,153.6,102,2880.0
2025-04-09,早班,ES-08,119.3,116,3368.0
2025-04-09,中班,ES-01,120.3,102,3207.0
2025-04-09,中班,ES-02,134.0,72,2077.0
2025-04-09,中班,ES-04,166.5,83,2694.0
2025-04-09,中班,ES-06,118.4,120,3828.0
2025-04-09,中班,ES-07,155.1,102,3008.0
2025-04-09,夜班,ES-01,104.5,94,2720.0
2025-04-09,夜班,ES-02,130.5,93,2793.0
2025-04-09,夜班,ES-03,107.2,91,2987.0
2025-04-09,夜班,ES-05,114.1,89,2887.0
2025-04-09,夜班,ES-06,128.0,118,3568.0
2025-04-09,夜班,ES-07,155.3,88,2464.0
2025-04-10,早班,ES-01,148.0,101,2857.0
2025-04-10,早班,ES-02,135.4,110,3231.0
2025-04-10,早班,ES-03,124.7,67,1944.0
2025-04-10,早班,ES-05,127.6,109,3582.0
2025-04-10,早班,ES-07,152.3,91,2794.0
2025-04-10,中班,ES-01,117.1,84,2698.0
2025-04-10,中班,ES-03,103.7,118,3333.0
2025-04-10,中班,ES-04,175.4,124,3813.0
2025-04-10,中班,ES-06,119.5,63,2041.0
2025-04-10,中班,ES-08,132.0,78,2339.0
2025-04-10,夜班,ES-03,110.2,119,3721.0
2025-04-10,夜班,ES-04,175.7,95,2981.0
2025-04-10,夜班,ES-05,118.9,91,2902.0
2025-04-10,夜班,ES-06,116.2,86,2633.0
2025-04-10,夜班,ES-08,115.3,85,2693.0
2025-04-11,早班,ES-01,119.6,84,2673.0
2025-04-11,早班,ES-02,125.4,80,2306.0
2025-04-11,早班,ES-03,95.4,60,1912.0
2025-04-11,早班,ES-04,180.1,76,2145.0
2025-04-11,早班,ES-05,128.2,89,2798.0
2025-04-11,早班,ES-06,131.0,103,3231.0
2025-04-11,早班,ES-07,156.9,94,3042.0
2025-04-11,早班,ES-08,124.7,113,3510.0
2025-04-11,中班,ES-02,146.4,69,2161.0
2025-04-11,中班,ES-03,106.3,98,2781.0
2025-04-11,中班,ES-04,181.0,102,3287.0
2025-04-11,中班,ES-05,142.5,99,2785.0
2025-04-11,中班,ES-06,122.6,84,2558.0
2025-04-11,中班,ES-08,119.9,77,2229.0
2025-04-11,夜班,ES-01,114.4,108,3452.0
2025-04-11,夜班,ES-02,128.8,87,2674.0
2025-04-11,夜班,ES-03,122.3,110,3452.0
2025-04-11,夜班,ES-04,167.0,100,2917.0
2025-04-11,夜班,ES-05,120.3,92,2678.0
2025-04-11,夜班,ES-06,131.0,101,2953.0
2025-04-11,夜班,ES-07,169.6,100,3183.0
2025-04-11,夜班,ES-08,127.1,92,2797.0
2025-04-12,早班,ES-02,119.9,103,3213.0
2025-04-12,早班,ES-03,121.7,85,2762.0
2025-04-12,早班,ES-04,180.1,70,2301.0
2025-04-12,早班,ES-05,131.1,119,3670.0
2025-04-12,早班,ES-06,173.8,105,2959.0
2025-04-12,早班,ES-07,140.6,108,3381.0
2025-04-12,中班,ES-02,127.6,84,2734.0
2025-04-12,中班,ES-03,118.9,90,2842.0
2025-04-12,中班,ES-04,171.4,44,1241.0
2025-04-12,中班,ES-05,147.7,95,2683.0
2025-04-12,中班,ES-06,122.3,81,2549.0
2025-04-12,中班,ES-07,145.4,118,3313.0
2025-04-12,中班,ES-08,166.8,46,1429.0
2025-04-12,夜班,ES-01,110.4,85,2797.0
2025-04-12,夜班,ES-02,188.1,96,2917.0
2025-04-12,夜班,ES-03,111.5,84,2700.0
2025-04-12,夜班,ES-04,176.1,75,2394.0
2025-04-12,夜班,ES-05,126.8,107,3231.0
2025-04-12,夜班,ES-06,123.8,73,2064.0
2025-04-12,夜班,ES-07,152.4,94,2675.0
2025-04-12,夜班,ES-08,134.8,102,3316.0
2025-04-13,早班,ES-01,117.0,80,2535.0
2025-04-13,早班,ES-02,112.6,92,2750.0
2025-04-13,早班,ES-03,115.8,106,3359.0
2025-04-13,早班,ES-04,216.4,102,2978.0
2025-04-13,早班,ES-05,124.4,85,2640.0
2025-04-13,早班,ES-07,142.1,143,4657.0
2025-04-13,早班,ES-08,114.1,92,2602.0
2025-04-13,中班,ES-01,128.2,109,3412.0
2025-04-13,中班,ES-02,120.3,111,3504.0
2025-04-13,中班,ES-03,111.7,85,2534.0
2025-04-13,中班,ES-04,173.2,105,3042.0
2025-04-13,中班,ES-05,113.3,100,3070.0
2025-04-13,中班,ES-06,122.9,117,3721.0
2025-04-13,中班,ES-07,226.1,109,3467.0
2025-04-13,夜班,ES-02,141.2,124,3490.0
2025-04-13,夜班,ES-03,124.1,90,2772.0
2025-04-13,夜班,ES-04,179.7,121,3963.0
2025-04-13,夜班,ES-06,138.7,105,3002.0
2025-04-13,夜班,ES-08,139.9,97,2848.0
2025-04-14,早班,ES-01,106.1,68,2031.0
2025-04-14,早班,ES-02,125.0,81,2356.0
2025-04-14,早班,ES-03,103.1,83,2685.0
2025-04-14,早班,ES-04,183.2,72,2118.0
2025-04-14,早班,ES-05,165.0,114,3498.0
2025-04-14,早班,ES-06,136.2,123,3658.0
2025-04-14,中班,ES-02,130.6,110,3606.0
2025-04-14,中班,ES-03,112.7,89,2932.0
2025-04-14,中班,ES-04,169.9,66,1887.0
2025-04-14,中班,ES-05,127.3,103,3142.0
2025-04-14,中班,ES-06,133.2,111,3542.0
2025-04-14,中班,ES-07,146.0,108,3153.0
2025-04-14,中班,ES-08,149.4,82,2421.0
2025-04-14,夜班,ES-01,110.5,103,3248.0
2025-04-14,夜班,ES-03,101.2,81,2345.0
2025-04-14,夜班,ES-04,187.2,78,2476.0
2025-04-14,夜班,ES-05,125.5,94,2723.0
2025-04-14,夜班,ES-07,145.8,101,3320.0
2025-04-14,夜班,ES-08,120.6,115,3255.0
2025-04-15,早班,ES-02,120.3,69,2112.0
2025-04-15,早班,ES-03,122.8,96,3133.0
2025-04-15,早班,ES-05,121.6,102,2971.0
2025-04-15,早班,ES-06,125.0,108,3263.0
2025-04-15,早班,ES-07,133.9,105,3153.0
2025-04-15,中班,ES-01,120.1,88,2856.0
2025-04-15,中班,ES-02,125.6,70,2044.0
2025-04-15,中班,ES-03,118.4,97,2859.0
2025-04-15,中班,ES-04,200.5,81,2380.0
2025-04-15,中班,ES-06,116.6,56,1812.0
2025-04-15,中班,ES-07,147.0,80,2582.0
2025-04-15,中班,ES-08,144.8,126,3635.0
2025-04-15,夜班,ES-01,113.0,105,3300.0
2025-04-15,夜班,ES-02,132.0,134,3895.0
2025-04-15,夜班,ES-03,102.8,114,3412.0
2025-04-15,夜班,ES-04,169.4,79,2513.0
2025-04-15,夜班,ES-05,123.5,75,2183.0
2025-04-15,夜班,ES-07,154.0,103,3300.0
2025-04-15,夜班,ES-08,130.3,97,3184.0
2025-04-16,早班,ES-01,120.5,84,2662.0
2025-04-16,早班,ES-02,136.3,105,3393.0
2025-04-16,早班,ES-06,123.2,107,3433.0
2025-04-16,早班,ES-07,146.1,79,2528.0
2025-04-16,早班,ES-08,120.3,76,2195.0
2025-04-16,中班,ES-01,119.9,107,3493.0
2025-04-16,中班,ES-02,139.5,100,2962.0
2025-04-16,中班,ES-03,107.7,80,2348.0
2025-04-16,中班,ES-04,179.7,96,2879.0
2025-04-16,中班,ES-05,144.4,118,3862.0
2025-04-16,中班,ES-06,122.5,89,2635.0
2025-04-16,中班,ES-07,145.8,94,2891.0
2025-04-16,夜班,ES-01,117.4,89,2588.0
2025-04-16,夜班,ES-02,126.7,87,2514.0
2025-04-16,夜班,ES-03,106.3,98,3169.0
2025-04-16,夜班,ES-04,186.0,121,3841.0
2025-04-16,夜班,ES-05,132.4,54,1528.0
2025-04-16,夜班,ES-07,156.8,137,4115.0
2025-04-17,早班,ES-01,101.6,85,2662.0
2025-04-17,早班,ES-02,123.7,65,2059.0
2025-04-17,早班,ES-03,105.8,86,2513.0
2025-04-17,早班,ES-04,187.0,105,3366.0
2025-04-17,早班,ES-05,129.5,57,1674.0
2025-04-17,早班,ES-06,121.5,89,2699.0
2025-04-17,早班,ES-08,115.2,92,2659.0
2025-04-17,中班,ES-01,125.3,113,3427.0
2025-04-17,中班,ES-02,118.6,137,3997.0
2025-04-17,中班,ES-03,102.2,120,3469.0
2025-04-17,中班,ES-04,181.6,98,3067.0
2025-04-17,中班,ES-06,130.5,59,1875.0
2025-04-17,中班,ES-07,148.0,112,3498.0
2025-04-17,中班,ES-08,116.1,96,2708.0
2025-04-17,夜班,ES-03,96.0,79,2576.0
2025-04-17,夜班,ES-06,134.1,62,1809.0
2025-04-18,早班,ES-01,113.4,112,3692.0
2025-04-18,早班,ES-02,129.2,109,3292.0
2025-04-18,早班,ES-03,106.7,121,3595.0
2025-04-18,早班,ES-04,165.9,93,2695.0
2025-04-18,早班,ES-05,189.0,82,2659.0
2025-04-18,早班,ES-07,146.3,89,2711.0
2025-04-18,早班,ES-08,126.9,95,3038.0
2025-04-18,中班,ES-01,116.7,96,3133.0
2025-04-18,中班,ES-02,128.2,80,2472.0
2025-04-18,中班,ES-03,100.0,112,3694.0
2025-04-18,中班,ES-05,132.6,94,3030.0
2025-04-18,中班,ES-06,139.6,59,1810.0
2025-04-18,中班,ES-08,123.8,122,3792.0
2025-04-18,夜班,ES-02,128.1,96,3153.0
2025-04-18,夜班,ES-03,109.5,88,2821.0
2025-04-18,夜班,ES-05,130.0,114,3441.0
2025-04-18,夜班,ES-06,137.0,99,2779.0
2025-04-18,夜班,ES-08,117.6,85,2467.0
2025-04-19,早班,ES-01,122.8,83,2557.0
2025-04-19,早班,ES-02,137.0,95,2996.0
2025-04-19,早班,ES-03,96.4,67,2167.0
2025-04-19,早班,ES-04,175.9,69,2166.0
2025-04-19,早班,ES-05,133.8,93,2631.0
2025-04-19,早班,ES-06,123.5,95,3107.0
2025-04-19,早班,ES-07,159.7,95,2661.0
2025-04-19,中班,ES-01,112.4,63,1802.0
2025-04-19,中班,ES-02,117.9,114,3696.0
2025-04-19,中班,ES-03,120.8,102,3207.0
2025-04-19,中班,ES-08,141.8,111,3410.0
2025-04-19,夜班,ES-01,114.8,102,3316.0
2025-04-19,夜班,ES-02,133.4,112,3248.0
2025-04-19,夜班,ES-03,97.9,70,2171.0
2025-04-19,夜班,ES-04,172.8,100,3202.0
2025-04-19,夜班,ES-05,120.7,105,3127.0
2025-04-19,夜班,ES-06,130.9,91,2923.0
2025-04-19,夜班,ES-08,133.7,95,2672.0
2025-04-20,早班,ES-01,123.0,101,3194.0
2025-04-20,早班,ES-03,110.2,100,2979.0
2025-04-20,早班,ES-04,192.5,81,2624.0
2025-04-20,早班,ES-05,193.3,84,2710.0
2025-04-20,早班,ES-06,133.8,96,3115.0
2025-04-20,早班,ES-07,194.6,94,2979.0
2025-04-20,早班,ES-08,117.2,69,2024.0
2025-04-20,中班,ES-01,120.8,92,2596.0
2025-04-20,中班,ES-02,142.3,90,2606.0
2025-04-20,中班,ES-03,122.2,82,2675.0
2025-04-20,中班,ES-04,185.6,99,3059.0
2025-04-20,中班,ES-05,116.6,85,2626.0
2025-04-20,中班,ES-06,128.8,91,2602.0
2025-04-20,中班,ES-07,160.0,129,4078.0
2025-04-20,夜班,ES-01,113.9,80,2444.0
2025-04-20,夜班,ES-02,131.8,86,2686.0
2025-04-20,夜班,ES-03,113.0,111,3322.0
2025-04-20,夜班,ES-04,234.8,118,3740.0
2025-04-20,夜班,ES-06,136.7,87,2681.0
2025-04-20,夜班,ES-07,216.6,73,2108.0
2025-04-20,夜班,ES-08,128.7,96,2938.0
2025-04-21,早班,ES-01,110.8,116,3364.0
2025-04-21,早班,ES-02,116.5,92,2815.0
2025-04-21,早班,ES-03,111.5,68,2118.0
2025-04-21,早班,ES-04,173.9,79,2550.0
2025-04-21,早班,ES-06,138.2,92,3031.0
2025-04-21,早班,ES-08,119.9,106,3174.0
2025-04-21,中班,ES-02,138.8,120,3474.0
2025-04-21,中班,ES-05,136.0,56,1687.0
2025-04-21,中班,ES-06,126.1,111,3640.0
2025-04-21,中班,ES-08,116.8,102,3282.0
2025-04-21,夜班,ES-01,123.6,109,3438.0
2025-04-21,夜班,ES-02,132.5,86,2428.0
2025-04-21,夜班,ES-03,100.8,87,2552.0
2025-04-21,夜班,ES-05,131.4,110,3574.0
2025-04-21,夜班,ES-06,131.0,102,3310.0
2025-04-21,夜班,ES-07,135.8,74,2348.0
2025-04-21,夜班,ES-08,133.0,112,3631.0
2025-04-22,早班,ES-01,117.5,93,2988.0
2025-04-22,早班,ES-02,102.7,97,2736.0
2025-04-22,早班,ES-03,111.8,113,3396.0
2025-04-22,早班,ES-04,180.1,104,3211.0
2025-04-22,早班,ES-07,153.6,91,2741.0
2025-04-22,早班,ES-08,118.9,81,2584.0
2025-04-22,中班,ES-02,129.7,63,2037.0
2025-04-22,中班,ES-03,105.5,65,1985.0
2025-04-22,中班,ES-04,175.2,94,2755.0
2025-04-22,中班,ES-06,138.5,90,2568.0
2025-04-22,中班,ES-07,138.3,76,2410.0
2025-04-22,中班,ES-08,130.9,81,2369.0
2025-04-22,夜班,ES-01,121.5,88,2719.0
2025-04-22,夜班,ES-02,131.7,82,2431.0
2025-04-22,夜班,ES-04,175.2,123,3975.0
2025-04-22,夜班,ES-05,141.5,86,2420.0
2025-04-22,夜班,ES-06,135.5,136,3872.0
2025-04-22,夜班,ES-07,151.4,61,1816.0
2025-04-22,夜班,ES-08,117.1,90,2692.0
2025-04-23,早班,ES-01,128.3,84,2465.0
2025-04-23,早班,ES-02,125.8,133,4311.0
2025-04-23,早班,ES-03,116.2,82,2522.0
2025-04-23,早班,ES-04,185.6,109,3210.0
2025-04-23,早班,ES-05,113.9,123,3860.0
2025-04-23,早班,ES-06,127.9,66,2135.0
2025-04-23,早班,ES-08,116.4,117,3426.0
2025-04-23,中班,ES-02,111.5,83,2638.0
2025-04-23,中班,ES-03,110.0,113,3560.0
2025-04-23,中班,ES-08,135.5,107,3393.0
2025-04-23,夜班,ES-01,123.0,103,3104.0
2025-04-23,夜班,ES-02,120.0,119,3800.0
2025-04-23,夜班,ES-04,172.6,88,2500.0
2025-04-23,夜班,ES-05,110.1,110,3462.0
2025-04-23,夜班,ES-06,136.1,80,2296.0
2025-04-23,夜班,ES-08,125.7,100,2833.0
2025-04-24,早班,ES-01,115.2,99,3000.0
2025-04-24,早班,ES-02,127.3,83,2379.0
2025-04-24,早班,ES-05,130.5,86,2475.0
2025-04-24,早班,ES-06,129.9,92,2768.0
2025-04-24,早班,ES-08,127.4,70,2003.0
2025-04-24,中班,ES-01,116.1,93,2867.0
2025-04-24,中班,ES-03,101.9,85,2684.0
2025-04-24,中班,ES-04,172.1,101,3331.0
2025-04-24,中班,ES-05,119.0,67,2137.0
2025-04-24,中班,ES-06,123.9,84,2575.0
2025-04-24,中班,ES-07,143.8,94,2755.0
2025-04-24,中班,ES-08,130.3,113,3285.0
2025-04-24,夜班,ES-02,123.6,101,3109.0
2025-04-24,夜班,ES-03,114.2,87,2816.0
2025-04-24,夜班,ES-04,173.1,75,2427.0
2025-04-24,夜班,ES-05,132.8,79,2327.0
2025-04-24,夜班,ES-06,127.1,107,3326.0
2025-04-25,早班,ES-01,198.0,101,3303.0
2025-04-25,早班,ES-04,173.9,116,3773.0
2025-04-25,早班,ES-05,126.4,86,2461.0
2025-04-25,早班,ES-06,140.6,95,2883.0
2025-04-25,早班,ES-07,151.5,102,2941.0
2025-04-25,早班,ES-08,115.7,79,2568.0
2025-04-25,中班,ES-01,121.3,91,2928.0
2025-04-25,中班,ES-02,120.7,109,3263.0
2025-04-25,中班,ES-03,125.9,93,2678.0
2025-04-25,中班,ES-04,161.0,81,2435.0
2025-04-25,中班,ES-05,118.2,94,3072.0
2025-04-25,中班,ES-06,133.7,97,3081.0
2025-04-25,中班,ES-07,152.7,115,3607.0
2025-04-25,中班,ES-08,115.6,84,2521.0
2025-04-25,夜班,ES-01,132.6,80,2581.0
2025-04-25,夜班,ES-03,108.4,73,2191.0
2025-04-25,夜班,ES-04,172.7,87,2526.0
2025-04-25,夜班,ES-05,117.3,96,2692.0
2025-04-25,夜班,ES-07,152.4,130,4136.0
2025-04-25,夜班,ES-08,125.5,88,2735.0
2025-04-26,早班,ES-01,126.3,126,3831.0
2025-04-26,早班,ES-02,126.5,85,2493.0
2025-04-26,早班,ES-03,111.0,106,3350.0
2025-04-26,早班,ES-04,180.8,126,3756.0
2025-04-26,早班,ES-05,132.1,112,3483.0
2025-04-26,早班,ES-07,149.4,117,3737.0
2025-04-26,早班,ES-08,120.2,104,3367.0
2025-04-26,中班,ES-01,127.7,92,2931.0
2025-04-26,中班,ES-03,113.5,114,3212.0
2025-04-26,中班,ES-04,178.9,56,1801.0
2025-04-26,中班,ES-05,130.0,105,3226.0
2025-04-26,中班,ES-06,135.9,103,3019.0
2025-04-26,中班,ES-07,139.7,69,2093.0
2025-04-26,夜班,ES-01,113.7,88,2619.0
2025-04-26,夜班,ES-02,123.3,104,2986.0
2025-04-26,夜班,ES-03,111.8,90,2728.0
2025-04-26,夜班,ES-04,181.7,92,2975.0
2025-04-26,夜班,ES-06,127.3,61,1976.0
2025-04-26,夜班,ES-07,140.2,86,2683.0
2025-04-26,夜班,ES-08,125.9,88,2769.0
2025-04-27,早班,ES-01,125.6,77,2361.0
2025-04-27,早班,ES-02,125.4,112,3270.0
2025-04-27,早班,ES-04,195.8,85,2704.0
2025-04-27,早班,ES-05,127.0,105,3137.0
2025-04-27,早班,ES-07,169.7,105,3419.0
2025-04-27,早班,ES-08,114.9,99,2998.0
2025-04-27,中班,ES-01,115.7,85,2476.0
2025-04-27,中班,ES-02,138.6,114,3484.0
2025-04-27,中班,ES-03,100.2,104,3003.0
2025-04-27,中班,ES-04,173.2,100,3262.0
2025-04-27,中班,ES-05,135.3,127,3594.0
2025-04-27,中班,ES-06,126.2,90,2924.0
2025-04-27,中班,ES-07,146.4,109,3370.0
2025-04-27,中班,ES-08,114.8,85,2590.0
2025-04-27,夜班,ES-01,113.0,109,3078.0
2025-04-27,夜班,ES-02,119.9,96,2870.0
2025-04-27,夜班,ES-03,116.5,81,2577.0
2025-04-27,夜班,ES-04,195.0,94,2933.0
2025-04-27,夜班,ES-05,133.9,111,3223.0
2025-04-27,夜班,ES-07,156.4,102,3211.0
2025-04-27,夜班,ES-08,125.3,111,3395.0
2025-04-28,早班,ES-01,187.5,77,2224.0
2025-04-28,早班,ES-02,131.2,57,1798.0
2025-04-28,早班,ES-03,103.7,76,2443.0
2025-04-28,早班,ES-04,186.9,99,2939.0
2025-04-28,早班,ES-05,127.1,111,3513.0
2025-04-28,早班,ES-06,135.5,86,2492.0
2025-04-28,早班,ES-07,146.0,121,3947.0
2025-04-28,早班,ES-08,119.4,130,3728.0
2025-04-28,中班,ES-01,122.8,90,2853.0
2025-04-28,中班,ES-02,122.4,100,2820.0
2025-04-28,中班,ES-03,130.9,127,3748.0
2025-04-28,中班,ES-07,150.0,76,2218.0
2025-04-28,夜班,ES-02,134.4,113,3275.0
2025-04-28,夜班,ES-03,95.4,87,2618.0
2025-04-28,夜班,ES-04,170.9,116,3756.0
2025-04-28,夜班,ES-06,134.2,88,2570.0
2025-04-28,夜班,ES-08,122.3,114,3254.0
2025-04-29,早班,ES-01,122.2,113,3518.0
2025-04-29,早班,ES-02,129.7,70,2099.0
2025-04-29,早班,ES-05,129.2,110,3351.0
2025-04-29,中班,ES-01,99.7,88,2802.0
2025-04-29,中班,ES-02,125.7,94,3063.0
2025-04-29,中班,ES-03,118.2,121,3743.0
2025-04-29,中班,ES-04,169.7,110,3595.0
2025-04-29,中班,ES-05,134.6,114,3604.0
2025-04-29,中班,ES-07,138.8,102,3043.0
2025-04-29,中班,ES-08,131.7,108,3392.0
2025-04-29,夜班,ES-03,106.6,78,2554.0
2025-04-29,夜班,ES-04,157.8,77,2291.0
2025-04-29,夜班,ES-05,132.7,104,3244.0
2025-04-29,夜班,ES-06,128.6,82,2393.0
2025-04-29,夜班,ES-07,153.1,92,3024.0
2025-04-29,夜班,ES-08,113.0,71,2173.0
2025-04-30,早班,ES-01,102.4,124,3635.0
2025-04-30,早班,ES-03,106.2,110,3209.0
2025-04-30,早班,ES-04,188.0,95,2825.0
2025-04-30,早班,ES-06,120.7,79,2299.0
2025-04-30,早班,ES-08,123.2,97,3096.0
2025-04-30,中班,ES-01,134.5,111,3158.0
2025-04-30,中班,ES-02,142.1,69,2040.0
2025-04-30,中班,ES-03,111.2,80,2299.0
2025-04-30,中班,ES-04,171.6,105,3440.0
2025-04-30,中班,ES-05,181.3,103,3145.0
2025-04-30,中班,ES-06,135.0,109,3502.0
2025-04-30,中班,ES-07,144.8,79,2252.0
2025-04-30,中班,ES-08,118.3,101,3072.0
2025-04-30,夜班,ES-01,118.2,113,3493.0
2025-04-30,夜班,ES-04,169.7,91,2682.0
2025-04-30,夜班,ES-05,124.0,79,2278.0
2025-04-30,夜班,ES-06,122.8,109,3539.0
2025-04-30,夜班,ES-07,148.1,63,2032.0
2025-04-30,夜班,ES-08,177.8,44,1297.0
2025-05-01,早班,ES-01,126.7,113,3623.0
2025-05-01,早班,ES-03,109.5,125,3814.0
2025-05-01,早班,ES-04,159.7,108,3106.0
2025-05-01,早班,ES-05,128.3,101,3203.0
2025-05-01,早班,ES-06,121.4,82,2572.0
2025-05-01,中班,ES-01,122.7,122,3710.0
2025-05-01,中班,ES-02,116.5,71,2193.0
2025-05-01,中班,ES-03,101.1,100,2989.0
2025-05-01,中班,ES-05,123.8,105,3072.0
2025-05-01,中班,ES-07,144.5,121,3928.0
2025-05-01,中班,ES-08,119.1,81,2506.0
2025-05-01,夜班,ES-01,113.4,105,2994.0
2025-05-01,夜班,ES-04,175.9,71,2201.0
2025-05-01,夜班,ES-05,116.2,70,2243.0
2025-05-01,夜班,ES-06,132.1,100,2921.0
2025-05-01,夜班,ES-07,158.8,93,2839.0
2025-05-02,早班,ES-02,133.3,75,2443.0
2025-05-02,早班,ES-03,106.5,112,3230.0
2025-05-02,早班,ES-04,216.7,102,3246.0
2025-05-02,早班,ES-05,116.3,78,2571.0
2025-05-02,早班,ES-06,126.0,96,3130.0
2025-05-02,早班,ES-07,158.0,54,1757.0
2025-05-02,早班,ES-08,114.8,87,2813.0
2025-05-02,中班,ES-01,110.8,100,2940.0
2025-05-02,中班,ES-02,121.6,102,3280.0
2025-05-02,中班,ES-03,119.0,85,2430.0
2025-05-02,中班,ES-04,189.6,89,2776.0
2025-05-02,中班,ES-05,126.3,85,2796.0
2025-05-02,中班,ES-06,134.8,97,2985.0
2025-05-02,中班,ES-07,144.7,79,2395.0
2025-05-02,中班,ES-08,120.8,77,2524.0
2025-05-02,夜班,ES-01,113.3,122,3687.0
2025-05-02,夜班,ES-02,129.6,70,2133.0
2025-05-02,夜班,ES-03,108.6,133,3826.0
2025-05-02,夜班,ES-04,181.2,97,2828.0
2025-05-02,夜班,ES-05,111.1,62,1901.0
2025-05-02,夜班,ES-06,107.7,106,3119.0
2025-05-02,夜班,ES-07,160.0,102,3144.0
2025-05-02,夜班,ES-08,194.2,86,2492.0
2025-05-03,早班,ES-02,119.5,103,3061.0
2025-05-03,早班,ES-03,110.2,120,3729.0
2025-05-03,早班,ES-04,191.4,97,3092.0
2025-05-03,早班,ES-06,125.6,88,2837.0
2025-05-03,早班,ES-07,158.1,120,3535.0
2025-05-03,早班,ES-08,125.6,95,2896.0
2025-05-03,中班,ES-01,120.4,93,2648.0
2025-05-03,中班,ES-02,122.7,106,3147.0
2025-05-03,中班,ES-03,107.8,100,2986.0
2025-05-03,中班,ES-04,188.1,108,3429.0
2025-05-03,中班,ES-05,119.0,76,2395.0
2025-05-03,中班,ES-07,150.9,75,2283.0
2025-05-03,中班,ES-08,119.4,120,3671.0
2025-05-03,夜班,ES-01,122.4,91,2975.0
2025-05-03,夜班,ES-03,116.8,68,2056.0
2025-05-03,夜班,ES-04,188.1,98,2762.0
2025-05-03,夜班,ES-07,155.9,117,3797.0
2025-05-03,夜班,ES-08,129.2,73,2261.0
2025-05-04,早班,ES-01,126.0,87,2498.0
2025-05-04,早班,ES-02,122.3,108,3316.0
2025-05-04,早班,ES-04,171.1,105,3084.0
2025-05-04,早班,ES-06,134.6,95,3125.0
2025-05-04,早班,ES-07,143.5,92,2954.0
2025-05-04,早班,ES-08,119.6,72,2343.0
2025-05-04,中班,ES-01,110.1,103,2950.0
2025-05-04,中班,ES-02,123.2,99,3218.0
2025-05-04,中班,ES-03,111.9,76,2280.0
2025-05-04,中班,ES-05,128.5,70,2018.0
2025-05-04,中班,ES-06,129.1,110,3110.0
2025-05-04,中班,ES-07,150.8,98,2822.0
2025-05-04,夜班,ES-01,118.6,84,2706.0
2025-05-04,夜班,ES-02,121.8,70,1977.0
2025-05-04,夜班,ES-03,113.8,84,2768.0
2025-05-04,夜班,ES-04,190.5,102,2945.0
2025-05-04,夜班,ES-05,127.1,99,3007.0
2025-05-04,夜班,ES-06,131.7,87,2695.0
2025-05-04,夜班,ES-07,144.7,79,2413.0
2025-05-04,夜班,ES-08,123.0,101,2893.0
2025-05-05,早班,ES-01,126.8,89,2846.0
2025-05-05,早班,ES-02,127.4,108,3410.0
2025-05-05,早班,ES-04,172.9,64,1917.0
2025-05-05,早班,ES-05,122.9,51,1645.0
2025-05-05,早班,ES-06,125.7,65,2022.0
2025-05-05,早班,ES-08,135.2,72,2158.0
2025-05-05,中班,ES-01,116.3,69,2057.0
2025-05-05,中班,ES-05,124.0,70,2302.0
2025-05-05,中班,ES-06,140.5,94,3055.0
2025-05-05,中班,ES-07,151.6,116,3462.0
2025-05-05,夜班,ES-01,120.0,63,1778.0
2025-05-05,夜班,ES-02,123.2,105,3155.0
2025-05-05,夜班,ES-04,178.7,74,2426.0
2025-05-05,夜班,ES-05,141.2,80,2529.0
2025-05-05,夜班,ES-06,122.4,86,2830.0
2025-05-05,夜班,ES-07,154.7,84,2474.0
2025-05-05,夜班,ES-08,124.0,93,2981.0
2025-05-06,早班,ES-01,127.0,87,2585.0
2025-05-06,早班,ES-02,127.0,99,2998.0
2025-05-06,早班,ES-03,108.4,95,2910.0
2025-05-06,早班,ES-04,183.6,135,3920.0
2025-05-06,早班,ES-05,134.9,106,3400.0
2025-05-06,早班,ES-06,142.1,86,2535.0
2025-05-06,早班,ES-08,128.7,97,2938.0
2025-05-06,中班,ES-01,114.2,89,2884.0
2025-05-06,中班,ES-02,124.6,79,2554.0
2025-05-06,中班,ES-03,119.2,93,2952.0
2025-05-06,中班,ES-04,183.0,102,3204.0
2025-05-06,中班,ES-05,125.6,104,3119.0
2025-05-06,中班,ES-06,125.8,98,3151.0
2025-05-06,中班,ES-08,120.0,89,2900.0
2025-05-06,夜班,ES-01,101.7,99,2870.0
2025-05-06,夜班,ES-03,112.3,82,2588.0
2025-05-06,夜班,ES-04,186.8,109,3181.0
2025-05-06,夜班,ES-05,137.0,88,2817.0
2025-05-06,夜班,ES-07,145.0,99,2943.0
2025-05-06,夜班,ES-08,123.1,107,3239.0
2025-05-07,早班,ES-01,115.6,87,2518.0
2025-05-07,早班,ES-02,134.0,89,2756.0
2025-05-07,早班,ES-03,101.1,83,2337.0
2025-05-07,早班,ES-04,179.3,63,1795.0
2025-05-07,早班,ES-05,127.4,91,2646.0
2025-05-07,早班,ES-06,128.0,86,2815.0
2025-05-07,早班,ES-08,126.2,107,3161.0
2025-05-07,中班,ES-01,121.5,110,3382.0
2025-05-07,中班,ES-02,196.5,89,2795.0
2025-05-07,中班,ES-03,102.7,91,2584.0
2025-05-07,中班,ES-05,125.5,104,3086.0
2025-05-07,中班,ES-06,133.1,90,2606.0
2025-05-07,中班,ES-07,149.2,78,2199.0
2025-05-07,中班,ES-08,122.0,107,3086.0
2025-05-07,夜班,ES-02,130.5,71,2156.0
2025-05-07,夜班,ES-03,120.0,108,3221.0
2025-05-07,夜班,ES-04,186.1,66,2061.0
2025-05-07,夜班,ES-05,148.4,76,2209.0
2025-05-07,夜班,ES-06,182.2,122,3556.0
2025-05-07,夜班,ES-07,163.9,109,3371.0
2025-05-07,夜班,ES-08,118.4,114,3218.0
2025-05-08,早班,ES-01,124.6,125,3541.0
2025-05-08,早班,ES-02,132.6,103,2998.0
2025-05-08,早班,ES-03,103.8,82,2298.0
2025-05-08,早班,ES-04,156.4,134,3974.0
2025-05-08,早班,ES-05,126.5,93,3015.0
2025-05-08,早班,ES-06,140.9,95,2853.0
2025-05-08,早班,ES-07,132.6,95,2746.0
2025-05-08,早班,ES-08,128.6,95,2786.0
2025-05-08,中班,ES-01,120.4,91,2782.0
2025-05-08,中班,ES-02,131.0,80,2566.0
2025-05-08,中班,ES-03,110.7,90,2702.0
2025-05-08,中班,ES-04,171.1,82,2580.0
2025-05-08,中班,ES-05,129.3,60,1851.0
2025-05-08,中班,ES-07,151.1,111,3211.0
2025-05-08,夜班,ES-02,123.7,70,2017.0
2025-05-08,夜班,ES-04,179.6,103,2950.0
2025-05-08,夜班,ES-07,156.8,132,4079.0
2025-05-09,早班,ES-01,105.6,104,3381.0
2025-05-09,早班,ES-02,118.9,135,4132.0
2025-05-09,早班,ES-05,137.3,104,2977.0
2025-05-09,早班,ES-06,125.6,99,2829.0
2025-05-09,早班,ES-07,147.5,119,3585.0
2025-05-09,早班,ES-08,125.8,94,3078.0
2025-05-09,中班,ES-01,121.1,117,3639.0
2025-05-09,中班,ES-02,133.9,110,3470.0
2025-05-09,中班,ES-04,196.5,98,2886.0
2025-05-09,中班,ES-06,136.7,105,3413.0
2025-05-09,中班,ES-07,158.3,97,3186.0
2025-05-09,中班,ES-08,127.4,123,3794.0
2025-05-09,夜班,ES-01,107.0,98,3042.0
2025-05-09,夜班,ES-02,119.5,81,2414.0
2025-05-09,夜班,ES-03,113.9,95,2732.0
2025-05-09,夜班,ES-05,129.4,92,2608.0
2025-05-09,夜班,ES-06,129.6,123,3547.0
2025-05-10,早班,ES-01,120.9,59,1800.0
2025-05-10,早班,ES-02,134.9,66,1888.0
2025-05-10,早班,ES-03,117.4,143,4332.0
2025-05-10,早班,ES-05,125.8,134,4153.0
2025-05-10,早班,ES-08,117.8,97,3142.0
2025-05-10,中班,ES-01,112.2,94,2983.0
2025-05-10,中班,ES-02,123.5,82,2392.0
2025-05-10,中班,ES-04,203.8,106,3304.0
2025-05-10,中班,ES-06,120.4,80,2586.0
2025-05-10,中班,ES-07,146.5,123,3932.0
2025-05-10,中班,ES-08,128.5,136,4135.0
2025-05-10,夜班,ES-03,110.0,96,2982.0
2025-05-10,夜班,ES-04,188.4,86,2602.0
2025-05-10,夜班,ES-05,127.6,147,4183.0
2025-05-10,夜班,ES-06,136.3,82,2673.0
2025-05-10,夜班,ES-07,152.9,112,3579.0
2025-05-10,夜班,ES-08,122.9,90,2942.0
2025-05-11,早班,ES-01,125.8,61,1985.0
2025-05-11,早班,ES-02,129.8,104,3140.0
2025-05-11,早班,ES-03,104.1,118,3599.0
2025-05-11,早班,ES-04,171.7,78,2383.0
2025-05-11,早班,ES-05,114.8,96,2820.0
2025-05-11,早班,ES-06,109.7,94,3052.0
2025-05-11,早班,ES-07,153.9,96,2906.0
2025-05-11,早班,ES-08,134.3,99,3062.0
2025-05-11,中班,ES-01,117.4,92,2730.0
2025-05-11,中班,ES-02,121.4,107,3075.0
2025-05-11,中班,ES-04,169.8,74,2350.0
2025-05-11,中班,ES-06,121.8,108,3508.0
2025-05-11,中班,ES-07,144.1,87,2841.0
2025-05-11,中班,ES-08,134.7,84,2565.0
2025-05-11,夜班,ES-01,125.7,90,2837.0
2025-05-11,夜班,ES-02,121.1,114,3626.0
2025-05-11,夜班,ES-03,112.4,75,2442.0
2025-05-11,夜班,ES-04,169.3,89,2696.0
2025-05-11,夜班,ES-05,106.5,67,2058.0
2025-05-11,夜班,ES-06,126.4,123,3736.0
2025-05-11,夜班,ES-07,134.6,85,2591.0
2025-05-11,夜班,ES-08,109.2,106,3408.0
2025-05-12,早班,ES-01,116.8,76,2463.0
2025-05-12,早班,ES-02,104.2,109,3242.0
2025-05-12,早班,ES-03,106.4,88,2685.0
2025-05-12,早班,ES-04,173.0,76,2440.0
2025-05-12,早班,ES-06,129.3,88,2569.0
2025-05-12,早班,ES-08,127.8,108,3237.0
2025-05-12,中班,ES-01,115.5,85,2609.0
2025-05-12,中班,ES-02,124.5,106,3185.0
2025-05-12,中班,ES-03,100.0,105,3425.0
2025-05-12,中班,ES-04,180.4,111,3658.0
2025-05-12,中班,ES-06,134.7,101,3130.0
2025-05-12,中班,ES-07,153.4,87,2511.0
2025-05-12,中班,ES-08,127.8,126,3935.0
2025-05-12,夜班,ES-01,108.2,107,3221.0
2025-05-12,夜班,ES-02,122.3,107,3140.0
2025-05-12,夜班,ES-03,116.7,81,2335.0
2025-05-12,夜班,ES-05,105.3,111,3420.0
2025-05-12,夜班,ES-07,140.8,108,3159.0
2025-05-13,早班,ES-01,130.4,103,3049.0
2025-05-13,早班,ES-02,132.5,75,2338.0
2025-05-13,早班,ES-03,100.2,101,3093.0
2025-05-13,早班,ES-04,177.7,108,3293.0
2025-05-13,早班,ES-05,122.6,69,2225.0
2025-05-13,早班,ES-06,125.6,81,2584.0
2025-05-13,早班,ES-08,126.8,72,2316.0
2025-05-13,中班,ES-01,123.7,90,2591.0
2025-05-13,中班,ES-02,128.8,97,3057.0
2025-05-13,中班,ES-03,133.5,86,2722.0
2025-05-13,中班,ES-05,119.1,95,2667.0
2025-05-13,中班,ES-06,126.7,97,2888.0
2025-05-13,中班,ES-07,196.3,91,2861.0
2025-05-13,中班,ES-08,127.3,80,2286.0
2025-05-13,夜班,ES-01,113.8,109,3246.0
2025-05-13,夜班,ES-03,119.7,81,2474.0
2025-05-13,夜班,ES-04,195.5,95,3109.0
2025-05-13,夜班,ES-05,141.4,66,2069.0
2025-05-13,夜班,ES-06,125.4,97,2747.0
2025-05-13,夜班,ES-07,147.1,100,2809.0
2025-05-13,夜班,ES-08,107.8,91,2609.0
2025-05-14,早班,ES-03,103.8,86,2723.0
2025-05-14,早班,ES-04,174.7,111,3639.0
2025-05-14,早班,ES-05,131.1,123,3731.0
2025-05-14,早班,ES-07,152.8,90,2800.0
2025-05-14,中班,ES-01,126.2,87,2735.0
2025-05-14,中班,ES-02,108.5,82,2446.0
2025-05-14,中班,ES-03,98.0,123,3839.0
2025-05-14,中班,ES-04,172.2,87,2808.0
2025-05-14,中班,ES-05,128.1,86,2759.0
2025-05-14,中班,ES-06,127.9,101,3227.0
2025-05-14,中班,ES-08,129.6,94,2660.0
2025-05-14,夜班,ES-01,108.8,96,3094.0
2025-05-14,夜班,ES-02,119.8,100,3057.0
2025-05-14,夜班,ES-03,111.2,92,2584.0
2025-05-14,夜班,ES-04,185.6,102,2969.0
2025-05-14,夜班,ES-06,168.5,81,2611.0
2025-05-14,夜班,ES-07,148.4,97,2735.0
2025-05-15,早班,ES-01,119.2,99,3102.0
2025-05-15,早班,ES-02,138.1,72,2222.0
2025-05-15,早班,ES-03,103.2,97,2979.0
2025-05-15,早班,ES-04,176.5,70,2059.0
2025-05-15,早班,ES-05,125.5,84,2364.0
2025-05-15,早班,ES-06,140.8,116,3499.0
2025-05-15,早班,ES-07,153.3,112,3319.0
2025-05-15,早班,ES-08,137.2,40,1170.0
2025-05-15,中班,ES-01,116.1,99,2974.0
2025-05-15,中班,ES-02,115.5,74,2358.0
2025-05-15,中班,ES-03,103.7,94,3013.0
2025-05-15,中班,ES-04,189.4,100,3057.0
2025-05-15,中班,ES-05,142.9,94,2954.0
2025-05-15,中班,ES-06,121.2,83,2697.0
2025-05-15,中班,ES-08,118.3,73,2189.0
2025-05-15,夜班,ES-01,134.3,80,2541.0
2025-05-15,夜班,ES-02,134.7,81,2382.0
2025-05-15,夜班,ES-03,106.6,98,3162.0
2025-05-15,夜班,ES-04,184.3,95,2742.0
2025-05-15,夜班,ES-05,139.8,72,2088.0
2025-05-15,夜班,ES-07,146.4,94,2846.0
2025-05-15,夜班,ES-08,105.6,87,2559.0
2025-05-16,早班,ES-02,127.5,102,3331.0
2025-05-16,早班,ES-03,109.1,115,3583.0
2025-05-16,早班,ES-04,176.2,113,3669.0
2025-05-16,早班,ES-06,111.2,102,2902.0
2025-05-16,早班,ES-07,140.1,113,3175.0
2025-05-16,早班,ES-08,149.7,55,1764.0
2025-05-16,中班,ES-01,123.7,104,3151.0
2025-05-16,中班,ES-02,125.4,85,2677.0
2025-05-16,中班,ES-03,117.1,123,3973.0
2025-05-16,中班,ES-04,171.2,96,2888.0
2025-05-16,中班,ES-05,129.9,119,3920.0
2025-05-16,中班,ES-06,127.1,68,2050.0
2025-05-16,中班,ES-07,165.2,116,3505.0
2025-05-16,中班,ES-08,134.9,96,3124.0
2025-05-16,夜班,ES-01,111.2,90,2876.0
2025-05-16,夜班,ES-02,117.5,96,3011.0
2025-05-16,夜班,ES-03,104.4,99,2961.0
2025-05-16,夜班,ES-04,185.5,148,4244.0
2025-05-16,夜班,ES-05,125.5,112,3274.0
2025-05-16,夜班,ES-06,122.5,84,2483.0
2025-05-16,夜班,ES-08,129.4,92,2804.0
2025-05-17,早班,ES-01,127.1,66,2009.0
2025-05-17,早班,ES-02,115.3,92,2837.0
2025-05-17,早班,ES-03,113.4,76,2502.0
2025-05-17,早班,ES-04,180.4,92,2801.0
2025-05-17,早班,ES-05,124.8,94,2988.0
2025-05-17,早班,ES-07,136.5,95,2703.0
2025-05-17,中班,ES-01,122.6,131,4130.0
2025-05-17,中班,ES-02,123.1,71,2053.0
2025-05-17,中班,ES-03,100.9,105,3052.0
2025-05-17,中班,ES-04,173.5,125,3675.0
2025-05-17,中班,ES-05,118.8,102,3129.0
2025-05-17,中班,ES-07,139.2,74,2248.0
2025-05-17,中班,ES-08,118.6,85,2663.0
2025-05-17,夜班,ES-02,117.2,88,2817.0
2025-05-17,夜班,ES-04,182.8,100,3116.0
2025-05-17,夜班,ES-05,133.7,93,2704.0
2025-05-17,夜班,ES-08,113.5,69,1947.0
2025-05-18,早班,ES-01,122.1,89,2908.0
2025-05-18,早班,ES-02,188.0,97,2925.0
2025-05-18,早班,ES-03,100.2,119,3438.0
2025-05-18,早班,ES-05,138.8,147,4377.0
2025-05-18,早班,ES-07,151.3,76,2191.0
2025-05-18,早班,ES-08,106.4,92,2707.0
2025-05-18,中班,ES-01,148.8,73,2309.0
2025-05-18,中班,ES-02,122.5,89,2843.0
2025-05-18,中班,ES-04,173.4,126,4040.0
2025-05-18,中班,ES-05,131.5,70,2037.0
2025-05-18,中班,ES-06,130.5,81,2419.0
2025-05-18,中班,ES-08,118.0,84,2707.0
2025-05-18,夜班,ES-02,113.3,125,3955.0
2025-05-18,夜班,ES-03,121.0,114,3337.0
2025-05-18,夜班,ES-04,186.5,88,2576.0
2025-05-18,夜班,ES-05,116.0,100,3245.0
2025-05-18,夜班,ES-06,129.0,81,2531.0
2025-05-18,夜班,ES-07,142.9,83,2723.0
2025-05-18,夜班,ES-08,126.4,93,2679.0
2025-05-19,早班,ES-01,116.0,97,3083.0
2025-05-19,早班,ES-03,110.8,84,2373.0
2025-05-19,早班,ES-04,172.0,100,3064.0
2025-05-19,早班,ES-06,132.9,100,3259.0
2025-05-19,早班,ES-07,128.3,83,2632.0
2025-05-19,早班,ES-08,120.1,101,2931.0
2025-05-19,中班,ES-01,125.6,93,2952.0
2025-05-19,中班,ES-03,105.8,100,2905.0
2025-05-19,中班,ES-04,236.3,96,3008.0
2025-05-19,中班,ES-05,125.8,111,3543.0
2025-05-19,中班,ES-06,120.1,95,3133.0
2025-05-19,中班,ES-07,160.2,94,3066.0
2025-05-19,中班,ES-08,117.2,94,2992.0
2025-05-19,夜班,ES-01,115.6,75,2270.0
2025-05-19,夜班,ES-02,125.4,92,2783.0
2025-05-19,夜班,ES-03,112.5,101,3318.0
2025-05-19,夜班,ES-04,176.6,108,3241.0
2025-05-19,夜班,ES-06,138.7,101,3211.0
2025-05-19,夜班,ES-07,137.3,117,3835.0
2025-05-20,早班,ES-01,110.0,81,2494.0
2025-05-20,早班,ES-03,104.2,68,1959.0
2025-05-20,早班,ES-04,166.4,87,2844.0
2025-05-20,早班,ES-05,140.7,113,3618.0
2025-05-20,早班,ES-06,128.9,112,3536.0
2025-05-20,早班,ES-07,146.0,99,2841.0
2025-05-20,早班,ES-08,120.0,98,2880.0
2025-05-20,中班,ES-01,124.9,79,2398.0
2025-05-20,中班,ES-03,96.0,118,3551.0
2025-05-20,中班,ES-04,182.3,64,2058.0
2025-05-20,中班,ES-05,132.4,85,2443.0
2025-05-20,中班,ES-06,128.2,81,2451.0
2025-05-20,中班,ES-07,214.3,104,2925.0
2025-05-20,中班,ES-08,139.9,97,3144.0
2025-05-20,夜班,ES-01,119.7,104,3083.0
2025-05-20,夜班,ES-02,130.1,101,3284.0
2025-05-20,夜班,ES-03,91.5,91,2654.0
2025-05-20,夜班,ES-04,191.3,99,3063.0
2025-05-20,夜班,ES-05,125.4,106,3058.0
2025-05-20,夜班,ES-06,128.4,111,3309.0
2025-05-20,夜班,ES-07,149.8,104,3253.0
2025-05-20,夜班,ES-08,114.2,97,3159.0
2025-05-21,早班,ES-01,125.6,93,2709.0
2025-05-21,早班,ES-02,133.4,91,2650.0
2025-05-21,早班,ES-04,179.8,114,3310.0
2025-05-21,早班,ES-05,125.7,116,3448.0
2025-05-21,早班,ES-06,120.9,113,3684.0
2025-05-21,中班,ES-02,110.6,89,2722.0
2025-05-21,中班,ES-03,115.3,81,2416.0
2025-05-21,中班,ES-04,190.6,113,3354.0
2025-05-21,中班,ES-05,114.0,95,2737.0
2025-05-21,中班,ES-06,175.7,94,2682.0
2025-05-21,中班,ES-07,147.7,80,2452.0
2025-05-21,中班,ES-08,126.0,94,3020.0
2025-05-21,夜班,ES-01,112.9,93,2803.0
2025-05-21,夜班,ES-02,120.8,75,2273.0
2025-05-21,夜班,ES-03,156.2,101,3244.0
2025-05-21,夜班,ES-04,169.2,101,3153.0
2025-05-21,夜班,ES-05,138.3,101,3076.0
2025-05-21,夜班,ES-06,142.5,80,2509.0
2025-05-21,夜班,ES-07,148.6,108,3283.0
2025-05-21,夜班,ES-08,132.2,89,2782.0
2025-05-22,早班,ES-01,109.2,68,2164.0
2025-05-22,早班,ES-02,126.6,105,3079.0
2025-05-22,早班,ES-03,110.9,84,2487.0
2025-05-22,早班,ES-04,172.8,63,1984.0
2025-05-22,早班,ES-05,124.3,94,2718.0
2025-05-22,早班,ES-06,122.8,88,2475.0
2025-05-22,早班,ES-07,142.6,90,2891.0
2025-05-22,中班,ES-01,116.8,101,2861.0
2025-05-22,中班,ES-03,107.5,53,1513.0
2025-05-22,中班,ES-04,186.4,94,3089.0
2025-05-22,中班,ES-05,134.5,72,2078.0
2025-05-22,中班,ES-06,129.4,99,3116.0
2025-05-22,中班,ES-07,145.7,91,2932.0
2025-05-22,夜班,ES-01,132.2,85,2804.0
2025-05-22,夜班,ES-02,126.3,80,2257.0
2025-05-22,夜班,ES-03,106.7,93,2874.0
2025-05-22,夜班,ES-06,113.3,94,2736.0
2025-05-22,夜班,ES-07,151.2,102,2913.0
2025-05-23,早班,ES-01,112.7,99,3046.0
2025-05-23,早班,ES-04,186.8,101,3065.0
2025-05-23,早班,ES-05,125.3,83,2730.0
2025-05-23,早班,ES-07,156.0,81,2287.0
2025-05-23,早班,ES-08,132.1,122,3582.0
2025-05-23,中班,ES-01,116.1,97,2982.0
2025-05-23,中班,ES-02,124.1,96,2990.0
2025-05-23,中班,ES-03,114.6,105,3225.0
2025-05-23,中班,ES-05,121.5,137,4423.0
2025-05-23,中班,ES-06,129.0,109,3137.0
2025-05-23,中班,ES-07,161.9,81,2356.0
2025-05-23,夜班,ES-01,131.5,88,2675.0
2025-05-23,夜班,ES-02,126.5,100,2923.0
2025-05-23,夜班,ES-03,112.6,86,2676.0
2025-05-23,夜班,ES-04,181.1,104,3180.0
2025-05-23,夜班,ES-06,134.4,69,1978.0
2025-05-23,夜班,ES-08,128.4,58,1908.0
2025-05-24,早班,ES-01,111.4,95,3059.0
2025-05-24,早班,ES-02,119.0,109,3072.0
2025-05-24,早班,ES-03,104.4,81,2330.0
2025-05-24,早班,ES-04,173.4,82,2595.0
2025-05-24,早班,ES-06,134.6,84,2516.0
2025-05-24,早班,ES-07,156.1,75,2208.0
2025-05-24,早班,ES-08,120.8,103,3213.0
2025-05-24,中班,ES-01,120.8,45,1354.0
2025-05-24,中班,ES-02,127.1,90,2739.0
2025-05-24,中班,ES-03,121.7,52,1647.0
2025-05-24,中班,ES-05,113.3,113,3647.0
2025-05-24,中班,ES-06,130.1,112,3253.0
2025-05-24,中班,ES-07,159.4,91,2902.0
2025-05-24,中班,ES-08,132.2,99,3034.0
2025-05-24,夜班,ES-01,129.9,102,3205.0
2025-05-24,夜班,ES-02,125.3,92,2675.0
2025-05-24,夜班,ES-03,108.1,101,2946.0
2025-05-24,夜班,ES-04,177.9,94,3064.0
2025-05-24,夜班,ES-05,131.7,112,3211.0
2025-05-24,夜班,ES-06,126.2,94,2729.0
2025-05-24,夜班,ES-07,145.5,100,2841.0
2025-05-25,早班,ES-01,131.5,67,2143.0
2025-05-25,早班,ES-03,118.0,107,3220.0
2025-05-25,早班,ES-04,184.5,84,2422.0
2025-05-25,早班,ES-06,131.2,105,3330.0
2025-05-25,早班,ES-07,145.6,79,2511.0
2025-05-25,早班,ES-08,112.1,91,2620.0
2025-05-25,中班,ES-01,127.0,88,2602.0
2025-05-25,中班,ES-02,132.5,86,2636.0
2025-05-25,中班,ES-03,108.4,92,2771.0
2025-05-25,中班,ES-04,189.0,109,3140.0
2025-05-25,中班,ES-05,126.9,107,3117.0
2025-05-25,中班,ES-06,130.8,85,2730.0
2025-05-25,中班,ES-07,148.1,94,2719.0
2025-05-25,中班,ES-08,127.4,91,2829.0
2025-05-25,夜班,ES-02,126.2,106,2979.0
2025-05-25,夜班,ES-03,103.2,71,2307.0
2025-05-25,夜班,ES-04,184.6,117,3753.0
2025-05-25,夜班,ES-05,120.4,89,2760.0
2025-05-25,夜班,ES-07,149.2,104,3398.0
2025-05-26,早班,ES-01,125.0,96,2776.0
2025-05-26,早班,ES-02,123.7,118,3736.0
2025-05-26,早班,ES-04,185.0,93,3037.0
2025-05-26,早班,ES-05,138.8,70,2178.0
2025-05-26,早班,ES-06,114.0,68,1917.0
2025-05-26,早班,ES-07,137.2,84,2611.0
2025-05-26,早班,ES-08,123.2,88,2843.0
2025-05-26,中班,ES-01,117.6,110,3250.0
2025-05-26,中班,ES-02,135.2,102,2981.0
2025-05-26,中班,ES-03,139.9,131,3854.0
2025-05-26,中班,ES-05,124.3,83,2445.0
2025-05-26,中班,ES-06,113.6,116,3478.0
2025-05-26,中班,ES-07,142.7,114,3580.0
2025-05-26,夜班,ES-01,121.7,117,3806.0
2025-05-26,夜班,ES-02,122.7,81,2500.0
2025-05-26,夜班,ES-03,117.6,96,2788.0
2025-05-26,夜班,ES-05,119.7,94,2999.0
2025-05-26,夜班,ES-06,122.7,84,2424.0
2025-05-26,夜班,ES-07,144.5,100,3294.0
2025-05-26,夜班,ES-08,107.4,107,3324.0
2025-05-27,早班,ES-02,123.2,76,2310.0
2025-05-27,早班,ES-03,110.6,109,3321.0
2025-05-27,早班,ES-05,137.3,96,2822.0
2025-05-27,早班,ES-06,134.4,90,2622.0
2025-05-27,早班,ES-07,146.7,125,3630.0
2025-05-27,中班,ES-03,102.0,88,2739.0
2025-05-27,中班,ES-04,172.9,130,4268.0
2025-05-27,中班,ES-07,154.7,93,2905.0
2025-05-27,中班,ES-08,112.9,120,3651.0
2025-05-27,夜班,ES-01,110.1,95,3003.0
2025-05-27,夜班,ES-03,105.7,83,2635.0
2025-05-27,夜班,ES-04,186.8,116,3268.0
2025-05-27,夜班,ES-06,123.2,78,2319.0
2025-05-27,夜班,ES-07,140.1,108,3459.0
2025-05-27,夜班,ES-08,130.7,110,3595.0
2025-05-28,早班,ES-03,115.6,97,3058.0
2025-05-28,早班,ES-04,173.7,124,3550.0
2025-05-28,早班,ES-05,130.6,90,2799.0
2025-05-28,早班,ES-07,159.7,100,3293.0
2025-05-28,早班,ES-08,132.4,129,3908.0
2025-05-28,中班,ES-01,132.9,91,2839.0
2025-05-28,中班,ES-02,127.5,92,3003.0
2025-05-28,中班,ES-03,105.8,91,2980.0
2025-05-28,中班,ES-04,182.7,99,3051.0
2025-05-28,中班,ES-05,131.5,97,2818.0
2025-05-28,中班,ES-06,139.8,71,2188.0
2025-05-28,中班,ES-08,134.1,85,2498.0
2025-05-28,夜班,ES-01,179.2,82,2604.0
2025-05-28,夜班,ES-02,131.4,112,3414.0
2025-05-28,夜班,ES-03,124.1,89,2887.0
2025-05-28,夜班,ES-04,176.2,77,2523.0
2025-05-28,夜班,ES-05,142.0,86,2504.0
2025-05-28,夜班,ES-06,121.7,100,3229.0
2025-05-28,夜班,ES-07,158.0,93,2896.0
2025-05-28,夜班,ES-08,162.1,44,1307.0
2025-05-29,早班,ES-01,112.0,102,2952.0
2025-05-29,早班,ES-02,129.0,84,2686.0
2025-05-29,早班,ES-03,105.7,102,2982.0
2025-05-29,早班,ES-05,134.5,112,3371.0
2025-05-29,早班,ES-06,120.4,94,3052.0
2025-05-29,早班,ES-07,148.0,124,3927.0
2025-05-29,早班,ES-08,202.6,85,2431.0
2025-05-29,中班,ES-01,118.8,90,2787.0
2025-05-29,中班,ES-03,114.8,104,3111.0
2025-05-29,中班,ES-04,173.6,74,2149.0
2025-05-29,中班,ES-07,158.2,94,2632.0
2025-05-29,中班,ES-08,135.5,100,3192.0
2025-05-29,夜班,ES-01,122.8,114,3257.0
2025-05-29,夜班,ES-02,121.2,95,3113.0
2025-05-29,夜班,ES-03,126.5,124,3526.0
2025-05-29,夜班,ES-05,111.0,72,2128.0
2025-05-29,夜班,ES-06,127.8,97,2776.0
2025-05-29,夜班,ES-07,150.8,94,3089.0
2025-05-30,早班,ES-01,131.4,90,2607.0
2025-05-30,早班,ES-03,101.0,76,2457.0
2025-05-30,早班,ES-05,131.4,92,2756.0
2025-05-30,早班,ES-07,154.2,78,2414.0
2025-05-30,早班,ES-08,119.0,61,1996.0
2025-05-30,中班,ES-01,123.3,98,3174.0
2025-05-30,中班,ES-02,118.3,135,4291.0
2025-05-30,中班,ES-04,185.6,79,2317.0
2025-05-30,中班,ES-05,124.6,133,3750.0
2025-05-30,中班,ES-06,122.2,59,1932.0
2025-05-30,中班,ES-08,123.9,79,2474.0
2025-05-30,夜班,ES-01,113.6,66,1867.0
2025-05-30,夜班,ES-02,132.6,76,2484.0
2025-05-30,夜班,ES-04,173.9,92,3021.0
2025-05-30,夜班,ES-05,135.4,134,4274.0
2025-05-30,夜班,ES-07,151.4,111,3255.0
2025-05-31,早班,ES-01,127.4,99,3198.0
2025-05-31,早班,ES-02,135.8,88,2900.0
2025-05-31,早班,ES-03,109.9,58,1628.0
2025-05-31,早班,ES-04,188.8,113,3382.0
2025-05-31,早班,ES-05,141.1,117,3355.0
2025-05-31,早班,ES-07,154.3,79,2444.0
2025-05-31,早班,ES-08,130.7,110,3418.0
2025-05-31,中班,ES-01,122.1,110,3151.0
2025-05-31,中班,ES-02,174.0,82,2481.0
2025-05-31,中班,ES-03,109.8,92,2838.0
2025-05-31,中班,ES-04,165.6,66,1928.0
2025-05-31,中班,ES-08,124.4,92,2658.0
2025-05-31,夜班,ES-01,115.1,108,3446.0
2025-05-31,夜班,ES-02,117.6,96,2881.0
2025-05-31,夜班,ES-03,124.8,92,2582.0
2025-05-31,夜班,ES-04,183.6,91,2770.0
2025-05-31,夜班,ES-05,127.7,117,3808.0
2025-05-31,夜班,ES-06,126.3,103,3197.0
2025-05-31,夜班,ES-07,154.7,69,1945.0
2025-05-31,夜班,ES-08,126.4,123,3635.0
2025-06-01,早班,ES-01,114.1,104,3409.0
2025-06-01,早班,ES-02,131.5,112,3449.0
2025-06-01,早班,ES-03,109.0,97,3056.0
2025-06-01,早班,ES-04,165.8,90,2841.0
2025-06-01,早班,ES-05,132.9,97,2924.0
2025-06-01,早班,ES-06,132.0,91,2725.0
2025-06-01,早班,ES-08,123.5,66,2112.0
2025-06-01,中班,ES-01,122.0,102,3278.0
2025-06-01,中班,ES-02,124.4,132,4351.0
2025-06-01,中班,ES-03,122.7,83,2399.0
2025-06-01,中班,ES-05,128.8,120,3364.0
2025-06-01,中班,ES-06,140.9,104,3128.0
2025-06-01,中班,ES-07,233.5,58,1726.0
2025-06-01,中班,ES-08,129.5,141,4420.0
2025-06-01,夜班,ES-01,106.2,90,2645.0
2025-06-01,夜班,ES-02,132.2,73,2276.0
2025-06-01,夜班,ES-03,125.9,92,2952.0
2025-06-01,夜班,ES-06,125.0,94,2890.0
2025-06-01,夜班,ES-07,155.7,81,2486.0
2025-06-02,早班,ES-01,127.1,89,2702.0
2025-06-02,早班,ES-02,120.3,79,2478.0
2025-06-02,早班,ES-03,174.5,57,1751.0
2025-06-02,早班,ES-04,177.2,102,3016.0
2025-06-02,早班,ES-05,120.7,130,3993.0
2025-06-02,早班,ES-07,215.4,78,2233.0
2025-06-02,早班,ES-08,126.2,108,3444.0
2025-06-02,中班,ES-01,122.4,130,4239.0
2025-06-02,中班,ES-02,138.4,127,4111.0
2025-06-02,中班,ES-03,108.1,97,2913.0
2025-06-02,中班,ES-04,171.1,111,3556.0
2025-06-02,中班,ES-07,154.7,124,3625.0
2025-06-02,夜班,ES-01,121.5,94,2673.0
2025-06-02,夜班,ES-03,109.5,90,2566.0
2025-06-02,夜班,ES-04,227.6,89,2654.0
2025-06-02,夜班,ES-05,115.5,105,3127.0
2025-06-02,夜班,ES-06,123.2,93,2615.0
2025-06-02,夜班,ES-07,147.0,81,2490.0
2025-06-03,早班,ES-01,134.0,88,2550.0
2025-06-03,早班,ES-02,119.4,103,3293.0
2025-06-03,早班,ES-03,101.8,93,2756.0
2025-06-03,早班,ES-04,170.6,71,2212.0
2025-06-03,早班,ES-05,128.6,83,2732.0
2025-06-03,早班,ES-06,127.4,88,2696.0
2025-06-03,早班,ES-07,145.1,95,2770.0
2025-06-03,中班,ES-01,125.1,104,3248.0
2025-06-03,中班,ES-02,139.0,108,3343.0
2025-06-03,中班,ES-03,114.1,93,2621.0
2025-06-03,中班,ES-04,178.9,66,2166.0
2025-06-03,中班,ES-05,129.9,111,3249.0
2025-06-03,中班,ES-06,126.8,98,2868.0
2025-06-03,夜班,ES-01,111.6,107,3083.0
2025-06-03,夜班,ES-02,114.2,66,1979.0
2025-06-03,夜班,ES-03,116.7,77,2468.0
2025-06-03,夜班,ES-04,161.1,127,3832.0
2025-06-03,夜班,ES-06,136.7,89,2747.0
2025-06-03,夜班,ES-07,206.9,119,3805.0
2025-06-03,夜班,ES-08,115.1,108,3361.0
2025-06-04,早班,ES-01,118.8,106,3190.0
2025-06-04,早班,ES-02,126.1,88,2872.0
2025-06-04,早班,ES-03,101.5,99,3153.0
2025-06-04,早班,ES-04,182.0,95,2755.0
2025-06-04,早班,ES-05,140.4,94,2872.0
2025-06-04,早班,ES-06,124.4,111,3292.0
2025-06-04,早班,ES-07,143.3,93,2640.0
2025-06-04,早班,ES-08,144.0,105,3075.0
2025-06-04,中班,ES-01,117.6,60,1752.0
2025-06-04,中班,ES-02,119.4,70,2157.0
2025-06-04,中班,ES-03,106.4,96,2748.0
2025-06-04,中班,ES-05,123.4,81,2619.0
2025-06-04,中班,ES-06,118.5,91,2725.0
2025-06-04,中班,ES-07,147.2,106,3053.0
2025-06-04,中班,ES-08,120.5,126,3992.0
2025-06-04,夜班,ES-02,118.6,125,4076.0
2025-06-04,夜班,ES-03,116.3,96,2898.0
2025-06-04,夜班,ES-04,191.1,113,3683.0
2025-06-04,夜班,ES-07,150.1,63,1846.0
2025-06-04,夜班,ES-08,127.3,110,3623.0
2025-06-05,早班,ES-01,110.4,149,4803.0
2025-06-05,早班,ES-04,183.4,111,3192.0
2025-06-05,早班,ES-05,131.7,89,2502.0
2025-06-05,早班,ES-08,125.5,94,2775.0
2025-06-05,中班,ES-01,118.2,110,3616.0
2025-06-05,中班,ES-02,125.7,98,2973.0
2025-06-05,中班,ES-03,115.2,117,3429.0
2025-06-05,中班,ES-04,168.7,110,3606.0
2025-06-05,中班,ES-06,128.8,73,2243.0
2025-06-05,夜班,ES-01,113.9,94,2652.0
2025-06-05,夜班,ES-02,126.8,124,3590.0
2025-06-05,夜班,ES-04,177.7,80,2245.0
2025-06-05,夜班,ES-05,123.8,82,2617.0
2025-06-05,夜班,ES-06,131.7,114,3707.0
2025-06-05,夜班,ES-07,149.9,131,4296.0
2025-06-06,早班,ES-01,115.9,84,2744.0
2025-06-06,早班,ES-02,104.3,84,2741.0
2025-06-06,早班,ES-03,125.9,93,2653.0
2025-06-06,早班,ES-05,140.3,89,2790.0
2025-06-06,早班,ES-06,134.3,92,2979.0
2025-06-06,早班,ES-07,160.4,112,3511.0
2025-06-06,早班,ES-08,129.7,62,2005.0
2025-06-06,中班,ES-01,114.6,105,3013.0
2025-06-06,中班,ES-02,123.0,52,1617.0
2025-06-06,中班,ES-03,97.3,107,3264.0
2025-06-06,中班,ES-04,183.8,92,2647.0
2025-06-06,中班,ES-07,144.0,70,2107.0
2025-06-06,夜班,ES-01,116.8,82,2537.0
2025-06-06,夜班,ES-02,131.1,85,2605.0
2025-06-06,夜班,ES-03,103.1,71,2264.0
2025-06-06,夜班,ES-04,178.4,103,3255.0
2025-06-06,夜班,ES-06,126.0,79,2551.0
2025-06-06,夜班,ES-07,135.8,110,3169.0
2025-06-06,夜班,ES-08,127.6,93,2848.0
2025-06-07,早班,ES-01,113.8,109,3426.0
2025-06-07,早班,ES-02,120.0,106,3148.0
2025-06-07,早班,ES-03,103.9,99,3014.0
2025-06-07,早班,ES-04,170.5,80,2406.0
2025-06-07,早班,ES-05,121.0,95,2959.0
2025-06-07,早班,ES-06,115.8,111,3468.0
2025-06-07,早班,ES-07,148.8,104,2930.0
2025-06-07,早班,ES-08,117.8,105,3427.0
2025-06-07,中班,ES-01,133.0,116,3756.0
2025-06-07,中班,ES-03,120.3,88,2694.0
2025-06-07,中班,ES-04,172.7,114,3573.0
2025-06-07,中班,ES-06,132.2,146,4271.0
2025-06-07,中班,ES-07,153.0,98,2839.0
2025-06-07,夜班,ES-03,108.9,100,3134.0
2025-06-07,夜班,ES-05,122.6,106,3387.0
2025-06-07,夜班,ES-06,140.0,93,3030.0
2025-06-07,夜班,ES-07,143.6,99,2998.0
2025-06-08,早班,ES-01,111.6,75,2234.0
2025-06-08,早班,ES-02,128.6,55,1712.0
2025-06-08,早班,ES-05,119.1,83,2357.0
2025-06-08,早班,ES-06,120.8,94,3085.0
2025-06-08,中班,ES-01,112.7,99,3006.0
2025-06-08,中班,ES-02,135.7,69,1955.0
2025-06-08,中班,ES-03,117.3,94,2844.0
2025-06-08,中班,ES-04,179.7,112,3308.0
2025-06-08,中班,ES-05,132.2,129,4244.0
2025-06-08,中班,ES-06,132.1,72,2199.0
2025-06-08,中班,ES-07,154.2,89,2695.0
2025-06-08,中班,ES-08,114.0,90,2644.0
2025-06-08,夜班,ES-01,113.0,94,2675.0
2025-06-08,夜班,ES-04,165.2,120,3943.0
2025-06-08,夜班,ES-05,116.6,77,2508.0
2025-06-08,夜班,ES-06,132.2,140,4168.0
2025-06-08,夜班,ES-07,154.8,111,3381.0
2025-06-08,夜班,ES-08,126.7,94,2958.0
2025-06-09,早班,ES-01,115.7,102,3279.0
2025-06-09,早班,ES-02,121.3,107,3491.0
2025-06-09,早班,ES-04,174.9,82,2343.0
2025-06-09,早班,ES-05,120.8,130,3690.0
2025-06-09,早班,ES-06,130.0,97,2927.0
2025-06-09,早班,ES-07,160.4,90,2637.0
2025-06-09,早班,ES-08,122.9,78,2558.0
2025-06-09,中班,ES-03,112.2,112,3510.0
2025-06-09,中班,ES-04,175.7,93,2887.0
2025-06-09,中班,ES-05,118.9,81,2325.0
2025-06-09,中班,ES-06,122.4,96,2806.0
2025-06-09,中班,ES-07,151.0,96,2907.0
2025-06-09,中班,ES-08,122.0,64,1993.0
2025-06-09,夜班,ES-01,121.5,70,2081.0
2025-06-09,夜班,ES-02,110.9,111,3618.0
2025-06-09,夜班,ES-03,120.7,88,2765.0
2025-06-09,夜班,ES-04,169.8,101,3166.0
2025-06-09,夜班,ES-05,126.2,69,2245.0
2025-06-09,夜班,ES-06,121.3,104,3334.0
2025-06-09,夜班,ES-07,165.2,70,2114.0
2025-06-09,夜班,ES-08,117.6,81,2544.0
2025-06-10,早班,ES-01,115.0,89,2599.0
2025-06-10,早班,ES-02,129.8,89,2890.0
2025-06-10,早班,ES-03,121.3,104,3329.0
2025-06-10,早班,ES-04,177.9,86,2769.0
2025-06-10,早班,ES-05,121.6,108,3098.0
2025-06-10,早班,ES-06,121.2,104,2922.0
2025-06-10,早班,ES-08,135.1,94,2894.0
2025-06-10,中班,ES-01,118.1,88,2764.0
2025-06-10,中班,ES-02,139.1,99,2964.0
2025-06-10,中班,ES-03,121.4,90,2558.0
2025-06-10,中班,ES-04,171.3,125,3769.0
2025-06-10,中班,ES-05,140.3,111,3642.0
2025-06-10,中班,ES-06,122.8,65,2001.0
2025-06-10,中班,ES-07,160.0,98,3167.0
2025-06-10,中班,ES-08,110.1,111,3182.0
2025-06-10,夜班,ES-01,201.4,71,2006.0
2025-06-10,夜班,ES-02,118.0,59,1819.0
2025-06-10,夜班,ES-03,119.8,103,2938.0
2025-06-10,夜班,ES-04,187.7,94,2876.0
2025-06-10,夜班,ES-05,122.7,70,2299.0
2025-06-10,夜班,ES-07,148.5,83,2337.0
2025-06-10,夜班,ES-08,115.5,94,2639.0
2025-06-11,早班,ES-01,131.3,93,3049.0
2025-06-11,早班,ES-03,118.3,88,2717.0
2025-06-11,早班,ES-04,190.6,91,2906.0
2025-06-11,早班,ES-05,131.1,78,2347.0
2025-06-11,早班,ES-07,150.2,99,3147.0
2025-06-11,中班,ES-02,129.1,95,2999.0
2025-06-11,中班,ES-03,91.3,83,2401.0
2025-06-11,中班,ES-05,125.7,94,2941.0
2025-06-11,中班,ES-06,120.9,79,2413.0
2025-06-11,中班,ES-07,162.0,107,3259.0
2025-06-11,中班,ES-08,121.7,82,2561.0
2025-06-11,夜班,ES-01,107.0,109,3063.0
2025-06-11,夜班,ES-02,126.4,106,3209.0
2025-06-11,夜班,ES-03,110.9,110,3277.0
2025-06-11,夜班,ES-05,142.2,91,2850.0
2025-06-11,夜班,ES-06,130.3,72,2078.0
2025-06-11,夜班,ES-08,110.3,86,2600.0
2025-06-12,早班,ES-01,114.6,97,3073.0
2025-06-12,早班,ES-02,133.5,72,2231.0
2025-06-12,早班,ES-05,128.4,95,2984.0
2025-06-12,早班,ES-06,116.0,103,3174.0
2025-06-12,早班,ES-07,144.2,95,3076.0
2025-06-12,早班,ES-08,120.3,51,1627.0
2025-06-12,中班,ES-01,130.1,96,3158.0
2025-06-12,中班,ES-03,99.3,81,2456.0
2025-06-12,中班,ES-04,182.1,101,3025.0
2025-06-12,中班,ES-05,142.1,64,1799.0
2025-06-12,中班,ES-06,126.4,98,3102.0
2025-06-12,中班,ES-07,151.1,116,3511.0
2025-06-12,夜班,ES-01,109.0,77,2276.0
2025-06-12,夜班,ES-03,100.5,105,3280.0
2025-06-12,夜班,ES-04,179.7,104,3005.0
2025-06-12,夜班,ES-05,128.9,125,3873.0
2025-06-12,夜班,ES-06,128.5,98,3076.0
2025-06-12,夜班,ES-07,143.6,55,1723.0
2025-06-12,夜班,ES-08,125.1,119,3716.0
2025-06-13,早班,ES-01,111.2,108,3192.0
2025-06-13,早班,ES-02,119.7,89,2648.0
2025-06-13,早班,ES-03,114.9,84,2438.0
2025-06-13,早班,ES-04,183.8,96,2842.0
2025-06-13,早班,ES-05,125.1,117,3357.0
2025-06-13,早班,ES-06,161.1,112,3445.0
2025-06-13,早班,ES-07,159.7,97,3134.0
2025-06-13,早班,ES-08,115.0,62,2024.0
2025-06-13,中班,ES-01,128.3,126,3901.0
2025-06-13,中班,ES-04,160.9,106,3157.0
2025-06-13,中班,ES-05,113.7,94,2970.0
2025-06-13,中班,ES-06,136.3,117,3706.0
2025-06-13,中班,ES-07,147.2,60,1769.0
2025-06-13,中班,ES-08,108.5,69,2115.0
2025-06-13,夜班,ES-01,122.5,91,2673.0
2025-06-13,夜班,ES-02,119.8,106,3005.0
2025-06-13,夜班,ES-03,100.8,72,2372.0
2025-06-13,夜班,ES-04,238.1,77,2276.0
2025-06-13,夜班,ES-05,125.7,116,3748.0
2025-06-13,夜班,ES-06,118.6,69,2079.0
2025-06-13,夜班,ES-07,151.6,57,1703.0
2025-06-13,夜班,ES-08,100.8,144,4293.0
2025-06-14,早班,ES-02,127.9,88,2505.0
2025-06-14,早班,ES-03,123.5,98,3178.0
2025-06-14,早班,ES-04,185.0,97,2781.0
2025-06-14,早班,ES-05,129.5,86,2559.0
2025-06-14,早班,ES-06,130.0,113,3540.0
2025-06-14,早班,ES-07,160.3,87,2556.0
2025-06-14,中班,ES-02,125.6,92,2956.0
2025-06-14,中班,ES-04,223.0,73,2326.0
2025-06-14,中班,ES-05,126.9,81,2555.0
2025-06-14,中班,ES-07,136.8,106,3466.0
2025-06-14,中班,ES-08,125.4,77,2413.0
2025-06-14,夜班,ES-01,130.8,107,3205.0
2025-06-14,夜班,ES-02,113.7,91,2858.0
2025-06-14,夜班,ES-03,114.9,116,3598.0
2025-06-14,夜班,ES-04,172.0,87,2785.0
2025-06-14,夜班,ES-05,118.0,47,1450.0
2025-06-14,夜班,ES-06,125.5,122,3937.0
2025-06-14,夜班,ES-07,160.1,94,2824.0
2025-06-14,夜班,ES-08,111.6,89,2772.0
2025-06-15,早班,ES-01,124.1,94,2793.0
2025-06-15,早班,ES-02,117.2,54,1757.0
2025-06-15,早班,ES-03,112.0,77,2357.0
2025-06-15,早班,ES-04,176.5,133,4100.0
2025-06-15,早班,ES-05,119.8,113,3442.0
2025-06-15,早班,ES-06,131.7,106,3174.0
2025-06-15,早班,ES-07,159.7,105,3363.0
2025-06-15,中班,ES-01,116.5,75,2371.0
2025-06-15,中班,ES-02,125.4,100,2810.0
2025-06-15,中班,ES-03,105.7,93,2765.0
2025-06-15,中班,ES-04,179.0,86,2767.0
2025-06-15,中班,ES-05,121.1,87,2726.0
2025-06-15,中班,ES-06,200.5,84,2669.0
2025-06-15,夜班,ES-01,121.5,96,3106.0
2025-06-15,夜班,ES-02,112.6,82,2538.0
2025-06-15,夜班,ES-03,113.2,95,2708.0
2025-06-15,夜班,ES-05,128.1,117,3500.0
2025-06-15,夜班,ES-07,144.3,91,2946.0
2025-06-15,夜班,ES-08,131.4,67,2106.0
2025-06-16,早班,ES-01,128.7,92,2731.0
2025-06-16,早班,ES-02,141.4,90,2859.0
2025-06-16,早班,ES-03,98.0,81,2565.0
2025-06-16,早班,ES-04,168.3,97,3116.0
2025-06-16,早班,ES-05,133.8,96,3161.0
2025-06-16,早班,ES-06,133.4,81,2498.0
2025-06-16,早班,ES-07,158.7,81,2525.0
2025-06-16,中班,ES-01,123.2,59,1673.0
2025-06-16,中班,ES-03,97.4,82,2405.0
2025-06-16,中班,ES-04,177.1,94,2696.0
2025-06-16,中班,ES-05,122.6,96,2956.0
2025-06-16,中班,ES-06,134.0,120,3492.0
2025-06-16,中班,ES-08,140.2,110,3226.0
2025-06-16,夜班,ES-01,124.4,108,3356.0
2025-06-16,夜班,ES-02,126.2,112,3358.0
2025-06-16,夜班,ES-05,213.0,96,2932.0
2025-06-16,夜班,ES-06,141.0,78,2188.0
2025-06-16,夜班,ES-07,165.5,84,2768.0
2025-06-16,夜班,ES-08,122.3,125,4057.0
2025-06-17,早班,ES-01,119.4,102,3259.0
2025-06-17,早班,ES-02,115.5,98,3097.0
2025-06-17,早班,ES-03,112.5,87,2638.0
2025-06-17,早班,ES-06,143.9,89,2649.0
2025-06-17,中班,ES-01,110.0,100,3021.0
2025-06-17,中班,ES-02,129.7,68,1993.0
2025-06-17,中班,ES-03,109.5,103,2928.0
2025-06-17,中班,ES-04,168.9,88,2639.0
2025-06-17,中班,ES-05,128.8,76,2239.0
2025-06-17,中班,ES-06,131.8,97,3138.0
2025-06-17,中班,ES-07,157.1,100,2830.0
2025-06-17,中班,ES-08,127.4,128,3851.0
2025-06-17,夜班,ES-03,116.4,84,2437.0
2025-06-17,夜班,ES-04,170.0,85,2451.0
2025-06-17,夜班,ES-05,121.7,130,4185.0
2025-06-17,夜班,ES-06,134.8,46,1428.0
2025-06-17,夜班,ES-07,150.1,124,3861.0
2025-06-17,夜班,ES-08,121.7,92,2614.0
2025-06-18,早班,ES-01,109.8,102,2957.0
2025-06-18,早班,ES-03,110.2,100,2970.0
2025-06-18,早班,ES-04,174.0,108,3035.0
2025-06-18,早班,ES-05,133.6,72,2351.0
2025-06-18,早班,ES-06,123.1,80,2589.0
2025-06-18,早班,ES-07,143.3,105,3371.0
2025-06-18,早班,ES-08,120.9,114,3676.0
2025-06-18,中班,ES-01,119.9,93,2659.0
2025-06-18,中班,ES-02,124.3,129,4110.0
2025-06-18,中班,ES-05,127.6,76,2465.0
2025-06-18,中班,ES-06,188.4,139,4181.0
2025-06-18,中班,ES-07,153.4,81,2524.0
2025-06-18,中班,ES-08,118.7,90,2613.0
2025-06-18,夜班,ES-01,115.9,68,2132.0
2025-06-18,夜班,ES-03,106.2,94,2878.0
2025-06-18,夜班,ES-04,167.6,102,2937.0
2025-06-18,夜班,ES-05,133.3,97,3027.0
2025-06-18,夜班,ES-06,133.2,87,2588.0
2025-06-18,夜班,ES-07,157.9,95,2732.0
2025-06-18,夜班,ES-08,112.7,114,3214.0
2025-06-19,早班,ES-01,127.4,103,3345.0
2025-06-19,早班,ES-02,124.2,86,2608.0
2025-06-19,早班,ES-04,172.2,73,2282.0
2025-06-19,早班,ES-06,134.6,86,2791.0
2025-06-19,早班,ES-07,140.5,81,2557.0
2025-06-19,中班,ES-01,123.5,79,2556.0
2025-06-19,中班,ES-02,125.5,64,2029.0
2025-06-19,中班,ES-03,123.3,119,3677.0
2025-06-19,中班,ES-05,129.6,108,3121.0
2025-06-19,中班,ES-06,133.8,67,1971.0
2025-06-19,中班,ES-08,113.5,78,2465.0
2025-06-19,夜班,ES-01,123.8,94,3101.0
2025-06-19,夜班,ES-02,119.5,66,1920.0
2025-06-19,夜班,ES-03,103.7,91,2719.0
2025-06-19,夜班,ES-04,170.8,89,2906.0
2025-06-19,夜班,ES-05,114.3,87,2642.0
2025-06-19,夜班,ES-06,121.7,102,2969.0
2025-06-19,夜班,ES-07,147.5,89,2779.0
2025-06-19,夜班,ES-08,108.6,98,3065.0
2025-06-20,早班,ES-04,182.6,67,2060.0
2025-06-20,早班,ES-05,122.2,100,2851.0
2025-06-20,早班,ES-06,121.2,75,2315.0
2025-06-20,中班,ES-01,122.5,101,2909.0
2025-06-20,中班,ES-02,130.8,99,3205.0
2025-06-20,中班,ES-03,103.1,95,2677.0
2025-06-20,中班,ES-04,176.7,112,3662.0
2025-06-20,中班,ES-05,129.1,98,3081.0
2025-06-20,中班,ES-06,121.0,110,3469.0
2025-06-20,中班,ES-07,156.4,91,2691.0
2025-06-20,中班,ES-08,127.8,98,2772.0
2025-06-20,夜班,ES-02,127.4,111,3295.0
2025-06-20,夜班,ES-04,178.6,112,3261.0
2025-06-20,夜班,ES-05,122.7,106,3001.0
2025-06-20,夜班,ES-06,130.5,88,2532.0
2025-06-20,夜班,ES-07,142.6,65,2095.0
2025-06-20,夜班,ES-08,123.8,90,2800.0
2025-06-21,早班,ES-02,133.6,116,3252.0
2025-06-21,早班,ES-03,105.2,100,2921.0
2025-06-21,早班,ES-05,117.5,135,4226.0
2025-06-21,早班,ES-06,135.4,129,4031.0
2025-06-21,早班,ES-07,152.4,71,2064.0
2025-06-21,中班,ES-01,108.6,113,3211.0
2025-06-21,中班,ES-02,113.4,126,3871.0
2025-06-21,中班,ES-05,122.4,100,2997.0
2025-06-21,中班,ES-06,139.9,128,3997.0
2025-06-21,中班,ES-07,149.4,73,2327.0
2025-06-21,中班,ES-08,121.5,88,2723.0
2025-06-21,夜班,ES-01,125.7,48,1470.0
2025-06-21,夜班,ES-02,115.5,115,3683.0
2025-06-21,夜班,ES-03,118.5,92,2634.0
2025-06-21,夜班,ES-04,189.4,83,2611.0
2025-06-21,夜班,ES-05,129.4,108,3220.0
2025-06-21,夜班,ES-06,118.2,57,1705.0
2025-06-21,夜班,ES-08,125.9,125,4038.0
2025-06-22,早班,ES-01,99.0,83,2372.0
2025-06-22,早班,ES-02,128.6,124,3827.0
2025-06-22,早班,ES-03,108.4,94,3027.0
2025-06-22,早班,ES-04,184.5,101,3011.0
2025-06-22,早班,ES-05,131.3,52,1473.0
2025-06-22,早班,ES-06,140.8,86,2780.0
2025-06-22,早班,ES-07,155.9,87,2620.0
2025-06-22,早班,ES-08,120.7,64,2056.0
2025-06-22,中班,ES-01,121.5,66,1899.0
2025-06-22,中班,ES-02,134.8,102,3143.0
2025-06-22,中班,ES-03,108.6,103,3137.0
2025-06-22,中班,ES-04,183.0,83,2345.0
2025-06-22,中班,ES-06,133.3,114,3585.0
2025-06-22,中班,ES-07,156.6,61,1982.0
2025-06-22,中班,ES-08,165.2,99,3189.0
2025-06-22,夜班,ES-01,117.1,111,3478.0
2025-06-22,夜班,ES-02,118.6,111,3212.0
2025-06-22,夜班,ES-03,115.6,80,2365.0
2025-06-22,夜班,ES-05,131.4,94,3002.0
2025-06-22,夜班,ES-06,122.4,95,3060.0
2025-06-23,早班,ES-03,107.5,108,3508.0
2025-06-23,早班,ES-04,186.5,80,2344.0
2025-06-23,早班,ES-06,124.9,93,2675.0
2025-06-23,早班,ES-07,148.9,75,2160.0
2025-06-23,早班,ES-08,137.6,66,2161.0
2025-06-23,中班,ES-01,114.3,92,2735.0
2025-06-23,中班,ES-02,134.2,89,2748.0
2025-06-23,中班,ES-03,91.8,101,2998.0
2025-06-23,中班,ES-04,174.2,71,2203.0
2025-06-23,中班,ES-05,116.1,69,2087.0
2025-06-23,中班,ES-06,120.1,98,3149.0
2025-06-23,中班,ES-08,122.0,96,3037.0
2025-06-23,夜班,ES-01,117.6,124,3802.0
2025-06-23,夜班,ES-03,127.1,103,3347.0
2025-06-23,夜班,ES-04,173.8,95,3130.0
2025-06-23,夜班,ES-05,126.8,89,2847.0
2025-06-23,夜班,ES-06,143.7,96,2884.0
2025-06-23,夜班,ES-07,132.7,86,2503.0
2025-06-23,夜班,ES-08,119.8,70,2158.0
2025-06-24,早班,ES-01,123.9,79,2319.0
2025-06-24,早班,ES-02,130.7,102,2984.0
2025-06-24,早班,ES-03,113.9,115,3602.0
2025-06-24,早班,ES-04,164.5,104,3103.0
2025-06-24,早班,ES-05,131.2,87,2645.0
2025-06-24,早班,ES-07,146.1,99,2971.0
2025-06-24,早班,ES-08,137.2,81,2564.0
2025-06-24,中班,ES-02,122.0,106,3301.0
2025-06-24,中班,ES-03,105.2,77,2425.0
2025-06-24,中班,ES-04,182.1,68,1944.0
2025-06-24,中班,ES-05,130.7,100,3232.0
2025-06-24,中班,ES-06,137.1,55,1769.0
2025-06-24,中班,ES-07,186.2,97,3029.0
2025-06-24,中班,ES-08,120.1,121,3521.0
2025-06-24,夜班,ES-01,112.1,130,3804.0
2025-06-24,夜班,ES-02,132.3,117,3702.0
2025-06-24,夜班,ES-03,110.9,117,3278.0
2025-06-24,夜班,ES-04,173.9,71,2035.0
2025-06-24,夜班,ES-06,207.4,87,2541.0
2025-06-24,夜班,ES-07,156.2,71,2290.0
2025-06-24,夜班,ES-08,132.9,100,3176.0
2025-06-25,早班,ES-01,124.0,103,2942.0
2025-06-25,早班,ES-02,127.7,98,3063.0
2025-06-25,早班,ES-03,105.4,77,2418.0
2025-06-25,早班,ES-04,178.0,94,2713.0
2025-06-25,早班,ES-05,133.9,110,3108.0
2025-06-25,早班,ES-06,132.0,73,2184.0
2025-06-25,早班,ES-07,149.3,91,2934.0
2025-06-25,早班,ES-08,129.9,94,2927.0
2025-06-25,中班,ES-01,114.2,134,3909.0
2025-06-25,中班,ES-02,122.6,90,2545.0
2025-06-25,中班,ES-03,124.8,99,3164.0
2025-06-25,中班,ES-04,177.2,110,3475.0
2025-06-25,中班,ES-06,129.8,93,2989.0
2025-06-25,中班,ES-07,143.7,100,2842.0
2025-06-25,夜班,ES-01,128.8,128,3942.0
2025-06-25,夜班,ES-03,111.7,90,2720.0
2025-06-25,夜班,ES-04,168.3,95,2762.0
2025-06-25,夜班,ES-05,127.9,95,2880.0
2025-06-25,夜班,ES-06,135.7,96,2884.0
2025-06-25,夜班,ES-07,161.4,109,3145.0
2025-06-25,夜班,ES-08,112.1,66,1908.0
2025-06-26,早班,ES-01,133.9,96,2696.0
2025-06-26,早班,ES-02,126.6,105,3377.0
2025-06-26,早班,ES-04,183.7,96,2835.0
2025-06-26,早班,ES-05,129.3,82,2693.0
2025-06-26,早班,ES-06,121.5,86,2431.0
2025-06-26,早班,ES-07,157.7,87,2629.0
2025-06-26,早班,ES-08,118.2,128,4094.0
2025-06-26,中班,ES-01,118.8,108,3555.0
2025-06-26,中班,ES-02,129.5,91,2906.0
2025-06-26,中班,ES-03,99.3,105,3134.0
2025-06-26,中班,ES-05,197.2,93,3059.0
2025-06-26,中班,ES-06,135.4,87,2749.0
2025-06-26,中班,ES-08,121.9,58,1644.0
2025-06-26,夜班,ES-01,127.4,108,3063.0
2025-06-26,夜班,ES-02,128.3,108,3507.0
2025-06-26,夜班,ES-03,115.8,78,2405.0
2025-06-26,夜班,ES-05,113.0,124,3601.0
2025-06-26,夜班,ES-06,137.6,86,2447.0
2025-06-26,夜班,ES-07,137.4,105,3136.0
2025-06-26,夜班,ES-08,113.8,87,2644.0
2025-06-27,早班,ES-01,108.9,103,3178.0
2025-06-27,早班,ES-03,114.0,97,3100.0
2025-06-27,早班,ES-04,175.1,101,3296.0
2025-06-27,早班,ES-06,120.6,109,3114.0
2025-06-27,早班,ES-08,114.6,74,2389.0
2025-06-27,中班,ES-01,111.2,125,4043.0
2025-06-27,中班,ES-02,118.2,97,3025.0
2025-06-27,中班,ES-03,120.8,128,4213.0
2025-06-27,中班,ES-04,179.2,86,2751.0
2025-06-27,中班,ES-05,143.9,66,2129.0
2025-06-27,中班,ES-06,126.6,82,2303.0
2025-06-27,中班,ES-07,162.5,92,2706.0
2025-06-27,夜班,ES-01,122.1,110,3099.0
2025-06-27,夜班,ES-03,109.5,67,1886.0
2025-06-27,夜班,ES-04,163.4,108,3241.0
2025-06-27,夜班,ES-05,135.0,101,3300.0
2025-06-27,夜班,ES-06,118.1,85,2395.0
2025-06-27,夜班,ES-07,143.6,100,3095.0
2025-06-27,夜班,ES-08,134.7,111,3614.0
2025-06-28,早班,ES-01,121.6,84,2514.0
2025-06-28,早班,ES-02,137.5,127,3845.0
2025-06-28,早班,ES-03,121.0,119,3742.0
2025-06-28,早班,ES-05,131.2,128,3837.0
2025-06-28,早班,ES-06,132.3,115,3254.0
2025-06-28,早班,ES-08,120.5,120,3558.0
2025-06-28,中班,ES-01,108.5,96,2974.0
2025-06-28,中班,ES-02,124.3,107,3516.0
2025-06-28,中班,ES-03,122.2,81,2390.0
2025-06-28,中班,ES-05,124.0,108,3512.0
2025-06-28,中班,ES-06,123.9,82,2385.0
2025-06-28,中班,ES-07,162.0,74,2130.0
2025-06-28,夜班,ES-01,131.6,109,3187.0
2025-06-28,夜班,ES-04,176.9,82,2658.0
2025-06-28,夜班,ES-05,131.7,88,2809.0
2025-06-28,夜班,ES-06,130.7,103,3199.0
2025-06-28,夜班,ES-07,157.2,111,3195.0
2025-06-29,早班,ES-01,118.8,79,2352.0
2025-06-29,早班,ES-02,120.1,81,2662.0
2025-06-29,早班,ES-04,168.6,100,3000.0
2025-06-29,早班,ES-05,138.1,114,3458.0
2025-06-29,早班,ES-06,117.6,59,1659.0
2025-06-29,早班,ES-08,108.9,95,2708.0
2025-06-29,中班,ES-01,208.4,94,3097.0
2025-06-29,中班,ES-02,132.8,101,3058.0
2025-06-29,中班,ES-03,113.1,82,2432.0
2025-06-29,中班,ES-04,175.1,84,2448.0
2025-06-29,中班,ES-05,138.3,89,2666.0
2025-06-29,中班,ES-06,120.4,123,3626.0
2025-06-29,中班,ES-07,151.7,100,2936.0
2025-06-29,夜班,ES-03,93.4,109,3448.0
2025-06-29,夜班,ES-04,172.0,134,4332.0
2025-06-29,夜班,ES-06,129.4,100,2963.0
2025-06-29,夜班,ES-08,122.5,109,3119.0
2025-06-30,早班,ES-02,118.7,75,2260.0
2025-06-30,早班,ES-03,119.1,100,2971.0
2025-06-30,早班,ES-05,133.0,112,3359.0
2025-06-30,早班,ES-06,125.8,117,3478.0
2025-06-30,中班,ES-01,112.1,97,2851.0
2025-06-30,中班,ES-02,116.7,102,2872.0
2025-06-30,中班,ES-03,107.8,91,2647.0
2025-06-30,中班,ES-04,189.9,109,3548.0
2025-06-30,中班,ES-05,120.7,119,3659.0
2025-06-30,中班,ES-06,133.1,118,3495.0
2025-06-30,中班,ES-07,142.5,88,2474.0
2025-06-30,中班,ES-08,124.7,122,3971.0
2025-06-30,夜班,ES-01,120.5,103,3399.0
2025-06-30,夜班,ES-02,124.2,92,2930.0
2025-06-30,夜班,ES-03,103.1,100,3292.0
2025-06-30,夜班,ES-04,176.8,103,3165.0
2025-06-30,夜班,ES-05,115.9,103,3114.0
2025-06-30,夜班,ES-07,152.0,112,3583.0
2025-06-30,夜班,ES-08,111.5,102,3219.0
2025-07-01,早班,ES-01,106.1,84,2650.0
2025-07-01,早班,ES-02,123.3,82,2682.0
2025-07-01,早班,ES-03,118.1,108,3297.0
2025-07-01,早班,ES-04,181.3,99,3107.0
2025-07-01,早班,ES-05,139.8,74,2240.0
2025-07-01,早班,ES-07,142.6,93,2711.0
2025-07-01,早班,ES-08,109.9,94,2985.0
2025-07-01,中班,ES-01,118.8,112,3693.0
2025-07-01,中班,ES-03,112.7,100,3089.0
2025-07-01,中班,ES-04,184.6,89,2525.0
2025-07-01,中班,ES-06,131.9,94,2910.0
2025-07-01,中班,ES-07,161.0,108,3123.0
2025-07-01,中班,ES-08,122.9,72,2108.0
2025-07-01,夜班,ES-01,124.5,89,2897.0
2025-07-01,夜班,ES-04,184.3,85,2545.0
2025-07-01,夜班,ES-05,130.2,107,3138.0
2025-07-01,夜班,ES-06,139.5,70,1963.0
2025-07-01,夜班,ES-07,147.5,114,3726.0
2025-07-01,夜班,ES-08,128.5,91,2720.0
2025-07-02,早班,ES-02,118.9,109,3111.0
2025-07-02,早班,ES-03,127.5,78,2265.0
2025-07-02,早班,ES-04,179.4,84,2480.0
2025-07-02,早班,ES-05,119.1,78,2321.0
2025-07-02,早班,ES-06,127.2,84,2738.0
2025-07-02,早班,ES-07,148.5,82,2503.0
2025-07-02,早班,ES-08,123.8,108,3178.0
2025-07-02,中班,ES-01,128.5,50,1411.0
2025-07-02,中班,ES-03,102.9,88,2673.0
2025-07-02,中班,ES-04,183.2,67,2041.0
2025-07-02,中班,ES-05,130.7,102,3181.0
2025-07-02,中班,ES-06,138.2,112,3583.0
2025-07-02,中班,ES-07,140.0,111,3279.0
2025-07-02,中班,ES-08,119.3,83,2525.0
2025-07-02,夜班,ES-01,110.5,88,2572.0
2025-07-02,夜班,ES-02,123.9,76,2190.0
2025-07-02,夜班,ES-03,101.2,110,3140.0
2025-07-02,夜班,ES-04,185.7,91,2807.0
2025-07-02,夜班,ES-05,128.3,79,2352.0
2025-07-02,夜班,ES-07,163.8,100,3223.0
2025-07-02,夜班,ES-08,120.8,117,3357.0
2025-07-03,早班,ES-01,118.2,101,3031.0
2025-07-03,早班,ES-03,108.4,82,2489.0
2025-07-03,早班,ES-04,167.1,122,3635.0
2025-07-03,早班,ES-05,119.1,93,2805.0
2025-07-03,早班,ES-06,117.3,100,2991.0
2025-07-03,早班,ES-07,156.1,121,3439.0
2025-07-03,早班,ES-08,124.5,67,1896.0
2025-07-03,中班,ES-01,105.7,87,2658.0
2025-07-03,中班,ES-02,124.7,90,2531.0
2025-07-03,中班,ES-03,103.7,80,2504.0
2025-07-03,中班,ES-04,172.5,85,2731.0
2025-07-03,中班,ES-05,125.2,126,3949.0
2025-07-03,中班,ES-06,131.3,87,2457.0
2025-07-03,中班,ES-07,156.8,105,3025.0
2025-07-03,中班,ES-08,131.1,99,2874.0
2025-07-03,夜班,ES-01,109.9,108,3029.0
2025-07-03,夜班,ES-04,168.4,60,1833.0
2025-07-03,夜班,ES-05,116.6,86,2583.0
2025-07-03,夜班,ES-06,136.8,74,2181.0
2025-07-03,夜班,ES-07,151.6,89,2652.0
2025-07-04,早班,ES-03,102.7,106,3303.0
2025-07-04,早班,ES-04,175.8,77,2344.0
2025-07-04,早班,ES-06,130.4,111,3289.0
2025-07-04,早班,ES-07,148.4,114,3614.0
2025-07-04,早班,ES-08,95.9,79,2320.0
2025-07-04,中班,ES-01,120.0,86,2478.0
2025-07-04,中班,ES-02,126.1,91,2954.0
2025-07-04,中班,ES-03,114.1,122,3883.0
2025-07-04,中班,ES-04,179.4,94,2717.0
2025-07-04,中班,ES-05,133.1,129,3822.0
2025-07-04,中班,ES-06,139.9,103,3308.0
2025-07-04,中班,ES-07,145.9,100,3258.0
2025-07-04,夜班,ES-02,121.0,96,2921.0
2025-07-04,夜班,ES-03,126.3,75,2411.0
2025-07-04,夜班,ES-04,210.8,76,2190.0
2025-07-04,夜班,ES-06,121.9,93,2956.0
2025-07-04,夜班,ES-07,147.4,84,2571.0
2025-07-04,夜班,ES-08,124.0,98,3210.0
2025-07-05,早班,ES-01,120.2,108,3242.0
2025-07-05,早班,ES-02,118.6,101,2898.0
2025-07-05,早班,ES-03,113.5,103,3377.0
2025-07-05,早班,ES-07,148.0,93,2648.0
2025-07-05,早班,ES-08,102.4,84,2770.0
2025-07-05,中班,ES-01,114.8,103,3130.0
2025-07-05,中班,ES-02,116.4,97,2910.0
2025-07-05,中班,ES-03,115.4,92,2717.0
2025-07-05,中班,ES-04,178.8,98,2883.0
2025-07-05,中班,ES-05,118.7,128,3810.0
2025-07-05,中班,ES-06,138.8,127,4088.0
2025-07-05,中班,ES-07,149.5,88,2845.0
2025-07-05,中班,ES-08,115.7,72,2274.0
2025-07-05,夜班,ES-01,121.9,99,2884.0
2025-07-05,夜班,ES-02,136.3,83,2564.0
2025-07-05,夜班,ES-03,110.9,100,3287.0
2025-07-05,夜班,ES-04,172.2,91,2897.0
2025-07-05,夜班,ES-05,135.6,107,3123.0
2025-07-05,夜班,ES-06,130.4,69,2030.0
2025-07-05,夜班,ES-07,159.0,93,3005.0
2025-07-05,夜班,ES-08,129.0,111,3498.0
2025-07-06,早班,ES-01,118.0,47,1501.0
2025-07-06,早班,ES-02,124.3,84,2397.0
2025-07-06,早班,ES-08,125.1,132,4065.0
2025-07-06,中班,ES-01,108.3,72,2281.0
2025-07-06,中班,ES-02,121.2,88,2756.0
2025-07-06,中班,ES-03,110.9,67,2148.0
2025-07-06,中班,ES-04,208.3,47,1432.0
2025-07-06,中班,ES-07,160.7,101,2966.0
2025-07-06,中班,ES-08,114.8,112,3686.0
2025-07-06,夜班,ES-01,113.8,77,2491.0
2025-07-06,夜班,ES-02,162.4,96,2807.0
2025-07-06,夜班,ES-03,118.4,67,1972.0
2025-07-06,夜班,ES-04,161.8,124,3708.0
2025-07-06,夜班,ES-05,133.4,68,2029.0
2025-07-06,夜班,ES-06,136.1,59,1654.0
2025-07-06,夜班,ES-07,159.3,95,3034.0
2025-07-06,夜班,ES-08,119.3,67,2108.0
2025-07-07,早班,ES-01,118.4,71,2157.0
2025-07-07,早班,ES-02,125.6,95,2968.0
2025-07-07,早班,ES-03,115.7,106,3048.0
2025-07-07,早班,ES-04,170.8,103,3077.0
2025-07-07,早班,ES-06,128.3,103,3022.0
2025-07-07,早班,ES-07,147.2,111,3440.0
2025-07-07,早班,ES-08,126.8,71,2092.0
2025-07-07,中班,ES-01,114.5,72,2331.0
2025-07-07,中班,ES-02,115.6,133,4380.0
2025-07-07,中班,ES-03,123.8,102,2870.0
2025-07-07,中班,ES-04,191.9,98,2824.0
2025-07-07,中班,ES-05,128.1,75,2371.0
2025-07-07,中班,ES-06,117.7,76,2131.0
2025-07-07,中班,ES-07,156.3,88,2465.0
2025-07-07,中班,ES-08,123.6,125,4100.0
2025-07-07,夜班,ES-01,114.0,71,2153.0
2025-07-07,夜班,ES-02,133.6,117,3518.0
2025-07-07,夜班,ES-03,113.7,79,2278.0
2025-07-07,夜班,ES-04,180.3,87,2836.0
2025-07-07,夜班,ES-05,124.9,120,3636.0
2025-07-07,夜班,ES-07,147.4,87,2529.0
2025-07-07,夜班,ES-08,127.5,128,3776.0
2025-07-08,早班,ES-01,108.3,80,2596.0
2025-07-08,早班,ES-02,121.5,90,2686.0
2025-07-08,早班,ES-03,115.2,97,3137.0
2025-07-08,早班,ES-05,133.4,138,4037.0
2025-07-08,早班,ES-07,142.6,90,2934.0
2025-07-08,早班,ES-08,117.0,88,2703.0
2025-07-08,中班,ES-01,118.7,94,2978.0
2025-07-08,中班,ES-02,133.1,96,3131.0
2025-07-08,中班,ES-03,120.3,85,2720.0
2025-07-08,中班,ES-04,175.9,78,2187.0
2025-07-08,中班,ES-06,124.6,93,2620.0
2025-07-08,中班,ES-07,154.6,104,3284.0
2025-07-08,中班,ES-08,121.3,157,4873.0
2025-07-08,夜班,ES-01,117.6,76,2422.0
2025-07-08,夜班,ES-03,111.8,93,2950.0
2025-07-08,夜班,ES-04,178.6,95,2866.0
2025-07-08,夜班,ES-05,206.3,134,4221.0
2025-07-08,夜班,ES-06,131.7,97,3183.0
2025-07-08,夜班,ES-07,198.7,63,2064.0
2025-07-08,夜班,ES-08,117.9,117,3461.0
2025-07-09,早班,ES-03,119.9,99,2876.0
2025-07-09,早班,ES-04,183.5,98,2865.0
2025-07-09,早班,ES-05,116.9,103,3301.0
2025-07-09,早班,ES-06,137.9,136,4112.0
2025-07-09,早班,ES-07,147.6,86,2559.0
2025-07-09,早班,ES-08,105.1,106,3062.0
2025-07-09,中班,ES-01,125.8,95,3111.0
2025-07-09,中班,ES-02,135.2,82,2411.0
2025-07-09,中班,ES-03,106.7,140,4433.0
2025-07-09,中班,ES-04,178.7,96,2732.0
2025-07-09,中班,ES-05,118.2,108,3415.0
2025-07-09,中班,ES-06,124.1,88,2728.0
2025-07-09,中班,ES-08,109.8,66,1995.0
2025-07-09,夜班,ES-01,120.3,115,3227.0
2025-07-09,夜班,ES-02,120.9,120,3862.0
2025-07-09,夜班,ES-03,109.4,107,3355.0
2025-07-09,夜班,ES-04,187.1,78,2308.0
2025-07-09,夜班,ES-05,118.7,79,2397.0
2025-07-09,夜班,ES-06,141.0,99,3205.0
2025-07-09,夜班,ES-07,145.4,107,2997.0
2025-07-09,夜班,ES-08,119.3,61,1999.0
2025-07-10,早班,ES-02,146.3,107,3331.0
2025-07-10,早班,ES-03,113.3,83,2509.0
2025-07-10,早班,ES-05,126.0,94,2768.0
2025-07-10,早班,ES-06,109.8,94,2759.0
2025-07-10,早班,ES-07,148.1,74,2303.0
2025-07-10,早班,ES-08,126.2,111,3273.0
2025-07-10,中班,ES-01,132.4,106,3231.0
2025-07-10,中班,ES-02,131.7,81,2613.0
2025-07-10,中班,ES-03,97.0,94,3047.0
2025-07-10,中班,ES-04,169.6,78,2376.0
2025-07-10,中班,ES-05,140.0,87,2693.0
2025-07-10,中班,ES-06,127.4,100,3173.0
2025-07-10,中班,ES-07,146.9,88,2539.0
2025-07-10,中班,ES-08,113.6,74,2255.0
2025-07-10,夜班,ES-01,119.4,72,2126.0
2025-07-10,夜班,ES-04,192.1,72,2361.0
2025-07-10,夜班,ES-05,139.9,109,3413.0
2025-07-10,夜班,ES-06,122.9,109,3421.0
2025-07-10,夜班,ES-07,156.9,103,3101.0
2025-07-11,早班,ES-01,127.6,64,1862.0
2025-07-11,早班,ES-02,126.6,104,2955.0
2025-07-11,早班,ES-03,111.9,78,2407.0
2025-07-11,早班,ES-04,188.5,105,3270.0
2025-07-11,早班,ES-05,136.9,87,2503.0
2025-07-11,早班,ES-06,123.3,96,2817.0
2025-07-11,早班,ES-07,146.5,81,2443.0
2025-07-11,早班,ES-08,134.2,82,2454.0
2025-07-11,中班,ES-01,124.5,85,2428.0
2025-07-11,中班,ES-02,133.3,90,2827.0
2025-07-11,中班,ES-04,186.5,95,3016.0
2025-07-11,中班,ES-05,133.4,50,1427.0
2025-07-11,中班,ES-06,208.9,95,2930.0
2025-07-11,中班,ES-07,142.8,94,2674.0
2025-07-11,中班,ES-08,138.7,95,3017.0
2025-07-11,夜班,ES-01,148.0,68,2232.0
2025-07-11,夜班,ES-02,138.9,70,2081.0
2025-07-11,夜班,ES-03,92.4,92,2623.0
2025-07-11,夜班,ES-04,161.0,102,3166.0
2025-07-11,夜班,ES-05,120.5,114,3633.0
2025-07-11,夜班,ES-06,165.5,92,2996.0
2025-07-11,夜班,ES-07,161.9,96,3077.0
2025-07-11,夜班,ES-08,115.9,110,3554.0
2025-07-12,早班,ES-01,135.5,92,2856.0
2025-07-12,早班,ES-02,126.3,102,3143.0
2025-07-12,早班,ES-05,128.4,56,1800.0
2025-07-12,早班,ES-06,127.4,95,2789.0
2025-07-12,早班,ES-07,154.6,120,3382.0
2025-07-12,早班,ES-08,128.3,125,3915.0
2025-07-12,中班,ES-01,121.4,117,3303.0
2025-07-12,中班,ES-02,138.7,95,2966.0
2025-07-12,中班,ES-05,128.5,111,3576.0
2025-07-12,中班,ES-06,140.0,90,2729.0
2025-07-12,中班,ES-07,156.1,94,3002.0
2025-07-12,夜班,ES-02,125.5,90,2572.0
2025-07-12,夜班,ES-04,184.5,119,3854.0
2025-07-12,夜班,ES-06,128.5,170,4851.0
2025-07-12,夜班,ES-07,139.6,99,3009.0
2025-07-12,夜班,ES-08,130.9,97,2808.0
2025-07-13,早班,ES-02,121.3,88,2740.0
2025-07-13,早班,ES-04,169.2,82,2580.0
2025-07-13,早班,ES-06,128.9,97,3193.0
2025-07-13,中班,ES-01,136.3,79,2406.0
2025-07-13,中班,ES-02,134.2,112,3415.0
2025-07-13,中班,ES-04,164.4,97,3174.0
2025-07-13,中班,ES-06,130.4,101,3025.0
2025-07-13,中班,ES-07,148.1,106,3396.0
2025-07-13,中班,ES-08,121.9,86,2454.0
2025-07-13,夜班,ES-01,121.7,112,3250.0
2025-07-13,夜班,ES-03,103.6,86,2520.0
2025-07-13,夜班,ES-04,184.3,96,2688.0
2025-07-13,夜班,ES-05,117.0,116,3506.0
2025-07-13,夜班,ES-06,136.1,70,2019.0
2025-07-14,早班,ES-01,115.2,71,1996.0
2025-07-14,早班,ES-02,122.9,101,2962.0
2025-07-14,早班,ES-03,107.2,106,3242.0
2025-07-14,早班,ES-04,177.9,76,2195.0
2025-07-14,早班,ES-05,118.9,91,2715.0
2025-07-14,早班,ES-07,146.0,114,3586.0
2025-07-14,早班,ES-08,165.9,99,2881.0
2025-07-14,中班,ES-01,127.6,125,3585.0
2025-07-14,中班,ES-02,127.1,110,3173.0
2025-07-14,中班,ES-03,109.2,73,2138.0
2025-07-14,中班,ES-04,183.9,96,2694.0
2025-07-14,中班,ES-05,137.7,113,3399.0
2025-07-14,中班,ES-06,138.4,123,3459.0
2025-07-14,中班,ES-08,129.3,91,2716.0
2025-07-14,夜班,ES-02,122.0,78,2420.0
2025-07-14,夜班,ES-04,191.9,97,3082.0
2025-07-14,夜班,ES-05,132.4,69,1971.0
2025-07-14,夜班,ES-06,131.4,98,2783.0
2025-07-14,夜班,ES-07,144.1,110,3589.0
2025-07-14,夜班,ES-08,123.2,120,3463.0
2025-07-15,早班,ES-01,124.7,75,2389.0
2025-07-15,早班,ES-04,174.6,97,2803.0
2025-07-15,早班,ES-06,137.5,94,2922.0
2025-07-15,早班,ES-07,161.3,125,3617.0
2025-07-15,早班,ES-08,115.6,125,3599.0
2025-07-15,中班,ES-01,100.5,74,2094.0
2025-07-15,中班,ES-02,108.4,80,2397.0
2025-07-15,中班,ES-03,99.9,80,2634.0
2025-07-15,中班,ES-04,169.5,57,1676.0
2025-07-15,中班,ES-06,144.6,100,2937.0
2025-07-15,中班,ES-07,148.2,124,3911.0
2025-07-15,中班,ES-08,122.7,88,2755.0
2025-07-15,夜班,ES-01,136.2,79,2552.0
2025-07-15,夜班,ES-03,106.6,85,2558.0
2025-07-15,夜班,ES-04,171.8,104,3042.0
2025-07-15,夜班,ES-05,127.3,120,3883.0
2025-07-15,夜班,ES-07,144.6,81,2445.0
2025-07-15,夜班,ES-08,120.4,102,3264.0
2025-07-16,早班,ES-02,129.4,110,3222.0
2025-07-16,早班,ES-03,116.4,107,3305.0
2025-07-16,早班,ES-04,185.2,112,3318.0
2025-07-16,早班,ES-05,119.3,79,2586.0
2025-07-16,早班,ES-06,128.4,82,2639.0
2025-07-16,早班,ES-08,119.9,85,2646.0
2025-07-16,中班,ES-01,114.4,74,2361.0
2025-07-16,中班,ES-02,121.8,101,2865.0
2025-07-16,中班,ES-03,100.6,86,2440.0
2025-07-16,中班,ES-06,122.1,71,2340.0
2025-07-16,中班,ES-07,152.8,78,2265.0
2025-07-16,中班,ES-08,126.2,84,2442.0
2025-07-16,夜班,ES-01,126.4,99,3246.0
2025-07-16,夜班,ES-02,128.3,99,3208.0
2025-07-16,夜班,ES-04,173.0,86,2608.0
2025-07-16,夜班,ES-05,177.8,86,2715.0
2025-07-16,夜班,ES-06,123.2,79,2255.0
2025-07-16,夜班,ES-07,149.1,96,2885.0
2025-07-16,夜班,ES-08,131.5,94,2953.0
2025-07-17,早班,ES-02,126.6,98,2835.0
2025-07-17,早班,ES-04,180.0,97,2937.0
2025-07-17,早班,ES-05,135.6,91,2577.0
2025-07-17,早班,ES-06,141.2,91,2943.0
2025-07-17,早班,ES-07,141.8,101,2957.0
2025-07-17,早班,ES-08,130.5,128,3616.0
2025-07-17,中班,ES-01,111.6,74,2173.0
2025-07-17,中班,ES-02,126.5,112,3169.0
2025-07-17,中班,ES-08,125.8,103,3255.0
2025-07-17,夜班,ES-01,116.6,73,2171.0
2025-07-17,夜班,ES-02,141.8,89,2825.0
2025-07-17,夜班,ES-03,116.9,90,2674.0
2025-07-17,夜班,ES-04,188.4,107,3188.0
2025-07-17,夜班,ES-06,137.0,96,2726.0
2025-07-17,夜班,ES-08,129.3,76,2289.0
2025-07-18,早班,ES-01,115.7,118,3679.0
2025-07-18,早班,ES-02,120.4,91,2682.0
2025-07-18,早班,ES-03,104.1,95,2958.0
2025-07-18,早班,ES-04,169.1,113,3178.0
2025-07-18,早班,ES-05,133.7,87,2589.0
2025-07-18,早班,ES-06,119.6,104,2985.0
2025-07-18,早班,ES-08,127.6,64,2010.0
2025-07-18,中班,ES-01,121.7,92,2630.0
2025-07-18,中班,ES-02,108.4,118,3651.0
2025-07-18,中班,ES-03,108.8,79,2522.0
2025-07-18,中班,ES-04,173.0,78,2356.0
2025-07-18,中班,ES-05,127.0,122,3712.0
2025-07-18,中班,ES-06,131.8,67,2201.0
2025-07-18,中班,ES-08,120.0,102,3336.0
2025-07-18,夜班,ES-01,128.4,80,2282.0
2025-07-18,夜班,ES-03,108.4,111,3320.0
2025-07-18,夜班,ES-04,154.5,93,2793.0
2025-07-18,夜班,ES-05,128.6,88,2871.0
2025-07-18,夜班,ES-07,155.4,125,3987.0
2025-07-18,夜班,ES-08,110.7,84,2694.0
2025-07-19,早班,ES-01,120.9,99,2924.0
2025-07-19,早班,ES-02,131.4,78,2405.0
2025-07-19,早班,ES-03,108.4,64,2076.0
2025-07-19,早班,ES-04,180.5,73,2259.0
2025-07-19,早班,ES-05,128.7,93,2930.0
2025-07-19,早班,ES-06,127.7,99,2900.0
2025-07-19,早班,ES-08,122.5,98,3102.0
2025-07-19,中班,ES-01,106.9,116,3585.0
2025-07-19,中班,ES-03,107.5,82,2586.0
2025-07-19,中班,ES-04,170.6,103,3073.0
2025-07-19,中班,ES-05,142.0,76,2306.0
2025-07-19,中班,ES-08,135.8,85,2735.0
2025-07-19,夜班,ES-01,127.6,94,2857.0
2025-07-19,夜班,ES-02,109.6,98,2940.0
2025-07-19,夜班,ES-03,107.9,82,2633.0
2025-07-19,夜班,ES-04,173.3,70,2309.0
2025-07-19,夜班,ES-05,120.6,90,2958.0
2025-07-19,夜班,ES-06,136.6,133,4218.0
2025-07-19,夜班,ES-07,151.1,94,2725.0
2025-07-19,夜班,ES-08,130.3,121,3543.0
2025-07-20,早班,ES-02,121.6,99,2903.0
2025-07-20,早班,ES-03,91.5,116,3361.0
2025-07-20,早班,ES-05,119.9,94,2719.0
2025-07-20,早班,ES-06,129.7,99,2796.0
2025-07-20,早班,ES-08,116.2,85,2641.0
2025-07-20,中班,ES-01,121.0,91,2566.0
2025-07-20,中班,ES-02,126.1,104,2955.0
2025-07-20,中班,ES-03,107.2,66,1970.0
2025-07-20,中班,ES-05,119.3,109,3589.0
2025-07-20,中班,ES-06,143.2,86,2609.0
2025-07-20,夜班,ES-01,112.7,66,2052.0
2025-07-20,夜班,ES-02,128.6,105,3194.0
2025-07-20,夜班,ES-03,105.2,113,3636.0
2025-07-20,夜班,ES-04,173.9,72,2343.0
2025-07-20,夜班,ES-05,129.7,96,2870.0
2025-07-20,夜班,ES-07,149.8,94,2826.0
2025-07-20,夜班,ES-08,118.8,98,3200.0
2025-07-21,早班,ES-01,117.9,96,3060.0
2025-07-21,早班,ES-05,124.5,70,2286.0
2025-07-21,早班,ES-06,123.9,115,3224.0
2025-07-21,早班,ES-07,157.6,100,3040.0
2025-07-21,早班,ES-08,133.5,104,3200.0
2025-07-21,中班,ES-01,132.9,74,2314.0
2025-07-21,中班,ES-04,170.0,94,2942.0
2025-07-21,中班,ES-05,133.2,131,4248.0
2025-07-21,中班,ES-07,147.7,106,3165.0
2025-07-21,中班,ES-08,126.1,102,3030.0
2025-07-21,夜班,ES-01,138.6,86,2526.0
2025-07-21,夜班,ES-03,116.6,77,2252.0
2025-07-21,夜班,ES-07,154.8,79,2477.0
2025-07-21,夜班,ES-08,118.5,110,3622.0
2025-07-22,早班,ES-02,126.4,91,2877.0
2025-07-22,早班,ES-03,92.6,87,2648.0
2025-07-22,早班,ES-04,187.1,105,3103.0
2025-07-22,早班,ES-05,129.3,113,3252.0
2025-07-22,早班,ES-06,128.4,95,2914.0
2025-07-22,早班,ES-07,158.8,108,3562.0
2025-07-22,早班,ES-08,130.1,91,2598.0
2025-07-22,中班,ES-02,125.3,83,2348.0
2025-07-22,中班,ES-04,171.8,91,2768.0
2025-07-22,中班,ES-05,124.7,85,2483.0
2025-07-22,中班,ES-07,143.3,93,3065.0
2025-07-22,中班,ES-08,124.2,79,2487.0
2025-07-22,夜班,ES-01,125.1,91,2945.0
2025-07-22,夜班,ES-04,168.9,86,2450.0
2025-07-22,夜班,ES-05,122.5,96,2720.0
2025-07-22,夜班,ES-06,130.5,81,2632.0
2025-07-22,夜班,ES-08,143.7,99,3237.0
2025-07-23,早班,ES-01,136.9,79,2324.0
2025-07-23,早班,ES-02,143.2,86,2622.0
2025-07-23,早班,ES-03,105.4,105,3072.0
2025-07-23,早班,ES-04,183.1,93,2947.0
2025-07-23,早班,ES-05,161.2,107,3413.0
2025-07-23,早班,ES-06,139.2,144,4239.0
2025-07-23,早班,ES-07,152.9,83,2644.0
2025-07-23,中班,ES-01,106.1,91,2888.0
2025-07-23,中班,ES-02,125.8,71,2173.0
2025-07-23,中班,ES-03,116.3,104,3381.0
2025-07-23,中班,ES-05,118.3,127,3601.0
2025-07-23,中班,ES-07,152.2,91,2842.0
2025-07-23,中班,ES-08,125.2,95,2880.0
2025-07-23,夜班,ES-01,124.1,79,2534.0
2025-07-23,夜班,ES-02,141.4,100,2965.0
2025-07-23,夜班,ES-03,91.9,95,3134.0
2025-07-23,夜班,ES-04,176.0,90,2521.0
2025-07-23,夜班,ES-05,115.9,88,2778.0
2025-07-23,夜班,ES-07,164.8,92,2746.0
2025-07-23,夜班,ES-08,137.1,85,2647.0
2025-07-24,早班,ES-03,122.0,99,2820.0
2025-07-24,早班,ES-04,168.0,85,2709.0
2025-07-24,早班,ES-05,168.8,99,2953.0
2025-07-24,早班,ES-06,136.6,83,2493.0
2025-07-24,早班,ES-07,149.4,76,2348.0
2025-07-24,早班,ES-08,130.3,73,2285.0
2025-07-24,中班,ES-03,112.2,105,3178.0
2025-07-24,中班,ES-04,169.1,96,2742.0
2025-07-24,中班,ES-06,113.2,81,2474.0
2025-07-24,中班,ES-07,152.2,112,3354.0
2025-07-24,中班,ES-08,109.3,98,2940.0
2025-07-24,夜班,ES-02,191.6,108,3115.0
2025-07-24,夜班,ES-03,97.7,83,2612.0
2025-07-24,夜班,ES-04,174.7,85,2768.0
2025-07-24,夜班,ES-06,122.5,86,2496.0
2025-07-25,早班,ES-01,117.4,94,2813.0
2025-07-25,早班,ES-02,126.3,82,2505.0
2025-07-25,早班,ES-03,112.0,94,2885.0
2025-07-25,早班,ES-04,185.5,83,2390.0
2025-07-25,早班,ES-05,113.3,89,2911.0
2025-07-25,早班,ES-06,132.4,112,3548.0
2025-07-25,早班,ES-07,150.5,96,3075.0
2025-07-25,早班,ES-08,116.5,85,2639.0
2025-07-25,中班,ES-01,108.4,88,2578.0
2025-07-25,中班,ES-02,133.0,114,3703.0
2025-07-25,中班,ES-03,115.1,114,3244.0
2025-07-25,中班,ES-04,184.0,99,2890.0
2025-07-25,中班,ES-05,124.8,84,2507.0
2025-07-25,中班,ES-06,125.8,97,2878.0
2025-07-25,夜班,ES-01,103.7,116,3733.0
2025-07-25,夜班,ES-02,122.8,74,2226.0
2025-07-25,夜班,ES-04,190.9,61,1819.0
2025-07-25,夜班,ES-06,137.4,100,2882.0
2025-07-25,夜班,ES-07,163.4,105,3388.0
2025-07-25,夜班,ES-08,119.3,57,1699.0
2025-07-26,早班,ES-01,126.7,112,3182.0
2025-07-26,早班,ES-02,121.3,108,3092.0
2025-07-26,早班,ES-03,110.1,109,3381.0
2025-07-26,早班,ES-05,139.9,102,3071.0
2025-07-26,早班,ES-06,123.2,59,1880.0
2025-07-26,早班,ES-07,161.3,71,2149.0
2025-07-26,早班,ES-08,136.6,60,1897.0
2025-07-26,中班,ES-02,126.5,98,2791.0
2025-07-26,中班,ES-04,179.4,76,2323.0
2025-07-26,中班,ES-05,143.1,79,2295.0
2025-07-26,中班,ES-06,140.0,102,3100.0
2025-07-26,中班,ES-07,178.6,90,2539.0
2025-07-26,夜班,ES-01,108.3,100,3183.0
2025-07-26,夜班,ES-03,101.2,115,3427.0
2025-07-26,夜班,ES-04,173.3,110,3403.0
2025-07-26,夜班,ES-05,116.9,143,4698.0
2025-07-26,夜班,ES-06,117.3,64,1806.0
2025-07-26,夜班,ES-07,147.5,116,3784.0
2025-07-26,夜班,ES-08,122.9,104,3265.0
2025-07-27,早班,ES-01,136.2,48,1415.0
2025-07-27,早班,ES-02,119.6,96,2743.0
2025-07-27,早班,ES-03,103.3,101,2915.0
2025-07-27,早班,ES-04,176.3,98,2754.0
2025-07-27,早班,ES-05,123.4,105,2976.0
2025-07-27,早班,ES-06,126.7,91,2966.0
2025-07-27,早班,ES-07,164.3,96,2904.0
2025-07-27,早班,ES-08,128.1,67,1905.0
2025-07-27,中班,ES-01,122.0,125,3583.0
2025-07-27,中班,ES-03,120.8,103,2996.0
2025-07-27,中班,ES-04,190.0,54,1564.0
2025-07-27,中班,ES-05,127.7,97,2954.0
2025-07-27,中班,ES-07,159.5,90,2710.0
2025-07-27,中班,ES-08,119.9,109,3428.0
2025-07-27,夜班,ES-02,119.7,50,1555.0
2025-07-27,夜班,ES-03,103.0,82,2686.0
2025-07-27,夜班,ES-04,182.4,98,2840.0
2025-07-27,夜班,ES-05,122.2,93,2809.0
2025-07-27,夜班,ES-06,121.8,106,3212.0
2025-07-27,夜班,ES-07,169.6,98,3121.0
2025-07-27,夜班,ES-08,115.6,71,2215.0
2025-07-28,早班,ES-01,177.2,119,3896.0
2025-07-28,早班,ES-02,137.9,114,3251.0
2025-07-28,早班,ES-03,115.6,91,2620.0
2025-07-28,早班,ES-04,178.1,77,2454.0
2025-07-28,早班,ES-06,126.0,122,3803.0
2025-07-28,早班,ES-08,101.2,87,2579.0
2025-07-28,中班,ES-01,126.0,96,2909.0
2025-07-28,中班,ES-02,136.3,113,3315.0
2025-07-28,中班,ES-03,98.0,92,2750.0
2025-07-28,中班,ES-04,177.5,62,1918.0
2025-07-28,中班,ES-05,173.7,95,3089.0
2025-07-28,中班,ES-06,117.6,94,2805.0
2025-07-28,中班,ES-07,166.4,96,2819.0
2025-07-28,中班,ES-08,129.2,82,2459.0
2025-07-28,夜班,ES-01,130.9,89,2647.0
2025-07-28,夜班,ES-02,125.5,54,1562.0
2025-07-28,夜班,ES-03,119.2,62,2022.0
2025-07-28,夜班,ES-04,174.2,64,1913.0
2025-07-28,夜班,ES-05,131.3,72,2209.0
2025-07-28,夜班,ES-06,125.3,104,3080.0
2025-07-28,夜班,ES-07,142.8,118,3434.0
2025-07-28,夜班,ES-08,130.5,136,4463.0
2025-07-29,早班,ES-02,110.6,80,2552.0
2025-07-29,早班,ES-03,118.1,113,3477.0
2025-07-29,早班,ES-04,168.9,90,2525.0
2025-07-29,早班,ES-05,113.8,96,3037.0
2025-07-29,早班,ES-06,122.3,67,2126.0
2025-07-29,早班,ES-07,151.5,77,2292.0
2025-07-29,早班,ES-08,133.8,102,3133.0
2025-07-29,中班,ES-01,134.5,145,4071.0
2025-07-29,中班,ES-02,126.6,98,3092.0
2025-07-29,中班,ES-03,103.9,133,3927.0
2025-07-29,中班,ES-04,192.0,54,1621.0
2025-07-29,中班,ES-05,113.8,46,1301.0
2025-07-29,中班,ES-06,123.1,120,3487.0
2025-07-29,中班,ES-07,148.9,105,3013.0
2025-07-29,中班,ES-08,133.7,80,2550.0
2025-07-29,夜班,ES-01,126.0,137,4222.0
2025-07-29,夜班,ES-02,129.6,97,2733.0
2025-07-29,夜班,ES-03,114.7,81,2655.0
2025-07-29,夜班,ES-04,192.5,102,3328.0
2025-07-29,夜班,ES-05,135.8,102,3255.0
2025-07-29,夜班,ES-06,122.2,103,2980.0
2025-07-29,夜班,ES-07,203.0,78,2290.0
2025-07-29,夜班,ES-08,137.2,77,2372.0
2025-07-30,早班,ES-02,119.6,114,3446.0
2025-07-30,早班,ES-03,96.7,119,3547.0
2025-07-30,早班,ES-04,185.6,80,2390.0
2025-07-30,早班,ES-05,134.1,140,4583.0
2025-07-30,早班,ES-06,139.0,86,2639.0
2025-07-30,早班,ES-07,147.9,103,3013.0
2025-07-30,早班,ES-08,114.9,86,2697.0
2025-07-30,中班,ES-01,113.4,87,2466.0
2025-07-30,中班,ES-03,95.1,86,2424.0
2025-07-30,中班,ES-04,179.4,90,2651.0
2025-07-30,中班,ES-05,121.8,113,3181.0
2025-07-30,中班,ES-06,125.4,78,2191.0
2025-07-30,中班,ES-07,149.7,80,2610.0
2025-07-30,中班,ES-08,120.0,79,2534.0
2025-07-30,夜班,ES-01,172.0,91,2769.0
2025-07-30,夜班,ES-02,136.9,92,2794.0
2025-07-30,夜班,ES-03,106.4,98,3202.0
2025-07-30,夜班,ES-04,171.8,121,3712.0
2025-07-30,夜班,ES-06,136.5,125,3980.0
2025-07-30,夜班,ES-07,147.2,78,2467.0
2025-07-31,早班,ES-02,128.7,82,2678.0
2025-07-31,早班,ES-03,122.3,99,2997.0
2025-07-31,早班,ES-05,113.1,64,1896.0
2025-07-31,早班,ES-06,124.4,73,2357.0
2025-07-31,早班,ES-07,150.8,115,3277.0
2025-07-31,早班,ES-08,116.7,95,2693.0
2025-07-31,中班,ES-02,131.1,98,3199.0
2025-07-31,中班,ES-04,170.8,89,2650.0
2025-07-31,中班,ES-05,178.9,101,3261.0
2025-07-31,中班,ES-06,131.4,108,3185.0
2025-07-31,中班,ES-07,147.6,108,3426.0
2025-07-31,中班,ES-08,127.8,82,2369.0
2025-07-31,夜班,ES-01,173.1,89,2548.0
2025-07-31,夜班,ES-02,138.1,97,3048.0
2025-07-31,夜班,ES-04,196.6,82,2630.0
2025-07-31,夜班,ES-07,147.9,73,2276.0
2025-07-31,夜班,ES-08,122.7,96,2984.0
2025-08-01,早班,ES-01,103.5,123,3644.0
2025-08-01,早班,ES-03,116.4,79,2536.0
2025-08-01,早班,ES-04,173.5,104,3146.0
2025-08-01,早班,ES-05,119.7,78,2199.0
2025-08-01,早班,ES-06,121.4,85,2590.0
2025-08-01,早班,ES-08,124.5,101,2854.0
2025-08-01,中班,ES-01,128.6,69,2230.0
2025-08-01,中班,ES-02,119.8,101,3257.0
2025-08-01,中班,ES-04,172.7,76,2312.0
2025-08-01,中班,ES-05,126.2,96,3034.0
2025-08-01,中班,ES-06,180.3,118,3748.0
2025-08-01,中班,ES-07,151.2,116,3560.0
2025-08-01,中班,ES-08,131.2,96,2946.0
2025-08-01,夜班,ES-01,121.8,70,1975.0
2025-08-01,夜班,ES-03,99.6,110,3208.0
2025-08-01,夜班,ES-05,129.0,67,2141.0
2025-08-01,夜班,ES-07,158.7,87,2790.0
2025-08-01,夜班,ES-08,106.2,88,2830.0
2025-08-02,早班,ES-01,117.3,93,2892.0
2025-08-02,早班,ES-02,122.7,117,3840.0
2025-08-02,早班,ES-03,98.6,114,3433.0
2025-08-02,早班,ES-04,168.0,129,3988.0
2025-08-02,早班,ES-05,119.2,112,3640.0
2025-08-02,早班,ES-06,136.6,106,3183.0
2025-08-02,早班,ES-07,146.7,74,2152.0
2025-08-02,早班,ES-08,121.8,72,2086.0
2025-08-02,中班,ES-01,96.7,70,2095.0
2025-08-02,中班,ES-02,121.4,99,2877.0
2025-08-02,中班,ES-03,111.4,111,3310.0
2025-08-02,中班,ES-06,140.0,72,2207.0
2025-08-02,中班,ES-07,144.2,99,2967.0
2025-08-02,中班,ES-08,124.9,96,3045.0
2025-08-02,夜班,ES-01,121.0,49,1476.0
2025-08-02,夜班,ES-02,117.1,59,1888.0
2025-08-02,夜班,ES-03,105.9,93,2671.0
2025-08-02,夜班,ES-04,183.5,96,3106.0
2025-08-02,夜班,ES-05,130.3,88,2481.0
2025-08-02,夜班,ES-07,160.8,95,3035.0
2025-08-02,夜班,ES-08,119.2,64,1999.0
2025-08-03,早班,ES-01,124.5,91,2832.0
2025-08-03,早班,ES-02,132.2,130,3815.0
2025-08-03,早班,ES-03,112.8,123,3891.0
2025-08-03,早班,ES-04,178.4,117,3560.0
2025-08-03,早班,ES-05,136.1,66,2082.0
2025-08-03,早班,ES-06,136.6,101,2998.0
2025-08-03,早班,ES-07,159.8,84,2458.0
2025-08-03,早班,ES-08,124.6,129,3985.0
2025-08-03,中班,ES-02,115.0,98,3227.0
2025-08-03,中班,ES-04,168.2,96,3118.0
2025-08-03,中班,ES-05,131.9,121,3500.0
2025-08-03,中班,ES-06,118.2,91,2793.0
2025-08-03,中班,ES-07,142.6,104,2971.0
2025-08-03,夜班,ES-01,111.0,99,2838.0
2025-08-03,夜班,ES-02,129.4,75,2247.0
2025-08-03,夜班,ES-03,117.2,86,2733.0
2025-08-03,夜班,ES-04,186.0,84,2723.0
2025-08-03,夜班,ES-06,126.3,83,2705.0
2025-08-03,夜班,ES-07,156.2,89,2518.0
2025-08-03,夜班,ES-08,127.4,109,3524.0
2025-08-04,早班,ES-01,110.6,70,2059.0
2025-08-04,早班,ES-02,135.2,98,2944.0
2025-08-04,早班,ES-03,109.7,83,2346.0
2025-08-04,早班,ES-05,126.1,108,3384.0
2025-08-04,早班,ES-06,130.6,72,2265.0
2025-08-04,早班,ES-07,141.0,94,2989.0
2025-08-04,早班,ES-08,128.6,113,3243.0
2025-08-04,中班,ES-02,133.7,91,2664.0
2025-08-04,中班,ES-03,117.7,59,1755.0
2025-08-04,中班,ES-04,155.6,109,3317.0
2025-08-04,中班,ES-06,124.2,103,3162.0
2025-08-04,中班,ES-07,148.5,99,2935.0
2025-08-04,中班,ES-08,111.9,110,3543.0
2025-08-04,夜班,ES-01,162.5,69,2151.0
2025-08-04,夜班,ES-02,136.2,103,3066.0
2025-08-04,夜班,ES-03,120.0,98,2795.0
2025-08-04,夜班,ES-04,186.5,109,3594.0
2025-08-04,夜班,ES-05,127.0,92,2906.0
2025-08-04,夜班,ES-06,127.2,124,4038.0
2025-08-04,夜班,ES-07,158.5,97,2929.0
2025-08-04,夜班,ES-08,106.9,97,2750.0
2025-08-05,早班,ES-01,135.0,132,4001.0
2025-08-05,早班,ES-04,174.6,125,4025.0
2025-08-05,早班,ES-05,127.8,91,2611.0
2025-08-05,早班,ES-06,136.4,73,2267.0
2025-08-05,早班,ES-07,147.7,81,2628.0
2025-08-05,早班,ES-08,123.0,92,2791.0
2025-08-05,中班,ES-01,127.9,96,2921.0
2025-08-05,中班,ES-02,150.0,116,3602.0
2025-08-05,中班,ES-03,111.5,85,2438.0
2025-08-05,中班,ES-04,172.1,81,2320.0
2025-08-05,中班,ES-05,128.5,77,2398.0
2025-08-05,中班,ES-06,125.1,103,3015.0
2025-08-05,中班,ES-07,141.6,83,2533.0
2025-08-05,中班,ES-08,113.8,133,4261.0
2025-08-05,夜班,ES-01,116.6,82,2329.0
2025-08-05,夜班,ES-03,120.9,113,3425.0
2025-08-05,夜班,ES-04,180.2,114,3560.0
2025-08-05,夜班,ES-08,112.0,101,3289.0
2025-08-06,早班,ES-01,108.4,86,2444.0
2025-08-06,早班,ES-02,128.0,103,3280.0
2025-08-06,早班,ES-05,130.3,101,3201.0
2025-08-06,早班,ES-07,152.2,109,3393.0
2025-08-06,中班,ES-01,127.1,106,3085.0
2025-08-06,中班,ES-02,126.6,125,3611.0
2025-08-06,中班,ES-03,122.6,90,2949.0
2025-08-06,中班,ES-05,130.8,118,3776.0
2025-08-06,中班,ES-06,130.3,60,1933.0
2025-08-06,中班,ES-07,161.9,101,3225.0
2025-08-06,中班,ES-08,133.9,97,3089.0
2025-08-06,夜班,ES-03,113.7,111,3375.0
2025-08-06,夜班,ES-04,173.9,79,2333.0
2025-08-06,夜班,ES-06,138.8,78,2505.0
2025-08-06,夜班,ES-07,126.4,97,3086.0
2025-08-06,夜班,ES-08,136.2,108,3348.0
2025-08-07,早班,ES-01,123.2,71,2212.0
2025-08-07,早班,ES-02,120.5,96,2871.0
2025-08-07,早班,ES-04,176.0,114,3654.0
2025-08-07,早班,ES-05,130.9,100,2958.0
2025-08-07,早班,ES-07,150.9,141,4065.0
2025-08-07,中班,ES-01,128.0,57,1658.0
2025-08-07,中班,ES-02,132.6,114,3272.0
2025-08-07,中班,ES-03,113.6,102,2925.0
2025-08-07,中班,ES-04,188.6,86,2642.0
2025-08-07,中班,ES-05,121.5,68,2005.0
2025-08-07,中班,ES-06,143.1,88,2705.0
2025-08-07,中班,ES-07,140.9,81,2461.0
2025-08-07,中班,ES-08,122.6,116,3439.0
2025-08-07,夜班,ES-01,118.7,91,2958.0
2025-08-07,夜班,ES-04,178.1,101,2848.0
2025-08-07,夜班,ES-05,128.4,100,3032.0
2025-08-07,夜班,ES-06,134.6,73,2354.0
2025-08-07,夜班,ES-07,206.7,63,2059.0
2025-08-07,夜班,ES-08,119.2,68,2018.0
2025-08-08,早班,ES-01,113.6,120,3628.0
2025-08-08,早班,ES-02,202.2,119,3751.0
2025-08-08,早班,ES-03,123.4,86,2529.0
2025-08-08,早班,ES-04,185.3,114,3627.0
2025-08-08,早班,ES-05,122.4,80,2501.0
2025-08-08,早班,ES-06,120.5,95,2916.0
2025-08-08,早班,ES-07,151.8,88,2701.0
2025-08-08,早班,ES-08,116.7,122,3906.0
2025-08-08,中班,ES-01,113.7,71,2063.0
2025-08-08,中班,ES-02,124.9,54,1737.0
2025-08-08,中班,ES-03,104.2,99,2986.0
2025-08-08,中班,ES-04,194.3,91,2561.0
2025-08-08,中班,ES-05,123.0,98,2953.0
2025-08-08,中班,ES-06,141.2,102,3122.0
2025-08-08,中班,ES-07,152.5,99,3168.0
2025-08-08,中班,ES-08,126.2,95,2908.0
2025-08-08,夜班,ES-02,117.2,120,3420.0
2025-08-08,夜班,ES-05,127.1,70,1991.0
2025-08-08,夜班,ES-07,154.8,102,3122.0
2025-08-08,夜班,ES-08,134.0,130,4126.0
2025-08-09,早班,ES-01,110.1,83,2449.0
2025-08-09,早班,ES-03,115.8,125,4032.0
2025-08-09,早班,ES-04,192.6,102,2986.0
2025-08-09,早班,ES-05,121.2,118,3818.0
2025-08-09,早班,ES-06,124.4,106,3467.0
2025-08-09,早班,ES-08,108.9,92,2581.0
2025-08-09,中班,ES-01,115.9,91,2642.0
2025-08-09,中班,ES-03,94.5,108,3335.0
2025-08-09,中班,ES-06,139.5,107,3345.0
2025-08-09,中班,ES-07,152.0,95,2882.0
2025-08-09,中班,ES-08,128.1,100,3098.0
2025-08-09,夜班,ES-01,121.3,90,2609.0
2025-08-09,夜班,ES-03,121.8,90,2842.0
2025-08-09,夜班,ES-04,176.7,80,2400.0
2025-08-09,夜班,ES-05,135.4,75,2292.0
2025-08-09,夜班,ES-06,129.0,101,3306.0
2025-08-09,夜班,ES-07,157.9,81,2480.0
2025-08-09,夜班,ES-08,120.3,119,3582.0
2025-08-10,早班,ES-01,116.1,85,2683.0
2025-08-10,早班,ES-02,120.7,95,2845.0
2025-08-10,早班,ES-03,101.0,98,2811.0
2025-08-10,早班,ES-04,188.6,76,2371.0
2025-08-10,早班,ES-05,129.8,107,3129.0
2025-08-10,早班,ES-06,133.1,85,2626.0
2025-08-10,早班,ES-07,140.1,122,3949.0
2025-08-10,早班,ES-08,111.7,127,3752.0
2025-08-10,中班,ES-02,121.1,101,2866.0
2025-08-10,中班,ES-03,110.3,91,2844.0
2025-08-10,中班,ES-04,181.8,98,3188.0
2025-08-10,中班,ES-05,136.1,101,3176.0
2025-08-10,中班,ES-06,133.6,141,4313.0
2025-08-10,中班,ES-07,146.4,83,2587.0
2025-08-10,中班,ES-08,134.0,110,3505.0
2025-08-10,夜班,ES-01,127.2,85,2540.0
2025-08-10,夜班,ES-02,147.2,117,3735.0
2025-08-10,夜班,ES-05,129.9,100,3023.0
2025-08-10,夜班,ES-08,126.3,90,2639.0
2025-08-11,早班,ES-01,115.5,91,2883.0
2025-08-11,早班,ES-02,129.9,90,2870.0
2025-08-11,早班,ES-03,104.0,90,2674.0
2025-08-11,早班,ES-04,168.3,103,2906.0
2025-08-11,早班,ES-05,119.7,118,3761.0
2025-08-11,早班,ES-06,114.7,77,2490.0
2025-08-11,早班,ES-07,139.0,72,2268.0
2025-08-11,中班,ES-01,123.6,75,2294.0
2025-08-11,中班,ES-02,131.3,94,2684.0
2025-08-11,中班,ES-03,108.6,99,2791.0
2025-08-11,中班,ES-04,182.2,96,2693.0
2025-08-11,中班,ES-05,134.5,87,2659.0
2025-08-11,中班,ES-06,121.0,52,1540.0
2025-08-11,中班,ES-07,172.0,106,3308.0
2025-08-11,中班,ES-08,114.6,119,3512.0
2025-08-11,夜班,ES-02,119.5,123,3667.0
2025-08-11,夜班,ES-03,118.3,132,4273.0
2025-08-11,夜班,ES-04,187.6,108,3520.0
2025-08-11,夜班,ES-05,143.4,111,3140.0
2025-08-11,夜班,ES-07,149.2,102,3281.0
2025-08-12,早班,ES-01,113.1,78,2483.0
2025-08-12,早班,ES-02,188.8,75,2430.0
2025-08-12,早班,ES-03,111.8,105,3196.0
2025-08-12,早班,ES-05,116.3,96,2765.0
2025-08-12,早班,ES-06,127.1,109,3270.0
2025-08-12,早班,ES-08,109.8,109,3106.0
2025-08-12,中班,ES-01,127.7,73,2307.0
2025-08-12,中班,ES-03,104.8,99,2891.0
2025-08-12,中班,ES-04,189.9,98,2915.0
2025-08-12,中班,ES-05,121.4,86,2759.0
2025-08-12,中班,ES-06,122.5,127,4112.0
2025-08-12,中班,ES-07,148.6,146,4426.0
2025-08-12,夜班,ES-01,117.6,91,2650.0
2025-08-12,夜班,ES-02,200.2,32,902.0
2025-08-12,夜班,ES-03,122.3,80,2280.0
2025-08-12,夜班,ES-04,177.1,130,3959.0
2025-08-12,夜班,ES-05,122.2,97,3187.0
2025-08-12,夜班,ES-06,125.8,103,3119.0
2025-08-12,夜班,ES-08,192.5,91,2853.0
2025-08-13,早班,ES-01,125.8,73,2256.0
2025-08-13,早班,ES-02,113.3,91,2548.0
2025-08-13,早班,ES-03,126.3,98,2766.0
2025-08-13,早班,ES-05,137.7,67,2180.0
2025-08-13,早班,ES-07,160.9,127,3634.0
2025-08-13,早班,ES-08,112.2,98,2979.0
2025-08-13,中班,ES-01,107.4,72,2045.0
2025-08-13,中班,ES-02,120.5,85,2593.0
2025-08-13,中班,ES-03,118.3,64,2106.0
2025-08-13,中班,ES-04,180.0,96,2891.0
2025-08-13,中班,ES-06,126.6,116,3374.0
2025-08-13,中班,ES-07,169.1,125,3523.0
2025-08-13,夜班,ES-02,131.3,92,2745.0
2025-08-13,夜班,ES-03,113.7,121,3693.0
2025-08-13,夜班,ES-04,169.5,105,3083.0
2025-08-13,夜班,ES-05,118.8,66,2057.0
2025-08-13,夜班,ES-06,134.8,101,2925.0
2025-08-13,夜班,ES-07,153.5,48,1504.0
2025-08-13,夜班,ES-08,128.5,101,3234.0
2025-08-14,早班,ES-01,115.9,86,2602.0
2025-08-14,早班,ES-02,127.6,93,2943.0
2025-08-14,早班,ES-03,113.2,111,3620.0
2025-08-14,早班,ES-05,133.1,120,3938.0
2025-08-14,早班,ES-06,146.7,83,2558.0
2025-08-14,早班,ES-08,111.3,97,2998.0
2025-08-14,中班,ES-01,117.9,97,2846.0
2025-08-14,中班,ES-03,102.6,88,2831.0
2025-08-14,中班,ES-04,167.2,99,3051.0
2025-08-14,中班,ES-05,113.0,98,3045.0
2025-08-14,中班,ES-06,137.8,109,3305.0
2025-08-14,中班,ES-07,151.1,72,2134.0
2025-08-14,夜班,ES-01,115.6,109,3188.0
2025-08-14,夜班,ES-02,121.8,92,2672.0
2025-08-14,夜班,ES-03,111.5,102,3097.0
2025-08-14,夜班,ES-04,177.6,97,2938.0
2025-08-14,夜班,ES-05,115.1,84,2731.0
2025-08-14,夜班,ES-06,130.2,109,3288.0
2025-08-14,夜班,ES-07,160.0,74,2247.0
2025-08-14,夜班,ES-08,124.1,88,2658.0
2025-08-15,早班,ES-01,115.8,95,2688.0
2025-08-15,早班,ES-03,120.4,84,2605.0
2025-08-15,早班,ES-04,174.1,102,2890.0
2025-08-15,早班,ES-05,117.0,79,2532.0
2025-08-15,早班,ES-06,135.3,68,2021.0
2025-08-15,早班,ES-07,157.2,88,2687.0
2025-08-15,早班,ES-08,119.6,73,2354.0
2025-08-15,中班,ES-01,122.4,75,2279.0
2025-08-15,中班,ES-02,132.9,92,2690.0
2025-08-15,中班,ES-03,114.7,97,2778.0
2025-08-15,中班,ES-04,176.4,101,2930.0
2025-08-15,中班,ES-05,114.6,86,2723.0
2025-08-15,中班,ES-07,154.3,114,3514.0
2025-08-15,中班,ES-08,110.6,107,3172.0
2025-08-15,夜班,ES-01,119.1,107,3324.0
2025-08-15,夜班,ES-03,102.6,71,2000.0
2025-08-15,夜班,ES-04,186.5,91,2945.0
2025-08-15,夜班,ES-05,143.1,122,3443.0
2025-08-15,夜班,ES-06,131.1,75,2167.0
2025-08-15,夜班,ES-07,146.5,86,2654.0
2025-08-15,夜班,ES-08,116.4,109,3136.0
2025-08-16,早班,ES-01,111.5,81,2343.0
2025-08-16,早班,ES-02,120.9,90,2554.0
2025-08-16,早班,ES-03,106.0,62,1800.0
2025-08-16,早班,ES-04,180.7,73,2230.0
2025-08-16,早班,ES-05,139.9,75,2350.0
2025-08-16,早班,ES-06,128.9,71,2178.0
2025-08-16,早班,ES-07,147.0,99,3149.0
2025-08-16,中班,ES-01,114.9,137,4355.0
2025-08-16,中班,ES-02,119.5,96,2726.0
2025-08-16,中班,ES-04,186.1,89,2695.0
2025-08-16,中班,ES-05,139.4,106,3310.0
2025-08-16,中班,ES-07,139.2,133,4239.0
2025-08-16,中班,ES-08,125.6,82,2657.0
2025-08-16,夜班,ES-01,116.2,76,2273.0
2025-08-16,夜班,ES-02,147.2,102,3166.0
2025-08-16,夜班,ES-03,113.0,90,2593.0
2025-08-16,夜班,ES-04,163.5,91,2811.0
2025-08-16,夜班,ES-05,105.1,127,3584.0
2025-08-16,夜班,ES-06,124.8,67,2011.0
2025-08-16,夜班,ES-07,154.8,102,2939.0
2025-08-16,夜班,ES-08,134.0,94,2805.0
2025-08-17,早班,ES-02,108.4,83,2673.0
2025-08-17,早班,ES-03,106.7,109,3514.0
2025-08-17,早班,ES-04,169.7,96,3026.0
2025-08-17,早班,ES-05,128.4,111,3251.0
2025-08-17,早班,ES-06,135.3,98,2849.0
2025-08-17,早班,ES-07,152.7,76,2382.0
2025-08-17,早班,ES-08,122.8,96,2692.0
2025-08-17,中班,ES-02,120.6,73,2355.0
2025-08-17,中班,ES-03,163.7,87,2700.0
2025-08-17,中班,ES-04,172.7,125,3794.0
2025-08-17,中班,ES-05,121.4,101,3145.0
2025-08-17,中班,ES-06,117.6,99,2941.0
2025-08-17,中班,ES-07,147.5,55,1623.0
2025-08-17,中班,ES-08,126.6,86,2834.0
2025-08-17,夜班,ES-01,119.1,88,2903.0
2025-08-17,夜班,ES-02,122.0,111,3302.0
2025-08-17,夜班,ES-04,171.9,95,2821.0
2025-08-17,夜班,ES-05,131.8,78,2347.0
2025-08-17,夜班,ES-06,128.1,73,2249.0
2025-08-17,夜班,ES-08,120.2,134,4173.0
2025-08-18,早班,ES-01,118.2,78,2424.0
2025-08-18,早班,ES-02,117.3,106,3335.0
2025-08-18,早班,ES-03,115.6,87,2786.0
2025-08-18,早班,ES-04,167.7,111,3505.0
2025-08-18,早班,ES-06,137.7,109,3329.0
2025-08-18,早班,ES-07,150.3,84,2514.0
2025-08-18,早班,ES-08,115.0,73,2301.0
2025-08-18,中班,ES-01,130.8,72,2100.0
2025-08-18,中班,ES-02,131.5,98,3126.0
2025-08-18,中班,ES-04,170.1,83,2633.0
2025-08-18,中班,ES-05,122.5,100,3163.0
2025-08-18,中班,ES-06,146.0,109,3364.0
2025-08-18,中班,ES-07,145.6,68,2139.0
2025-08-18,中班,ES-08,118.9,110,3169.0
2025-08-18,夜班,ES-01,117.7,88,2879.0
2025-08-18,夜班,ES-02,118.8,99,3066.0
2025-08-18,夜班,ES-03,116.2,88,2793.0
2025-08-18,夜班,ES-04,178.7,96,3113.0
2025-08-18,夜班,ES-05,141.0,105,3091.0
2025-08-18,夜班,ES-06,133.1,72,2311.0
2025-08-18,夜班,ES-07,159.2,107,3217.0
2025-08-18,夜班,ES-08,122.2,80,2446.0
2025-08-19,早班,ES-01,121.1,125,3767.0
2025-08-19,早班,ES-02,119.5,66,1980.0
2025-08-19,早班,ES-03,105.8,100,3166.0
2025-08-19,早班,ES-04,182.7,93,2829.0
2025-08-19,早班,ES-05,128.2,85,2778.0
2025-08-19,早班,ES-06,133.0,113,3556.0
2025-08-19,早班,ES-07,147.1,116,3506.0
2025-08-19,早班,ES-08,125.5,107,3475.0
2025-08-19,中班,ES-01,124.2,112,3418.0
2025-08-19,中班,ES-02,118.1,125,3727.0
2025-08-19,中班,ES-04,175.7,94,2882.0
2025-08-19,中班,ES-06,126.9,101,3174.0
2025-08-19,中班,ES-07,163.1,70,2058.0
2025-08-19,夜班,ES-03,107.2,123,3608.0
2025-08-19,夜班,ES-04,186.0,106,3363.0
2025-08-19,夜班,ES-05,122.8,79,2437.0
2025-08-19,夜班,ES-06,134.9,91,2882.0
2025-08-20,早班,ES-01,157.9,100,3030.0
2025-08-20,早班,ES-02,123.9,90,2551.0
2025-08-20,早班,ES-03,107.0,90,2708.0
2025-08-20,早班,ES-04,187.7,79,2324.0
2025-08-20,早班,ES-06,112.4,90,2610.0
2025-08-20,早班,ES-07,147.7,41,1349.0
2025-08-20,早班,ES-08,123.5,94,2790.0
2025-08-20,中班,ES-01,122.0,97,2729.0
2025-08-20,中班,ES-02,127.2,85,2578.0
2025-08-20,中班,ES-03,107.4,105,3328.0
2025-08-20,中班,ES-04,161.4,86,2716.0
2025-08-20,中班,ES-05,120.6,120,3570.0
2025-08-20,中班,ES-06,131.8,89,2875.0
2025-08-20,夜班,ES-01,128.9,99,2945.0
2025-08-20,夜班,ES-02,131.8,100,2926.0
2025-08-20,夜班,ES-03,118.3,113,3648.0
2025-08-20,夜班,ES-04,172.3,109,3480.0
2025-08-20,夜班,ES-05,129.4,97,2966.0
2025-08-20,夜班,ES-06,134.9,61,1836.0
2025-08-20,夜班,ES-07,144.1,93,3012.0
2025-08-20,夜班,ES-08,132.8,76,2487.0
2025-08-21,早班,ES-01,100.9,95,2974.0
2025-08-21,早班,ES-02,121.1,95,2890.0
2025-08-21,早班,ES-03,116.9,61,1927.0
2025-08-21,早班,ES-04,174.3,69,2191.0
2025-08-21,早班,ES-05,128.6,81,2346.0
2025-08-21,早班,ES-06,121.3,101,3293.0
2025-08-21,早班,ES-07,144.9,85,2746.0
2025-08-21,早班,ES-08,110.4,108,3108.0
2025-08-21,中班,ES-01,122.5,113,3410.0
2025-08-21,中班,ES-03,112.5,106,3259.0
2025-08-21,中班,ES-04,176.7,102,2945.0
2025-08-21,中班,ES-05,121.4,99,3149.0
2025-08-21,中班,ES-07,143.2,114,3757.0
2025-08-21,夜班,ES-01,109.5,117,3326.0
2025-08-21,夜班,ES-02,121.1,105,3376.0
2025-08-21,夜班,ES-03,102.6,113,3208.0
2025-08-21,夜班,ES-04,162.6,117,3280.0
2025-08-21,夜班,ES-05,125.3,104,3053.0
2025-08-21,夜班,ES-06,116.6,84,2723.0
2025-08-21,夜班,ES-07,156.5,71,2207.0
2025-08-21,夜班,ES-08,120.1,80,2271.0
2025-08-22,早班,ES-01,130.6,62,2016.0
2025-08-22,早班,ES-03,112.9,87,2841.0
2025-08-22,早班,ES-04,168.5,65,1956.0
2025-08-22,早班,ES-05,131.2,103,2986.0
2025-08-22,早班,ES-06,134.2,64,2034.0
2025-08-22,早班,ES-07,154.3,107,3096.0
2025-08-22,中班,ES-01,111.6,74,2396.0
2025-08-22,中班,ES-02,122.8,96,2903.0
2025-08-22,中班,ES-03,110.6,121,3459.0
2025-08-22,中班,ES-04,171.7,110,3158.0
2025-08-22,中班,ES-05,132.6,88,2833.0
2025-08-22,中班,ES-06,139.2,72,2103.0
2025-08-22,中班,ES-07,144.0,111,3419.0
2025-08-22,夜班,ES-01,126.5,106,3434.0
2025-08-22,夜班,ES-02,134.2,66,1853.0
2025-08-22,夜班,ES-03,114.9,89,2630.0
2025-08-22,夜班,ES-05,118.8,115,3536.0
2025-08-22,夜班,ES-06,113.8,99,3094.0
2025-08-22,夜班,ES-07,157.0,83,2571.0
2025-08-22,夜班,ES-08,128.3,99,3033.0
2025-08-23,早班,ES-02,127.4,77,2186.0
2025-08-23,早班,ES-03,113.8,64,1948.0
2025-08-23,早班,ES-04,168.5,110,3492.0
2025-08-23,早班,ES-05,134.0,59,1846.0
2025-08-23,早班,ES-06,120.0,64,2100.0
2025-08-23,早班,ES-07,155.9,118,3657.0
2025-08-23,中班,ES-01,120.0,129,3854.0
2025-08-23,中班,ES-03,112.9,91,2972.0
2025-08-23,中班,ES-04,177.8,142,4337.0
2025-08-23,中班,ES-05,127.8,64,1838.0
2025-08-23,中班,ES-06,131.3,86,2481.0
2025-08-23,中班,ES-07,151.5,96,2834.0
2025-08-23,夜班,ES-01,119.8,103,3351.0
2025-08-23,夜班,ES-02,119.3,75,2326.0
2025-08-23,夜班,ES-03,121.1,106,3428.0
2025-08-23,夜班,ES-04,163.6,110,3391.0
2025-08-23,夜班,ES-06,138.1,57,1622.0
2025-08-23,夜班,ES-07,140.4,77,2381.0
2025-08-23,夜班,ES-08,136.7,91,2912.0
2025-08-24,早班,ES-01,106.2,81,2331.0
2025-08-24,早班,ES-04,164.3,73,2399.0
2025-08-24,早班,ES-05,133.1,128,4122.0
2025-08-24,早班,ES-06,137.7,81,2346.0
2025-08-24,早班,ES-07,222.0,109,3416.0
2025-08-24,早班,ES-08,119.7,103,3183.0
2025-08-24,中班,ES-01,130.7,78,2368.0
2025-08-24,中班,ES-03,119.7,81,2433.0
2025-08-24,中班,ES-04,173.8,87,2693.0
2025-08-24,中班,ES-05,132.3,74,2206.0
2025-08-24,中班,ES-06,189.0,92,2693.0
2025-08-24,中班,ES-07,175.6,85,2654.0
2025-08-24,夜班,ES-01,118.1,56,1570.0
2025-08-24,夜班,ES-02,134.2,72,2338.0
2025-08-24,夜班,ES-03,104.1,51,1573.0
2025-08-24,夜班,ES-05,122.3,109,3191.0
2025-08-24,夜班,ES-06,142.0,75,2386.0
2025-08-24,夜班,ES-07,146.4,94,2743.0
2025-08-24,夜班,ES-08,123.4,84,2374.0
2025-08-25,早班,ES-01,114.8,92,3035.0
2025-08-25,早班,ES-04,169.5,78,2236.0
2025-08-25,早班,ES-05,139.8,91,2737.0
2025-08-25,早班,ES-06,124.9,81,2606.0
2025-08-25,早班,ES-07,143.1,71,2273.0
2025-08-25,早班,ES-08,136.2,101,3204.0
2025-08-25,中班,ES-02,119.1,76,2305.0
2025-08-25,中班,ES-03,104.5,90,2935.0
2025-08-25,中班,ES-06,121.1,67,2003.0
2025-08-25,中班,ES-07,149.0,100,2800.0
2025-08-25,中班,ES-08,131.1,110,3205.0
2025-08-25,夜班,ES-01,126.8,100,3289.0
2025-08-25,夜班,ES-03,111.6,73,2226.0
2025-08-25,夜班,ES-04,192.6,79,2297.0
2025-08-25,夜班,ES-06,121.0,127,3993.0
2025-08-25,夜班,ES-08,129.3,82,2501.0
2025-08-26,早班,ES-01,119.4,120,3382.0
2025-08-26,早班,ES-02,121.7,77,2442.0
2025-08-26,早班,ES-03,105.5,103,3325.0
2025-08-26,早班,ES-04,185.5,89,2603.0
2025-08-26,早班,ES-05,134.4,120,3676.0
2025-08-26,早班,ES-06,124.0,82,2675.0
2025-08-26,早班,ES-07,143.4,109,3172.0
2025-08-26,早班,ES-08,128.9,81,2351.0
2025-08-26,中班,ES-02,128.2,98,3060.0
2025-08-26,中班,ES-03,113.4,96,2973.0
2025-08-26,中班,ES-04,186.9,48,1533.0
2025-08-26,中班,ES-08,110.4,105,3213.0
2025-08-26,夜班,ES-01,114.9,119,3553.0
2025-08-26,夜班,ES-02,130.1,75,2187.0
2025-08-26,夜班,ES-04,175.1,80,2276.0
2025-08-26,夜班,ES-05,125.3,107,3045.0
2025-08-26,夜班,ES-06,135.8,112,3681.0
2025-08-26,夜班,ES-07,140.2,80,2399.0
2025-08-26,夜班,ES-08,131.1,91,2689.0
2025-08-27,早班,ES-01,127.6,92,2788.0
2025-08-27,早班,ES-04,174.7,115,3227.0
2025-08-27,早班,ES-05,128.6,89,2893.0
2025-08-27,早班,ES-06,130.6,76,2459.0
2025-08-27,早班,ES-07,137.3,110,3573.0
2025-08-27,早班,ES-08,112.6,128,3778.0
2025-08-27,中班,ES-02,139.7,73,2362.0
2025-08-27,中班,ES-03,111.5,86,2567.0
2025-08-27,中班,ES-04,178.6,94,2940.0
2025-08-27,中班,ES-05,128.9,98,2814.0
2025-08-27,中班,ES-06,131.2,130,3771.0
2025-08-27,中班,ES-07,140.0,100,3079.0
2025-08-27,夜班,ES-01,126.1,129,3891.0
2025-08-27,夜班,ES-02,104.5,90,2890.0
2025-08-27,夜班,ES-03,112.3,90,2554.0
2025-08-27,夜班,ES-04,176.1,94,2878.0
2025-08-27,夜班,ES-05,132.3,98,2957.0
2025-08-27,夜班,ES-07,143.0,95,3068.0
2025-08-28,早班,ES-01,105.5,80,2440.0
2025-08-28,早班,ES-02,130.6,75,2254.0
2025-08-28,早班,ES-03,115.6,109,3552.0
2025-08-28,早班,ES-04,170.6,103,3189.0
2025-08-28,早班,ES-05,130.0,86,2555.0
2025-08-28,早班,ES-07,158.9,97,3048.0
2025-08-28,早班,ES-08,141.1,86,2516.0
2025-08-28,中班,ES-01,125.7,93,2633.0
2025-08-28,中班,ES-03,109.8,94,2646.0
2025-08-28,中班,ES-04,175.4,90,2967.0
2025-08-28,中班,ES-05,128.7,130,3996.0
2025-08-28,中班,ES-07,142.8,101,3313.0
2025-08-28,中班,ES-08,118.5,123,3760.0
2025-08-28,夜班,ES-02,147.3,108,3042.0
2025-08-28,夜班,ES-03,113.3,81,2664.0
2025-08-28,夜班,ES-04,163.2,65,1859.0
2025-08-28,夜班,ES-05,128.8,108,3286.0
2025-08-28,夜班,ES-06,131.7,90,2771.0
2025-08-28,夜班,ES-07,148.0,97,3156.0
2025-08-28,夜班,ES-08,117.5,96,3144.0
2025-08-29,早班,ES-01,125.1,144,4567.0
2025-08-29,早班,ES-02,130.7,105,3100.0
2025-08-29,早班,ES-03,132.5,88,2801.0
2025-08-29,早班,ES-04,193.3,105,3326.0
2025-08-29,早班,ES-05,137.7,112,3289.0
2025-08-29,早班,ES-06,126.1,115,3425.0
2025-08-29,早班,ES-07,164.8,82,2662.0
2025-08-29,早班,ES-08,130.0,88,2656.0
2025-08-29,中班,ES-01,121.4,87,2588.0
2025-08-29,中班,ES-02,132.6,99,2926.0
2025-08-29,中班,ES-03,107.9,117,3681.0
2025-08-29,中班,ES-05,117.2,88,2647.0
2025-08-29,中班,ES-07,138.4,115,3755.0
2025-08-29,中班,ES-08,132.8,69,2084.0
2025-08-29,夜班,ES-01,118.9,85,2556.0
2025-08-29,夜班,ES-03,108.4,88,2527.0
2025-08-29,夜班,ES-05,136.3,107,3448.0
2025-08-29,夜班,ES-07,156.3,107,3337.0
2025-08-30,早班,ES-01,119.4,100,2972.0
2025-08-30,早班,ES-04,180.3,116,3726.0
2025-08-30,早班,ES-05,123.8,83,2564.0
2025-08-30,早班,ES-06,194.5,85,2656.0
2025-08-30,早班,ES-08,132.7,113,3165.0
2025-08-30,中班,ES-02,123.8,83,2420.0
2025-08-30,中班,ES-03,108.6,93,2827.0
2025-08-30,中班,ES-04,172.2,110,3114.0
2025-08-30,中班,ES-05,128.2,112,3643.0
2025-08-30,中班,ES-06,118.9,61,1976.0
2025-08-30,夜班,ES-01,112.6,77,2234.0
2025-08-30,夜班,ES-02,124.5,101,3320.0
2025-08-30,夜班,ES-03,109.2,113,3300.0
2025-08-30,夜班,ES-04,186.5,84,2607.0
2025-08-30,夜班,ES-05,130.8,82,2610.0
2025-08-30,夜班,ES-06,143.6,92,3010.0
2025-08-30,夜班,ES-07,152.9,114,3434.0
2025-08-31,早班,ES-02,116.0,103,3009.0
2025-08-31,早班,ES-03,109.4,106,3109.0
2025-08-31,早班,ES-04,178.9,93,2887.0
2025-08-31,早班,ES-05,126.7,114,3745.0
2025-08-31,早班,ES-06,134.5,110,3445.0
2025-08-31,早班,ES-07,148.9,80,2635.0
2025-08-31,早班,ES-08,123.0,66,2165.0
2025-08-31,中班,ES-01,115.7,106,3160.0
2025-08-31,中班,ES-02,123.3,88,2808.0
2025-08-31,中班,ES-03,110.8,62,1769.0
2025-08-31,中班,ES-05,124.6,112,3245.0
2025-08-31,中班,ES-06,130.8,82,2412.0
2025-08-31,中班,ES-07,146.8,87,2682.0
2025-08-31,中班,ES-08,135.6,84,2545.0
2025-08-31,夜班,ES-01,110.4,113,3219.0
2025-08-31,夜班,ES-02,113.8,131,4062.0
2025-08-31,夜班,ES-03,106.9,67,2024.0
2025-08-31,夜班,ES-04,162.4,85,2635.0
2025-08-31,夜班,ES-05,129.8,131,3877.0
2025-08-31,夜班,ES-06,124.6,108,3273.0
2025-08-31,夜班,ES-07,142.6,109,3222.0
2025-08-31,夜班,ES-08,120.8,104,2943.0
2025-09-01,早班,ES-01,121.7,84,2566.0
2025-09-01,早班,ES-03,116.6,103,2952.0
2025-09-01,早班,ES-04,221.5,98,3095.0
2025-09-01,早班,ES-05,115.6,130,4087.0
2025-09-01,早班,ES-06,129.3,108,3412.0
2025-09-01,早班,ES-07,147.8,91,2856.0
2025-09-01,中班,ES-01,111.8,71,2183.0
2025-09-01,中班,ES-03,109.6,84,2569.0
2025-09-01,中班,ES-06,134.8,74,2282.0
2025-09-01,夜班,ES-01,118.2,86,2455.0
2025-09-01,夜班,ES-02,136.5,79,2417.0
2025-09-01,夜班,ES-03,116.7,49,1588.0
2025-09-01,夜班,ES-05,130.9,108,3522.0
2025-09-01,夜班,ES-06,141.9,82,2577.0
2025-09-01,夜班,ES-07,140.9,92,2664.0
2025-09-01,夜班,ES-08,109.9,106,3009.0
2025-09-02,早班,ES-01,112.3,88,2728.0
2025-09-02,早班,ES-03,113.4,116,3427.0
2025-09-02,早班,ES-04,167.0,126,4106.0
2025-09-02,早班,ES-05,132.6,93,2755.0
2025-09-02,早班,ES-06,125.1,75,2415.0
2025-09-02,中班,ES-03,104.4,102,2985.0
2025-09-02,中班,ES-06,132.5,126,4039.0
2025-09-02,夜班,ES-01,125.7,87,2832.0
2025-09-02,夜班,ES-02,131.1,78,2475.0
2025-09-02,夜班,ES-04,176.5,68,2084.0
2025-09-02,夜班,ES-05,117.6,99,2926.0
2025-09-02,夜班,ES-06,132.2,93,2939.0
2025-09-03,早班,ES-01,112.7,112,3193.0
2025-09-03,早班,ES-02,122.9,90,2642.0
2025-09-03,早班,ES-03,106.2,101,3275.0
2025-09-03,早班,ES-04,170.0,108,3072.0
2025-09-03,早班,ES-05,121.3,85,2559.0
2025-09-03,早班,ES-06,128.7,114,3402.0
2025-09-03,中班,ES-01,117.7,102,3144.0
2025-09-03,中班,ES-02,114.1,79,2369.0
2025-09-03,中班,ES-03,90.1,56,1707.0
2025-09-03,中班,ES-04,189.5,136,4169.0
2025-09-03,中班,ES-05,132.7,82,2323.0
2025-09-03,中班,ES-06,120.8,81,2555.0
2025-09-03,中班,ES-08,126.3,118,3309.0
2025-09-03,夜班,ES-01,125.2,107,3484.0
2025-09-03,夜班,ES-02,115.7,57,1729.0
2025-09-03,夜班,ES-03,120.1,124,3959.0
2025-09-03,夜班,ES-04,185.6,63,2064.0
2025-09-03,夜班,ES-05,109.8,110,3096.0
2025-09-03,夜班,ES-06,135.7,114,3506.0
2025-09-03,夜班,ES-08,119.8,68,2002.0
2025-09-04,早班,ES-01,112.2,103,3307.0
2025-09-04,早班,ES-02,127.4,93,2725.0
2025-09-04,早班,ES-03,113.3,86,2703.0
2025-09-04,早班,ES-04,188.7,103,3315.0
2025-09-04,早班,ES-07,144.4,99,3080.0
2025-09-04,中班,ES-02,121.7,102,3348.0
2025-09-04,中班,ES-03,104.7,79,2295.0
2025-09-04,中班,ES-04,170.5,75,2158.0
2025-09-04,中班,ES-05,119.3,76,2154.0
2025-09-04,中班,ES-07,143.5,102,2859.0
2025-09-04,夜班,ES-01,107.4,100,3120.0
2025-09-04,夜班,ES-02,115.0,74,2175.0
2025-09-04,夜班,ES-03,110.7,93,2889.0
2025-09-04,夜班,ES-04,174.9,85,2467.0
2025-09-04,夜班,ES-05,117.4,77,2227.0
2025-09-04,夜班,ES-06,130.5,70,2159.0
2025-09-04,夜班,ES-08,126.2,90,2553.0
2025-09-05,早班,ES-01,105.0,100,3119.0
2025-09-05,早班,ES-02,145.4,73,2168.0
2025-09-05,早班,ES-03,119.1,87,2831.0
2025-09-05,早班,ES-04,183.7,97,3124.0
2025-09-05,早班,ES-05,135.1,109,3330.0
2025-09-05,早班,ES-06,118.3,103,2943.0
2025-09-05,早班,ES-07,150.0,91,2794.0
2025-09-05,早班,ES-08,126.3,97,3017.0
2025-09-05,中班,ES-01,117.7,59,1695.0
2025-09-05,中班,ES-02,137.3,95,2773.0
2025-09-05,中班,ES-03,104.7,109,3082.0
2025-09-05,中班,ES-04,169.5,79,2468.0
2025-09-05,中班,ES-05,131.6,117,3421.0
2025-09-05,中班,ES-06,119.0,114,3467.0
2025-09-05,中班,ES-07,151.8,79,2596.0
2025-09-05,夜班,ES-01,116.1,110,3401.0
2025-09-05,夜班,ES-02,121.1,90,2642.0
2025-09-05,夜班,ES-03,91.0,137,3904.0
2025-09-05,夜班,ES-04,187.0,99,3088.0
2025-09-05,夜班,ES-06,127.2,102,3303.0
2025-09-05,夜班,ES-08,109.5,78,2205.0
2025-09-06,早班,ES-01,124.8,110,3533.0
2025-09-06,早班,ES-03,108.1,93,2956.0
2025-09-06,早班,ES-04,180.4,86,2425.0
2025-09-06,早班,ES-05,135.6,88,2764.0
2025-09-06,早班,ES-07,140.1,105,3198.0
2025-09-06,早班,ES-08,118.8,73,2165.0
2025-09-06,中班,ES-01,115.7,140,4283.0
2025-09-06,中班,ES-04,177.8,109,3434.0
2025-09-06,中班,ES-06,124.2,76,2493.0
2025-09-06,中班,ES-07,150.4,82,2327.0
2025-09-06,中班,ES-08,126.5,103,2885.0
2025-09-06,夜班,ES-01,125.9,72,2315.0
2025-09-06,夜班,ES-02,124.3,70,2211.0
2025-09-06,夜班,ES-03,101.4,121,3607.0
2025-09-06,夜班,ES-05,133.8,83,2356.0
2025-09-07,早班,ES-01,116.7,85,2582.0
2025-09-07,早班,ES-02,130.6,66,2093.0
2025-09-07,中班,ES-01,104.5,97,3055.0
2025-09-07,中班,ES-03,113.1,103,3277.0
2025-09-07,中班,ES-04,178.5,96,2807.0
2025-09-07,中班,ES-06,124.9,67,2173.0
2025-09-07,中班,ES-08,115.9,85,2730.0
2025-09-07,夜班,ES-01,116.5,116,3286.0
2025-09-07,夜班,ES-02,128.9,73,2097.0
2025-09-07,夜班,ES-03,121.3,68,2210.0
2025-09-07,夜班,ES-04,170.7,92,2617.0
2025-09-07,夜班,ES-05,131.0,123,3969.0
2025-09-07,夜班,ES-06,130.1,67,2103.0
2025-09-07,夜班,ES-07,147.1,127,4146.0
2025-09-07,夜班,ES-08,129.6,88,2805.0
2025-09-08,早班,ES-01,118.9,114,3396.0
2025-09-08,早班,ES-02,124.6,96,2736.0
2025-09-08,早班,ES-04,169.6,106,2987.0
2025-09-08,早班,ES-05,121.2,100,3057.0
2025-09-08,早班,ES-08,112.7,81,2299.0
2025-09-08,中班,ES-02,139.1,101,3209.0
2025-09-08,中班,ES-03,90.8,91,2828.0
2025-09-08,中班,ES-04,167.3,103,3197.0
2025-09-08,中班,ES-05,131.1,118,3439.0
2025-09-08,中班,ES-06,128.4,91,2654.0
2025-09-08,中班,ES-07,153.4,106,3180.0
2025-09-08,夜班,ES-01,124.5,133,4338.0
2025-09-08,夜班,ES-02,127.7,90,2932.0
2025-09-08,夜班,ES-03,105.9,71,2213.0
2025-09-08,夜班,ES-04,182.2,92,2923.0
2025-09-08,夜班,ES-05,125.3,104,2976.0
2025-09-08,夜班,ES-06,138.8,107,3178.0
2025-09-08,夜班,ES-07,153.4,115,3404.0
2025-09-08,夜班,ES-08,124.8,104,2918.0
2025-09-09,早班,ES-02,119.4,120,3433.0
2025-09-09,早班,ES-03,119.9,60,1824.0
2025-09-09,早班,ES-04,190.7,89,2606.0
2025-09-09,早班,ES-05,134.6,105,3302.0
2025-09-09,早班,ES-06,125.8,81,2389.0
2025-09-09,早班,ES-07,168.4,84,2675.0
2025-09-09,早班,ES-08,111.5,118,3716.0
2025-09-09,中班,ES-01,117.5,96,2745.0
2025-09-09,中班,ES-02,124.4,118,3728.0
2025-09-09,中班,ES-03,109.0,127,3761.0
2025-09-09,中班,ES-05,126.5,91,2972.0
2025-09-09,中班,ES-06,134.0,109,3389.0
2025-09-09,中班,ES-07,141.4,96,3095.0
2025-09-09,夜班,ES-01,118.0,77,2293.0
2025-09-09,夜班,ES-02,130.7,93,2849.0
2025-09-09,夜班,ES-03,110.1,108,3553.0
2025-09-09,夜班,ES-04,186.8,82,2538.0
2025-09-09,夜班,ES-05,135.2,80,2372.0
2025-09-09,夜班,ES-06,131.2,122,3771.0
2025-09-09,夜班,ES-07,157.2,110,3207.0
2025-09-10,早班,ES-01,123.1,82,2446.0
2025-09-10,早班,ES-03,118.2,112,3155.0
2025-09-10,早班,ES-05,112.6,121,3958.0
2025-09-10,早班,ES-06,123.1,102,2929.0
2025-09-10,早班,ES-07,151.5,89,2753.0
2025-09-10,早班,ES-08,123.9,102,3169.0
2025-09-10,中班,ES-01,123.4,96,2737.0
2025-09-10,中班,ES-03,102.7,108,3394.0
2025-09-10,中班,ES-04,167.3,100,3058.0
2025-09-10,中班,ES-05,128.5,90,2740.0
2025-09-10,中班,ES-06,137.5,96,2772.0
2025-09-10,中班,ES-07,151.4,109,3253.0
2025-09-10,中班,ES-08,114.1,87,2544.0
2025-09-10,夜班,ES-02,121.7,115,3278.0
2025-09-10,夜班,ES-03,116.3,105,3342.0
2025-09-10,夜班,ES-04,173.3,85,2539.0
2025-09-10,夜班,ES-05,134.3,82,2387.0
2025-09-10,夜班,ES-06,134.8,129,4034.0
2025-09-10,夜班,ES-07,146.0,80,2560.0
2025-09-11,早班,ES-01,114.3,101,3023.0
2025-09-11,早班,ES-02,119.4,106,3490.0
2025-09-11,早班,ES-03,115.9,64,2109.0
2025-09-11,早班,ES-04,166.1,97,3096.0
2025-09-11,早班,ES-05,133.0,96,2787.0
2025-09-11,早班,ES-06,117.9,129,3862.0
2025-09-11,早班,ES-07,148.4,96,2858.0
2025-09-11,早班,ES-08,130.8,128,4039.0
2025-09-11,中班,ES-01,121.5,94,2798.0
2025-09-11,中班,ES-02,131.3,120,3899.0
2025-09-11,中班,ES-03,105.8,139,4315.0
2025-09-11,中班,ES-04,192.3,88,2885.0
2025-09-11,中班,ES-05,131.5,121,3458.0
2025-09-11,中班,ES-06,107.0,115,3761.0
2025-09-11,中班,ES-07,153.2,83,2643.0
2025-09-11,中班,ES-08,129.8,89,2620.0
2025-09-11,夜班,ES-01,108.7,73,2096.0
2025-09-11,夜班,ES-02,138.3,120,3468.0
2025-09-11,夜班,ES-03,113.8,99,2880.0
2025-09-11,夜班,ES-04,185.3,105,3267.0
2025-09-11,夜班,ES-06,118.5,105,3255.0
2025-09-11,夜班,ES-07,147.5,60,1785.0
2025-09-11,夜班,ES-08,132.6,121,3966.0
2025-09-12,早班,ES-01,123.1,84,2694.0
2025-09-12,早班,ES-03,110.0,78,2492.0
2025-09-12,早班,ES-04,179.2,74,2369.0
2025-09-12,早班,ES-05,126.4,86,2506.0
2025-09-12,早班,ES-06,142.6,64,2036.0
2025-09-12,早班,ES-07,177.6,68,1949.0
2025-09-12,早班,ES-08,113.9,105,3140.0
2025-09-12,中班,ES-02,121.1,121,3684.0
2025-09-12,中班,ES-03,105.7,111,3209.0
2025-09-12,中班,ES-04,259.2,88,2574.0
2025-09-12,中班,ES-06,137.3,115,3464.0
2025-09-12,中班,ES-07,151.6,65,2094.0
2025-09-12,夜班,ES-01,127.9,93,3020.0
2025-09-12,夜班,ES-02,129.2,102,3049.0
2025-09-12,夜班,ES-03,109.6,84,2729.0
2025-09-12,夜班,ES-04,185.5,101,3160.0
2025-09-12,夜班,ES-05,132.6,84,2709.0
2025-09-12,夜班,ES-06,135.0,116,3321.0
2025-09-12,夜班,ES-07,135.6,86,2595.0
2025-09-13,早班,ES-01,108.2,115,3687.0
2025-09-13,早班,ES-03,122.3,106,3444.0
2025-09-13,早班,ES-05,129.4,141,4593.0
2025-09-13,早班,ES-07,147.0,71,2109.0
2025-09-13,早班,ES-08,128.5,87,2473.0
2025-09-13,中班,ES-01,126.9,121,3947.0
2025-09-13,中班,ES-02,122.5,96,2924.0
2025-09-13,中班,ES-04,187.6,87,2772.0
2025-09-13,中班,ES-05,139.4,93,2940.0
2025-09-13,中班,ES-06,132.3,99,3050.0
2025-09-13,中班,ES-07,139.9,74,2175.0
2025-09-13,中班,ES-08,132.2,51,1663.0
2025-09-13,夜班,ES-01,124.3,63,1867.0
2025-09-13,夜班,ES-03,111.4,114,3701.0
2025-09-13,夜班,ES-04,179.2,92,2678.0
2025-09-13,夜班,ES-05,125.5,102,2919.0
2025-09-13,夜班,ES-06,131.9,76,2474.0
2025-09-13,夜班,ES-07,162.9,76,2399.0
2025-09-13,夜班,ES-08,124.7,92,2760.0
2025-09-14,早班,ES-01,116.9,90,2745.0
2025-09-14,早班,ES-02,132.1,93,2709.0
2025-09-14,早班,ES-03,103.1,79,2284.0
2025-09-14,早班,ES-04,175.7,89,2879.0
2025-09-14,早班,ES-06,130.8,102,3319.0
2025-09-14,早班,ES-08,126.1,100,3103.0
2025-09-14,中班,ES-01,134.7,60,1978.0
2025-09-14,中班,ES-02,129.5,110,3490.0
2025-09-14,中班,ES-03,112.8,73,2273.0
2025-09-14,中班,ES-04,173.8,97,3105.0
2025-09-14,中班,ES-06,125.9,121,3591.0
2025-09-14,中班,ES-07,152.3,79,2351.0
2025-09-14,中班,ES-08,125.1,68,2236.0
2025-09-14,夜班,ES-03,117.9,124,3994.0
2025-09-14,夜班,ES-04,190.6,108,3323.0
2025-09-14,夜班,ES-05,135.0,141,4044.0
2025-09-15,早班,ES-01,111.8,82,2653.0
2025-09-15,早班,ES-02,134.3,62,1907.0
2025-09-15,早班,ES-03,115.2,84,2432.0
2025-09-15,早班,ES-04,187.2,65,2093.0
2025-09-15,早班,ES-05,141.9,91,2805.0
2025-09-15,早班,ES-06,120.3,93,2824.0
2025-09-15,早班,ES-08,158.6,119,3901.0
2025-09-15,中班,ES-01,128.1,107,3420.0
2025-09-15,中班,ES-02,115.1,80,2612.0
2025-09-15,中班,ES-04,160.4,99,2998.0
2025-09-15,中班,ES-05,122.7,96,3049.0
2025-09-15,中班,ES-06,128.0,91,2654.0
2025-09-15,中班,ES-07,150.7,133,4150.0
2025-09-15,夜班,ES-01,112.5,105,3032.0
2025-09-15,夜班,ES-02,132.6,95,2726.0
2025-09-15,夜班,ES-03,111.5,96,2799.0
2025-09-15,夜班,ES-08,125.5,49,1400.0
2025-09-16,早班,ES-01,121.6,103,3008.0
2025-09-16,早班,ES-02,124.7,82,2322.0
2025-09-16,早班,ES-03,114.5,95,3057.0
2025-09-16,早班,ES-04,189.1,102,3359.0
2025-09-16,早班,ES-05,138.6,72,2103.0
2025-09-16,早班,ES-06,139.9,71,2171.0
2025-09-16,中班,ES-01,113.7,115,3460.0
2025-09-16,中班,ES-02,129.9,67,2177.0
2025-09-16,中班,ES-03,109.9,70,2265.0
2025-09-16,中班,ES-04,186.0,95,2943.0
2025-09-16,中班,ES-06,124.9,109,3278.0
2025-09-16,中班,ES-08,131.5,87,2453.0
2025-09-16,夜班,ES-01,113.1,89,2878.0
2025-09-16,夜班,ES-02,133.4,103,3231.0
2025-09-16,夜班,ES-03,98.5,66,1914.0
2025-09-16,夜班,ES-04,187.6,88,2816.0
2025-09-16,夜班,ES-07,147.4,78,2253.0
2025-09-16,夜班,ES-08,193.0,104,3340.0
2025-09-17,早班,ES-01,111.8,58,1770.0
2025-09-17,早班,ES-02,125.5,119,3334.0
2025-09-17,早班,ES-03,119.3,103,2977.0
2025-09-17,早班,ES-04,174.7,101,3065.0
2025-09-17,早班,ES-05,185.1,75,2459.0
2025-09-17,早班,ES-06,127.6,111,3489.0
2025-09-17,早班,ES-07,161.7,115,3247.0
2025-09-17,早班,ES-08,127.9,57,1799.0
2025-09-17,中班,ES-01,126.9,75,2173.0
2025-09-17,中班,ES-03,99.5,84,2483.0
2025-09-17,中班,ES-05,118.0,97,2850.0
2025-09-17,中班,ES-07,153.9,76,2375.0
2025-09-17,中班,ES-08,111.2,81,2300.0
2025-09-17,夜班,ES-04,170.8,100,3229.0
2025-09-17,夜班,ES-06,134.8,110,3332.0
2025-09-18,早班,ES-02,139.8,91,2945.0
2025-09-18,早班,ES-03,118.4,102,3055.0
2025-09-18,早班,ES-04,166.2,89,2826.0
2025-09-18,早班,ES-05,120.9,102,2970.0
2025-09-18,早班,ES-06,131.4,78,2270.0
2025-09-18,早班,ES-07,150.2,94,2848.0
2025-09-18,早班,ES-08,109.1,102,3359.0
2025-09-18,中班,ES-01,105.4,127,4188.0
2025-09-18,中班,ES-02,140.7,93,2880.0
2025-09-18,中班,ES-03,114.9,97,3119.0
2025-09-18,中班,ES-04,190.2,59,1759.0
2025-09-18,中班,ES-05,125.6,95,2920.0
2025-09-18,中班,ES-06,127.2,43,1357.0
2025-09-18,中班,ES-07,152.9,96,2749.0
2025-09-18,夜班,ES-02,145.3,77,2496.0
2025-09-18,夜班,ES-03,114.4,99,3204.0
2025-09-18,夜班,ES-04,183.2,63,2032.0
2025-09-18,夜班,ES-05,121.6,99,2860.0
2025-09-18,夜班,ES-07,145.0,111,3124.0
2025-09-18,夜班,ES-08,134.9,96,2874.0
2025-09-19,早班,ES-01,123.5,119,3859.0
2025-09-19,早班,ES-02,130.3,117,3787.0
2025-09-19,早班,ES-04,166.2,99,3117.0
2025-09-19,早班,ES-05,120.5,82,2455.0
2025-09-19,早班,ES-06,121.0,61,1846.0
2025-09-19,早班,ES-07,140.1,95,3117.0
2025-09-19,早班,ES-08,122.1,105,3369.0
2025-09-19,中班,ES-01,117.7,112,3632.0
2025-09-19,中班,ES-02,117.3,109,3339.0
2025-09-19,中班,ES-03,102.0,75,2258.0
2025-09-19,中班,ES-05,140.3,88,2868.0
2025-09-19,中班,ES-07,147.0,113,3604.0
2025-09-19,中班,ES-08,126.6,90,2954.0
2025-09-19,夜班,ES-01,125.8,98,2930.0
2025-09-19,夜班,ES-02,128.9,118,3510.0
2025-09-19,夜班,ES-03,106.0,97,2999.0
2025-09-19,夜班,ES-04,175.8,89,2892.0
2025-09-19,夜班,ES-05,127.9,96,2709.0
2025-09-20,早班,ES-01,130.1,95,2677.0
2025-09-20,早班,ES-02,123.5,69,2138.0
2025-09-20,早班,ES-03,109.7,77,2167.0
2025-09-20,早班,ES-04,180.0,98,3076.0
2025-09-20,早班,ES-05,117.7,77,2349.0
2025-09-20,早班,ES-06,132.7,101,3300.0
2025-09-20,早班,ES-07,145.9,74,2139.0
2025-09-20,早班,ES-08,113.5,120,3856.0
2025-09-20,中班,ES-01,114.3,115,3401.0
2025-09-20,中班,ES-02,116.5,103,3083.0
2025-09-20,中班,ES-04,169.3,111,3140.0
2025-09-20,中班,ES-05,124.1,80,2375.0
2025-09-20,中班,ES-07,151.2,76,2284.0
2025-09-20,中班,ES-08,125.2,108,3387.0
2025-09-20,夜班,ES-01,120.6,104,2977.0
2025-09-20,夜班,ES-02,117.8,110,3301.0
2025-09-20,夜班,ES-03,93.9,94,3029.0
2025-09-20,夜班,ES-04,173.1,66,2033.0
2025-09-20,夜班,ES-06,118.2,97,3003.0
2025-09-21,早班,ES-01,125.5,112,3591.0
2025-09-21,早班,ES-02,113.4,109,3214.0
2025-09-21,早班,ES-03,104.0,122,3747.0
2025-09-21,早班,ES-04,187.4,65,1998.0
2025-09-21,早班,ES-05,129.2,79,2506.0
2025-09-21,早班,ES-06,113.0,102,3033.0
2025-09-21,早班,ES-07,165.6,105,3246.0
2025-09-21,早班,ES-08,112.0,72,2290.0
2025-09-21,中班,ES-01,118.4,96,2705.0
2025-09-21,中班,ES-02,124.2,82,2473.0
2025-09-21,中班,ES-04,171.1,116,3699.0
2025-09-21,中班,ES-05,131.7,98,3086.0
2025-09-21,中班,ES-07,147.9,94,2696.0
2025-09-21,中班,ES-08,119.3,100,3276.0
2025-09-21,夜班,ES-01,124.8,85,2521.0
2025-09-21,夜班,ES-02,131.5,100,3105.0
2025-09-21,夜班,ES-03,97.2,72,2294.0
2025-09-21,夜班,ES-04,180.4,76,2384.0
2025-09-21,夜班,ES-05,134.3,67,2147.0
2025-09-21,夜班,ES-06,124.2,89,2807.0
2025-09-21,夜班,ES-07,149.5,123,3826.0
2025-09-21,夜班,ES-08,133.7,93,2892.0
2025-09-22,早班,ES-01,192.3,67,1968.0
2025-09-22,早班,ES-04,184.4,105,3101.0
2025-09-22,早班,ES-05,125.7,103,3299.0
2025-09-22,早班,ES-06,134.1,80,2484.0
2025-09-22,早班,ES-07,151.4,96,2698.0
2025-09-22,早班,ES-08,122.4,99,2947.0
2025-09-22,中班,ES-01,108.2,75,2169.0
2025-09-22,中班,ES-02,110.0,71,2019.0
2025-09-22,中班,ES-04,174.8,85,2792.0
2025-09-22,中班,ES-05,103.3,76,2284.0
2025-09-22,中班,ES-06,124.6,102,3325.0
2025-09-22,中班,ES-07,145.9,118,3810.0
2025-09-22,中班,ES-08,116.8,37,1213.0
2025-09-22,夜班,ES-01,129.8,103,3298.0
2025-09-22,夜班,ES-02,130.0,72,2220.0
2025-09-22,夜班,ES-04,176.0,111,3157.0
2025-09-22,夜班,ES-05,126.7,102,2915.0
2025-09-22,夜班,ES-06,133.5,82,2522.0
2025-09-22,夜班,ES-07,157.7,76,2448.0
2025-09-22,夜班,ES-08,120.2,98,2939.0
2025-09-23,早班,ES-01,123.6,84,2386.0
2025-09-23,早班,ES-03,108.2,101,2954.0
2025-09-23,早班,ES-04,181.2,87,2666.0
2025-09-23,早班,ES-05,117.7,92,2985.0
2025-09-23,早班,ES-08,123.5,106,3492.0
2025-09-23,中班,ES-01,113.4,94,3023.0
2025-09-23,中班,ES-02,117.3,91,2755.0
2025-09-23,中班,ES-03,106.2,85,2522.0
2025-09-23,中班,ES-04,179.3,93,3059.0
2025-09-23,中班,ES-07,160.8,79,2570.0
2025-09-23,夜班,ES-01,116.2,112,3354.0
2025-09-23,夜班,ES-02,134.2,94,2701.0
2025-09-23,夜班,ES-03,105.6,97,2999.0
2025-09-23,夜班,ES-04,176.2,104,3067.0
2025-09-23,夜班,ES-05,119.9,97,3021.0
2025-09-23,夜班,ES-07,151.2,92,2614.0
2025-09-23,夜班,ES-08,134.4,74,2342.0
2025-09-24,早班,ES-01,115.4,72,2277.0
2025-09-24,早班,ES-02,128.5,97,2775.0
2025-09-24,早班,ES-03,100.5,91,2849.0
2025-09-24,早班,ES-05,123.3,91,2724.0
2025-09-24,早班,ES-06,126.8,70,2203.0
2025-09-24,早班,ES-07,156.3,107,3108.0
2025-09-24,早班,ES-08,128.7,115,3348.0
2025-09-24,中班,ES-02,112.5,47,1550.0
2025-09-24,中班,ES-03,94.9,113,3508.0
2025-09-24,中班,ES-04,191.3,77,2389.0
2025-09-24,中班,ES-05,139.1,62,1881.0
2025-09-24,中班,ES-06,138.4,104,3164.0
2025-09-24,中班,ES-08,110.3,60,1969.0
2025-09-24,夜班,ES-01,123.8,122,3635.0
2025-09-24,夜班,ES-02,136.6,86,2623.0
2025-09-24,夜班,ES-04,165.4,117,3588.0
2025-09-24,夜班,ES-05,117.8,66,2087.0
2025-09-24,夜班,ES-06,137.1,119,3462.0
2025-09-24,夜班,ES-08,136.5,119,3475.0
2025-09-25,早班,ES-01,118.5,96,3118.0
2025-09-25,早班,ES-04,170.2,110,3452.0
2025-09-25,早班,ES-06,147.5,85,2664.0
2025-09-25,早班,ES-07,163.0,81,2289.0
2025-09-25,早班,ES-08,116.3,125,4063.0
2025-09-25,中班,ES-03,109.1,101,2849.0
2025-09-25,中班,ES-06,123.4,112,3380.0
2025-09-25,中班,ES-07,143.7,100,3079.0
2025-09-25,中班,ES-08,123.1,82,2539.0
2025-09-25,夜班,ES-02,124.5,98,3085.0
2025-09-25,夜班,ES-03,103.6,103,3143.0
2025-09-25,夜班,ES-04,188.2,101,3089.0
2025-09-25,夜班,ES-05,116.8,117,3407.0
2025-09-25,夜班,ES-08,136.5,140,4425.0
2025-09-26,早班,ES-01,122.2,109,3297.0
2025-09-26,早班,ES-02,134.0,109,3284.0
2025-09-26,早班,ES-03,94.9,64,2050.0
2025-09-26,早班,ES-04,185.3,120,3706.0
2025-09-26,早班,ES-05,124.7,69,2081.0
2025-09-26,早班,ES-06,129.3,82,2607.0
2025-09-26,早班,ES-08,123.6,117,3613.0
2025-09-26,中班,ES-01,114.9,84,2425.0
2025-09-26,中班,ES-02,122.8,72,2098.0
2025-09-26,中班,ES-03,105.1,120,3746.0
2025-09-26,中班,ES-04,235.2,87,2612.0
2025-09-26,中班,ES-06,130.4,52,1652.0
2025-09-26,中班,ES-07,139.9,95,2878.0
2025-09-26,中班,ES-08,116.7,120,3776.0
2025-09-26,夜班,ES-01,119.7,113,3724.0
2025-09-26,夜班,ES-02,135.5,91,2863.0
2025-09-26,夜班,ES-03,116.7,91,2777.0
2025-09-26,夜班,ES-04,183.3,76,2151.0
2025-09-26,夜班,ES-05,125.3,73,2324.0
2025-09-26,夜班,ES-06,131.8,109,3324.0
2025-09-26,夜班,ES-07,159.3,95,2796.0
2025-09-26,夜班,ES-08,139.7,95,2991.0
2025-09-27,早班,ES-01,122.5,100,3103.0
2025-09-27,早班,ES-02,117.3,86,2554.0
2025-09-27,早班,ES-03,111.2,123,4055.0
2025-09-27,早班,ES-04,180.7,97,3154.0
2025-09-27,早班,ES-05,121.5,67,1954.0
2025-09-27,早班,ES-06,117.5,96,2775.0
2025-09-27,早班,ES-07,150.7,73,2313.0
2025-09-27,中班,ES-01,126.8,98,3187.0
2025-09-27,中班,ES-02,142.1,82,2485.0
2025-09-27,中班,ES-03,106.2,49,1552.0
2025-09-27,中班,ES-05,118.6,141,4389.0
2025-09-27,中班,ES-06,121.3,84,2434.0
2025-09-27,中班,ES-07,147.3,86,2511.0
2025-09-27,中班,ES-08,122.6,127,3911.0
2025-09-27,夜班,ES-01,116.7,76,2412.0
2025-09-27,夜班,ES-02,123.2,64,2082.0
2025-09-27,夜班,ES-03,110.7,54,1568.0
2025-09-27,夜班,ES-05,128.1,103,2989.0
2025-09-27,夜班,ES-06,132.7,85,2384.0
2025-09-27,夜班,ES-07,142.9,115,3665.0
2025-09-27,夜班,ES-08,140.5,97,2849.0
2025-09-28,早班,ES-01,126.4,72,2127.0
2025-09-28,早班,ES-03,110.0,101,3262.0
2025-09-28,早班,ES-08,129.4,107,3074.0
2025-09-28,中班,ES-01,123.1,106,3238.0
2025-09-28,中班,ES-03,114.1,110,3374.0
2025-09-28,中班,ES-04,178.9,123,3523.0
2025-09-28,中班,ES-05,132.6,110,3626.0
2025-09-28,中班,ES-06,141.2,118,3374.0
2025-09-28,中班,ES-07,154.8,86,2533.0
2025-09-28,夜班,ES-03,100.8,74,2124.0
2025-09-28,夜班,ES-05,126.7,106,3057.0
2025-09-28,夜班,ES-07,140.1,97,2804.0
2025-09-28,夜班,ES-08,137.8,63,1851.0
2025-09-29,早班,ES-01,130.4,65,2111.0
2025-09-29,早班,ES-03,114.5,70,2007.0
2025-09-29,早班,ES-04,170.9,97,2878.0
2025-09-29,早班,ES-05,127.5,109,3218.0
2025-09-29,早班,ES-06,157.4,93,2965.0
2025-09-29,早班,ES-07,157.1,56,1692.0
2025-09-29,早班,ES-08,127.9,100,2815.0
2025-09-29,中班,ES-02,113.1,121,3490.0
2025-09-29,中班,ES-03,117.0,99,2785.0
2025-09-29,中班,ES-06,140.7,80,2288.0
2025-09-29,中班,ES-07,158.1,85,2664.0
2025-09-29,中班,ES-08,98.0,100,3002.0
2025-09-29,夜班,ES-01,124.2,108,3553.0
2025-09-29,夜班,ES-02,126.7,73,2406.0
2025-09-29,夜班,ES-03,171.4,75,2206.0
2025-09-29,夜班,ES-04,175.0,86,2476.0
2025-09-29,夜班,ES-05,126.6,78,2343.0
2025-09-29,夜班,ES-06,137.5,113,3288.0
2025-09-29,夜班,ES-07,140.9,100,3085.0
2025-09-29,夜班,ES-08,128.5,103,3095.0
2025-09-30,早班,ES-01,201.2,117,3664.0
2025-09-30,早班,ES-05,139.9,88,2724.0
2025-09-30,早班,ES-06,139.3,101,3268.0
2025-09-30,早班,ES-07,153.1,101,3252.0
2025-09-30,中班,ES-01,108.4,89,2583.0
2025-09-30,中班,ES-03,111.9,99,3033.0
2025-09-30,中班,ES-04,163.8,140,4574.0
2025-09-30,中班,ES-06,140.6,91,2566.0
2025-09-30,中班,ES-07,148.0,97,2836.0
2025-09-30,中班,ES-08,112.9,115,3707.0
2025-09-30,夜班,ES-02,138.3,116,3385.0
2025-09-30,夜班,ES-03,99.4,96,3016.0
2025-09-30,夜班,ES-04,166.5,90,2696.0
2025-09-30,夜班,ES-05,134.5,93,3033.0
2025-09-30,夜班,ES-06,127.7,72,2160.0
2025-09-30,夜班,ES-08,122.8,99,2912.0
2025-10-01,早班,ES-01,109.8,82,2347.0
2025-10-01,早班,ES-02,132.1,93,2623.0
2025-10-01,早班,ES-03,107.4,109,3588.0
2025-10-01,早班,ES-05,131.1,92,2648.0
2025-10-01,早班,ES-06,129.3,80,2355.0
2025-10-01,早班,ES-08,106.0,87,2797.0
2025-10-01,中班,ES-01,119.6,117,3415.0
2025-10-01,中班,ES-02,142.0,59,1733.0
2025-10-01,中班,ES-04,160.2,85,2766.0
2025-10-01,中班,ES-05,129.4,111,3351.0
2025-10-01,中班,ES-06,140.3,83,2586.0
2025-10-01,中班,ES-07,140.6,90,2647.0
2025-10-01,中班,ES-08,123.5,116,3771.0
2025-10-01,夜班,ES-01,111.7,122,3773.0
2025-10-01,夜班,ES-02,128.8,78,2242.0
2025-10-01,夜班,ES-03,116.3,102,2961.0
2025-10-01,夜班,ES-04,172.3,103,2996.0
2025-10-01,夜班,ES-05,134.8,131,3744.0
2025-10-01,夜班,ES-06,134.8,119,3383.0
2025-10-01,夜班,ES-07,147.9,66,2147.0
2025-10-01,夜班,ES-08,125.2,97,2729.0
2025-10-02,早班,ES-01,128.5,109,3576.0
2025-10-02,早班,ES-02,122.4,60,1736.0
2025-10-02,早班,ES-03,109.7,113,3723.0
2025-10-02,早班,ES-04,175.3,98,3194.0
2025-10-02,早班,ES-05,138.2,92,2974.0
2025-10-02,早班,ES-06,128.7,81,2501.0
2025-10-02,早班,ES-07,136.0,125,3952.0
2025-10-02,早班,ES-08,192.5,102,3246.0
2025-10-02,中班,ES-01,116.0,94,2693.0
2025-10-02,中班,ES-02,120.9,107,3051.0
2025-10-02,中班,ES-03,103.6,78,2241.0
2025-10-02,中班,ES-04,171.9,89,2757.0
2025-10-02,中班,ES-05,120.9,57,1768.0
2025-10-02,中班,ES-06,136.8,113,3473.0
2025-10-02,中班,ES-07,154.2,105,3372.0
2025-10-02,中班,ES-08,118.7,122,3443.0
2025-10-02,夜班,ES-01,124.7,77,2282.0
2025-10-02,夜班,ES-02,124.3,95,2953.0
2025-10-02,夜班,ES-04,171.7,62,1832.0
2025-10-02,夜班,ES-05,135.2,83,2637.0
2025-10-02,夜班,ES-06,116.8,108,3027.0
2025-10-02,夜班,ES-07,144.1,123,3825.0
2025-10-02,夜班,ES-08,120.3,105,3295.0
2025-10-03,早班,ES-01,126.3,99,3075.0
2025-10-03,早班,ES-03,126.2,91,2708.0
2025-10-03,早班,ES-04,175.6,104,3376.0
2025-10-03,早班,ES-05,137.2,106,3194.0
2025-10-03,早班,ES-06,130.5,113,3305.0
2025-10-03,早班,ES-07,152.2,116,3445.0
2025-10-03,早班,ES-08,105.3,91,2592.0
2025-10-03,中班,ES-01,123.8,65,2136.0
2025-10-03,中班,ES-02,120.9,95,2799.0
2025-10-03,中班,ES-03,117.0,87,2801.0
2025-10-03,中班,ES-04,164.7,98,2828.0
2025-10-03,中班,ES-05,115.5,88,2718.0
2025-10-03,中班,ES-06,118.0,95,2706.0
2025-10-03,中班,ES-07,153.7,96,3126.0
2025-10-03,中班,ES-08,119.1,85,2793.0
2025-10-03,夜班,ES-01,123.2,86,2482.0
2025-10-03,夜班,ES-02,122.9,91,2797.0
2025-10-03,夜班,ES-03,112.0,72,2102.0
2025-10-03,夜班,ES-05,129.2,82,2453.0
2025-10-03,夜班,ES-06,119.6,92,2866.0
2025-10-03,夜班,ES-08,123.6,93,3028.0
2025-10-04,早班,ES-01,127.2,84,2768.0
2025-10-04,早班,ES-02,137.2,101,3300.0
2025-10-04,早班,ES-03,106.2,110,3423.0
2025-10-04,早班,ES-05,107.9,89,2684.0
2025-10-04,早班,ES-08,113.3,102,2948.0
2025-10-04,中班,ES-02,130.3,118,3801.0
2025-10-04,中班,ES-03,111.7,110,3304.0
2025-10-04,中班,ES-04,165.1,59,1845.0
2025-10-04,中班,ES-05,129.1,102,2928.0
2025-10-04,中班,ES-06,171.5,88,2896.0
2025-10-04,中班,ES-07,155.1,95,2869.0
2025-10-04,中班,ES-08,127.3,113,3727.0
2025-10-04,夜班,ES-01,142.5,115,3329.0
2025-10-04,夜班,ES-02,116.7,81,2561.0
2025-10-04,夜班,ES-03,110.6,73,2394.0
2025-10-04,夜班,ES-04,180.2,68,2022.0
2025-10-04,夜班,ES-06,129.7,99,2783.0
2025-10-04,夜班,ES-07,203.1,102,2999.0
2025-10-04,夜班,ES-08,107.0,91,2995.0
2025-10-05,早班,ES-01,125.1,84,2578.0
2025-10-05,早班,ES-02,127.4,93,2988.0
2025-10-05,早班,ES-03,98.1,93,2733.0
2025-10-05,早班,ES-05,119.7,92,3006.0
2025-10-05,早班,ES-07,144.2,76,2304.0
2025-10-05,早班,ES-08,125.3,101,3226.0
2025-10-05,中班,ES-02,117.1,97,3024.0
2025-10-05,中班,ES-03,106.6,77,2488.0
2025-10-05,中班,ES-08,137.6,131,3937.0
2025-10-05,夜班,ES-01,117.7,86,2572.0
2025-10-05,夜班,ES-02,131.9,64,1999.0
2025-10-05,夜班,ES-04,180.0,100,3152.0
2025-10-05,夜班,ES-05,131.6,79,2264.0
2025-10-06,早班,ES-01,121.1,100,3296.0
2025-10-06,早班,ES-02,130.5,70,1992.0
2025-10-06,早班,ES-03,109.3,73,2083.0
2025-10-06,早班,ES-04,190.9,69,2100.0
2025-10-06,早班,ES-05,136.0,88,2732.0
2025-10-06,早班,ES-06,135.5,73,2303.0
2025-10-06,早班,ES-07,146.5,117,3608.0
2025-10-06,早班,ES-08,123.2,91,2605.0
2025-10-06,中班,ES-01,122.2,88,2866.0
2025-10-06,中班,ES-02,125.5,90,2912.0
2025-10-06,中班,ES-03,101.9,88,2837.0
2025-10-06,中班,ES-05,134.7,98,3081.0
2025-10-06,中班,ES-07,150.6,87,2525.0
2025-10-06,中班,ES-08,138.4,72,2089.0
2025-10-06,夜班,ES-01,112.3,81,2506.0
2025-10-06,夜班,ES-02,129.5,85,2770.0
2025-10-06,夜班,ES-04,188.4,95,2975.0
2025-10-06,夜班,ES-06,131.3,78,2393.0
2025-10-06,夜班,ES-08,118.8,81,2403.0
2025-10-07,早班,ES-01,121.6,101,3311.0
2025-10-07,早班,ES-02,109.7,76,2345.0
2025-10-07,早班,ES-03,107.4,136,3835.0
2025-10-07,早班,ES-04,172.9,107,3453.0
2025-10-07,早班,ES-05,129.8,84,2548.0
2025-10-07,早班,ES-07,130.7,107,3448.0
2025-10-07,中班,ES-01,118.2,95,3117.0
2025-10-07,中班,ES-03,110.4,94,2671.0
2025-10-07,中班,ES-04,192.5,116,3403.0
2025-10-07,中班,ES-05,123.0,117,3658.0
2025-10-07,中班,ES-06,135.4,91,2613.0
2025-10-07,中班,ES-07,156.5,94,2842.0
2025-10-07,中班,ES-08,116.6,81,2577.0
2025-10-07,夜班,ES-01,188.2,108,3235.0
2025-10-07,夜班,ES-02,121.5,98,2847.0
2025-10-07,夜班,ES-03,102.2,107,3405.0
2025-10-07,夜班,ES-04,185.7,87,2591.0
2025-10-07,夜班,ES-05,122.8,103,3054.0
2025-10-07,夜班,ES-06,132.0,136,4080.0
2025-10-07,夜班,ES-07,150.9,119,3724.0
2025-10-08,早班,ES-01,110.0,88,2709.0
2025-10-08,早班,ES-02,116.3,98,2943.0
2025-10-08,早班,ES-03,94.4,79,2316.0
2025-10-08,早班,ES-04,181.5,108,3179.0
2025-10-08,早班,ES-06,127.6,96,2740.0
2025-10-08,早班,ES-07,220.5,50,1453.0
2025-10-08,中班,ES-01,125.7,103,3116.0
2025-10-08,中班,ES-02,135.2,127,4179.0
2025-10-08,中班,ES-03,115.2,126,3972.0
2025-10-08,中班,ES-04,180.7,69,2051.0
2025-10-08,中班,ES-05,129.0,92,3012.0
2025-10-08,中班,ES-06,130.3,120,3550.0
2025-10-08,中班,ES-07,155.4,91,2947.0
2025-10-08,中班,ES-08,131.4,73,2250.0
2025-10-08,夜班,ES-01,123.3,93,2959.0
2025-10-08,夜班,ES-03,97.6,101,2884.0
2025-10-08,夜班,ES-06,117.9,57,1868.0
2025-10-08,夜班,ES-07,194.5,74,2437.0
2025-10-08,夜班,ES-08,121.8,93,2840.0
2025-10-09,早班,ES-01,117.4,100,2937.0
2025-10-09,早班,ES-02,145.9,121,3493.0
2025-10-09,早班,ES-03,109.1,88,2760.0
2025-10-09,早班,ES-04,168.7,89,2625.0
2025-10-09,早班,ES-05,128.4,108,3141.0
2025-10-09,早班,ES-07,148.8,93,3039.0
2025-10-09,中班,ES-01,114.3,120,3779.0
2025-10-09,中班,ES-02,136.2,72,2148.0
2025-10-09,中班,ES-04,176.8,79,2603.0
2025-10-09,中班,ES-05,114.3,102,3316.0
2025-10-09,中班,ES-07,151.6,137,4200.0
2025-10-09,夜班,ES-01,120.0,120,3601.0
2025-10-09,夜班,ES-02,158.0,84,2390.0
2025-10-09,夜班,ES-03,115.3,91,2844.0
2025-10-09,夜班,ES-04,172.5,100,2846.0
2025-10-09,夜班,ES-05,129.6,91,2908.0
2025-10-09,夜班,ES-06,109.4,114,3508.0
2025-10-09,夜班,ES-07,152.4,61,1975.0
2025-10-09,夜班,ES-08,119.4,117,3860.0
2025-10-10,早班,ES-01,118.6,88,2716.0
2025-10-10,早班,ES-02,132.1,83,2607.0
2025-10-10,早班,ES-04,169.3,81,2554.0
2025-10-10,早班,ES-06,128.7,108,3524.0
2025-10-10,早班,ES-07,180.1,109,3083.0
2025-10-10,早班,ES-08,112.1,96,2904.0
2025-10-10,中班,ES-01,116.9,82,2428.0
2025-10-10,中班,ES-02,126.7,102,3116.0
2025-10-10,中班,ES-03,107.6,89,2761.0
2025-10-10,中班,ES-05,132.6,105,3418.0
2025-10-10,中班,ES-06,130.1,110,3160.0
2025-10-10,中班,ES-07,161.8,95,3044.0
2025-10-10,中班,ES-08,118.3,77,2258.0
2025-10-10,夜班,ES-01,103.7,86,2792.0
2025-10-10,夜班,ES-02,121.1,88,2794.0
2025-10-10,夜班,ES-03,131.2,94,3019.0
2025-10-10,夜班,ES-04,175.8,67,2051.0
2025-10-10,夜班,ES-05,130.3,107,3068.0
2025-10-10,夜班,ES-06,140.7,104,3354.0
2025-10-10,夜班,ES-07,136.8,107,3410.0
2025-10-11,早班,ES-01,117.4,105,3270.0
2025-10-11,早班,ES-02,128.6,108,3142.0
2025-10-11,早班,ES-03,110.7,75,2139.0
2025-10-11,早班,ES-04,173.8,102,2934.0
2025-10-11,早班,ES-05,123.4,61,1805.0
2025-10-11,早班,ES-08,132.3,124,3667.0
2025-10-11,中班,ES-01,141.1,119,3618.0
2025-10-11,中班,ES-02,142.8,94,2917.0
2025-10-11,中班,ES-03,135.4,124,3914.0
2025-10-11,中班,ES-04,177.6,121,3833.0
2025-10-11,中班,ES-05,192.7,86,2608.0
2025-10-11,中班,ES-06,123.5,113,3233.0
2025-10-11,中班,ES-07,144.1,107,3308.0
2025-10-11,中班,ES-08,119.2,108,3460.0
2025-10-11,夜班,ES-02,117.7,95,2936.0
2025-10-11,夜班,ES-04,187.1,79,2397.0
2025-10-11,夜班,ES-06,130.6,109,3400.0
2025-10-11,夜班,ES-07,145.8,104,2972.0
2025-10-11,夜班,ES-08,122.9,98,3004.0
2025-10-12,早班,ES-01,134.6,92,2866.0
2025-10-12,早班,ES-04,177.6,79,2534.0
2025-10-12,早班,ES-05,126.7,111,3565.0
2025-10-12,早班,ES-07,146.1,75,2155.0
2025-10-12,中班,ES-01,117.8,104,3113.0
2025-10-12,中班,ES-02,135.1,46,1360.0
2025-10-12,中班,ES-03,122.0,110,3557.0
2025-10-12,中班,ES-04,177.8,134,4398.0
2025-10-12,中班,ES-05,122.8,80,2506.0
2025-10-12,中班,ES-06,129.1,115,3336.0
2025-10-12,中班,ES-07,146.0,121,3955.0
2025-10-12,中班,ES-08,131.0,79,2355.0
2025-10-12,夜班,ES-01,125.7,84,2573.0
2025-10-12,夜班,ES-02,131.3,107,3362.0
2025-10-12,夜班,ES-03,114.7,108,3554.0
2025-10-12,夜班,ES-04,179.7,94,2731.0
2025-10-12,夜班,ES-05,135.2,115,3240.0
2025-10-12,夜班,ES-06,125.9,75,2241.0
2025-10-12,夜班,ES-07,171.3,115,3596.0
2025-10-13,早班,ES-01,117.3,107,3002.0
2025-10-13,早班,ES-03,97.0,101,3078.0
2025-10-13,早班,ES-04,172.8,83,2686.0
2025-10-13,早班,ES-05,134.0,72,2283.0
2025-10-13,早班,ES-07,142.4,100,2826.0
2025-10-13,早班,ES-08,131.0,122,3570.0
2025-10-13,中班,ES-01,117.2,85,2633.0
2025-10-13,中班,ES-02,138.7,70,2196.0
2025-10-13,中班,ES-04,178.8,124,3745.0
2025-10-13,中班,ES-05,124.9,103,2982.0
2025-10-13,中班,ES-06,127.2,71,2295.0
2025-10-13,中班,ES-07,155.3,102,3017.0
2025-10-13,中班,ES-08,122.6,83,2414.0
2025-10-13,夜班,ES-02,136.2,86,2778.0
2025-10-13,夜班,ES-03,108.2,89,2937.0
2025-10-13,夜班,ES-04,166.1,98,2937.0
2025-10-13,夜班,ES-05,132.7,80,2386.0
2025-10-13,夜班,ES-06,121.6,130,4065.0
2025-10-13,夜班,ES-07,145.7,86,2419.0
2025-10-14,早班,ES-01,115.7,63,1829.0
2025-10-14,早班,ES-02,115.0,98,2758.0
2025-10-14,早班,ES-03,104.6,92,2587.0
2025-10-14,早班,ES-06,131.0,78,2442.0
2025-10-14,早班,ES-07,157.8,81,2444.0
2025-10-14,中班,ES-01,113.5,104,3118.0
2025-10-14,中班,ES-02,120.7,68,2129.0
2025-10-14,中班,ES-03,105.5,96,3134.0
2025-10-14,中班,ES-04,182.3,103,3152.0
2025-10-14,中班,ES-05,127.2,122,3482.0
2025-10-14,中班,ES-06,145.1,117,3520.0
2025-10-14,中班,ES-07,147.5,119,3445.0
2025-10-14,中班,ES-08,129.4,96,2890.0
2025-10-14,夜班,ES-02,127.3,84,2759.0
2025-10-14,夜班,ES-03,101.6,83,2442.0
2025-10-14,夜班,ES-04,178.3,86,2649.0
2025-10-14,夜班,ES-05,137.6,118,3330.0
2025-10-14,夜班,ES-06,122.0,131,4202.0
2025-10-14,夜班,ES-07,151.9,92,2824.0
2025-10-15,早班,ES-01,111.2,78,2212.0
2025-10-15,早班,ES-02,130.0,122,3543.0
2025-10-15,早班,ES-03,111.6,90,2813.0
2025-10-15,早班,ES-04,187.2,126,3723.0
2025-10-15,早班,ES-05,131.0,103,2972.0
2025-10-15,早班,ES-06,125.9,82,2302.0
2025-10-15,早班,ES-07,151.9,94,3085.0
2025-10-15,早班,ES-08,130.6,96,3126.0
2025-10-15,中班,ES-01,123.8,104,3110.0
2025-10-15,中班,ES-03,105.3,96,2717.0
2025-10-15,中班,ES-04,170.6,70,2308.0
2025-10-15,中班,ES-05,130.9,118,3472.0
2025-10-15,中班,ES-06,115.5,90,2780.0
2025-10-15,中班,ES-07,144.7,110,3330.0
2025-10-15,中班,ES-08,122.6,78,2465.0
2025-10-15,夜班,ES-02,192.9,101,3306.0
2025-10-15,夜班,ES-03,119.0,81,2290.0
2025-10-15,夜班,ES-04,173.6,68,2075.0
2025-10-15,夜班,ES-05,130.0,103,3040.0
2025-10-15,夜班,ES-07,153.9,106,3424.0
2025-10-15,夜班,ES-08,121.9,72,2026.0
2025-10-16,早班,ES-01,132.1,104,3321.0
2025-10-16,早班,ES-02,141.9,123,3885.0
2025-10-16,早班,ES-03,112.8,105,3010.0
2025-10-16,早班,ES-04,174.4,80,2267.0
2025-10-16,早班,ES-05,163.5,114,3593.0
2025-10-16,早班,ES-07,148.5,81,2354.0
2025-10-16,早班,ES-08,122.8,81,2453.0
2025-10-16,中班,ES-03,105.3,91,2976.0
2025-10-16,中班,ES-04,190.3,97,2859.0
2025-10-16,中班,ES-05,118.1,92,2977.0
2025-10-16,中班,ES-06,134.4,80,2388.0
2025-10-16,中班,ES-07,152.9,80,2275.0
2025-10-16,夜班,ES-01,110.0,128,4048.0
2025-10-16,夜班,ES-03,95.0,102,3149.0
2025-10-16,夜班,ES-04,176.4,89,2512.0
2025-10-16,夜班,ES-05,134.6,97,2729.0
2025-10-16,夜班,ES-06,120.4,89,2531.0
2025-10-16,夜班,ES-07,149.2,73,2065.0
2025-10-16,夜班,ES-08,123.3,91,2863.0
2025-10-17,早班,ES-03,110.7,116,3520.0
2025-10-17,早班,ES-04,191.8,136,4232.0
2025-10-17,早班,ES-06,131.7,64,1819.0
2025-10-17,早班,ES-07,148.2,130,4011.0
2025-10-17,早班,ES-08,138.3,73,2328.0
2025-10-17,中班,ES-01,123.6,97,3038.0
2025-10-17,中班,ES-02,129.2,52,1457.0
2025-10-17,中班,ES-03,109.7,116,3439.0
2025-10-17,中班,ES-04,165.3,94,2703.0
2025-10-17,中班,ES-05,122.8,130,3663.0
2025-10-17,中班,ES-07,157.8,104,3002.0
2025-10-17,中班,ES-08,122.9,66,1953.0
2025-10-17,夜班,ES-03,101.5,101,2833.0
2025-10-17,夜班,ES-04,175.9,85,2395.0
2025-10-17,夜班,ES-05,133.1,116,3688.0
2025-10-17,夜班,ES-06,119.5,101,3017.0
2025-10-17,夜班,ES-07,144.5,81,2490.0
2025-10-17,夜班,ES-08,113.2,95,2802.0
2025-10-18,早班,ES-01,125.6,116,3739.0
2025-10-18,早班,ES-02,165.9,105,3304.0
2025-10-18,早班,ES-03,110.4,85,2802.0
2025-10-18,早班,ES-06,137.3,81,2440.0
2025-10-18,早班,ES-07,135.7,84,2609.0
2025-10-18,中班,ES-01,115.6,67,1917.0
2025-10-18,中班,ES-02,124.3,108,3472.0
2025-10-18,中班,ES-04,183.2,85,2708.0
2025-10-18,中班,ES-05,129.8,76,2337.0
2025-10-18,中班,ES-07,157.5,96,2996.0
2025-10-18,夜班,ES-03,117.1,79,2579.0
2025-10-18,夜班,ES-04,172.0,92,2996.0
2025-10-18,夜班,ES-05,141.6,67,1921.0
2025-10-18,夜班,ES-07,144.8,91,2678.0
2025-10-19,早班,ES-01,123.6,102,3347.0
2025-10-19,早班,ES-04,172.3,78,2219.0
2025-10-19,早班,ES-05,120.1,98,2848.0
2025-10-19,早班,ES-06,141.9,101,2829.0
2025-10-19,早班,ES-07,156.3,61,1948.0
2025-10-19,早班,ES-08,117.7,78,2364.0
2025-10-19,中班,ES-01,123.8,69,1969.0
2025-10-19,中班,ES-02,146.0,118,3587.0
2025-10-19,中班,ES-03,99.3,76,2259.0
2025-10-19,中班,ES-04,188.7,90,2681.0
2025-10-19,中班,ES-05,127.3,92,3006.0
2025-10-19,中班,ES-06,141.0,83,2327.0
2025-10-19,中班,ES-07,156.8,117,3458.0
2025-10-19,中班,ES-08,143.5,106,3225.0
2025-10-19,夜班,ES-02,128.2,84,2692.0
2025-10-19,夜班,ES-03,114.0,89,2593.0
2025-10-19,夜班,ES-04,179.2,107,3466.0
2025-10-19,夜班,ES-05,125.0,90,2633.0
2025-10-19,夜班,ES-06,132.2,108,3240.0
2025-10-19,夜班,ES-07,129.6,73,2296.0
2025-10-20,早班,ES-01,122.8,88,2861.0
2025-10-20,早班,ES-03,120.5,92,2885.0
2025-10-20,早班,ES-04,182.9,81,2572.0
2025-10-20,早班,ES-07,142.3,105,3185.0
2025-10-20,早班,ES-08,123.3,117,3632.0
2025-10-20,中班,ES-01,114.5,92,2687.0
2025-10-20,中班,ES-02,120.6,91,2613.0
2025-10-20,中班,ES-03,158.7,61,1893.0
2025-10-20,中班,ES-04,177.1,94,3077.0
2025-10-20,中班,ES-06,196.7,116,3817.0
2025-10-20,中班,ES-07,142.0,101,2930.0
2025-10-20,中班,ES-08,116.3,122,3520.0
2025-10-20,夜班,ES-01,114.7,73,2047.0
2025-10-20,夜班,ES-02,147.9,69,2248.0
2025-10-20,夜班,ES-03,110.9,110,3566.0
2025-10-20,夜班,ES-04,175.4,115,3285.0
2025-10-20,夜班,ES-05,122.0,74,2281.0
2025-10-20,夜班,ES-06,112.2,93,2828.0
2025-10-21,早班,ES-01,124.0,111,3348.0
2025-10-21,早班,ES-03,115.1,83,2669.0
2025-10-21,早班,ES-04,194.7,105,3130.0
2025-10-21,早班,ES-05,130.7,90,2691.0
2025-10-21,早班,ES-07,145.6,128,3786.0
2025-10-21,早班,ES-08,127.8,105,3294.0
2025-10-21,中班,ES-01,117.4,129,3817.0
2025-10-21,中班,ES-02,125.4,102,3260.0
2025-10-21,中班,ES-03,109.7,105,2999.0
2025-10-21,中班,ES-04,167.7,107,3066.0
2025-10-21,中班,ES-05,126.4,106,3215.0
2025-10-21,中班,ES-07,125.6,69,2143.0
2025-10-21,中班,ES-08,122.5,116,3581.0
2025-10-21,夜班,ES-01,108.9,82,2544.0
2025-10-21,夜班,ES-02,115.7,79,2509.0
2025-10-21,夜班,ES-04,172.5,88,2772.0
2025-10-21,夜班,ES-05,119.8,89,2758.0
2025-10-21,夜班,ES-06,120.2,113,3172.0
2025-10-21,夜班,ES-07,155.7,114,3578.0
2025-10-21,夜班,ES-08,132.7,102,3192.0
2025-10-22,早班,ES-01,122.7,109,3446.0
2025-10-22,早班,ES-02,131.1,79,2401.0
2025-10-22,早班,ES-04,181.2,96,2916.0
2025-10-22,早班,ES-05,127.3,101,3021.0
2025-10-22,早班,ES-06,120.6,119,3574.0
2025-10-22,早班,ES-08,117.8,70,2087.0
2025-10-22,中班,ES-02,139.3,90,2828.0
2025-10-22,中班,ES-03,103.5,93,2743.0
2025-10-22,中班,ES-04,178.0,100,3297.0
2025-10-22,中班,ES-05,135.1,129,3720.0
2025-10-22,中班,ES-06,130.2,121,3704.0
2025-10-22,中班,ES-07,158.5,83,2533.0
2025-10-22,夜班,ES-01,108.7,99,2966.0
2025-10-22,夜班,ES-02,122.6,96,3021.0
2025-10-22,夜班,ES-03,109.2,122,3574.0
2025-10-22,夜班,ES-04,184.1,132,4257.0
2025-10-22,夜班,ES-06,135.0,101,2860.0
2025-10-22,夜班,ES-07,150.5,139,4172.0
2025-10-22,夜班,ES-08,110.6,110,3442.0
2025-10-23,早班,ES-01,124.4,117,3537.0
2025-10-23,早班,ES-02,127.2,85,2665.0
2025-10-23,早班,ES-05,114.9,88,2832.0
2025-10-23,早班,ES-06,144.6,75,2124.0
2025-10-23,早班,ES-07,153.2,89,2562.0
2025-10-23,早班,ES-08,137.7,90,2696.0
2025-10-23,中班,ES-01,124.8,92,2914.0
2025-10-23,中班,ES-03,99.6,82,2597.0
2025-10-23,中班,ES-04,193.7,71,2130.0
2025-10-23,中班,ES-05,130.4,124,3730.0
2025-10-23,中班,ES-06,130.2,81,2511.0
2025-10-23,中班,ES-07,142.7,109,3162.0
2025-10-23,中班,ES-08,102.3,117,3391.0
2025-10-23,夜班,ES-01,112.4,76,2223.0
2025-10-23,夜班,ES-02,134.7,94,2729.0
2025-10-23,夜班,ES-03,99.1,102,3321.0
2025-10-23,夜班,ES-04,180.3,82,2593.0
2025-10-23,夜班,ES-06,119.0,80,2349.0
2025-10-23,夜班,ES-07,152.7,92,2696.0
2025-10-24,早班,ES-01,122.0,107,3339.0
2025-10-24,早班,ES-02,131.8,75,2142.0
2025-10-24,早班,ES-03,101.6,66,1890.0
2025-10-24,早班,ES-04,168.0,108,3117.0
2025-10-24,早班,ES-08,121.6,66,1964.0
2025-10-24,中班,ES-01,125.0,111,3158.0
2025-10-24,中班,ES-02,123.5,74,2250.0
2025-10-24,中班,ES-03,114.1,113,3548.0
2025-10-24,中班,ES-04,167.1,116,3318.0
2025-10-24,中班,ES-06,124.7,80,2479.0
2025-10-24,中班,ES-07,157.6,150,4584.0
2025-10-24,中班,ES-08,120.1,137,4434.0
2025-10-24,夜班,ES-01,111.5,48,1481.0
2025-10-24,夜班,ES-02,117.3,111,3134.0
2025-10-24,夜班,ES-03,108.8,78,2522.0
2025-10-24,夜班,ES-04,176.5,97,3047.0
2025-10-24,夜班,ES-06,116.3,89,2695.0
2025-10-24,夜班,ES-07,154.4,105,3021.0
2025-10-25,早班,ES-01,101.3,92,2585.0
2025-10-25,早班,ES-02,120.9,103,3147.0
2025-10-25,早班,ES-03,117.4,115,3389.0
2025-10-25,早班,ES-04,179.0,137,4475.0
2025-10-25,早班,ES-05,130.3,99,2821.0
2025-10-25,早班,ES-08,115.4,110,3599.0
2025-10-25,中班,ES-02,125.6,84,2517.0
2025-10-25,中班,ES-03,103.8,81,2665.0
2025-10-25,中班,ES-05,135.8,97,3091.0
2025-10-25,中班,ES-06,130.5,92,2724.0
2025-10-25,中班,ES-07,134.3,108,3028.0
2025-10-25,中班,ES-08,117.7,89,2874.0
2025-10-25,夜班,ES-01,136.1,130,3812.0
2025-10-25,夜班,ES-02,133.0,84,2742.0
2025-10-25,夜班,ES-03,102.7,73,2277.0
2025-10-25,夜班,ES-04,186.4,87,2664.0
2025-10-25,夜班,ES-05,128.6,95,2940.0
2025-10-25,夜班,ES-06,123.8,106,3005.0
2025-10-25,夜班,ES-07,138.1,92,2602.0
2025-10-25,夜班,ES-08,138.3,80,2349.0
2025-10-26,早班,ES-01,117.5,124,3487.0
2025-10-26,早班,ES-02,122.5,108,3370.0
2025-10-26,早班,ES-03,119.0,93,2873.0
2025-10-26,早班,ES-04,177.6,97,2887.0
2025-10-26,早班,ES-05,130.4,100,3182.0
2025-10-26,早班,ES-06,137.7,70,1980.0
2025-10-26,早班,ES-07,151.1,100,3154.0
2025-10-26,早班,ES-08,125.3,70,1969.0
2025-10-26,中班,ES-01,121.8,68,2046.0
2025-10-26,中班,ES-02,125.5,68,2238.0
2025-10-26,中班,ES-03,124.2,98,2809.0
2025-10-26,中班,ES-04,175.5,69,1972.0
2025-10-26,中班,ES-05,114.5,105,3227.0
2025-10-26,中班,ES-06,176.9,53,1716.0
2025-10-26,中班,ES-07,163.3,90,2795.0
2025-10-26,中班,ES-08,126.7,59,1675.0
2025-10-26,夜班,ES-01,106.6,105,3256.0
2025-10-26,夜班,ES-02,118.6,154,4896.0
2025-10-26,夜班,ES-03,118.8,104,3052.0
2025-10-26,夜班,ES-05,125.3,83,2664.0
2025-10-26,夜班,ES-06,135.6,64,1990.0
2025-10-26,夜班,ES-07,145.5,75,2240.0
2025-10-26,夜班,ES-08,128.5,101,3071.0
2025-10-27,早班,ES-01,122.3,102,3003.0
2025-10-27,早班,ES-02,126.6,107,3042.0
2025-10-27,早班,ES-03,107.3,93,2743.0
2025-10-27,早班,ES-05,133.1,128,3782.0
2025-10-27,早班,ES-07,144.5,81,2621.0
2025-10-27,早班,ES-08,174.2,114,3718.0
2025-10-27,中班,ES-03,108.8,121,3938.0
2025-10-27,中班,ES-04,172.0,107,3470.0
2025-10-27,中班,ES-06,126.7,96,3126.0
2025-10-27,中班,ES-07,148.3,69,2119.0
2025-10-27,中班,ES-08,125.3,109,3472.0
2025-10-27,夜班,ES-01,135.1,65,2061.0
2025-10-27,夜班,ES-02,119.0,55,1659.0
2025-10-27,夜班,ES-05,125.8,88,2662.0
2025-10-27,夜班,ES-06,124.2,77,2433.0
2025-10-27,夜班,ES-07,147.0,124,3679.0
2025-10-27,夜班,ES-08,128.1,105,3457.0
2025-10-28,早班,ES-03,116.6,101,3236.0
2025-10-28,早班,ES-04,175.5,101,2987.0
2025-10-28,早班,ES-05,104.7,98,3119.0
2025-10-28,早班,ES-06,141.6,101,3332.0
2025-10-28,早班,ES-07,164.1,89,2766.0
2025-10-28,中班,ES-01,113.4,64,2084.0
2025-10-28,中班,ES-02,115.4,94,2793.0
2025-10-28,中班,ES-03,105.1,121,3524.0
2025-10-28,中班,ES-04,177.6,90,2944.0
2025-10-28,中班,ES-05,122.9,103,2967.0
2025-10-28,中班,ES-06,131.1,89,2895.0
2025-10-28,中班,ES-08,128.2,111,3515.0
2025-10-28,夜班,ES-01,108.1,55,1788.0
2025-10-28,夜班,ES-02,129.8,99,2854.0
2025-10-28,夜班,ES-03,105.6,119,3345.0
2025-10-28,夜班,ES-04,181.3,104,3128.0
2025-10-28,夜班,ES-05,126.6,118,3641.0
2025-10-28,夜班,ES-06,119.3,92,2767.0
2025-10-28,夜班,ES-07,136.4,103,2983.0
2025-10-28,夜班,ES-08,119.3,54,1710.0
2025-10-29,早班,ES-01,126.2,88,2688.0
2025-10-29,早班,ES-02,134.1,105,3181.0
2025-10-29,早班,ES-03,110.0,64,1993.0
2025-10-29,早班,ES-04,169.2,101,3123.0
2025-10-29,早班,ES-05,126.4,118,3533.0
2025-10-29,早班,ES-07,139.6,107,3304.0
2025-10-29,中班,ES-01,123.4,92,2819.0
2025-10-29,中班,ES-02,128.5,72,2262.0
2025-10-29,中班,ES-03,142.4,90,2729.0
2025-10-29,中班,ES-04,167.1,112,3349.0
2025-10-29,中班,ES-06,116.2,89,2768.0
2025-10-29,中班,ES-08,128.7,104,3226.0
2025-10-29,夜班,ES-02,132.7,151,4816.0
2025-10-29,夜班,ES-03,112.9,94,2858.0
2025-10-29,夜班,ES-04,161.5,99,2871.0
2025-10-29,夜班,ES-06,139.1,100,3167.0
2025-10-29,夜班,ES-07,149.9,86,2520.0
2025-10-29,夜班,ES-08,121.2,66,2058.0
2025-10-30,早班,ES-02,138.7,107,3494.0
2025-10-30,早班,ES-03,125.8,101,3089.0
2025-10-30,早班,ES-06,129.9,95,3121.0
2025-10-30,早班,ES-07,152.4,114,3444.0
2025-10-30,早班,ES-08,129.0,91,2936.0
2025-10-30,中班,ES-01,109.1,93,2881.0
2025-10-30,中班,ES-02,135.6,81,2333.0
2025-10-30,中班,ES-03,112.5,100,2935.0
2025-10-30,中班,ES-04,193.6,114,3386.0
2025-10-30,中班,ES-05,112.5,68,2185.0
2025-10-30,中班,ES-06,135.8,117,3814.0
2025-10-30,中班,ES-08,119.8,116,3479.0
2025-10-30,夜班,ES-01,136.7,130,4031.0
2025-10-30,夜班,ES-02,134.8,107,3444.0
2025-10-30,夜班,ES-03,120.7,95,3036.0
2025-10-30,夜班,ES-04,173.6,97,2754.0
2025-10-30,夜班,ES-05,122.6,74,2215.0
2025-10-30,夜班,ES-07,142.0,103,3256.0
2025-10-30,夜班,ES-08,126.1,87,2687.0
2025-10-31,早班,ES-01,129.9,116,3611.0
2025-10-31,早班,ES-02,125.3,97,2903.0
2025-10-31,早班,ES-03,116.3,121,3906.0
2025-10-31,早班,ES-05,120.7,111,3384.0
2025-10-31,中班,ES-02,113.9,92,2610.0
2025-10-31,中班,ES-03,106.7,75,2429.0
2025-10-31,中班,ES-04,164.8,81,2480.0
2025-10-31,中班,ES-05,111.4,151,4566.0
2025-10-31,中班,ES-06,123.3,133,3983.0
2025-10-31,夜班,ES-01,129.0,113,3452.0
2025-10-31,夜班,ES-02,120.1,96,3075.0
2025-10-31,夜班,ES-03,107.9,112,3475.0
2025-10-31,夜班,ES-04,172.1,71,2167.0
2025-10-31,夜班,ES-05,140.6,100,2896.0
2025-10-31,夜班,ES-07,149.9,98,2746.0
2025-10-31,夜班,ES-08,118.7,94,2953.0
2025-11-01,早班,ES-01,107.4,99,3053.0
2025-11-01,早班,ES-02,138.8,69,2109.0
2025-11-01,早班,ES-03,112.6,98,3179.0
2025-11-01,早班,ES-04,177.7,128,3980.0
2025-11-01,早班,ES-06,129.8,81,2336.0
2025-11-01,早班,ES-07,149.3,110,3169.0
2025-11-01,早班,ES-08,127.1,94,2825.0
2025-11-01,中班,ES-01,117.9,135,4128.0
2025-11-01,中班,ES-03,99.5,97,2934.0
2025-11-01,中班,ES-04,183.4,83,2580.0
2025-11-01,中班,ES-05,122.1,58,1671.0
2025-11-01,中班,ES-06,138.1,100,3195.0
2025-11-01,中班,ES-07,149.5,89,2507.0
2025-11-01,夜班,ES-01,124.3,113,3306.0
2025-11-01,夜班,ES-02,134.1,85,2701.0
2025-11-01,夜班,ES-03,128.2,106,3448.0
2025-11-01,夜班,ES-05,140.4,96,2953.0
2025-11-01,夜班,ES-06,144.9,83,2480.0
2025-11-01,夜班,ES-07,163.7,117,3280.0
2025-11-01,夜班,ES-08,112.9,77,2487.0
2025-11-02,早班,ES-01,119.3,94,2925.0
2025-11-02,早班,ES-02,125.6,102,3111.0
2025-11-02,早班,ES-04,177.5,69,2119.0
2025-11-02,早班,ES-05,132.3,98,2813.0
2025-11-02,早班,ES-06,136.2,91,2659.0
2025-11-02,早班,ES-07,150.8,71,2063.0
2025-11-02,早班,ES-08,104.1,101,3140.0
2025-11-02,中班,ES-01,121.5,96,2950.0
2025-11-02,中班,ES-03,113.9,97,3049.0
2025-11-02,中班,ES-04,167.5,88,2604.0
2025-11-02,中班,ES-05,140.8,107,3174.0
2025-11-02,中班,ES-06,123.5,75,2267.0
2025-11-02,中班,ES-07,155.1,101,3016.0
2025-11-02,中班,ES-08,130.8,92,2989.0
2025-11-02,夜班,ES-01,124.9,92,2942.0
2025-11-02,夜班,ES-02,186.9,122,3910.0
2025-11-02,夜班,ES-03,100.0,82,2360.0
2025-11-02,夜班,ES-04,166.2,106,3459.0
2025-11-02,夜班,ES-05,136.8,71,2317.0
2025-11-02,夜班,ES-06,123.0,104,3170.0
2025-11-02,夜班,ES-07,156.2,68,1946.0
2025-11-02,夜班,ES-08,119.5,106,3213.0
2025-11-03,早班,ES-01,112.1,75,2407.0
2025-11-03,早班,ES-02,126.4,111,3621.0
2025-11-03,早班,ES-03,110.1,86,2623.0
2025-11-03,早班,ES-04,168.9,99,2956.0
2025-11-03,早班,ES-05,121.0,64,1939.0
2025-11-03,早班,ES-06,132.1,71,2038.0
2025-11-03,早班,ES-07,155.0,115,3427.0
2025-11-03,早班,ES-08,125.9,106,3347.0
2025-11-03,中班,ES-01,104.4,68,1911.0
2025-11-03,中班,ES-02,135.8,83,2557.0
2025-11-03,中班,ES-04,182.9,112,3662.0
2025-11-03,中班,ES-05,138.7,94,3074.0
2025-11-03,中班,ES-06,121.4,129,3839.0
2025-11-03,中班,ES-07,142.7,90,2822.0
2025-11-03,中班,ES-08,124.5,79,2418.0
2025-11-03,夜班,ES-01,122.8,72,2189.0
2025-11-03,夜班,ES-02,122.3,102,3284.0
2025-11-03,夜班,ES-03,120.2,125,3957.0
2025-11-03,夜班,ES-04,171.2,74,2080.0
2025-11-03,夜班,ES-05,125.8,93,2899.0
2025-11-03,夜班,ES-06,128.1,109,3053.0
2025-11-03,夜班,ES-07,215.2,116,3564.0
2025-11-04,早班,ES-01,114.9,81,2359.0
2025-11-04,早班,ES-03,115.8,110,3288.0
2025-11-04,早班,ES-05,133.8,111,3644.0
2025-11-04,早班,ES-06,113.9,74,2089.0
2025-11-04,早班,ES-07,159.6,92,2606.0
2025-11-04,早班,ES-08,120.2,94,2954.0
2025-11-04,中班,ES-01,116.9,109,3101.0
2025-11-04,中班,ES-03,109.9,85,2628.0
2025-11-04,中班,ES-04,168.9,91,2649.0
2025-11-04,中班,ES-06,116.5,91,2902.0
2025-11-04,中班,ES-07,158.0,91,2946.0
2025-11-04,中班,ES-08,136.7,85,2621.0
2025-11-04,夜班,ES-02,131.1,86,2477.0
2025-11-04,夜班,ES-03,99.3,102,2887.0
2025-11-04,夜班,ES-04,180.7,85,2723.0
2025-11-04,夜班,ES-06,132.8,120,3365.0
2025-11-04,夜班,ES-07,148.0,81,2660.0
2025-11-05,早班,ES-01,124.6,50,1572.0
2025-11-05,早班,ES-02,110.9,78,2483.0
2025-11-05,早班,ES-03,108.7,102,3231.0
2025-11-05,早班,ES-04,185.7,87,2828.0
2025-11-05,早班,ES-05,127.3,102,3315.0
2025-11-05,早班,ES-06,124.2,118,3687.0
2025-11-05,早班,ES-07,149.9,94,2897.0
2025-11-05,早班,ES-08,130.0,119,3389.0
2025-11-05,中班,ES-02,109.8,89,2746.0
2025-11-05,中班,ES-03,116.7,123,3916.0
2025-11-05,中班,ES-04,161.0,92,2795.0
2025-11-05,中班,ES-05,137.1,96,2977.0
2025-11-05,中班,ES-06,134.5,98,3149.0
2025-11-05,中班,ES-07,150.1,86,2624.0
2025-11-05,中班,ES-08,142.4,98,2835.0
2025-11-05,夜班,ES-02,139.8,55,1634.0
2025-11-05,夜班,ES-03,114.4,85,2440.0
2025-11-05,夜班,ES-04,177.2,83,2503.0
2025-11-05,夜班,ES-06,124.4,79,2350.0
2025-11-05,夜班,ES-07,159.3,101,3045.0
2025-11-05,夜班,ES-08,113.9,68,2010.0
2025-11-06,早班,ES-01,116.4,82,2497.0
2025-11-06,早班,ES-04,202.4,91,2853.0
2025-11-06,早班,ES-05,120.1,61,1951.0
2025-11-06,早班,ES-06,131.2,92,2624.0
2025-11-06,早班,ES-08,111.9,87,2677.0
2025-11-06,中班,ES-01,174.3,150,4299.0
2025-11-06,中班,ES-02,107.0,87,2535.0
2025-11-06,中班,ES-03,108.4,94,2868.0
2025-11-06,中班,ES-04,185.1,93,2660.0
2025-11-06,中班,ES-05,131.5,89,2770.0
2025-11-06,中班,ES-06,142.5,109,3359.0
2025-11-06,中班,ES-07,165.1,94,2931.0
2025-11-06,中班,ES-08,117.0,135,3848.0
2025-11-06,夜班,ES-01,133.7,83,2645.0
2025-11-06,夜班,ES-02,134.3,87,2479.0
2025-11-06,夜班,ES-03,114.5,106,3132.0
2025-11-06,夜班,ES-05,114.2,81,2373.0
2025-11-06,夜班,ES-07,131.1,102,3020.0
2025-11-06,夜班,ES-08,121.0,77,2315.0
2025-11-07,早班,ES-01,120.5,69,2165.0
2025-11-07,早班,ES-03,116.3,127,3946.0
2025-11-07,早班,ES-04,186.6,72,2327.0
2025-11-07,早班,ES-05,132.6,104,3253.0
2025-11-07,早班,ES-06,121.1,118,3314.0
2025-11-07,早班,ES-07,155.4,81,2424.0
2025-11-07,早班,ES-08,116.8,91,2863.0
2025-11-07,中班,ES-01,128.4,84,2403.0
2025-11-07,中班,ES-02,124.7,124,3856.0
2025-11-07,中班,ES-03,117.5,74,2207.0
2025-11-07,中班,ES-04,174.1,105,3085.0
2025-11-07,中班,ES-05,124.4,80,2395.0
2025-11-07,中班,ES-06,129.4,114,3261.0
2025-11-07,中班,ES-07,153.2,78,2533.0
2025-11-07,中班,ES-08,126.3,77,2529.0
2025-11-07,夜班,ES-01,118.8,79,2274.0
2025-11-07,夜班,ES-02,124.0,72,2187.0
2025-11-07,夜班,ES-03,108.2,106,3419.0
2025-11-07,夜班,ES-04,183.5,90,2882.0
2025-11-07,夜班,ES-05,128.3,102,3339.0
2025-11-07,夜班,ES-06,126.9,95,2997.0
2025-11-07,夜班,ES-08,111.3,88,2696.0
2025-11-08,早班,ES-01,125.4,97,2872.0
2025-11-08,早班,ES-02,120.0,146,4248.0
2025-11-08,早班,ES-03,111.9,125,3747.0
2025-11-08,早班,ES-04,170.2,96,2731.0
2025-11-08,早班,ES-05,136.5,120,3406.0
2025-11-08,早班,ES-08,130.9,95,2858.0
2025-11-08,中班,ES-02,134.1,116,3503.0
2025-11-08,中班,ES-03,111.1,110,3274.0
2025-11-08,中班,ES-04,170.7,102,2986.0
2025-11-08,中班,ES-05,123.2,74,2412.0
2025-11-08,中班,ES-07,164.4,93,2842.0
2025-11-08,夜班,ES-01,122.3,114,3240.0
2025-11-08,夜班,ES-02,134.8,102,3009.0
2025-11-08,夜班,ES-05,115.4,92,2613.0
2025-11-08,夜班,ES-07,150.9,81,2659.0
2025-11-08,夜班,ES-08,125.7,88,2732.0
2025-11-09,早班,ES-01,122.0,107,3454.0
2025-11-09,早班,ES-02,125.3,84,2704.0
2025-11-09,早班,ES-03,112.3,88,2775.0
2025-11-09,早班,ES-06,136.7,94,2851.0
2025-11-09,早班,ES-07,157.4,92,2877.0
2025-11-09,早班,ES-08,174.5,79,2561.0
2025-11-09,中班,ES-01,117.9,90,2956.0
2025-11-09,中班,ES-02,133.2,70,2044.0
2025-11-09,中班,ES-03,122.7,64,1915.0
2025-11-09,中班,ES-04,169.3,96,2740.0
2025-11-09,中班,ES-05,118.1,115,3585.0
2025-11-09,中班,ES-06,136.5,78,2284.0
2025-11-09,中班,ES-07,224.4,81,2615.0
2025-11-09,中班,ES-08,120.0,92,3030.0
2025-11-09,夜班,ES-01,123.7,79,2547.0
2025-11-09,夜班,ES-02,124.5,74,2314.0
2025-11-09,夜班,ES-04,175.2,100,3112.0
2025-11-09,夜班,ES-05,128.1,92,2607.0
2025-11-09,夜班,ES-06,117.1,71,2005.0
2025-11-09,夜班,ES-07,154.9,86,2812.0
2025-11-09,夜班,ES-08,122.3,136,4054.0
2025-11-10,早班,ES-02,119.8,77,2275.0
2025-11-10,早班,ES-03,111.2,79,2345.0
2025-11-10,早班,ES-06,133.0,89,2862.0
2025-11-10,早班,ES-07,189.9,112,3445.0
2025-11-10,中班,ES-01,117.9,121,3408.0
2025-11-10,中班,ES-02,125.5,118,3805.0
2025-11-10,中班,ES-03,97.0,105,3239.0
2025-11-10,中班,ES-04,177.1,131,4167.0
2025-11-10,中班,ES-05,132.5,75,2150.0
2025-11-10,中班,ES-06,137.2,87,2494.0
2025-11-10,中班,ES-07,160.6,104,3382.0
2025-11-10,夜班,ES-01,122.8,65,2057.0
2025-11-10,夜班,ES-02,124.8,138,4084.0
2025-11-10,夜班,ES-05,127.6,70,2243.0
2025-11-10,夜班,ES-06,114.7,115,3685.0
2025-11-10,夜班,ES-07,152.8,76,2177.0
2025-11-11,早班,ES-01,117.7,99,3220.0
2025-11-11,早班,ES-02,119.7,111,3143.0
2025-11-11,早班,ES-03,108.7,72,2211.0
2025-11-11,早班,ES-04,173.7,85,2651.0
2025-11-11,早班,ES-05,124.8,118,3383.0
2025-11-11,早班,ES-06,147.9,92,2819.0
2025-11-11,早班,ES-07,146.5,96,2802.0
2025-11-11,早班,ES-08,135.3,93,2963.0
2025-11-11,中班,ES-01,114.5,80,2558.0
2025-11-11,中班,ES-03,113.2,92,2780.0
2025-11-11,中班,ES-05,125.0,83,2527.0
2025-11-11,中班,ES-06,121.4,113,3291.0
2025-11-11,中班,ES-07,140.1,96,3062.0
2025-11-11,中班,ES-08,134.1,115,3459.0
2025-11-11,夜班,ES-01,125.9,84,2696.0
2025-11-11,夜班,ES-02,129.9,83,2533.0
2025-11-11,夜班,ES-03,98.5,88,2819.0
2025-11-11,夜班,ES-04,178.7,106,3168.0
2025-11-11,夜班,ES-05,126.5,93,2797.0
2025-11-11,夜班,ES-06,138.5,71,2336.0
2025-11-11,夜班,ES-07,157.6,68,2170.0
2025-11-12,早班,ES-01,153.3,89,2539.0
2025-11-12,早班,ES-02,124.1,74,2273.0
2025-11-12,早班,ES-03,106.5,88,2523.0
2025-11-12,早班,ES-05,128.7,56,1638.0
2025-11-12,早班,ES-07,145.5,92,2859.0
2025-11-12,早班,ES-08,111.9,86,2682.0
2025-11-12,中班,ES-01,104.9,120,3852.0
2025-11-12,中班,ES-02,137.5,87,2831.0
2025-11-12,中班,ES-03,117.6,94,2832.0
2025-11-12,中班,ES-04,189.3,79,2285.0
2025-11-12,中班,ES-05,131.5,71,2016.0
2025-11-12,中班,ES-06,120.1,44,1452.0
2025-11-12,中班,ES-07,142.2,94,2963.0
2025-11-12,中班,ES-08,122.3,111,3230.0
2025-11-12,夜班,ES-01,110.9,131,3758.0
2025-11-12,夜班,ES-03,102.3,89,2812.0
2025-11-12,夜班,ES-04,166.9,132,4094.0
2025-11-12,夜班,ES-05,127.6,80,2486.0
2025-11-12,夜班,ES-06,125.7,78,2484.0
2025-11-12,夜班,ES-07,154.2,94,2881.0
2025-11-12,夜班,ES-08,128.6,78,2254.0
2025-11-13,早班,ES-01,129.6,100,2817.0
2025-11-13,早班,ES-02,126.7,81,2511.0
2025-11-13,早班,ES-04,169.9,92,2785.0
2025-11-13,早班,ES-05,126.6,88,2598.0
2025-11-13,早班,ES-06,121.5,100,3126.0
2025-11-13,早班,ES-07,214.9,77,2508.0
2025-11-13,早班,ES-08,123.5,121,3869.0
2025-11-13,中班,ES-01,117.4,79,2306.0
2025-11-13,中班,ES-02,132.6,96,2721.0
2025-11-13,中班,ES-03,100.9,88,2738.0
2025-11-13,中班,ES-04,181.5,115,3523.0
2025-11-13,中班,ES-06,133.4,141,3969.0
2025-11-13,中班,ES-07,159.3,93,2908.0
2025-11-13,中班,ES-08,122.5,90,2626.0
2025-11-13,夜班,ES-01,115.7,68,2049.0
2025-11-13,夜班,ES-02,126.0,114,3550.0
2025-11-13,夜班,ES-03,102.1,70,2154.0
2025-11-13,夜班,ES-04,165.2,93,2983.0
2025-11-13,夜班,ES-06,130.9,87,2477.0
2025-11-14,早班,ES-01,116.8,98,2935.0
2025-11-14,早班,ES-02,195.8,85,2744.0
2025-11-14,早班,ES-03,113.5,89,2609.0
2025-11-14,早班,ES-04,163.8,111,3131.0
2025-11-14,早班,ES-05,129.1,75,2173.0
2025-11-14,早班,ES-06,135.5,94,2839.0
2025-11-14,早班,ES-07,157.7,116,3588.0
2025-11-14,早班,ES-08,123.9,114,3715.0
2025-11-14,中班,ES-01,114.1,86,2620.0
2025-11-14,中班,ES-02,121.8,91,2818.0
2025-11-14,中班,ES-03,114.6,117,3843.0
2025-11-14,中班,ES-06,132.0,150,4235.0
2025-11-14,中班,ES-07,148.4,92,2641.0
2025-11-14,中班,ES-08,125.4,87,2479.0
2025-11-14,夜班,ES-01,172.1,91,2941.0
2025-11-14,夜班,ES-02,118.1,107,3185.0
2025-11-14,夜班,ES-04,177.4,95,2919.0
2025-11-14,夜班,ES-05,126.1,82,2624.0
2025-11-14,夜班,ES-06,124.1,75,2154.0
2025-11-14,夜班,ES-08,115.7,85,2426.0
2025-11-15,早班,ES-01,121.1,89,2706.0
2025-11-15,早班,ES-02,133.6,92,2716.0
2025-11-15,早班,ES-03,104.2,105,2987.0
2025-11-15,早班,ES-04,165.7,119,3689.0
2025-11-15,早班,ES-05,136.7,120,3619.0
2025-11-15,早班,ES-06,131.8,136,4202.0
2025-11-15,早班,ES-07,146.1,90,2866.0
2025-11-15,早班,ES-08,126.6,116,3457.0
2025-11-15,中班,ES-01,115.0,90,2824.0
2025-11-15,中班,ES-02,115.3,108,3516.0
2025-11-15,中班,ES-04,166.2,81,2514.0
2025-11-15,中班,ES-05,121.8,68,2107.0
2025-11-15,中班,ES-06,124.7,93,2727.0
2025-11-15,中班,ES-07,143.6,109,3166.0
2025-11-15,中班,ES-08,124.6,88,2823.0
2025-11-15,夜班,ES-01,122.4,112,3413.0
2025-11-15,夜班,ES-03,98.4,96,3114.0
2025-11-15,夜班,ES-04,184.6,81,2335.0
2025-11-15,夜班,ES-05,126.0,77,2391.0
2025-11-15,夜班,ES-06,133.4,77,2393.0
2025-11-15,夜班,ES-07,148.7,118,3657.0
2025-11-16,早班,ES-03,102.6,124,3500.0
2025-11-16,早班,ES-05,138.6,114,3502.0
2025-11-16,早班,ES-07,151.1,72,2034.0
2025-11-16,早班,ES-08,119.1,131,3912.0
2025-11-16,中班,ES-01,119.3,115,3374.0
2025-11-16,中班,ES-03,102.9,84,2672.0
2025-11-16,中班,ES-04,181.0,95,3075.0
2025-11-16,中班,ES-05,137.4,120,3919.0
2025-11-16,中班,ES-06,135.4,85,2701.0
2025-11-16,中班,ES-07,152.9,81,2426.0
2025-11-16,中班,ES-08,163.9,89,2899.0
2025-11-16,夜班,ES-01,125.0,112,3188.0
2025-11-16,夜班,ES-02,113.8,119,3657.0
2025-11-16,夜班,ES-04,174.9,92,2689.0
2025-11-16,夜班,ES-05,122.5,80,2365.0
2025-11-16,夜班,ES-06,120.8,55,1742.0
2025-11-16,夜班,ES-07,153.2,102,3361.0
2025-11-17,早班,ES-01,112.5,59,1706.0
2025-11-17,早班,ES-02,121.8,70,2035.0
2025-11-17,早班,ES-03,106.5,108,3080.0
2025-11-17,早班,ES-04,173.6,121,3926.0
2025-11-17,早班,ES-05,122.5,102,3228.0
2025-11-17,早班,ES-06,128.0,120,3749.0
2025-11-17,早班,ES-07,152.8,106,3082.0
2025-11-17,中班,ES-01,127.6,81,2533.0
2025-11-17,中班,ES-02,144.4,88,2548.0
2025-11-17,中班,ES-04,167.3,141,4044.0
2025-11-17,中班,ES-05,132.9,91,2600.0
2025-11-17,中班,ES-07,154.2,83,2687.0
2025-11-17,中班,ES-08,125.9,94,2879.0
2025-11-17,夜班,ES-01,113.0,52,1550.0
2025-11-17,夜班,ES-03,95.8,125,3656.0
2025-11-17,夜班,ES-05,125.7,86,2510.0
2025-11-17,夜班,ES-06,116.1,106,3048.0
2025-11-17,夜班,ES-08,127.3,77,2467.0
2025-11-18,早班,ES-01,132.9,63,1878.0
2025-11-18,早班,ES-02,132.5,83,2425.0
2025-11-18,早班,ES-05,133.0,107,3318.0
2025-11-18,早班,ES-06,171.1,91,2881.0
2025-11-18,早班,ES-07,156.1,77,2376.0
2025-11-18,早班,ES-08,115.7,72,2122.0
2025-11-18,中班,ES-01,129.1,77,2231.0
2025-11-18,中班,ES-02,133.2,68,2137.0
2025-11-18,中班,ES-04,170.6,98,2929.0
2025-11-18,中班,ES-05,137.4,109,3539.0
2025-11-18,中班,ES-06,119.2,92,2878.0
2025-11-18,中班,ES-07,140.2,108,3383.0
2025-11-18,中班,ES-08,131.4,102,3053.0
2025-11-18,夜班,ES-01,118.2,93,2935.0
2025-11-18,夜班,ES-03,106.3,86,2748.0
2025-11-18,夜班,ES-05,128.5,108,3437.0
2025-11-18,夜班,ES-06,131.3,91,2893.0
2025-11-18,夜班,ES-07,149.9,106,3316.0
2025-11-18,夜班,ES-08,128.6,95,2977.0
2025-11-19,早班,ES-02,120.0,95,3090.0
2025-11-19,早班,ES-04,177.4,91,2757.0
2025-11-19,早班,ES-06,123.2,93,2972.0
2025-11-19,早班,ES-07,151.7,112,3547.0
2025-11-19,中班,ES-02,128.6,95,2700.0
2025-11-19,中班,ES-04,182.6,104,3416.0
2025-11-19,中班,ES-05,117.6,38,1080.0
2025-11-19,中班,ES-06,143.8,96,2996.0
2025-11-19,中班,ES-07,157.4,95,2688.0
2025-11-19,中班,ES-08,118.9,93,3017.0
2025-11-19,夜班,ES-02,136.8,95,2731.0
2025-11-19,夜班,ES-03,106.2,81,2633.0
2025-11-19,夜班,ES-04,179.5,101,2911.0
2025-11-19,夜班,ES-05,116.8,81,2362.0
2025-11-19,夜班,ES-06,126.3,112,3312.0
2025-11-20,早班,ES-01,130.4,133,3901.0
2025-11-20,早班,ES-02,135.5,71,2164.0
2025-11-20,早班,ES-03,103.4,83,2578.0
2025-11-20,早班,ES-04,181.6,81,2651.0
2025-11-20,早班,ES-05,129.9,104,3203.0
2025-11-20,早班,ES-07,129.5,129,4139.0
2025-11-20,中班,ES-01,125.1,93,2695.0
2025-11-20,中班,ES-02,141.1,101,3284.0
2025-11-20,中班,ES-03,92.3,91,2700.0
2025-11-20,中班,ES-04,179.5,99,2883.0
2025-11-20,中班,ES-05,119.5,96,2885.0
2025-11-20,中班,ES-06,141.8,85,2521.0
2025-11-20,中班,ES-07,148.8,85,2438.0
2025-11-20,夜班,ES-05,142.2,84,2426.0
2025-11-20,夜班,ES-06,129.3,106,3023.0
2025-11-20,夜班,ES-07,147.4,110,3622.0
2025-11-20,夜班,ES-08,111.0,90,2699.0
2025-11-21,早班,ES-01,121.1,96,3101.0
2025-11-21,早班,ES-03,110.4,88,2795.0
2025-11-21,早班,ES-04,167.3,118,3411.0
2025-11-21,早班,ES-05,111.4,129,3721.0
2025-11-21,早班,ES-06,128.4,102,3077.0
2025-11-21,早班,ES-07,155.9,87,2631.0
2025-11-21,早班,ES-08,123.9,100,2983.0
2025-11-21,中班,ES-01,124.8,90,2634.0
2025-11-21,中班,ES-02,132.7,79,2287.0
2025-11-21,中班,ES-06,138.0,103,3280.0
2025-11-21,中班,ES-07,157.5,84,2415.0
2025-11-21,中班,ES-08,121.0,114,3252.0
2025-11-21,夜班,ES-01,109.1,106,3446.0
2025-11-21,夜班,ES-02,116.8,86,2762.0
2025-11-21,夜班,ES-03,107.1,76,2393.0
2025-11-21,夜班,ES-05,143.0,79,2385.0
2025-11-21,夜班,ES-07,134.9,110,3485.0
2025-11-21,夜班,ES-08,132.8,88,2686.0
2025-11-22,早班,ES-01,150.1,98,3050.0
2025-11-22,早班,ES-03,115.0,125,3999.0
2025-11-22,早班,ES-04,174.0,86,2463.0
2025-11-22,早班,ES-06,139.2,91,2592.0
2025-11-22,早班,ES-07,156.1,121,3796.0
2025-11-22,早班,ES-08,118.4,74,2116.0
2025-11-22,中班,ES-01,116.4,131,4297.0
2025-11-22,中班,ES-02,119.9,100,2827.0
2025-11-22,中班,ES-03,118.6,116,3426.0
2025-11-22,中班,ES-04,175.4,86,2634.0
2025-11-22,中班,ES-05,133.0,71,2030.0
2025-11-22,夜班,ES-02,128.2,80,2576.0
2025-11-22,夜班,ES-03,119.5,59,1939.0
2025-11-22,夜班,ES-04,182.3,103,3208.0
2025-11-22,夜班,ES-05,121.7,71,2226.0
2025-11-22,夜班,ES-06,137.1,131,3821.0
2025-11-22,夜班,ES-07,159.8,91,2871.0
2025-11-22,夜班,ES-08,124.8,113,3357.0
2025-11-23,早班,ES-02,127.2,118,3451.0
2025-11-23,早班,ES-05,114.5,93,2828.0
2025-11-23,早班,ES-06,124.6,84,2443.0
2025-11-23,早班,ES-07,147.5,96,2972.0
2025-11-23,中班,ES-01,117.3,113,3234.0
2025-11-23,中班,ES-02,130.5,98,2931.0
2025-11-23,中班,ES-03,118.5,83,2345.0
2025-11-23,中班,ES-04,180.8,115,3606.0
2025-11-23,中班,ES-05,127.9,112,3181.0
2025-11-23,中班,ES-06,228.3,94,2719.0
2025-11-23,中班,ES-07,141.8,78,2459.0
2025-11-23,中班,ES-08,122.5,81,2487.0
2025-11-23,夜班,ES-01,112.1,134,4038.0
2025-11-23,夜班,ES-03,94.6,93,2877.0
2025-11-23,夜班,ES-05,126.4,88,2880.0
2025-11-23,夜班,ES-07,145.4,95,2840.0
2025-11-23,夜班,ES-08,117.9,103,2906.0
2025-11-24,早班,ES-01,122.3,95,3051.0
2025-11-24,早班,ES-02,129.0,147,4752.0
2025-11-24,早班,ES-03,114.6,79,2533.0
2025-11-24,早班,ES-04,166.4,110,3587.0
2025-11-24,早班,ES-05,190.9,74,2196.0
2025-11-24,早班,ES-07,147.5,77,2179.0
2025-11-24,早班,ES-08,120.5,93,2710.0
2025-11-24,中班,ES-01,101.5,83,2444.0
2025-11-24,中班,ES-02,119.0,127,3912.0
2025-11-24,中班,ES-03,106.5,91,2577.0
2025-11-24,中班,ES-04,174.3,87,2552.0
2025-11-24,中班,ES-05,131.2,92,3014.0
2025-11-24,中班,ES-06,135.4,94,2674.0
2025-11-24,中班,ES-07,158.5,80,2554.0
2025-11-24,中班,ES-08,133.9,113,3668.0
2025-11-24,夜班,ES-01,114.2,79,2491.0
2025-11-24,夜班,ES-02,127.9,108,3093.0
2025-11-24,夜班,ES-03,112.4,115,3297.0
2025-11-24,夜班,ES-04,184.3,79,2358.0
2025-11-24,夜班,ES-05,122.1,76,2326.0
2025-11-24,夜班,ES-06,139.1,98,3210.0
2025-11-24,夜班,ES-07,146.0,96,3085.0
2025-11-24,夜班,ES-08,124.0,67,2185.0
2025-11-25,早班,ES-01,139.7,72,2080.0
2025-11-25,早班,ES-02,127.9,92,2609.0
2025-11-25,早班,ES-03,117.5,81,2506.0
2025-11-25,早班,ES-04,174.8,82,2452.0
2025-11-25,早班,ES-05,110.9,99,3191.0
2025-11-25,早班,ES-06,145.7,143,4149.0
2025-11-25,早班,ES-07,139.4,55,1692.0
2025-11-25,中班,ES-01,107.8,99,3000.0
2025-11-25,中班,ES-02,125.6,66,2110.0
2025-11-25,中班,ES-03,107.3,111,3152.0
2025-11-25,中班,ES-04,174.3,117,3585.0
2025-11-25,中班,ES-06,133.7,120,3655.0
2025-11-25,中班,ES-07,157.5,86,2694.0
2025-11-25,中班,ES-08,133.3,99,2843.0
2025-11-25,夜班,ES-02,134.4,99,2854.0
2025-11-25,夜班,ES-03,118.8,99,3047.0
2025-11-25,夜班,ES-04,186.8,87,2770.0
2025-11-25,夜班,ES-05,122.8,79,2448.0
2025-11-25,夜班,ES-06,138.2,89,2579.0
2025-11-25,夜班,ES-07,161.0,101,2951.0
2025-11-25,夜班,ES-08,128.4,105,3134.0
2025-11-26,早班,ES-01,113.1,117,3488.0
2025-11-26,早班,ES-02,127.0,111,3263.0
2025-11-26,早班,ES-03,86.2,106,3479.0
2025-11-26,早班,ES-04,179.3,69,2007.0
2025-11-26,早班,ES-06,114.6,94,2900.0
2025-11-26,早班,ES-07,159.4,96,3156.0
2025-11-26,早班,ES-08,133.9,94,2760.0
2025-11-26,中班,ES-01,118.0,86,2417.0
2025-11-26,中班,ES-02,118.5,88,2709.0
2025-11-26,中班,ES-03,102.0,121,3522.0
2025-11-26,中班,ES-04,183.2,93,2782.0
2025-11-26,中班,ES-05,129.4,71,2273.0
2025-11-26,中班,ES-06,131.2,81,2351.0
2025-11-26,中班,ES-07,154.6,113,3553.0
2025-11-26,中班,ES-08,121.1,103,3209.0
2025-11-26,夜班,ES-01,130.7,118,3670.0
2025-11-26,夜班,ES-02,108.9,92,2748.0
2025-11-26,夜班,ES-03,110.7,122,3578.0
2025-11-26,夜班,ES-04,177.0,78,2279.0
2025-11-26,夜班,ES-05,134.9,98,2999.0
2025-11-26,夜班,ES-06,127.3,108,3091.0
2025-11-26,夜班,ES-08,118.4,116,3576.0
2025-11-27,早班,ES-01,106.1,85,2691.0
2025-11-27,早班,ES-02,113.2,83,2543.0
2025-11-27,早班,ES-04,217.3,76,2367.0
2025-11-27,早班,ES-05,121.4,93,3068.0
2025-11-27,早班,ES-06,168.9,107,3444.0
2025-11-27,早班,ES-07,157.5,108,3171.0
2025-11-27,早班,ES-08,129.9,77,2528.0
2025-11-27,中班,ES-01,107.2,92,2886.0
2025-11-27,中班,ES-02,139.9,59,1935.0
2025-11-27,中班,ES-04,175.5,82,2514.0
2025-11-27,中班,ES-05,128.9,78,2505.0
2025-11-27,中班,ES-07,156.4,100,2942.0
2025-11-27,中班,ES-08,121.3,84,2749.0
2025-11-27,夜班,ES-01,123.9,135,4429.0
2025-11-27,夜班,ES-02,133.9,88,2727.0
2025-11-27,夜班,ES-03,104.4,105,2987.0
2025-11-27,夜班,ES-04,176.7,69,1948.0
2025-11-27,夜班,ES-05,132.4,57,1877.0
2025-11-27,夜班,ES-06,131.9,112,3420.0
2025-11-27,夜班,ES-07,146.3,117,3810.0
2025-11-27,夜班,ES-08,121.5,61,1896.0
2025-11-28,早班,ES-01,111.4,115,3439.0
2025-11-28,早班,ES-02,134.1,65,1985.0
2025-11-28,早班,ES-03,108.5,108,3409.0
2025-11-28,早班,ES-05,121.0,98,3021.0
2025-11-28,早班,ES-06,138.2,91,2711.0
2025-11-28,早班,ES-07,145.5,100,2837.0
2025-11-28,早班,ES-08,124.6,63,1876.0
2025-11-28,中班,ES-03,99.6,89,2681.0
2025-11-28,中班,ES-04,176.4,89,2899.0
2025-11-28,中班,ES-05,137.5,84,2652.0
2025-11-28,中班,ES-07,151.8,113,3588.0
2025-11-28,夜班,ES-02,133.2,71,2024.0
2025-11-28,夜班,ES-03,119.0,62,1903.0
2025-11-28,夜班,ES-04,185.8,107,3155.0
2025-11-28,夜班,ES-05,138.2,106,3375.0
2025-11-28,夜班,ES-06,131.2,102,2930.0
2025-11-29,早班,ES-01,118.6,99,2874.0
2025-11-29,早班,ES-04,208.7,98,2819.0
2025-11-29,早班,ES-06,125.3,98,2818.0
2025-11-29,早班,ES-08,126.3,103,3001.0
2025-11-29,中班,ES-02,134.3,72,2279.0
2025-11-29,中班,ES-03,110.2,53,1554.0
2025-11-29,中班,ES-04,165.3,74,2162.0
2025-11-29,中班,ES-05,131.8,69,2009.0
2025-11-29,中班,ES-06,124.4,73,2082.0
2025-11-29,中班,ES-07,134.1,84,2532.0
2025-11-29,中班,ES-08,126.6,89,2873.0
2025-11-29,夜班,ES-01,178.6,46,1475.0
2025-11-29,夜班,ES-02,135.0,102,3003.0
2025-11-29,夜班,ES-03,111.7,82,2622.0
2025-11-29,夜班,ES-04,182.3,71,2324.0
2025-11-29,夜班,ES-05,137.7,69,2125.0
2025-11-29,夜班,ES-06,133.1,107,3203.0
2025-11-29,夜班,ES-07,143.7,93,2608.0
2025-11-29,夜班,ES-08,117.1,88,2567.0
2025-11-30,早班,ES-01,119.1,80,2594.0
2025-11-30,早班,ES-02,136.4,70,2234.0
2025-11-30,早班,ES-03,102.8,71,2035.0
2025-11-30,早班,ES-04,182.5,125,3747.0
2025-11-30,早班,ES-05,116.9,88,2467.0
2025-11-30,早班,ES-06,125.7,87,2485.0
2025-11-30,早班,ES-07,151.2,84,2611.0
2025-11-30,早班,ES-08,181.7,70,2001.0
2025-11-30,中班,ES-01,121.5,73,2235.0
2025-11-30,中班,ES-02,116.1,68,2216.0
2025-11-30,中班,ES-04,171.9,99,2883.0
2025-11-30,中班,ES-05,125.9,71,2015.0
2025-11-30,中班,ES-07,144.9,82,2416.0
2025-11-30,中班,ES-08,118.4,130,3994.0
2025-11-30,夜班,ES-01,103.1,110,3501.0
2025-11-30,夜班,ES-02,135.3,79,2453.0
2025-11-30,夜班,ES-03,157.9,71,2104.0
2025-11-30,夜班,ES-04,183.2,72,2220.0
2025-11-30,夜班,ES-05,133.1,98,2928.0
2025-11-30,夜班,ES-06,138.6,65,1860.0
2025-11-30,夜班,ES-07,144.7,78,2539.0
2025-11-30,夜班,ES-08,130.2,119,3485.0
2025-12-01,早班,ES-01,192.3,78,2232.0
2025-12-01,早班,ES-02,145.4,94,3090.0
2025-12-01,早班,ES-03,119.9,88,2644.0
2025-12-01,早班,ES-04,179.9,121,3928.0
2025-12-01,早班,ES-05,120.4,88,2736.0
2025-12-01,早班,ES-06,131.9,78,2492.0
2025-12-01,早班,ES-07,151.1,71,2303.0
2025-12-01,早班,ES-08,116.9,95,2838.0
2025-12-01,中班,ES-01,123.7,66,2173.0
2025-12-01,中班,ES-02,127.7,91,2685.0
2025-12-01,中班,ES-03,104.0,74,2380.0
2025-12-01,中班,ES-04,188.7,69,1993.0
2025-12-01,中班,ES-05,132.8,67,2058.0
2025-12-01,中班,ES-07,137.3,77,2477.0
2025-12-01,中班,ES-08,141.9,84,2473.0
2025-12-01,夜班,ES-01,112.2,86,2729.0
2025-12-01,夜班,ES-02,126.8,87,2704.0
2025-12-01,夜班,ES-03,103.2,120,3714.0
2025-12-01,夜班,ES-04,179.0,75,2214.0
2025-12-01,夜班,ES-05,118.2,86,2778.0
2025-12-01,夜班,ES-06,135.2,86,2477.0
2025-12-01,夜班,ES-07,144.1,91,2741.0
2025-12-02,早班,ES-01,129.1,70,1960.0
2025-12-02,早班,ES-02,131.7,97,2833.0
2025-12-02,早班,ES-03,122.4,136,4479.0
2025-12-02,早班,ES-04,190.3,79,2593.0
2025-12-02,早班,ES-05,136.1,92,2712.0
2025-12-02,早班,ES-07,145.4,115,3632.0
2025-12-02,早班,ES-08,122.1,119,3808.0
2025-12-02,中班,ES-01,123.6,97,2982.0
2025-12-02,中班,ES-02,135.2,86,2427.0
2025-12-02,中班,ES-03,124.9,107,3474.0
2025-12-02,中班,ES-06,124.1,76,2438.0
2025-12-02,中班,ES-07,151.5,85,2735.0
2025-12-02,中班,ES-08,129.5,75,2308.0
2025-12-02,夜班,ES-02,140.6,92,2680.0
2025-12-02,夜班,ES-03,107.7,78,2386.0
2025-12-02,夜班,ES-05,132.2,97,2723.0
2025-12-02,夜班,ES-06,131.2,78,2419.0
2025-12-02,夜班,ES-07,210.0,101,3078.0
2025-12-02,夜班,ES-08,130.3,85,2386.0
2025-12-03,早班,ES-02,129.4,107,3280.0
2025-12-03,早班,ES-03,116.7,86,2467.0
2025-12-03,早班,ES-04,178.8,103,3064.0
2025-12-03,早班,ES-07,158.2,97,2727.0
2025-12-03,中班,ES-01,105.9,127,3834.0
2025-12-03,中班,ES-02,116.3,97,2855.0
2025-12-03,中班,ES-03,111.3,99,3235.0
2025-12-03,中班,ES-04,184.4,83,2423.0
2025-12-03,中班,ES-05,123.4,94,2682.0
2025-12-03,中班,ES-07,148.7,90,2560.0
2025-12-03,中班,ES-08,139.8,75,2305.0
2025-12-03,夜班,ES-01,173.8,122,3960.0
2025-12-03,夜班,ES-02,194.2,105,3464.0
2025-12-03,夜班,ES-03,105.3,93,2767.0
2025-12-03,夜班,ES-05,128.5,83,2669.0
2025-12-03,夜班,ES-06,136.4,99,3036.0
2025-12-03,夜班,ES-07,134.5,89,2669.0
2025-12-03,夜班,ES-08,119.1,71,2076.0
2025-12-04,早班,ES-01,125.8,103,2909.0
2025-12-04,早班,ES-02,136.9,86,2709.0
2025-12-04,早班,ES-04,172.2,77,2435.0
2025-12-04,早班,ES-05,120.8,112,3632.0
2025-12-04,早班,ES-08,121.6,115,3577.0
2025-12-04,中班,ES-01,108.2,126,3948.0
2025-12-04,中班,ES-02,132.6,63,1979.0
2025-12-04,中班,ES-03,102.6,84,2371.0
2025-12-04,中班,ES-04,181.7,49,1547.0
2025-12-04,中班,ES-06,122.0,107,3078.0
2025-12-04,中班,ES-07,138.9,76,2161.0
2025-12-04,中班,ES-08,114.5,96,2990.0
2025-12-04,夜班,ES-01,123.4,97,3092.0
2025-12-04,夜班,ES-02,116.9,96,3109.0
2025-12-04,夜班,ES-03,116.6,119,3499.0
2025-12-04,夜班,ES-04,227.9,119,3424.0
2025-12-04,夜班,ES-05,139.7,40,1148.0
2025-12-04,夜班,ES-06,126.5,61,1724.0
2025-12-04,夜班,ES-07,144.0,72,2088.0
2025-12-04,夜班,ES-08,127.5,106,3033.0
2025-12-05,早班,ES-01,114.4,54,1534.0
2025-12-05,早班,ES-03,115.4,100,3161.0
2025-12-05,早班,ES-04,187.4,101,2849.0
2025-12-05,早班,ES-05,135.5,100,3218.0
2025-12-05,早班,ES-07,145.0,128,3925.0
2025-12-05,早班,ES-08,114.1,90,2927.0
2025-12-05,中班,ES-01,117.3,70,2164.0
2025-12-05,中班,ES-02,132.5,98,2794.0
2025-12-05,中班,ES-04,186.7,101,2828.0
2025-12-05,中班,ES-05,113.4,90,2858.0
2025-12-05,中班,ES-08,136.9,61,1875.0
2025-12-05,夜班,ES-02,130.1,114,3277.0
2025-12-05,夜班,ES-03,113.7,102,3171.0
2025-12-05,夜班,ES-04,175.3,121,3948.0
2025-12-05,夜班,ES-05,127.5,61,1804.0
2025-12-05,夜班,ES-06,127.7,73,2406.0
2025-12-05,夜班,ES-07,164.8,88,2806.0
2025-12-05,夜班,ES-08,110.7,62,2006.0
2025-12-06,早班,ES-01,102.6,110,3116.0
2025-12-06,早班,ES-02,125.7,83,2603.0
2025-12-06,早班,ES-03,115.1,103,2966.0
2025-12-06,早班,ES-05,111.9,82,2312.0
2025-12-06,早班,ES-06,129.8,106,3242.0
2025-12-06,早班,ES-07,158.7,95,2818.0
2025-12-06,中班,ES-01,178.2,45,1413.0
2025-12-06,中班,ES-02,103.7,86,2539.0
2025-12-06,中班,ES-03,101.3,101,3130.0
2025-12-06,中班,ES-04,185.0,114,3490.0
2025-12-06,中班,ES-05,125.8,117,3600.0
2025-12-06,中班,ES-06,133.3,69,1944.0
2025-12-06,中班,ES-07,147.8,138,4486.0
2025-12-06,中班,ES-08,124.9,104,3135.0
2025-12-06,夜班,ES-02,119.3,91,2695.0
2025-12-06,夜班,ES-03,111.7,51,1597.0
2025-12-06,夜班,ES-04,178.0,147,4832.0
2025-12-06,夜班,ES-05,127.2,133,4365.0
2025-12-06,夜班,ES-07,150.3,127,3799.0
2025-12-06,夜班,ES-08,132.2,90,2633.0
2025-12-07,早班,ES-01,129.2,85,2709.0
2025-12-07,早班,ES-02,114.5,72,2338.0
2025-12-07,早班,ES-03,109.6,81,2517.0
2025-12-07,早班,ES-04,175.6,110,3423.0
2025-12-07,早班,ES-05,120.4,92,2727.0
2025-12-07,早班,ES-07,160.5,81,2664.0
2025-12-07,早班,ES-08,124.5,104,3344.0
2025-12-07,中班,ES-01,117.5,115,3742.0
2025-12-07,中班,ES-02,124.0,81,2656.0
2025-12-07,中班,ES-05,134.0,87,2688.0
2025-12-07,中班,ES-06,119.9,66,2056.0
2025-12-07,中班,ES-08,116.1,79,2473.0
2025-12-07,夜班,ES-01,117.5,94,2907.0
2025-12-07,夜班,ES-03,115.4,99,3009.0
2025-12-07,夜班,ES-05,131.9,102,3316.0
2025-12-07,夜班,ES-06,117.0,85,2570.0
2025-12-08,早班,ES-01,117.3,72,2245.0
2025-12-08,早班,ES-02,117.1,83,2695.0
2025-12-08,早班,ES-03,112.6,52,1625.0
2025-12-08,早班,ES-05,129.5,97,2923.0
2025-12-08,早班,ES-06,120.9,86,2616.0
2025-12-08,早班,ES-07,149.7,75,2233.0
2025-12-08,早班,ES-08,121.1,89,2670.0
2025-12-08,中班,ES-01,117.4,119,3709.0
2025-12-08,中班,ES-03,111.4,87,2857.0
2025-12-08,中班,ES-04,167.6,90,2877.0
2025-12-08,中班,ES-06,139.9,114,3194.0
2025-12-08,中班,ES-07,147.8,122,3634.0
2025-12-08,中班,ES-08,108.9,92,2936.0
2025-12-08,夜班,ES-01,128.7,109,3382.0
2025-12-08,夜班,ES-02,121.4,92,2817.0
2025-12-08,夜班,ES-03,129.5,136,4434.0
2025-12-08,夜班,ES-04,168.9,89,2790.0
2025-12-08,夜班,ES-05,114.6,63,1864.0
2025-12-08,夜班,ES-06,129.8,81,2626.0
2025-12-08,夜班,ES-07,154.5,88,2493.0
2025-12-08,夜班,ES-08,114.8,88,2820.0
2025-12-09,早班,ES-01,117.2,86,2461.0
2025-12-09,早班,ES-02,128.1,91,2701.0
2025-12-09,早班,ES-03,118.4,87,2797.0
2025-12-09,早班,ES-04,187.4,82,2433.0
2025-12-09,早班,ES-05,116.2,126,3707.0
2025-12-09,早班,ES-07,153.0,142,4000.0
2025-12-09,早班,ES-08,121.9,79,2345.0
2025-12-09,中班,ES-01,121.5,75,2373.0
2025-12-09,中班,ES-03,98.1,99,3141.0
2025-12-09,中班,ES-04,189.7,88,2738.0
2025-12-09,中班,ES-05,128.8,89,2776.0
2025-12-09,中班,ES-07,142.3,103,3136.0
2025-12-09,中班,ES-08,133.6,78,2378.0
2025-12-09,夜班,ES-02,121.1,101,3081.0
2025-12-09,夜班,ES-04,174.3,62,1796.0
2025-12-09,夜班,ES-05,129.5,102,3034.0
2025-12-09,夜班,ES-06,128.1,100,2897.0
2025-12-09,夜班,ES-07,154.2,94,2967.0
2025-12-09,夜班,ES-08,128.6,83,2720.0
2025-12-10,早班,ES-01,115.7,151,4780.0
2025-12-10,早班,ES-02,133.7,86,2447.0
2025-12-10,早班,ES-04,165.2,87,2692.0
2025-12-10,早班,ES-05,120.2,94,2698.0
2025-12-10,早班,ES-07,162.5,67,2145.0
2025-12-10,早班,ES-08,124.2,98,3124.0
2025-12-10,中班,ES-01,123.3,109,3488.0
2025-12-10,中班,ES-04,186.8,83,2551.0
2025-12-10,中班,ES-07,170.3,86,2650.0
2025-12-10,中班,ES-08,129.4,98,2959.0
2025-12-10,夜班,ES-01,119.7,92,2633.0
2025-12-10,夜班,ES-02,127.1,80,2282.0
2025-12-10,夜班,ES-03,108.0,118,3769.0
2025-12-10,夜班,ES-04,173.0,73,2396.0
2025-12-10,夜班,ES-05,127.1,116,3454.0
2025-12-10,夜班,ES-06,140.2,100,3012.0
2025-12-10,夜班,ES-08,121.3,107,3019.0
2025-12-11,早班,ES-02,121.5,91,2629.0
2025-12-11,早班,ES-03,100.4,77,2332.0
2025-12-11,早班,ES-05,139.3,76,2311.0
2025-12-11,早班,ES-07,152.9,116,3303.0
2025-12-11,早班,ES-08,130.7,121,3569.0
2025-12-11,中班,ES-01,105.1,85,2394.0
2025-12-11,中班,ES-02,126.6,86,2496.0
2025-12-11,中班,ES-03,113.1,80,2330.0
2025-12-11,中班,ES-04,183.2,58,1669.0
2025-12-11,中班,ES-05,146.2,78,2259.0
2025-12-11,中班,ES-06,123.9,99,2927.0
2025-12-11,中班,ES-07,142.2,104,3168.0
2025-12-11,中班,ES-08,115.7,90,2580.0
2025-12-11,夜班,ES-02,131.6,90,2916.0
2025-12-11,夜班,ES-03,116.0,81,2470.0
2025-12-11,夜班,ES-05,140.4,111,3474.0
2025-12-11,夜班,ES-06,132.6,109,3117.0
2025-12-11,夜班,ES-07,143.0,67,1982.0
2025-12-12,早班,ES-01,121.2,86,2678.0
2025-12-12,早班,ES-02,125.5,108,3545.0
2025-12-12,早班,ES-03,120.4,94,2732.0
2025-12-12,早班,ES-04,170.8,89,2526.0
2025-12-12,早班,ES-06,136.7,87,2465.0
2025-12-12,早班,ES-07,149.9,52,1457.0
2025-12-12,中班,ES-01,113.2,80,2419.0
2025-12-12,中班,ES-02,121.6,98,3090.0
2025-12-12,中班,ES-03,107.5,114,3422.0
2025-12-12,中班,ES-04,156.0,96,3114.0
2025-12-12,中班,ES-05,126.6,89,2740.0
2025-12-12,中班,ES-06,130.3,93,2955.0
2025-12-12,中班,ES-08,124.9,121,3774.0
2025-12-12,夜班,ES-01,119.0,63,2007.0
2025-12-12,夜班,ES-03,119.2,137,4062.0
2025-12-12,夜班,ES-07,145.8,83,2364.0
2025-12-12,夜班,ES-08,136.4,108,3529.0
2025-12-13,早班,ES-01,122.2,118,3579.0
2025-12-13,早班,ES-02,116.7,95,3090.0
2025-12-13,早班,ES-06,129.6,113,3681.0
2025-12-13,早班,ES-07,142.3,125,3849.0
2025-12-13,中班,ES-01,122.5,94,2672.0
2025-12-13,中班,ES-02,144.2,128,4215.0
2025-12-13,中班,ES-03,114.7,86,2789.0
2025-12-13,中班,ES-04,181.0,75,2224.0
2025-12-13,中班,ES-05,136.7,113,3654.0
2025-12-13,中班,ES-06,129.7,56,1776.0
2025-12-13,中班,ES-08,124.2,70,2212.0
2025-12-13,夜班,ES-01,119.5,83,2334.0
2025-12-13,夜班,ES-02,108.4,126,3631.0
2025-12-13,夜班,ES-03,115.0,102,3138.0
2025-12-13,夜班,ES-04,180.5,59,1930.0
2025-12-13,夜班,ES-05,115.7,107,3331.0
2025-12-13,夜班,ES-06,119.9,94,2893.0
2025-12-13,夜班,ES-08,118.7,91,2760.0
2025-12-14,早班,ES-01,108.9,64,2043.0
2025-12-14,早班,ES-02,120.9,111,3434.0
2025-12-14,早班,ES-05,123.2,107,3503.0
2025-12-14,早班,ES-06,124.3,79,2231.0
2025-12-14,早班,ES-07,153.6,129,4098.0
2025-12-14,早班,ES-08,114.5,77,2528.0
2025-12-14,中班,ES-01,119.5,57,1747.0
2025-12-14,中班,ES-03,114.2,106,3014.0
2025-12-14,中班,ES-04,168.4,92,2580.0
2025-12-14,中班,ES-05,125.7,81,2535.0
2025-12-14,中班,ES-07,135.9,114,3751.0
2025-12-14,中班,ES-08,103.8,86,2763.0
2025-12-14,夜班,ES-01,115.3,113,3496.0
2025-12-14,夜班,ES-02,116.4,83,2572.0
2025-12-14,夜班,ES-05,132.0,95,2920.0
2025-12-14,夜班,ES-06,146.4,91,2659.0
2025-12-14,夜班,ES-08,125.6,108,3517.0
2025-12-15,早班,ES-02,193.8,114,3312.0
2025-12-15,早班,ES-03,102.2,76,2358.0
2025-12-15,早班,ES-05,134.2,112,3474.0
2025-12-15,早班,ES-06,125.2,109,3527.0
2025-12-15,早班,ES-07,147.6,104,3388.0
2025-12-15,早班,ES-08,123.6,58,1663.0
2025-12-15,中班,ES-01,119.9,102,2937.0
2025-12-15,中班,ES-02,120.7,111,3314.0
2025-12-15,中班,ES-03,114.3,89,2925.0
2025-12-15,中班,ES-04,176.0,84,2694.0
2025-12-15,中班,ES-05,130.7,136,4392.0
2025-12-15,中班,ES-06,123.0,71,2042.0
2025-12-15,中班,ES-07,141.1,110,3295.0
2025-12-15,中班,ES-08,130.3,86,2816.0
2025-12-15,夜班,ES-02,133.4,70,2246.0
2025-12-15,夜班,ES-03,108.9,113,3433.0
2025-12-15,夜班,ES-04,176.8,111,3433.0
2025-12-15,夜班,ES-05,130.4,105,3199.0
2025-12-15,夜班,ES-06,122.1,74,2213.0
2025-12-15,夜班,ES-07,166.9,77,2477.0
2025-12-15,夜班,ES-08,125.2,73,2386.0
2025-12-16,早班,ES-02,121.6,111,3133.0
2025-12-16,早班,ES-03,112.3,106,2990.0
2025-12-16,早班,ES-04,185.7,133,4259.0
2025-12-16,早班,ES-05,120.4,91,2745.0
2025-12-16,早班,ES-06,130.0,72,2123.0
2025-12-16,早班,ES-08,112.7,79,2393.0
2025-12-16,中班,ES-01,131.0,78,2526.0
2025-12-16,中班,ES-02,119.1,98,2952.0
2025-12-16,中班,ES-03,120.6,86,2769.0
2025-12-16,中班,ES-04,180.9,94,3049.0
2025-12-16,中班,ES-05,143.1,91,2796.0
2025-12-16,中班,ES-06,134.1,126,3916.0
2025-12-16,中班,ES-07,151.1,99,3214.0
2025-12-16,夜班,ES-01,127.2,93,2933.0
2025-12-16,夜班,ES-03,108.3,118,3475.0
2025-12-16,夜班,ES-04,167.7,70,2119.0
2025-12-16,夜班,ES-05,135.8,61,1747.0
2025-12-16,夜班,ES-06,110.3,109,3151.0
2025-12-16,夜班,ES-07,151.1,83,2522.0
2025-12-17,早班,ES-01,128.7,78,2311.0
2025-12-17,早班,ES-04,183.3,91,2620.0
2025-12-17,早班,ES-05,126.2,115,3764.0
2025-12-17,早班,ES-06,115.7,95,3027.0
2025-12-17,早班,ES-07,154.0,56,1677.0
2025-12-17,中班,ES-02,112.0,120,3513.0
2025-12-17,中班,ES-03,108.8,116,3778.0
2025-12-17,中班,ES-04,182.3,93,2882.0
2025-12-17,中班,ES-05,139.9,71,2142.0
2025-12-17,中班,ES-06,128.6,84,2763.0
2025-12-17,中班,ES-08,126.6,88,2727.0
2025-12-17,夜班,ES-01,120.2,100,3176.0
2025-12-17,夜班,ES-02,128.6,76,2434.0
2025-12-17,夜班,ES-03,116.0,102,3229.0
2025-12-17,夜班,ES-04,181.1,68,1940.0
2025-12-17,夜班,ES-07,146.9,96,2758.0
2025-12-17,夜班,ES-08,128.0,111,3182.0
2025-12-18,早班,ES-01,106.7,106,3411.0
2025-12-18,早班,ES-02,131.8,83,2476.0
2025-12-18,早班,ES-03,105.3,98,3005.0
2025-12-18,早班,ES-05,131.5,80,2304.0
2025-12-18,早班,ES-06,145.3,106,3379.0
2025-12-18,早班,ES-07,156.2,86,2669.0
2025-12-18,早班,ES-08,125.1,93,2714.0
2025-12-18,中班,ES-01,120.7,97,2809.0
2025-12-18,中班,ES-02,137.0,80,2585.0
2025-12-18,中班,ES-04,182.1,128,3972.0
2025-12-18,中班,ES-05,107.4,76,2471.0
2025-12-18,中班,ES-06,133.5,119,3546.0
2025-12-18,中班,ES-07,146.1,113,3280.0
2025-12-18,中班,ES-08,112.7,70,1960.0
2025-12-18,夜班,ES-01,119.6,110,3350.0
2025-12-18,夜班,ES-02,117.2,91,2889.0
2025-12-18,夜班,ES-03,107.0,63,2044.0
2025-12-18,夜班,ES-04,176.0,80,2606.0
2025-12-18,夜班,ES-05,123.4,114,3750.0
2025-12-18,夜班,ES-06,126.3,92,2644.0
2025-12-18,夜班,ES-08,128.1,74,2118.0
2025-12-19,早班,ES-02,109.4,97,2977.0
2025-12-19,早班,ES-03,120.2,60,1897.0
2025-12-19,早班,ES-05,137.5,100,2996.0
2025-12-19,早班,ES-06,113.0,109,3181.0
2025-12-19,早班,ES-07,158.7,88,2555.0
2025-12-19,早班,ES-08,138.1,116,3769.0
2025-12-19,中班,ES-01,119.3,102,2881.0
2025-12-19,中班,ES-02,163.4,73,2199.0
2025-12-19,中班,ES-03,106.1,105,3012.0
2025-12-19,中班,ES-04,181.0,117,3512.0
2025-12-19,中班,ES-05,130.5,76,2144.0
2025-12-19,中班,ES-06,126.3,90,2903.0
2025-12-19,中班,ES-07,141.4,70,2212.0
2025-12-19,中班,ES-08,139.8,112,3194.0
2025-12-19,夜班,ES-03,112.7,55,1561.0
2025-12-19,夜班,ES-04,169.9,114,3633.0
2025-12-19,夜班,ES-05,127.1,104,3015.0
2025-12-19,夜班,ES-06,125.5,71,2081.0
2025-12-19,夜班,ES-07,140.9,97,2766.0
2025-12-19,夜班,ES-08,128.8,106,3414.0
2025-12-20,早班,ES-04,219.5,50,1532.0
2025-12-20,早班,ES-05,113.6,101,3236.0
2025-12-20,早班,ES-06,131.7,121,3866.0
2025-12-20,早班,ES-07,151.1,117,3859.0
2025-12-20,早班,ES-08,129.6,66,2016.0
2025-12-20,中班,ES-01,106.3,111,3386.0
2025-12-20,中班,ES-02,113.5,123,3984.0
2025-12-20,中班,ES-03,116.5,119,3356.0
2025-12-20,中班,ES-05,124.6,77,2471.0
2025-12-20,中班,ES-06,123.5,114,3705.0
2025-12-20,中班,ES-07,148.7,108,3272.0
2025-12-20,中班,ES-08,119.7,78,2218.0
2025-12-20,夜班,ES-03,109.0,81,2513.0
2025-12-20,夜班,ES-05,123.8,101,2846.0
2025-12-20,夜班,ES-06,126.7,84,2650.0
2025-12-20,夜班,ES-07,145.1,119,3440.0
2025-12-21,早班,ES-02,132.7,98,3192.0
2025-12-21,早班,ES-03,106.4,104,3145.0
2025-12-21,早班,ES-04,163.6,94,2995.0
2025-12-21,早班,ES-05,134.4,107,3215.0
2025-12-21,早班,ES-06,128.0,65,2094.0
2025-12-21,早班,ES-07,157.3,83,2489.0
2025-12-21,早班,ES-08,125.4,120,3526.0
2025-12-21,中班,ES-01,121.6,101,3102.0
2025-12-21,中班,ES-02,120.8,86,2815.0
2025-12-21,中班,ES-03,111.8,127,3834.0
2025-12-21,中班,ES-04,171.6,91,2880.0
2025-12-21,中班,ES-05,120.3,85,2571.0
2025-12-21,中班,ES-06,116.1,93,2948.0
2025-12-21,中班,ES-08,105.6,96,3128.0
2025-12-21,夜班,ES-01,117.2,83,2673.0
2025-12-21,夜班,ES-02,117.5,95,3070.0
2025-12-21,夜班,ES-04,178.5,81,2456.0
2025-12-21,夜班,ES-06,126.4,134,3978.0
2025-12-21,夜班,ES-08,130.2,127,3600.0
2025-12-22,早班,ES-01,127.1,115,3438.0
2025-12-22,早班,ES-04,189.0,102,3003.0
2025-12-22,早班,ES-05,137.5,89,2845.0
2025-12-22,早班,ES-06,125.6,101,3325.0
2025-12-22,早班,ES-07,156.0,125,3609.0
2025-12-22,中班,ES-01,120.9,91,2772.0
2025-12-22,中班,ES-02,126.2,94,2865.0
2025-12-22,中班,ES-03,113.4,117,3396.0
2025-12-22,中班,ES-04,167.5,58,1667.0
2025-12-22,中班,ES-05,124.4,99,3259.0
2025-12-22,中班,ES-06,121.0,92,2641.0
2025-12-22,中班,ES-08,122.7,84,2504.0
2025-12-22,夜班,ES-01,124.2,115,3333.0
2025-12-22,夜班,ES-02,130.3,102,2941.0
2025-12-22,夜班,ES-03,107.6,109,3497.0
2025-12-22,夜班,ES-04,169.2,104,3005.0
2025-12-22,夜班,ES-07,127.5,138,4038.0
2025-12-22,夜班,ES-08,124.8,89,2686.0
2025-12-23,早班,ES-01,123.1,77,2243.0
2025-12-23,早班,ES-02,163.8,122,4020.0
2025-12-23,早班,ES-03,99.7,101,3069.0
2025-12-23,早班,ES-05,122.8,83,2737.0
2025-12-23,早班,ES-06,128.5,112,3169.0
2025-12-23,早班,ES-07,150.7,81,2315.0
2025-12-23,早班,ES-08,128.5,57,1714.0
2025-12-23,中班,ES-01,120.8,110,3455.0
2025-12-23,中班,ES-03,110.2,70,2091.0
2025-12-23,中班,ES-04,167.5,94,2915.0
2025-12-23,中班,ES-05,135.3,84,2764.0
2025-12-23,中班,ES-07,147.2,105,2977.0
2025-12-23,中班,ES-08,120.6,110,3255.0
2025-12-23,夜班,ES-01,122.1,89,2711.0
2025-12-23,夜班,ES-02,113.1,87,2796.0
2025-12-23,夜班,ES-04,174.3,59,1872.0
2025-12-23,夜班,ES-05,134.1,90,2827.0
2025-12-23,夜班,ES-06,109.9,116,3798.0
2025-12-23,夜班,ES-07,156.8,108,3095.0
2025-12-24,早班,ES-01,108.0,114,3611.0
2025-12-24,早班,ES-02,118.2,129,3640.0
2025-12-24,早班,ES-03,183.7,108,3251.0
2025-12-24,早班,ES-04,157.9,90,2964.0
2025-12-24,早班,ES-05,127.3,87,2795.0
2025-12-24,早班,ES-07,152.7,122,3511.0
2025-12-24,早班,ES-08,106.4,122,3574.0
2025-12-24,中班,ES-02,128.3,89,2925.0
2025-12-24,中班,ES-03,107.2,112,3295.0
2025-12-24,中班,ES-04,164.3,84,2587.0
2025-12-24,中班,ES-05,130.5,72,2347.0
2025-12-24,中班,ES-06,147.4,76,2340.0
2025-12-24,夜班,ES-01,131.5,73,2340.0
2025-12-24,夜班,ES-02,123.3,103,3174.0
2025-12-24,夜班,ES-03,104.9,103,3326.0
2025-12-24,夜班,ES-04,176.8,76,2506.0
2025-12-24,夜班,ES-05,138.0,105,3361.0
2025-12-24,夜班,ES-07,130.4,91,2784.0
2025-12-25,早班,ES-01,139.1,113,3468.0
2025-12-25,早班,ES-02,119.0,118,3636.0
2025-12-25,早班,ES-03,97.5,78,2353.0
2025-12-25,早班,ES-04,179.8,121,3549.0
2025-12-25,早班,ES-05,133.6,103,2997.0
2025-12-25,早班,ES-06,140.4,108,3275.0
2025-12-25,早班,ES-07,152.5,83,2452.0
2025-12-25,早班,ES-08,128.3,90,2722.0
2025-12-25,中班,ES-01,105.1,108,3063.0
2025-12-25,中班,ES-02,119.2,81,2437.0
2025-12-25,中班,ES-04,184.3,105,3362.0
2025-12-25,中班,ES-05,144.0,87,2733.0
2025-12-25,中班,ES-06,126.4,86,2448.0
2025-12-25,中班,ES-07,160.1,75,2350.0
2025-12-25,中班,ES-08,105.8,103,3343.0
2025-12-25,夜班,ES-01,114.8,66,1851.0
2025-12-25,夜班,ES-03,105.5,71,2093.0
2025-12-25,夜班,ES-07,153.1,73,2100.0
2025-12-26,早班,ES-01,110.6,84,2687.0
2025-12-26,早班,ES-02,117.3,113,3513.0
2025-12-26,早班,ES-03,103.5,72,2154.0
2025-12-26,早班,ES-06,118.5,62,1986.0
2025-12-26,早班,ES-07,147.3,101,3220.0
2025-12-26,早班,ES-08,123.1,108,3489.0
2025-12-26,中班,ES-02,129.7,95,2783.0
2025-12-26,中班,ES-03,119.1,149,4629.0
2025-12-26,中班,ES-04,178.9,125,3930.0
2025-12-26,中班,ES-05,124.3,95,3017.0
2025-12-26,中班,ES-06,125.8,109,3251.0
2025-12-26,中班,ES-07,162.4,97,2939.0
2025-12-26,中班,ES-08,130.4,97,2868.0
2025-12-26,夜班,ES-01,130.5,104,3066.0
2025-12-26,夜班,ES-03,158.7,130,4025.0
2025-12-26,夜班,ES-04,172.6,92,2843.0
2025-12-26,夜班,ES-05,132.4,50,1485.0
2025-12-26,夜班,ES-07,157.7,124,3587.0
2025-12-26,夜班,ES-08,123.4,102,3277.0
2025-12-27,早班,ES-02,118.9,73,2367.0
2025-12-27,早班,ES-03,111.9,121,3923.0
2025-12-27,早班,ES-04,185.2,99,3204.0
2025-12-27,早班,ES-05,130.0,82,2364.0
2025-12-27,早班,ES-06,123.4,90,2749.0
2025-12-27,早班,ES-07,148.3,86,2720.0
2025-12-27,早班,ES-08,123.0,105,3198.0
2025-12-27,中班,ES-03,113.0,89,2908.0
2025-12-27,中班,ES-04,179.8,102,2927.0
2025-12-27,中班,ES-05,123.8,111,3125.0
2025-12-27,中班,ES-06,118.7,75,2379.0
2025-12-27,中班,ES-07,149.3,106,3440.0
2025-12-27,中班,ES-08,118.5,106,2984.0
2025-12-27,夜班,ES-01,118.3,109,3197.0
2025-12-27,夜班,ES-02,130.0,66,1951.0
2025-12-27,夜班,ES-03,94.0,111,3612.0
2025-12-27,夜班,ES-04,181.2,93,2927.0
2025-12-27,夜班,ES-05,129.5,94,2669.0
2025-12-27,夜班,ES-06,132.7,111,3585.0
2025-12-28,早班,ES-01,122.1,73,2082.0
2025-12-28,早班,ES-02,123.0,113,3710.0
2025-12-28,早班,ES-03,104.7,76,2413.0
2025-12-28,早班,ES-04,177.3,107,3222.0
2025-12-28,早班,ES-06,132.4,110,3551.0
2025-12-28,早班,ES-08,137.8,70,2108.0
2025-12-28,中班,ES-03,115.2,108,3379.0
2025-12-28,中班,ES-04,186.3,74,2324.0
2025-12-28,中班,ES-05,132.2,79,2429.0
2025-12-28,中班,ES-06,134.1,90,2541.0
2025-12-28,中班,ES-07,159.2,81,2527.0
2025-12-28,夜班,ES-03,111.4,116,3459.0
2025-12-28,夜班,ES-04,179.1,117,3566.0
2025-12-28,夜班,ES-05,122.0,97,2883.0
2025-12-28,夜班,ES-06,127.6,84,2372.0
2025-12-28,夜班,ES-08,101.4,93,2863.0
2025-12-29,早班,ES-01,115.0,108,3438.0
2025-12-29,早班,ES-03,114.6,125,4025.0
2025-12-29,早班,ES-04,180.7,90,2610.0
2025-12-29,早班,ES-05,170.4,82,2416.0
2025-12-29,早班,ES-07,153.1,101,3319.0
2025-12-29,早班,ES-08,128.2,83,2646.0
2025-12-29,中班,ES-01,119.9,83,2536.0
2025-12-29,中班,ES-02,123.9,122,3978.0
2025-12-29,中班,ES-03,113.4,111,3151.0
2025-12-29,中班,ES-04,179.9,68,2236.0
2025-12-29,中班,ES-05,113.7,97,3187.0
2025-12-29,中班,ES-07,154.5,97,2717.0
2025-12-29,中班,ES-08,132.2,110,3442.0
2025-12-29,夜班,ES-01,109.9,84,2726.0
2025-12-29,夜班,ES-02,122.0,83,2436.0
2025-12-29,夜班,ES-03,112.0,80,2638.0
2025-12-29,夜班,ES-04,175.4,94,2673.0
2025-12-29,夜班,ES-05,128.4,96,3011.0
2025-12-29,夜班,ES-06,133.1,122,3755.0
2025-12-29,夜班,ES-08,126.5,91,2902.0
2025-12-30,早班,ES-02,111.1,83,2458.0
2025-12-30,早班,ES-05,125.2,81,2666.0
2025-12-30,早班,ES-06,127.9,98,3082.0
2025-12-30,早班,ES-07,149.8,74,2128.0
2025-12-30,早班,ES-08,120.2,104,3129.0
2025-12-30,中班,ES-01,117.6,68,2066.0
2025-12-30,中班,ES-02,125.9,104,2997.0
2025-12-30,中班,ES-03,108.1,116,3584.0
2025-12-30,中班,ES-04,175.2,64,1829.0
2025-12-30,中班,ES-05,130.9,80,2486.0
2025-12-30,中班,ES-07,131.5,125,4033.0
2025-12-30,中班,ES-08,107.3,93,3003.0
2025-12-30,夜班,ES-02,136.5,62,1862.0
2025-12-30,夜班,ES-04,166.0,93,3005.0
2025-12-30,夜班,ES-05,138.7,53,1624.0
2025-12-30,夜班,ES-06,124.8,90,2524.0
2025-12-30,夜班,ES-08,132.1,102,2886.0
2025-12-31,早班,ES-01,120.6,117,3595.0
2025-12-31,早班,ES-02,116.5,108,3098.0
2025-12-31,早班,ES-04,178.0,94,2831.0
2025-12-31,早班,ES-05,125.4,103,3100.0
2025-12-31,早班,ES-06,134.3,82,2584.0
2025-12-31,早班,ES-07,158.2,90,2832.0
2025-12-31,早班,ES-08,121.7,89,2548.0
2025-12-31,中班,ES-01,131.0,107,3350.0
2025-12-31,中班,ES-02,112.7,108,3081.0
2025-12-31,中班,ES-03,105.4,92,2965.0
2025-12-31,中班,ES-05,132.5,76,2320.0
2025-12-31,中班,ES-06,139.3,104,3273.0
2025-12-31,中班,ES-07,147.3,107,3395.0
2025-12-31,中班,ES-08,121.9,91,2868.0
2025-12-31,夜班,ES-01,118.6,141,4496.0
2025-12-31,夜班,ES-02,121.6,102,3260.0
2025-12-31,夜班,ES-03,116.7,92,2889.0
2025-12-31,夜班,ES-07,140.7,143,4587.0
2025-12-31,夜班,ES-08,115.8,125,3996.0
2026-01-01,早班,ES-01,123.2,97,3000.0
2026-01-01,早班,ES-02,122.3,93,2619.0
2026-01-01,早班,ES-03,114.5,92,2906.0
2026-01-01,早班,ES-05,131.1,54,1657.0
2026-01-01,早班,ES-07,153.6,103,2914.0
2026-01-01,早班,ES-08,127.4,72,2237.0
2026-01-01,中班,ES-02,124.8,107,3220.0
2026-01-01,中班,ES-03,112.5,129,4222.0
2026-01-01,中班,ES-04,199.8,102,3126.0
2026-01-01,中班,ES-05,130.8,98,3049.0
2026-01-01,中班,ES-06,132.0,137,4126.0
2026-01-01,中班,ES-07,160.9,79,2303.0
2026-01-01,夜班,ES-02,122.0,103,2929.0
2026-01-01,夜班,ES-03,111.2,94,2642.0
2026-01-01,夜班,ES-04,183.8,91,2742.0
2026-01-01,夜班,ES-05,151.7,85,2742.0
2026-01-01,夜班,ES-06,112.5,89,2622.0
2026-01-01,夜班,ES-07,147.0,90,2589.0
2026-01-01,夜班,ES-08,130.6,101,2945.0
2026-01-02,早班,ES-03,110.7,113,3168.0
2026-01-02,早班,ES-04,184.9,102,2962.0
2026-01-02,早班,ES-05,122.4,90,2598.0
2026-01-02,早班,ES-06,124.7,116,3453.0
2026-01-02,早班,ES-07,147.0,100,3004.0
2026-01-02,早班,ES-08,127.3,88,2784.0
2026-01-02,中班,ES-01,126.2,106,3139.0
2026-01-02,中班,ES-02,131.9,67,2057.0
2026-01-02,中班,ES-04,190.0,94,2842.0
2026-01-02,中班,ES-05,158.9,82,2476.0
2026-01-02,中班,ES-07,150.6,92,2695.0
2026-01-02,夜班,ES-01,123.4,90,2883.0
2026-01-02,夜班,ES-03,104.1,100,2866.0
2026-01-02,夜班,ES-04,183.9,83,2643.0
2026-01-02,夜班,ES-06,123.6,95,2715.0
2026-01-02,夜班,ES-07,143.5,93,2852.0
2026-01-02,夜班,ES-08,158.5,78,2303.0
2026-01-03,早班,ES-01,110.4,80,2601.0
2026-01-03,早班,ES-02,124.2,87,2791.0
2026-01-03,早班,ES-05,145.6,104,3135.0
2026-01-03,早班,ES-06,136.4,112,3523.0
2026-01-03,早班,ES-07,147.4,86,2828.0
2026-01-03,早班,ES-08,129.8,121,3706.0
2026-01-03,中班,ES-01,116.8,118,3364.0
2026-01-03,中班,ES-02,132.0,74,2329.0
2026-01-03,中班,ES-03,102.0,108,3284.0
2026-01-03,中班,ES-04,174.0,110,3518.0
2026-01-03,中班,ES-05,133.6,108,3112.0
2026-01-03,中班,ES-07,139.1,67,1892.0
2026-01-03,中班,ES-08,111.7,115,3225.0
2026-01-03,夜班,ES-02,137.7,62,1769.0
2026-01-03,夜班,ES-03,110.2,91,2709.0
2026-01-03,夜班,ES-04,179.0,92,2880.0
2026-01-03,夜班,ES-06,129.1,125,3847.0
2026-01-03,夜班,ES-07,148.4,116,3334.0
2026-01-04,早班,ES-03,101.9,110,3578.0
2026-01-04,早班,ES-05,127.4,75,2277.0
2026-01-04,早班,ES-06,122.5,112,3212.0
2026-01-04,早班,ES-07,162.3,97,2912.0
2026-01-04,早班,ES-08,117.1,85,2717.0
2026-01-04,中班,ES-01,112.2,101,3089.0
2026-01-04,中班,ES-05,121.3,82,2566.0
2026-01-04,中班,ES-06,134.4,127,4154.0
2026-01-04,中班,ES-08,124.5,109,3190.0
2026-01-04,夜班,ES-01,123.4,122,3715.0
2026-01-04,夜班,ES-02,125.4,61,1788.0
2026-01-04,夜班,ES-03,110.7,81,2654.0
2026-01-04,夜班,ES-04,169.4,95,3065.0
2026-01-04,夜班,ES-06,130.5,135,4235.0
2026-01-04,夜班,ES-08,122.6,90,2948.0
2026-01-05,早班,ES-01,128.7,124,3605.0
2026-01-05,早班,ES-03,103.1,72,2216.0
2026-01-05,早班,ES-04,176.0,50,1485.0
2026-01-05,早班,ES-06,137.0,66,1883.0
2026-01-05,早班,ES-07,142.5,99,2799.0
2026-01-05,中班,ES-02,118.6,82,2453.0
2026-01-05,中班,ES-03,115.6,123,3749.0
2026-01-05,中班,ES-04,229.8,87,2464.0
2026-01-05,中班,ES-05,117.7,123,3963.0
2026-01-05,中班,ES-06,136.0,80,2342.0
2026-01-05,中班,ES-07,162.6,62,1898.0
2026-01-05,中班,ES-08,127.5,88,2767.0
2026-01-05,夜班,ES-01,120.7,94,2832.0
2026-01-05,夜班,ES-03,103.1,81,2516.0
2026-01-05,夜班,ES-05,133.7,97,2754.0
2026-01-05,夜班,ES-06,114.9,64,1859.0
2026-01-05,夜班,ES-07,131.8,59,1865.0
2026-01-06,早班,ES-01,120.6,51,1484.0
2026-01-06,早班,ES-02,126.7,80,2285.0
2026-01-06,早班,ES-04,176.9,93,3048.0
2026-01-06,早班,ES-05,136.4,76,2188.0
2026-01-06,早班,ES-07,162.8,74,2384.0
2026-01-06,早班,ES-08,135.6,93,2669.0
2026-01-06,中班,ES-01,103.1,114,3442.0
2026-01-06,中班,ES-02,124.2,92,2666.0
2026-01-06,中班,ES-03,112.2,108,3052.0
2026-01-06,中班,ES-04,178.9,79,2239.0
2026-01-06,中班,ES-06,126.3,104,3017.0
2026-01-06,中班,ES-07,158.3,74,2334.0
2026-01-06,夜班,ES-01,117.2,88,2681.0
2026-01-06,夜班,ES-02,119.1,91,2636.0
2026-01-06,夜班,ES-03,103.3,93,2905.0
2026-01-06,夜班,ES-04,245.0,111,3470.0
2026-01-06,夜班,ES-05,131.7,122,3987.0
2026-01-06,夜班,ES-07,154.7,109,3274.0
2026-01-07,早班,ES-03,112.0,120,3658.0
2026-01-07,早班,ES-04,185.0,115,3401.0
2026-01-07,早班,ES-05,120.0,121,3973.0
2026-01-07,早班,ES-06,118.5,113,3578.0
2026-01-07,早班,ES-08,138.3,93,2968.0
2026-01-07,中班,ES-02,126.9,83,2582.0
2026-01-07,中班,ES-04,184.0,121,3961.0
2026-01-07,中班,ES-05,138.8,102,3338.0
2026-01-07,中班,ES-06,132.9,72,2325.0
2026-01-07,中班,ES-07,151.0,100,2921.0
2026-01-07,中班,ES-08,176.4,88,2733.0
2026-01-07,夜班,ES-01,124.5,116,3622.0
2026-01-07,夜班,ES-03,113.7,100,3246.0
2026-01-07,夜班,ES-04,164.1,104,3106.0
2026-01-07,夜班,ES-05,129.9,110,3415.0
2026-01-07,夜班,ES-06,129.0,134,4278.0
2026-01-07,夜班,ES-07,140.5,65,1910.0
2026-01-07,夜班,ES-08,144.9,83,2729.0
2026-01-08,早班,ES-01,113.2,83,2464.0
2026-01-08,早班,ES-02,141.5,131,3673.0
2026-01-08,早班,ES-03,111.5,62,1967.0
2026-01-08,早班,ES-04,166.3,101,3137.0
2026-01-08,早班,ES-05,128.2,83,2403.0
2026-01-08,早班,ES-07,156.9,91,2692.0
2026-01-08,中班,ES-01,184.1,100,2945.0
2026-01-08,中班,ES-03,114.9,84,2646.0
2026-01-08,中班,ES-04,175.9,81,2662.0
2026-01-08,中班,ES-05,120.3,110,3518.0
2026-01-08,中班,ES-06,136.5,104,3133.0
2026-01-08,中班,ES-07,155.1,116,3694.0
2026-01-08,中班,ES-08,130.3,86,2805.0
2026-01-08,夜班,ES-01,111.0,94,2688.0
2026-01-08,夜班,ES-03,107.5,67,2167.0
2026-01-08,夜班,ES-04,176.7,62,1945.0
2026-01-08,夜班,ES-05,138.2,80,2304.0
2026-01-08,夜班,ES-06,123.4,93,2947.0
2026-01-08,夜班,ES-07,148.8,66,2078.0
2026-01-09,早班,ES-01,111.9,71,2023.0
2026-01-09,早班,ES-02,125.4,110,3403.0
2026-01-09,早班,ES-03,99.1,111,3227.0
2026-01-09,早班,ES-04,191.4,77,2303.0
2026-01-09,早班,ES-06,132.3,77,2478.0
2026-01-09,早班,ES-07,149.6,90,2944.0
2026-01-09,早班,ES-08,128.9,96,2746.0
2026-01-09,中班,ES-01,117.4,56,1837.0
2026-01-09,中班,ES-02,129.8,89,2789.0
2026-01-09,中班,ES-03,112.0,108,3513.0
2026-01-09,中班,ES-04,180.0,94,2885.0
2026-01-09,中班,ES-05,138.9,93,2998.0
2026-01-09,中班,ES-06,118.0,81,2377.0
2026-01-09,中班,ES-07,152.2,98,2852.0
2026-01-09,中班,ES-08,127.9,100,3246.0
2026-01-09,夜班,ES-02,123.8,103,3012.0
2026-01-09,夜班,ES-06,120.7,77,2234.0
2026-01-09,夜班,ES-07,155.0,109,3264.0
2026-01-09,夜班,ES-08,130.0,86,2542.0
2026-01-10,早班,ES-01,112.7,88,2888.0
2026-01-10,早班,ES-02,139.2,121,3446.0
2026-01-10,早班,ES-03,109.1,104,3331.0
2026-01-10,早班,ES-04,180.7,94,3086.0
2026-01-10,早班,ES-06,122.3,106,3108.0
2026-01-10,中班,ES-01,122.6,78,2479.0
2026-01-10,中班,ES-02,126.8,97,2871.0
2026-01-10,中班,ES-04,176.2,88,2798.0
2026-01-10,中班,ES-05,123.2,81,2565.0
2026-01-10,中班,ES-06,137.4,137,4039.0
2026-01-10,中班,ES-07,159.4,114,3372.0
2026-01-10,中班,ES-08,110.1,78,2278.0
2026-01-10,夜班,ES-01,119.9,92,2657.0
2026-01-10,夜班,ES-02,121.2,94,2951.0
2026-01-10,夜班,ES-03,95.9,105,3313.0
2026-01-10,夜班,ES-04,176.1,118,3311.0
2026-01-10,夜班,ES-05,140.3,118,3596.0
2026-01-10,夜班,ES-06,136.3,109,3405.0
2026-01-10,夜班,ES-08,122.3,97,2939.0
2026-01-11,早班,ES-01,125.2,88,2483.0
2026-01-11,早班,ES-04,177.4,116,3517.0
2026-01-11,早班,ES-05,126.5,70,2162.0
2026-01-11,中班,ES-01,116.9,79,2454.0
2026-01-11,中班,ES-02,115.8,146,4418.0
2026-01-11,中班,ES-04,180.4,82,2457.0
2026-01-11,中班,ES-05,138.9,74,2413.0
2026-01-11,中班,ES-06,116.1,93,2650.0
2026-01-11,中班,ES-07,159.0,107,3503.0
2026-01-11,夜班,ES-01,115.7,79,2415.0
2026-01-11,夜班,ES-02,121.0,114,3236.0
2026-01-11,夜班,ES-03,113.5,114,3564.0
2026-01-11,夜班,ES-04,189.0,60,1912.0
2026-01-11,夜班,ES-05,118.6,101,3058.0
2026-01-11,夜班,ES-07,152.3,111,3262.0
2026-01-11,夜班,ES-08,119.1,89,2919.0
2026-01-12,早班,ES-01,126.4,98,3136.0
2026-01-12,早班,ES-02,117.3,81,2299.0
2026-01-12,早班,ES-03,101.0,100,2863.0
2026-01-12,早班,ES-04,177.2,79,2594.0
2026-01-12,早班,ES-06,127.0,101,3206.0
2026-01-12,中班,ES-01,102.0,85,2704.0
2026-01-12,中班,ES-03,89.6,97,2935.0
2026-01-12,中班,ES-04,170.7,88,2592.0
2026-01-12,中班,ES-05,126.5,89,2815.0
2026-01-12,中班,ES-07,147.0,90,2601.0
2026-01-12,夜班,ES-01,113.4,94,2964.0
2026-01-12,夜班,ES-02,126.7,98,2828.0
2026-01-12,夜班,ES-03,108.0,96,2789.0
2026-01-12,夜班,ES-05,133.7,75,2104.0
2026-01-12,夜班,ES-06,128.6,102,3159.0
2026-01-12,夜班,ES-07,150.8,100,2996.0
2026-01-12,夜班,ES-08,133.9,85,2498.0
2026-01-13,早班,ES-02,117.4,102,3157.0
2026-01-13,早班,ES-03,112.4,90,2601.0
2026-01-13,早班,ES-04,173.8,95,2699.0
2026-01-13,早班,ES-05,124.5,103,3111.0
2026-01-13,早班,ES-07,165.9,70,2196.0
2026-01-13,早班,ES-08,128.7,103,3009.0
2026-01-13,中班,ES-01,131.7,90,2897.0
2026-01-13,中班,ES-04,182.8,66,1933.0
2026-01-13,中班,ES-05,131.9,60,1963.0
2026-01-13,中班,ES-06,130.5,81,2530.0
2026-01-13,中班,ES-07,145.3,75,2192.0
2026-01-13,中班,ES-08,117.3,102,3036.0
2026-01-13,夜班,ES-01,124.8,51,1628.0
2026-01-13,夜班,ES-02,131.3,84,2503.0
2026-01-13,夜班,ES-03,98.5,123,3449.0
2026-01-13,夜班,ES-04,162.3,93,2676.0
2026-01-13,夜班,ES-05,130.8,84,2470.0
2026-01-13,夜班,ES-06,126.9,91,2573.0
2026-01-13,夜班,ES-07,164.0,86,2701.0
2026-01-14,早班,ES-01,137.1,96,2756.0
2026-01-14,早班,ES-02,134.3,90,2812.0
2026-01-14,早班,ES-03,110.6,97,3180.0
2026-01-14,早班,ES-06,138.9,64,2087.0
2026-01-14,早班,ES-07,147.8,91,2956.0
2026-01-14,早班,ES-08,113.3,88,2516.0
2026-01-14,中班,ES-02,134.0,98,2983.0
2026-01-14,中班,ES-03,133.4,110,3298.0
2026-01-14,中班,ES-04,187.7,96,2899.0
2026-01-14,中班,ES-06,147.7,85,2457.0
2026-01-14,中班,ES-07,152.1,71,2311.0
2026-01-14,夜班,ES-02,122.8,67,1877.0
2026-01-14,夜班,ES-05,114.6,104,3377.0
2026-01-14,夜班,ES-07,144.9,88,2486.0
2026-01-14,夜班,ES-08,128.4,52,1539.0
2026-01-15,早班,ES-01,110.8,92,2623.0
2026-01-15,早班,ES-02,133.3,145,4198.0
2026-01-15,早班,ES-03,116.6,97,2800.0
2026-01-15,早班,ES-04,185.8,106,3090.0
2026-01-15,早班,ES-05,129.3,74,2199.0
2026-01-15,早班,ES-06,126.6,95,2670.0
2026-01-15,早班,ES-07,140.6,85,2412.0
2026-01-15,早班,ES-08,114.6,102,2865.0
2026-01-15,中班,ES-01,132.4,119,3845.0
2026-01-15,中班,ES-02,132.8,86,2612.0
2026-01-15,中班,ES-03,115.1,80,2336.0
2026-01-15,中班,ES-04,175.7,118,3797.0
2026-01-15,中班,ES-05,118.3,79,2256.0
2026-01-15,中班,ES-06,125.7,101,3176.0
2026-01-15,中班,ES-07,152.6,104,3327.0
2026-01-15,夜班,ES-01,118.5,120,3738.0
2026-01-15,夜班,ES-02,128.7,123,3748.0
2026-01-15,夜班,ES-03,114.2,102,3137.0
2026-01-15,夜班,ES-04,176.4,100,2949.0
2026-01-15,夜班,ES-05,121.4,82,2610.0
2026-01-15,夜班,ES-06,120.1,112,3456.0
2026-01-15,夜班,ES-07,144.6,92,2677.0
2026-01-15,夜班,ES-08,116.5,88,2661.0
2026-01-16,早班,ES-01,124.4,93,3016.0
2026-01-16,早班,ES-02,124.0,80,2342.0
2026-01-16,早班,ES-04,173.1,122,3490.0
2026-01-16,早班,ES-05,128.1,95,2834.0
2026-01-16,早班,ES-06,129.1,95,2786.0
2026-01-16,早班,ES-07,165.3,105,3441.0
2026-01-16,早班,ES-08,125.8,86,2740.0
2026-01-16,中班,ES-01,123.1,76,2224.0
2026-01-16,中班,ES-03,107.1,63,1967.0
2026-01-16,中班,ES-05,135.5,80,2554.0
2026-01-16,中班,ES-06,131.0,95,2811.0
2026-01-16,中班,ES-07,155.7,104,3377.0
2026-01-16,中班,ES-08,115.7,78,2348.0
2026-01-16,夜班,ES-01,113.1,64,1965.0
2026-01-16,夜班,ES-02,137.3,75,2290.0
2026-01-16,夜班,ES-03,104.7,50,1527.0
2026-01-16,夜班,ES-05,124.8,104,3393.0
2026-01-16,夜班,ES-06,133.2,104,3131.0
2026-01-16,夜班,ES-07,152.0,112,3301.0
2026-01-16,夜班,ES-08,111.8,114,3639.0
2026-01-17,早班,ES-01,126.3,126,3649.0
2026-01-17,早班,ES-02,129.3,56,1821.0
2026-01-17,早班,ES-03,106.6,136,4447.0
2026-01-17,早班,ES-06,129.6,85,2499.0
2026-01-17,早班,ES-07,155.3,109,3264.0
2026-01-17,早班,ES-08,129.2,50,1539.0
2026-01-17,中班,ES-01,193.6,104,3341.0
2026-01-17,中班,ES-02,133.6,124,3539.0
2026-01-17,中班,ES-04,172.6,124,3718.0
2026-01-17,中班,ES-05,118.1,73,2060.0
2026-01-17,中班,ES-06,126.6,70,2119.0
2026-01-17,中班,ES-07,152.5,83,2351.0
2026-01-17,中班,ES-08,140.3,101,3236.0
2026-01-17,夜班,ES-01,121.9,142,4446.0
2026-01-17,夜班,ES-02,126.7,110,3207.0
2026-01-17,夜班,ES-03,109.2,95,3119.0
2026-01-17,夜班,ES-04,180.0,116,3432.0
2026-01-17,夜班,ES-06,130.6,120,3511.0
2026-01-17,夜班,ES-07,165.2,83,2440.0
2026-01-17,夜班,ES-08,120.5,113,3255.0
2026-01-18,早班,ES-01,120.8,90,2582.0
2026-01-18,早班,ES-03,107.3,105,3295.0
2026-01-18,早班,ES-05,132.1,116,3406.0
2026-01-18,早班,ES-06,136.5,108,3506.0
2026-01-18,早班,ES-07,167.2,89,2922.0
2026-01-18,早班,ES-08,116.0,91,2797.0
2026-01-18,中班,ES-01,107.2,103,2996.0
2026-01-18,中班,ES-02,122.1,116,3298.0
2026-01-18,中班,ES-04,176.8,50,1494.0
2026-01-18,中班,ES-05,122.6,83,2528.0
2026-01-18,中班,ES-06,149.9,79,2598.0
2026-01-18,中班,ES-07,155.7,85,2680.0
2026-01-18,中班,ES-08,117.6,85,2565.0
2026-01-18,夜班,ES-01,122.6,77,2443.0
2026-01-18,夜班,ES-02,121.5,90,2825.0
2026-01-18,夜班,ES-03,118.6,111,3632.0
2026-01-18,夜班,ES-04,173.6,78,2418.0
2026-01-18,夜班,ES-05,131.7,98,3036.0
2026-01-18,夜班,ES-06,128.1,85,2383.0
2026-01-18,夜班,ES-07,144.3,46,1508.0
2026-01-18,夜班,ES-08,131.3,100,2886.0
2026-01-19,早班,ES-01,138.9,70,2117.0
2026-01-19,早班,ES-02,126.8,78,2518.0
2026-01-19,早班,ES-03,113.0,73,2129.0
2026-01-19,早班,ES-04,178.5,112,3194.0
2026-01-19,早班,ES-06,120.4,87,2559.0
2026-01-19,早班,ES-07,147.6,59,1784.0
2026-01-19,早班,ES-08,124.5,93,2875.0
2026-01-19,中班,ES-02,115.1,101,3152.0
2026-01-19,中班,ES-03,115.5,90,2577.0
2026-01-19,中班,ES-04,177.6,102,3298.0
2026-01-19,中班,ES-05,115.6,92,2895.0
2026-01-19,中班,ES-06,126.3,108,3461.0
2026-01-19,中班,ES-07,145.8,67,2078.0
2026-01-19,夜班,ES-01,117.0,90,2672.0
2026-01-19,夜班,ES-02,137.9,106,3207.0
2026-01-19,夜班,ES-03,109.9,83,2435.0
2026-01-19,夜班,ES-04,181.9,88,2779.0
2026-01-19,夜班,ES-05,133.0,116,3599.0
2026-01-19,夜班,ES-08,132.4,74,2208.0
2026-01-20,早班,ES-01,105.0,91,2728.0
2026-01-20,早班,ES-03,98.9,100,3028.0
2026-01-20,早班,ES-05,119.2,113,3394.0
2026-01-20,早班,ES-07,155.7,117,3663.0
2026-01-20,中班,ES-02,126.6,100,3081.0
2026-01-20,中班,ES-04,160.4,116,3773.0
2026-01-20,中班,ES-05,127.0,69,2014.0
2026-01-20,中班,ES-06,138.0,97,2977.0
2026-01-20,中班,ES-07,138.1,75,2197.0
2026-01-20,中班,ES-08,125.9,72,2252.0
2026-01-20,夜班,ES-01,121.5,110,3567.0
2026-01-20,夜班,ES-02,166.8,87,2651.0
2026-01-20,夜班,ES-03,118.9,113,3613.0
2026-01-20,夜班,ES-04,177.4,110,3245.0
2026-01-20,夜班,ES-06,147.0,78,2409.0
2026-01-20,夜班,ES-07,151.6,110,3373.0
2026-01-20,夜班,ES-08,124.6,42,1365.0
2026-01-21,早班,ES-02,130.1,104,3416.0
2026-01-21,早班,ES-03,118.1,107,3022.0
2026-01-21,早班,ES-04,174.9,97,2876.0
2026-01-21,早班,ES-05,180.0,69,2041.0
2026-01-21,早班,ES-07,134.9,123,3548.0
2026-01-21,中班,ES-01,124.1,107,3017.0
2026-01-21,中班,ES-02,166.5,83,2421.0
2026-01-21,中班,ES-04,184.0,82,2382.0
2026-01-21,中班,ES-05,130.0,94,2652.0
2026-01-21,中班,ES-06,134.1,98,3192.0
2026-01-21,中班,ES-08,128.7,76,2447.0
2026-01-21,夜班,ES-01,116.8,93,2646.0
2026-01-21,夜班,ES-02,120.6,76,2499.0
2026-01-21,夜班,ES-03,125.6,102,3185.0
2026-01-21,夜班,ES-04,191.8,76,2495.0
2026-01-21,夜班,ES-05,135.4,100,3147.0
2026-01-21,夜班,ES-06,138.7,73,2188.0
2026-01-21,夜班,ES-07,156.4,97,3054.0
2026-01-22,早班,ES-02,125.0,89,2545.0
2026-01-22,早班,ES-04,192.9,103,3217.0
2026-01-22,早班,ES-07,144.4,101,2964.0
2026-01-22,早班,ES-08,126.7,65,1861.0
2026-01-22,中班,ES-01,121.1,76,2321.0
2026-01-22,中班,ES-03,138.9,99,3225.0
2026-01-22,中班,ES-04,170.4,110,3321.0
2026-01-22,中班,ES-06,139.2,57,1663.0
2026-01-22,中班,ES-07,157.4,71,2314.0
2026-01-22,中班,ES-08,117.1,96,3157.0
2026-01-22,夜班,ES-02,131.4,92,2804.0
2026-01-22,夜班,ES-06,126.2,116,3680.0
2026-01-22,夜班,ES-07,138.8,96,3164.0
2026-01-22,夜班,ES-08,104.0,78,2244.0
2026-01-23,早班,ES-01,116.2,89,2505.0
2026-01-23,早班,ES-03,105.7,61,1834.0
2026-01-23,早班,ES-04,180.3,123,3769.0
2026-01-23,早班,ES-05,140.3,93,2952.0
2026-01-23,早班,ES-06,128.4,84,2372.0
2026-01-23,早班,ES-07,154.8,96,2884.0
2026-01-23,早班,ES-08,111.4,124,3882.0
2026-01-23,中班,ES-04,174.0,85,2460.0
2026-01-23,中班,ES-05,135.8,73,2188.0
2026-01-23,中班,ES-07,149.4,109,3582.0
2026-01-23,中班,ES-08,138.4,102,3291.0
2026-01-23,夜班,ES-01,127.4,102,3227.0
2026-01-23,夜班,ES-02,122.3,104,3223.0
2026-01-23,夜班,ES-03,113.1,94,2638.0
2026-01-23,夜班,ES-04,171.8,80,2455.0
2026-01-23,夜班,ES-05,126.6,47,1351.0
2026-01-23,夜班,ES-07,158.6,65,2113.0
2026-01-23,夜班,ES-08,124.2,77,2344.0
2026-01-24,早班,ES-01,124.2,93,2883.0
2026-01-24,早班,ES-03,100.3,106,3419.0
2026-01-24,早班,ES-04,168.9,80,2480.0
2026-01-24,早班,ES-06,141.6,97,3004.0
2026-01-24,早班,ES-07,139.4,117,3799.0
2026-01-24,中班,ES-01,109.5,101,2858.0
2026-01-24,中班,ES-02,123.4,85,2801.0
2026-01-24,中班,ES-03,94.4,81,2517.0
2026-01-24,中班,ES-04,159.2,43,1372.0
2026-01-24,中班,ES-06,140.3,78,2434.0
2026-01-24,中班,ES-07,152.0,103,2924.0
2026-01-24,中班,ES-08,126.5,106,3159.0
2026-01-24,夜班,ES-01,126.7,106,3058.0
2026-01-24,夜班,ES-02,124.8,80,2259.0
2026-01-24,夜班,ES-03,113.7,111,3400.0
2026-01-24,夜班,ES-04,179.8,89,2654.0
2026-01-24,夜班,ES-05,110.9,79,2492.0
2026-01-24,夜班,ES-07,154.0,113,3565.0
2026-01-24,夜班,ES-08,117.3,122,3553.0
2026-01-25,早班,ES-01,124.4,89,2916.0
2026-01-25,早班,ES-02,126.7,88,2603.0
2026-01-25,早班,ES-05,131.1,77,2522.0
2026-01-25,早班,ES-06,170.5,93,2955.0
2026-01-25,早班,ES-07,152.5,68,2111.0
2026-01-25,中班,ES-01,122.7,83,2419.0
2026-01-25,中班,ES-02,113.4,77,2207.0
2026-01-25,中班,ES-04,180.6,71,1994.0
2026-01-25,中班,ES-05,129.4,112,3297.0
2026-01-25,中班,ES-06,129.4,105,3444.0
2026-01-25,夜班,ES-02,119.4,86,2588.0
2026-01-25,夜班,ES-03,114.1,68,2096.0
2026-01-25,夜班,ES-04,178.9,80,2577.0
2026-01-25,夜班,ES-05,123.9,95,2929.0
2026-01-25,夜班,ES-06,198.4,100,3244.0
2026-01-25,夜班,ES-07,131.6,100,2807.0
2026-01-25,夜班,ES-08,125.7,80,2504.0
2026-01-26,早班,ES-01,115.0,81,2658.0
2026-01-26,早班,ES-04,172.0,110,3317.0
2026-01-26,早班,ES-06,139.9,69,2018.0
2026-01-26,早班,ES-07,159.3,151,4500.0
2026-01-26,早班,ES-08,135.1,86,2627.0
2026-01-26,中班,ES-02,127.7,101,2856.0
2026-01-26,中班,ES-03,108.4,68,1980.0
2026-01-26,中班,ES-04,185.3,86,2410.0
2026-01-26,中班,ES-05,121.6,110,3573.0
2026-01-26,中班,ES-06,127.0,51,1613.0
2026-01-26,中班,ES-07,159.4,94,2754.0
2026-01-26,中班,ES-08,113.7,77,2449.0
2026-01-26,夜班,ES-01,124.5,110,3109.0
2026-01-26,夜班,ES-03,97.1,121,3896.0
2026-01-26,夜班,ES-04,161.3,68,1972.0
2026-01-26,夜班,ES-05,134.3,86,2637.0
2026-01-26,夜班,ES-06,135.2,110,3576.0
2026-01-26,夜班,ES-07,145.8,79,2237.0
2026-01-26,夜班,ES-08,129.3,106,3249.0
2026-01-27,早班,ES-02,119.8,90,2527.0
2026-01-27,早班,ES-03,117.2,72,2139.0
2026-01-27,早班,ES-04,173.7,105,3435.0
2026-01-27,早班,ES-07,142.5,116,3605.0
2026-01-27,早班,ES-08,132.1,93,2730.0
2026-01-27,中班,ES-05,125.8,67,2123.0
2026-01-27,中班,ES-08,125.0,87,2487.0
2026-01-27,夜班,ES-01,118.4,115,3403.0
2026-01-27,夜班,ES-02,127.0,85,2498.0
2026-01-27,夜班,ES-03,103.6,110,3524.0
2026-01-27,夜班,ES-06,129.8,76,2195.0
2026-01-27,夜班,ES-08,129.4,107,3269.0
2026-01-28,早班,ES-01,127.1,117,3334.0
2026-01-28,早班,ES-02,130.8,81,2539.0
2026-01-28,早班,ES-03,112.7,70,2012.0
2026-01-28,早班,ES-04,242.1,106,3392.0
2026-01-28,早班,ES-05,124.5,102,3008.0
2026-01-28,早班,ES-06,134.1,75,2328.0
2026-01-28,早班,ES-07,150.0,99,2995.0
2026-01-28,早班,ES-08,127.1,114,3212.0
2026-01-28,中班,ES-01,126.7,110,3288.0
2026-01-28,中班,ES-03,102.4,106,3320.0
2026-01-28,中班,ES-05,119.8,87,2770.0
2026-01-28,中班,ES-06,115.5,107,3335.0
2026-01-28,中班,ES-07,157.7,108,3056.0
2026-01-28,夜班,ES-03,107.5,65,2098.0
2026-01-28,夜班,ES-05,137.2,99,3107.0
2026-01-28,夜班,ES-06,131.2,112,3300.0
2026-01-28,夜班,ES-07,138.8,98,2904.0
2026-01-29,早班,ES-02,122.8,99,2819.0
2026-01-29,早班,ES-04,180.3,94,2643.0
2026-01-29,早班,ES-05,123.7,84,2574.0
2026-01-29,早班,ES-06,127.3,72,2232.0
2026-01-29,早班,ES-07,148.3,114,3709.0
2026-01-29,中班,ES-01,118.5,103,3146.0
2026-01-29,中班,ES-02,118.1,75,2316.0
2026-01-29,中班,ES-03,108.6,84,2382.0
2026-01-29,中班,ES-04,183.9,106,3328.0
2026-01-29,中班,ES-05,127.0,101,3241.0
2026-01-29,中班,ES-08,118.1,91,2718.0
2026-01-29,夜班,ES-01,111.2,72,2223.0
2026-01-29,夜班,ES-02,123.8,91,2579.0
2026-01-29,夜班,ES-03,114.8,94,3078.0
2026-01-29,夜班,ES-04,183.1,90,2788.0
2026-01-29,夜班,ES-06,126.8,83,2696.0
2026-01-29,夜班,ES-07,154.2,96,2853.0
2026-01-29,夜班,ES-08,171.2,111,3423.0
2026-01-30,早班,ES-01,106.5,102,3000.0
2026-01-30,早班,ES-04,168.7,113,3419.0
2026-01-30,早班,ES-06,144.0,82,2643.0
2026-01-30,早班,ES-07,142.2,119,3616.0
2026-01-30,早班,ES-08,130.4,111,3502.0
2026-01-30,中班,ES-01,108.2,85,2471.0
2026-01-30,中班,ES-02,118.4,95,2922.0
2026-01-30,中班,ES-03,103.9,106,3289.0
2026-01-30,中班,ES-05,133.2,103,2952.0
2026-01-30,中班,ES-07,152.4,96,2886.0
2026-01-30,中班,ES-08,134.3,97,2909.0
2026-01-30,夜班,ES-01,112.7,90,2880.0
2026-01-30,夜班,ES-02,130.6,83,2595.0
2026-01-30,夜班,ES-03,106.9,97,2808.0
2026-01-30,夜班,ES-04,161.2,73,2174.0
2026-01-30,夜班,ES-05,119.4,102,3348.0
2026-01-30,夜班,ES-06,108.8,118,3362.0
2026-01-30,夜班,ES-07,150.4,117,3811.0
2026-01-30,夜班,ES-08,132.5,93,2821.0
2026-01-31,早班,ES-01,131.9,130,4060.0
2026-01-31,早班,ES-02,113.3,71,2130.0
2026-01-31,早班,ES-03,108.9,113,3601.0
2026-01-31,早班,ES-04,177.4,91,2595.0
2026-01-31,早班,ES-05,124.2,108,3196.0
2026-01-31,早班,ES-06,117.3,114,3266.0
2026-01-31,早班,ES-07,152.5,82,2488.0
2026-01-31,早班,ES-08,121.8,86,2447.0
2026-01-31,中班,ES-01,109.0,72,2289.0
2026-01-31,中班,ES-02,126.6,100,2855.0
2026-01-31,中班,ES-05,145.2,76,2254.0
2026-01-31,中班,ES-06,128.2,82,2654.0
2026-01-31,中班,ES-07,146.6,78,2482.0
2026-01-31,中班,ES-08,127.2,127,4037.0
2026-01-31,夜班,ES-01,169.1,95,3066.0
2026-01-31,夜班,ES-03,112.9,122,3463.0
2026-01-31,夜班,ES-05,121.1,92,2761.0
2026-01-31,夜班,ES-06,133.8,95,2759.0
2026-01-31,夜班,ES-07,164.6,63,1809.0
2026-02-01,早班,ES-01,122.2,69,2164.0
2026-02-01,早班,ES-02,146.8,102,3264.0
2026-02-01,早班,ES-04,160.1,94,2725.0
2026-02-01,早班,ES-06,130.9,119,3854.0
2026-02-01,早班,ES-07,210.7,92,2919.0
2026-02-01,早班,ES-08,118.2,86,2620.0
2026-02-01,中班,ES-01,108.6,123,3483.0
2026-02-01,中班,ES-03,119.5,112,3138.0
2026-02-01,中班,ES-04,171.5,73,2155.0
2026-02-01,中班,ES-05,124.4,80,2452.0
2026-02-01,中班,ES-06,118.4,66,1909.0
2026-02-01,夜班,ES-01,122.1,72,2171.0
2026-02-01,夜班,ES-04,179.9,99,3021.0
2026-02-01,夜班,ES-05,127.3,84,2613.0
2026-02-01,夜班,ES-06,127.1,94,2694.0
2026-02-01,夜班,ES-07,152.2,77,2398.0
2026-02-01,夜班,ES-08,119.4,108,3452.0
2026-02-02,早班,ES-01,130.6,94,2828.0
2026-02-02,早班,ES-03,107.1,104,2947.0
2026-02-02,早班,ES-05,151.5,70,1969.0
2026-02-02,早班,ES-06,113.9,92,2948.0
2026-02-02,早班,ES-07,145.1,115,3575.0
2026-02-02,早班,ES-08,125.2,77,2436.0
2026-02-02,中班,ES-01,111.2,84,2579.0
2026-02-02,中班,ES-02,119.1,116,3271.0
2026-02-02,中班,ES-03,115.6,66,2007.0
2026-02-02,中班,ES-04,188.0,81,2545.0
2026-02-02,中班,ES-05,107.7,98,3148.0
2026-02-02,中班,ES-06,128.2,97,3159.0
2026-02-02,夜班,ES-01,128.5,84,2451.0
2026-02-02,夜班,ES-02,123.6,78,2463.0
2026-02-02,夜班,ES-03,119.3,116,3502.0
2026-02-02,夜班,ES-04,164.4,80,2539.0
2026-02-02,夜班,ES-05,119.1,109,3479.0
2026-02-02,夜班,ES-06,138.4,82,2313.0
2026-02-02,夜班,ES-07,135.9,106,3375.0
2026-02-02,夜班,ES-08,119.9,100,2929.0
2026-02-03,早班,ES-02,129.6,105,3270.0
2026-02-03,早班,ES-03,103.1,103,3238.0
2026-02-03,早班,ES-05,144.3,111,3606.0
2026-02-03,早班,ES-06,134.6,104,3012.0
2026-02-03,早班,ES-07,156.8,89,2641.0
2026-02-03,早班,ES-08,125.0,99,2858.0
2026-02-03,中班,ES-02,116.4,109,3543.0
2026-02-03,中班,ES-03,118.2,113,3335.0
2026-02-03,中班,ES-04,173.9,102,3261.0
2026-02-03,中班,ES-06,115.0,106,3038.0
2026-02-03,中班,ES-07,152.1,123,3772.0
2026-02-03,中班,ES-08,117.3,99,2906.0
2026-02-03,夜班,ES-01,120.8,87,2750.0
2026-02-03,夜班,ES-02,122.3,115,3424.0
2026-02-03,夜班,ES-03,117.6,107,3263.0
2026-02-03,夜班,ES-04,177.1,128,3811.0
2026-02-03,夜班,ES-05,167.4,96,2848.0
2026-02-03,夜班,ES-06,123.9,98,2845.0
2026-02-03,夜班,ES-07,153.1,120,3841.0
2026-02-03,夜班,ES-08,128.6,95,2835.0
2026-02-04,早班,ES-01,118.5,87,2474.0
2026-02-04,早班,ES-02,131.8,80,2378.0
2026-02-04,早班,ES-03,110.2,84,2377.0
2026-02-04,早班,ES-04,174.7,91,2767.0
2026-02-04,早班,ES-05,127.0,89,2911.0
2026-02-04,早班,ES-06,133.7,101,3132.0
2026-02-04,早班,ES-07,158.2,64,1935.0
2026-02-04,早班,ES-08,121.6,96,3129.0
2026-02-04,中班,ES-02,125.6,49,1379.0
2026-02-04,中班,ES-03,106.4,84,2424.0
2026-02-04,中班,ES-04,184.9,100,2802.0
2026-02-04,中班,ES-05,130.2,86,2612.0
2026-02-04,中班,ES-06,142.2,98,2971.0
2026-02-04,中班,ES-07,145.9,93,2649.0
2026-02-04,夜班,ES-03,109.3,99,3175.0
2026-02-04,夜班,ES-05,128.1,103,3356.0
2026-02-04,夜班,ES-06,130.2,104,3318.0
2026-02-04,夜班,ES-07,145.4,107,3279.0
2026-02-04,夜班,ES-08,138.3,77,2479.0
2026-02-05,早班,ES-01,122.4,88,2498.0
2026-02-05,早班,ES-02,135.7,110,3450.0
2026-02-05,早班,ES-03,115.9,104,3041.0
2026-02-05,早班,ES-04,169.8,86,2631.0
2026-02-05,早班,ES-06,127.2,69,2158.0
2026-02-05,早班,ES-08,123.6,92,2884.0
2026-02-05,中班,ES-01,113.1,104,2915.0
2026-02-05,中班,ES-02,115.6,85,2737.0
2026-02-05,中班,ES-03,113.1,112,3252.0
2026-02-05,中班,ES-05,133.9,106,2993.0
2026-02-05,中班,ES-06,134.8,103,3379.0
2026-02-05,中班,ES-07,143.0,77,2517.0
2026-02-05,中班,ES-08,127.3,92,2720.0
2026-02-05,夜班,ES-01,120.2,80,2511.0
2026-02-05,夜班,ES-02,136.4,87,2451.0
2026-02-05,夜班,ES-03,100.2,112,3358.0
2026-02-05,夜班,ES-04,170.7,76,2220.0
2026-02-05,夜班,ES-08,139.4,96,3015.0
2026-02-06,早班,ES-02,129.3,102,3012.0
2026-02-06,早班,ES-03,104.2,81,2633.0
2026-02-06,早班,ES-04,188.1,121,3764.0
2026-02-06,早班,ES-05,121.0,78,2422.0
2026-02-06,早班,ES-06,127.7,113,3421.0
2026-02-06,早班,ES-07,147.8,104,3398.0
2026-02-06,早班,ES-08,130.5,84,2724.0
2026-02-06,中班,ES-01,112.7,65,1980.0
2026-02-06,中班,ES-02,130.3,53,1554.0
2026-02-06,中班,ES-03,120.2,120,3955.0
2026-02-06,中班,ES-04,178.8,106,3459.0
2026-02-06,中班,ES-05,116.2,112,3409.0
2026-02-06,中班,ES-06,139.2,126,3617.0
2026-02-06,夜班,ES-02,128.5,55,1734.0
2026-02-06,夜班,ES-03,99.0,108,3519.0
2026-02-06,夜班,ES-04,184.9,96,3021.0
2026-02-06,夜班,ES-06,136.3,95,3095.0
2026-02-06,夜班,ES-07,138.1,87,2460.0
2026-02-07,早班,ES-04,167.2,109,3526.0
2026-02-07,早班,ES-05,128.3,95,2932.0
2026-02-07,早班,ES-06,145.0,70,2237.0
2026-02-07,早班,ES-07,145.3,97,2904.0
2026-02-07,早班,ES-08,116.1,89,2831.0
2026-02-07,中班,ES-01,126.1,98,2974.0
2026-02-07,中班,ES-02,192.3,72,2127.0
2026-02-07,中班,ES-04,191.4,63,1889.0
2026-02-07,中班,ES-06,129.6,67,1964.0
2026-02-07,中班,ES-07,197.0,105,3136.0
2026-02-07,中班,ES-08,127.3,87,2693.0
2026-02-07,夜班,ES-01,123.0,83,2596.0
2026-02-07,夜班,ES-02,122.1,79,2546.0
2026-02-07,夜班,ES-03,111.0,86,2780.0
2026-02-07,夜班,ES-04,164.0,100,3044.0
2026-02-07,夜班,ES-06,125.6,74,2091.0
2026-02-07,夜班,ES-07,144.7,89,2719.0
2026-02-08,早班,ES-01,129.3,90,2524.0
2026-02-08,早班,ES-02,124.0,127,4042.0
2026-02-08,早班,ES-03,114.7,87,2491.0
2026-02-08,早班,ES-04,178.4,102,3334.0
2026-02-08,早班,ES-06,118.0,67,2010.0
2026-02-08,早班,ES-07,152.7,105,3305.0
2026-02-08,早班,ES-08,111.8,93,2713.0
2026-02-08,中班,ES-01,121.0,96,2988.0
2026-02-08,中班,ES-02,132.5,115,3419.0
2026-02-08,中班,ES-03,104.7,86,2596.0
2026-02-08,中班,ES-05,137.4,114,3691.0
2026-02-08,中班,ES-07,153.2,70,2124.0
2026-02-08,中班,ES-08,125.2,108,3497.0
2026-02-08,夜班,ES-02,120.0,72,2197.0
2026-02-08,夜班,ES-03,108.4,99,2929.0
2026-02-08,夜班,ES-04,176.8,115,3526.0
2026-02-08,夜班,ES-06,135.9,94,2661.0
2026-02-08,夜班,ES-07,163.7,68,2009.0
2026-02-09,早班,ES-01,125.5,111,3319.0
2026-02-09,早班,ES-02,126.6,93,2851.0
2026-02-09,早班,ES-03,101.5,108,3526.0
2026-02-09,早班,ES-05,133.4,79,2289.0
2026-02-09,早班,ES-06,135.3,97,3177.0
2026-02-09,早班,ES-07,151.8,76,2338.0
2026-02-09,早班,ES-08,132.5,65,1879.0
2026-02-09,中班,ES-01,126.2,122,3734.0
2026-02-09,中班,ES-02,120.2,113,3375.0
2026-02-09,中班,ES-03,105.0,65,2074.0
2026-02-09,中班,ES-04,181.1,109,3496.0
2026-02-09,中班,ES-05,135.8,142,4468.0
2026-02-09,中班,ES-06,138.7,76,2331.0
2026-02-09,中班,ES-08,129.6,95,2767.0
2026-02-09,夜班,ES-01,117.6,99,2878.0
2026-02-09,夜班,ES-03,110.1,91,2864.0
2026-02-09,夜班,ES-05,122.8,109,3195.0
2026-02-09,夜班,ES-06,110.0,65,2043.0
2026-02-09,夜班,ES-07,131.7,87,2580.0
2026-02-09,夜班,ES-08,128.2,103,3267.0
2026-02-10,早班,ES-01,120.7,99,3129.0
2026-02-10,早班,ES-03,127.5,80,2340.0
2026-02-10,早班,ES-04,170.1,143,4213.0
2026-02-10,早班,ES-05,121.1,109,3257.0
2026-02-10,早班,ES-06,105.3,96,2973.0
2026-02-10,早班,ES-07,147.7,83,2334.0
2026-02-10,早班,ES-08,109.8,98,3071.0
2026-02-10,中班,ES-01,117.3,75,2253.0
2026-02-10,中班,ES-02,181.8,117,3853.0
2026-02-10,中班,ES-03,110.3,70,2154.0
2026-02-10,中班,ES-07,162.1,80,2548.0
2026-02-10,中班,ES-08,133.3,111,3455.0
2026-02-10,夜班,ES-01,125.2,104,3104.0
2026-02-10,夜班,ES-02,130.2,89,2672.0
2026-02-10,夜班,ES-03,110.5,95,2996.0
2026-02-10,夜班,ES-08,103.8,49,1588.0
2026-02-11,早班,ES-01,119.2,87,2846.0
2026-02-11,早班,ES-02,130.1,103,3072.0
2026-02-11,早班,ES-04,173.3,73,2175.0
2026-02-11,早班,ES-06,124.6,104,3362.0
2026-02-11,早班,ES-07,153.9,85,2663.0
2026-02-11,中班,ES-02,112.2,103,2969.0
2026-02-11,中班,ES-03,88.4,73,2312.0
2026-02-11,中班,ES-04,177.6,117,3845.0
2026-02-11,中班,ES-05,129.2,76,2193.0
2026-02-11,中班,ES-06,119.0,51,1529.0
2026-02-11,中班,ES-07,143.9,84,2436.0
2026-02-11,中班,ES-08,129.2,114,3462.0
2026-02-11,夜班,ES-02,109.7,109,3188.0
2026-02-11,夜班,ES-03,120.4,84,2767.0
2026-02-11,夜班,ES-06,133.6,92,2851.0
2026-02-11,夜班,ES-07,155.3,98,2966.0
2026-02-11,夜班,ES-08,126.3,122,3544.0
2026-02-12,早班,ES-02,123.4,84,2559.0
2026-02-12,早班,ES-03,102.2,93,2820.0
2026-02-12,早班,ES-04,173.4,65,1892.0
2026-02-12,早班,ES-05,137.8,96,2851.0
2026-02-12,早班,ES-06,113.0,98,2834.0
2026-02-12,早班,ES-08,101.4,88,2651.0
2026-02-12,中班,ES-01,108.8,147,4608.0
2026-02-12,中班,ES-02,127.2,86,2623.0
2026-02-12,中班,ES-03,116.9,118,3778.0
2026-02-12,中班,ES-04,176.0,66,1954.0
2026-02-12,中班,ES-05,137.3,91,2740.0
2026-02-12,中班,ES-06,112.6,85,2701.0
2026-02-12,中班,ES-07,152.7,62,1777.0
2026-02-12,中班,ES-08,130.4,67,1997.0
2026-02-12,夜班,ES-01,111.2,95,2977.0
2026-02-12,夜班,ES-02,114.1,80,2436.0
2026-02-12,夜班,ES-03,121.8,81,2518.0
2026-02-12,夜班,ES-04,177.1,92,2593.0
2026-02-12,夜班,ES-05,120.8,91,2734.0
2026-02-12,夜班,ES-06,124.5,111,3561.0
2026-02-12,夜班,ES-07,150.2,90,2846.0
2026-02-12,夜班,ES-08,122.0,84,2430.0
2026-02-13,早班,ES-01,126.4,113,3317.0
2026-02-13,早班,ES-03,107.6,89,2808.0
2026-02-13,早班,ES-04,187.6,74,2103.0
2026-02-13,早班,ES-07,146.9,105,3078.0
2026-02-13,中班,ES-01,119.1,94,2863.0
2026-02-13,中班,ES-03,104.8,98,2867.0
2026-02-13,中班,ES-04,175.0,65,2140.0
2026-02-13,中班,ES-05,125.5,75,2282.0
2026-02-13,中班,ES-06,135.9,102,2970.0
2026-02-13,中班,ES-07,146.3,101,2893.0
2026-02-13,中班,ES-08,115.7,100,3120.0
2026-02-13,夜班,ES-01,127.4,74,2120.0
2026-02-13,夜班,ES-02,128.4,96,3056.0
2026-02-13,夜班,ES-04,185.7,93,2965.0
2026-02-13,夜班,ES-06,134.4,92,2888.0
2026-02-13,夜班,ES-07,150.9,77,2511.0
2026-02-13,夜班,ES-08,119.2,102,3212.0
2026-02-14,早班,ES-02,133.9,91,2644.0
2026-02-14,早班,ES-03,109.2,103,3323.0
2026-02-14,早班,ES-06,126.6,117,3628.0
2026-02-14,早班,ES-08,124.5,91,2985.0
2026-02-14,中班,ES-02,122.3,88,2816.0
2026-02-14,中班,ES-03,123.8,79,2498.0
2026-02-14,中班,ES-04,158.6,84,2640.0
2026-02-14,中班,ES-05,119.4,103,2917.0
2026-02-14,中班,ES-06,130.1,98,3009.0
2026-02-14,中班,ES-07,152.5,96,2916.0
2026-02-14,中班,ES-08,134.0,86,2416.0
2026-02-14,夜班,ES-02,122.2,76,2259.0
2026-02-14,夜班,ES-03,107.1,81,2667.0
2026-02-14,夜班,ES-04,179.3,103,3119.0
2026-02-14,夜班,ES-05,130.8,104,3197.0
2026-02-14,夜班,ES-06,122.1,79,2320.0
2026-02-14,夜班,ES-08,128.2,62,1937.0
2026-02-15,早班,ES-01,120.3,80,2624.0
2026-02-15,早班,ES-02,135.7,94,2959.0
2026-02-15,早班,ES-03,117.8,90,2748.0
2026-02-15,早班,ES-04,190.2,78,2538.0
2026-02-15,早班,ES-05,131.8,86,2815.0
2026-02-15,早班,ES-06,112.8,100,3153.0
2026-02-15,早班,ES-07,158.4,95,2882.0
2026-02-15,早班,ES-08,128.4,65,1969.0
2026-02-15,中班,ES-01,123.9,93,2677.0
2026-02-15,中班,ES-02,154.8,92,2965.0
2026-02-15,中班,ES-03,113.8,94,3076.0
2026-02-15,中班,ES-04,173.5,87,2473.0
2026-02-15,中班,ES-05,138.9,119,3789.0
2026-02-15,中班,ES-06,125.1,78,2497.0
2026-02-15,中班,ES-08,117.5,88,2883.0
2026-02-15,夜班,ES-02,188.9,63,1969.0
2026-02-15,夜班,ES-03,92.2,73,2080.0
2026-02-15,夜班,ES-04,166.0,133,4263.0
2026-02-15,夜班,ES-05,123.4,95,2949.0
2026-02-15,夜班,ES-07,169.6,92,2995.0
2026-02-15,夜班,ES-08,129.3,84,2549.0
2026-02-16,早班,ES-01,130.3,82,2332.0
2026-02-16,早班,ES-02,110.7,67,1905.0
2026-02-16,早班,ES-03,117.3,106,2976.0
2026-02-16,早班,ES-04,189.0,95,3129.0
2026-02-16,早班,ES-05,124.1,87,2840.0
2026-02-16,早班,ES-06,132.5,124,3626.0
2026-02-16,早班,ES-07,134.1,110,3345.0
2026-02-16,早班,ES-08,114.2,87,2792.0
2026-02-16,中班,ES-02,130.3,136,4337.0
2026-02-16,中班,ES-04,190.8,64,2014.0
2026-02-16,中班,ES-05,129.8,83,2702.0
2026-02-16,中班,ES-06,136.2,124,3850.0
2026-02-16,中班,ES-07,147.2,113,3349.0
2026-02-16,中班,ES-08,127.5,99,3020.0
2026-02-16,夜班,ES-01,105.5,89,2831.0
2026-02-16,夜班,ES-03,103.8,112,3506.0
2026-02-16,夜班,ES-04,184.0,98,2754.0
2026-02-16,夜班,ES-05,131.6,94,2869.0
2026-02-16,夜班,ES-06,133.8,93,2723.0
2026-02-16,夜班,ES-08,119.1,90,2784.0
2026-02-17,早班,ES-01,111.2,112,3380.0
2026-02-17,早班,ES-03,114.5,74,2090.0
2026-02-17,早班,ES-04,188.2,110,3628.0
2026-02-17,早班,ES-05,132.5,96,2820.0
2026-02-17,早班,ES-07,164.9,96,3097.0
2026-02-17,早班,ES-08,118.0,112,3169.0
2026-02-17,中班,ES-01,111.4,74,2200.0
2026-02-17,中班,ES-02,117.8,89,2589.0
2026-02-17,中班,ES-03,102.3,49,1529.0
2026-02-17,中班,ES-04,178.0,111,3481.0
2026-02-17,中班,ES-05,138.7,84,2768.0
2026-02-17,中班,ES-07,158.2,68,1935.0
2026-02-17,中班,ES-08,109.2,75,2413.0
2026-02-17,夜班,ES-02,120.5,110,3490.0
2026-02-17,夜班,ES-03,96.3,79,2463.0
2026-02-17,夜班,ES-05,127.0,91,2949.0
2026-02-17,夜班,ES-06,128.8,95,2811.0
2026-02-17,夜班,ES-07,153.1,91,2867.0
2026-02-18,早班,ES-01,117.3,98,2764.0
2026-02-18,早班,ES-02,128.9,88,2812.0
2026-02-18,早班,ES-03,118.2,88,2566.0
2026-02-18,早班,ES-05,133.7,110,3469.0
2026-02-18,早班,ES-07,167.7,108,3086.0
2026-02-18,早班,ES-08,125.0,76,2426.0
2026-02-18,中班,ES-01,121.4,107,3404.0
2026-02-18,中班,ES-02,136.8,77,2342.0
2026-02-18,中班,ES-03,120.8,105,3251.0
2026-02-18,中班,ES-04,175.2,87,2785.0
2026-02-18,中班,ES-05,124.7,121,3786.0
2026-02-18,中班,ES-07,126.0,97,3162.0
2026-02-18,中班,ES-08,103.4,75,2267.0
2026-02-18,夜班,ES-01,117.5,102,2899.0
2026-02-18,夜班,ES-04,167.2,105,3399.0
2026-02-18,夜班,ES-05,120.2,107,3122.0
2026-02-18,夜班,ES-07,149.0,83,2714.0
2026-02-18,夜班,ES-08,111.9,94,2893.0
2026-02-19,早班,ES-02,129.1,85,2803.0
2026-02-19,早班,ES-04,181.9,99,3219.0
2026-02-19,早班,ES-05,123.2,84,2541.0
2026-02-19,早班,ES-06,129.4,89,2852.0
2026-02-19,早班,ES-07,137.0,75,2213.0
2026-02-19,早班,ES-08,120.6,90,2890.0
2026-02-19,中班,ES-01,114.5,81,2413.0
2026-02-19,中班,ES-02,121.1,115,3680.0
2026-02-19,中班,ES-03,110.6,86,2421.0
2026-02-19,中班,ES-07,157.7,89,2579.0
2026-02-19,中班,ES-08,181.0,95,2950.0
2026-02-19,夜班,ES-01,112.2,113,3576.0
2026-02-19,夜班,ES-02,116.7,91,2755.0
2026-02-19,夜班,ES-03,103.7,106,3263.0
2026-02-19,夜班,ES-04,162.5,108,3306.0
2026-02-19,夜班,ES-05,112.4,105,3230.0
2026-02-19,夜班,ES-06,134.4,77,2445.0
2026-02-19,夜班,ES-08,120.9,53,1515.0
2026-02-20,早班,ES-02,119.8,122,3546.0
2026-02-20,早班,ES-04,176.1,124,3957.0
2026-02-20,早班,ES-06,128.8,89,2829.0
2026-02-20,早班,ES-08,135.8,81,2507.0
2026-02-20,中班,ES-01,117.6,65,1916.0
2026-02-20,中班,ES-02,122.6,76,2329.0
2026-02-20,中班,ES-03,117.9,116,3251.0
2026-02-20,中班,ES-04,176.3,110,3281.0
2026-02-20,中班,ES-05,140.5,103,3297.0
2026-02-20,中班,ES-08,119.4,68,2178.0
2026-02-20,夜班,ES-01,122.4,104,3387.0
2026-02-20,夜班,ES-03,104.2,82,2306.0
2026-02-20,夜班,ES-04,174.7,92,2656.0
2026-02-20,夜班,ES-05,123.8,88,2757.0
2026-02-20,夜班,ES-06,132.5,73,2304.0
2026-02-20,夜班,ES-08,123.2,84,2556.0
2026-02-21,早班,ES-01,116.9,91,2881.0
2026-02-21,早班,ES-02,129.9,78,2351.0
2026-02-21,早班,ES-03,119.4,101,3101.0
2026-02-21,早班,ES-04,174.0,82,2704.0
2026-02-21,早班,ES-05,136.2,105,3346.0
2026-02-21,早班,ES-06,120.1,90,2879.0
2026-02-21,早班,ES-08,137.8,101,3096.0
2026-02-21,中班,ES-01,206.6,110,3610.0
2026-02-21,中班,ES-02,146.1,112,3363.0
2026-02-21,中班,ES-03,112.7,85,2741.0
2026-02-21,中班,ES-04,174.9,80,2383.0
2026-02-21,中班,ES-05,189.1,34,1023.0
2026-02-21,中班,ES-06,133.2,64,1893.0
2026-02-21,中班,ES-07,149.4,99,3018.0
2026-02-21,中班,ES-08,180.4,86,2456.0
2026-02-21,夜班,ES-01,117.7,78,2402.0
2026-02-21,夜班,ES-03,114.1,57,1873.0
2026-02-21,夜班,ES-04,181.5,114,3375.0
2026-02-21,夜班,ES-05,139.4,117,3383.0
2026-02-21,夜班,ES-06,119.4,107,3308.0
2026-02-21,夜班,ES-07,145.2,99,3109.0
2026-02-21,夜班,ES-08,111.5,76,2133.0
2026-02-22,早班,ES-01,119.9,123,3784.0
2026-02-22,早班,ES-02,123.8,100,3033.0
2026-02-22,早班,ES-03,100.5,82,2597.0
2026-02-22,早班,ES-04,168.0,112,3154.0
2026-02-22,早班,ES-05,129.1,93,3005.0
2026-02-22,早班,ES-06,135.3,74,2406.0
2026-02-22,早班,ES-08,118.8,94,2830.0
2026-02-22,中班,ES-01,111.3,94,2708.0
2026-02-22,中班,ES-02,138.1,124,4085.0
2026-02-22,中班,ES-03,117.4,77,2407.0
2026-02-22,中班,ES-04,177.2,87,2703.0
2026-02-22,中班,ES-05,115.2,88,2486.0
2026-02-22,中班,ES-06,129.0,100,3222.0
2026-02-22,中班,ES-07,140.7,98,3037.0
2026-02-22,中班,ES-08,120.3,101,3106.0
2026-02-22,夜班,ES-02,121.0,98,3124.0
2026-02-22,夜班,ES-03,109.7,81,2491.0
2026-02-22,夜班,ES-04,178.9,128,3829.0
2026-02-22,夜班,ES-05,130.5,110,3299.0
2026-02-22,夜班,ES-08,120.8,88,2530.0
2026-02-23,早班,ES-01,108.9,116,3521.0
2026-02-23,早班,ES-02,128.9,97,2846.0
2026-02-23,早班,ES-03,94.2,99,3203.0
2026-02-23,早班,ES-04,194.7,124,3607.0
2026-02-23,早班,ES-05,136.2,59,1839.0
2026-02-23,早班,ES-06,136.0,85,2452.0
2026-02-23,早班,ES-07,145.8,105,3087.0
2026-02-23,早班,ES-08,116.3,88,2552.0
2026-02-23,中班,ES-01,129.3,75,2447.0
2026-02-23,中班,ES-02,140.8,86,2701.0
2026-02-23,中班,ES-03,114.2,101,2955.0
2026-02-23,中班,ES-04,190.2,62,1916.0
2026-02-23,中班,ES-05,109.2,105,3167.0
2026-02-23,中班,ES-06,132.3,85,2629.0
2026-02-23,中班,ES-07,213.5,108,3144.0
2026-02-23,中班,ES-08,113.3,97,3201.0
2026-02-23,夜班,ES-01,124.2,83,2555.0
2026-02-23,夜班,ES-02,123.9,81,2625.0
2026-02-23,夜班,ES-03,102.8,127,4040.0
2026-02-23,夜班,ES-05,133.6,114,3593.0
2026-02-23,夜班,ES-06,123.6,72,2157.0
2026-02-23,夜班,ES-07,149.3,104,3102.0
2026-02-23,夜班,ES-08,111.8,79,2411.0
2026-02-24,早班,ES-01,107.5,82,2431.0
2026-02-24,早班,ES-02,149.0,94,2977.0
2026-02-24,早班,ES-03,115.1,76,2233.0
2026-02-24,早班,ES-05,131.0,76,2224.0
2026-02-24,早班,ES-06,125.9,68,2099.0
2026-02-24,早班,ES-07,148.2,100,2874.0
2026-02-24,中班,ES-01,114.0,85,2608.0
2026-02-24,中班,ES-03,112.8,121,3885.0
2026-02-24,中班,ES-05,113.2,109,3213.0
2026-02-24,中班,ES-06,121.3,97,2968.0
2026-02-24,中班,ES-07,147.8,82,2671.0
2026-02-24,中班,ES-08,125.9,99,3074.0
2026-02-24,夜班,ES-01,112.1,62,2010.0
2026-02-24,夜班,ES-02,196.9,64,1853.0
2026-02-24,夜班,ES-03,107.7,118,3667.0
2026-02-24,夜班,ES-04,173.3,98,3038.0
2026-02-24,夜班,ES-05,123.8,110,3455.0
2026-02-24,夜班,ES-07,152.6,83,2533.0
2026-02-24,夜班,ES-08,121.4,93,2618.0
2026-02-25,早班,ES-03,106.4,88,2540.0
2026-02-25,早班,ES-04,176.7,96,3162.0
2026-02-25,早班,ES-05,120.7,101,3072.0
2026-02-25,早班,ES-07,163.5,106,3101.0
2026-02-25,中班,ES-02,121.0,74,2186.0
2026-02-25,中班,ES-03,98.1,80,2330.0
2026-02-25,中班,ES-04,192.6,48,1450.0
2026-02-25,中班,ES-05,122.3,135,4131.0
2026-02-25,中班,ES-07,138.7,105,3252.0
2026-02-25,夜班,ES-01,118.7,96,2994.0
2026-02-25,夜班,ES-02,129.9,76,2487.0
2026-02-25,夜班,ES-03,109.3,91,2952.0
2026-02-25,夜班,ES-04,169.5,117,3474.0
2026-02-25,夜班,ES-05,118.6,86,2720.0
2026-02-25,夜班,ES-06,147.0,122,3941.0
2026-02-25,夜班,ES-07,150.2,111,3342.0
2026-02-25,夜班,ES-08,124.9,83,2530.0
2026-02-26,早班,ES-02,130.5,101,2881.0
2026-02-26,早班,ES-03,109.4,130,3822.0
2026-02-26,早班,ES-04,169.4,100,2912.0
2026-02-26,早班,ES-05,125.7,85,2420.0
2026-02-26,早班,ES-06,148.1,135,3984.0
2026-02-26,早班,ES-07,148.0,86,2651.0
2026-02-26,中班,ES-01,121.4,61,1779.0
2026-02-26,中班,ES-02,116.5,120,3764.0
2026-02-26,中班,ES-03,114.8,76,2154.0
2026-02-26,中班,ES-04,178.9,92,2986.0
2026-02-26,中班,ES-05,130.8,136,4024.0
2026-02-26,中班,ES-06,120.3,86,2650.0
2026-02-26,中班,ES-07,134.6,105,3159.0
2026-02-26,中班,ES-08,123.1,65,1843.0
2026-02-26,夜班,ES-01,111.1,97,2721.0
2026-02-26,夜班,ES-02,122.0,72,2288.0
2026-02-26,夜班,ES-03,106.3,94,2855.0
2026-02-26,夜班,ES-04,201.8,103,3317.0
2026-02-26,夜班,ES-05,126.8,78,2309.0
2026-02-26,夜班,ES-06,121.3,122,3860.0
2026-02-26,夜班,ES-07,136.8,73,2103.0
2026-02-26,夜班,ES-08,127.2,87,2707.0
2026-02-27,早班,ES-01,119.9,63,1903.0
2026-02-27,早班,ES-02,121.7,100,3144.0
2026-02-27,早班,ES-03,106.8,96,2809.0
2026-02-27,早班,ES-04,173.2,78,2229.0
2026-02-27,早班,ES-05,120.9,103,3081.0
2026-02-27,早班,ES-06,123.4,73,2052.0
2026-02-27,早班,ES-07,157.1,110,3278.0
2026-02-27,早班,ES-08,112.0,85,2660.0
2026-02-27,中班,ES-01,130.6,93,2949.0
2026-02-27,中班,ES-02,134.8,84,2628.0
2026-02-27,中班,ES-04,180.4,93,2866.0
2026-02-27,中班,ES-05,147.1,104,3086.0
2026-02-27,中班,ES-06,137.4,80,2400.0
2026-02-27,中班,ES-07,154.2,93,2814.0
2026-02-27,中班,ES-08,113.2,77,2262.0
2026-02-27,夜班,ES-01,119.0,80,2591.0
2026-02-27,夜班,ES-02,128.7,93,2983.0
2026-02-27,夜班,ES-03,99.2,101,3019.0
2026-02-27,夜班,ES-04,189.7,83,2521.0
2026-02-27,夜班,ES-07,153.7,143,4156.0
2026-02-27,夜班,ES-08,120.0,79,2465.0
2026-02-28,早班,ES-01,117.1,59,1880.0
2026-02-28,早班,ES-02,128.0,141,4370.0
2026-02-28,早班,ES-03,103.4,80,2571.0
2026-02-28,早班,ES-04,175.7,70,2062.0
2026-02-28,早班,ES-05,117.8,99,3213.0
2026-02-28,早班,ES-06,149.0,94,2855.0
2026-02-28,早班,ES-07,150.4,80,2372.0
2026-02-28,早班,ES-08,125.2,72,2366.0
2026-02-28,中班,ES-01,96.7,61,1787.0
2026-02-28,中班,ES-03,185.6,128,3751.0
2026-02-28,中班,ES-04,181.9,69,2266.0
2026-02-28,中班,ES-05,122.7,79,2367.0
2026-02-28,中班,ES-06,128.7,126,3623.0
2026-02-28,中班,ES-08,116.3,85,2421.0
2026-02-28,夜班,ES-02,121.1,110,3312.0
2026-02-28,夜班,ES-03,116.5,83,2734.0
2026-02-28,夜班,ES-04,172.5,102,2996.0
2026-02-28,夜班,ES-05,127.7,91,2959.0
2026-02-28,夜班,ES-06,141.1,109,3532.0
2026-02-28,夜班,ES-07,163.5,64,2024.0
2026-03-01,早班,ES-01,111.2,89,2722.0
2026-03-01,早班,ES-02,136.2,118,3851.0
2026-03-01,早班,ES-03,173.9,96,3030.0
2026-03-01,早班,ES-04,176.6,117,3673.0
2026-03-01,早班,ES-07,153.9,83,2695.0
2026-03-01,早班,ES-08,126.2,98,3170.0
2026-03-01,中班,ES-01,124.9,101,2971.0
2026-03-01,中班,ES-02,122.3,97,2946.0
2026-03-01,中班,ES-03,127.9,132,4194.0
2026-03-01,中班,ES-04,180.8,89,2627.0
2026-03-01,中班,ES-05,115.5,90,2657.0
2026-03-01,中班,ES-06,133.9,69,2045.0
2026-03-01,夜班,ES-01,112.0,95,2772.0
2026-03-01,夜班,ES-02,122.8,92,2753.0
2026-03-01,夜班,ES-03,103.4,136,4093.0
2026-03-01,夜班,ES-04,165.7,101,3148.0
2026-03-01,夜班,ES-06,124.8,80,2597.0
2026-03-01,夜班,ES-07,161.1,108,3325.0
2026-03-01,夜班,ES-08,117.9,71,2289.0
2026-03-02,早班,ES-03,122.4,132,3906.0
2026-03-02,早班,ES-05,129.3,74,2207.0
2026-03-02,早班,ES-06,142.9,89,2625.0
2026-03-02,中班,ES-01,125.2,109,3156.0
2026-03-02,中班,ES-02,124.8,109,3288.0
2026-03-02,中班,ES-03,102.4,110,3545.0
2026-03-02,中班,ES-04,185.6,94,2725.0
2026-03-02,中班,ES-06,135.1,82,2685.0
2026-03-02,中班,ES-07,150.9,73,2217.0
2026-03-02,中班,ES-08,134.3,75,2214.0
2026-03-02,夜班,ES-01,109.6,102,3119.0
2026-03-02,夜班,ES-02,127.7,92,2594.0
2026-03-02,夜班,ES-03,109.3,105,2980.0
2026-03-02,夜班,ES-04,173.8,132,4269.0
2026-03-02,夜班,ES-05,149.0,132,3720.0
2026-03-02,夜班,ES-06,173.1,90,2759.0
2026-03-02,夜班,ES-07,150.3,108,3411.0
2026-03-02,夜班,ES-08,122.7,93,2812.0
2026-03-03,早班,ES-01,138.7,94,2661.0
2026-03-03,早班,ES-05,129.3,107,3482.0
2026-03-03,早班,ES-06,127.8,91,2658.0
2026-03-03,早班,ES-08,123.5,129,3894.0
2026-03-03,中班,ES-01,121.0,81,2515.0
2026-03-03,中班,ES-02,119.6,102,3253.0
2026-03-03,中班,ES-04,175.2,115,3747.0
2026-03-03,中班,ES-05,138.0,77,2181.0
2026-03-03,中班,ES-07,138.8,94,3069.0
2026-03-03,中班,ES-08,124.0,125,3833.0
2026-03-03,夜班,ES-01,114.2,74,2168.0
2026-03-03,夜班,ES-02,112.4,83,2602.0
2026-03-03,夜班,ES-03,93.9,97,3186.0
2026-03-03,夜班,ES-04,173.8,61,1859.0
2026-03-03,夜班,ES-05,126.3,76,2255.0
2026-03-03,夜班,ES-06,187.0,72,2178.0
2026-03-03,夜班,ES-07,165.1,99,3184.0
2026-03-03,夜班,ES-08,122.6,71,2295.0
2026-03-04,早班,ES-01,105.3,89,2563.0
2026-03-04,早班,ES-02,125.5,128,3984.0
2026-03-04,早班,ES-03,108.2,126,3976.0
2026-03-04,早班,ES-04,182.5,125,3530.0
2026-03-04,早班,ES-05,122.5,122,3433.0
2026-03-04,早班,ES-07,150.5,67,2043.0
2026-03-04,早班,ES-08,133.0,82,2494.0
2026-03-04,中班,ES-02,124.3,92,2606.0
2026-03-04,中班,ES-04,177.5,85,2384.0
2026-03-04,中班,ES-06,122.4,105,3037.0
2026-03-04,中班,ES-07,149.0,84,2644.0
2026-03-04,夜班,ES-01,125.2,120,3802.0
2026-03-04,夜班,ES-02,128.0,87,2473.0
2026-03-04,夜班,ES-03,100.0,77,2515.0
2026-03-04,夜班,ES-04,179.3,79,2472.0
2026-03-04,夜班,ES-05,127.6,129,4247.0
2026-03-04,夜班,ES-06,127.2,98,3123.0
2026-03-04,夜班,ES-07,153.4,62,1803.0
2026-03-04,夜班,ES-08,118.7,90,2805.0
2026-03-05,早班,ES-01,113.2,144,4066.0
2026-03-05,早班,ES-02,140.6,90,2896.0
2026-03-05,早班,ES-04,173.7,76,2293.0
2026-03-05,早班,ES-05,120.1,92,2613.0
2026-03-05,早班,ES-06,130.5,63,1933.0
2026-03-05,早班,ES-07,168.5,79,2466.0
2026-03-05,早班,ES-08,133.5,119,3580.0
2026-03-05,中班,ES-01,109.5,112,3201.0
2026-03-05,中班,ES-03,120.6,105,2969.0
2026-03-05,中班,ES-04,171.4,111,3529.0
2026-03-05,中班,ES-05,113.4,123,3843.0
2026-03-05,中班,ES-06,127.8,99,2929.0
2026-03-05,中班,ES-07,171.4,125,3555.0
2026-03-05,中班,ES-08,125.3,106,3490.0
2026-03-05,夜班,ES-01,107.9,114,3321.0
2026-03-05,夜班,ES-02,123.6,95,2675.0
2026-03-05,夜班,ES-04,170.6,105,3156.0
2026-03-05,夜班,ES-06,141.2,115,3317.0
2026-03-05,夜班,ES-07,160.2,76,2481.0
2026-03-05,夜班,ES-08,129.9,104,2965.0
2026-03-06,早班,ES-02,120.5,129,4247.0
2026-03-06,早班,ES-03,94.4,133,4207.0
2026-03-06,早班,ES-05,120.3,84,2585.0
2026-03-06,早班,ES-06,124.3,79,2452.0
2026-03-06,早班,ES-07,147.1,89,2722.0
2026-03-06,早班,ES-08,119.3,111,3173.0
2026-03-06,中班,ES-01,118.6,85,2536.0
2026-03-06,中班,ES-02,131.0,82,2397.0
2026-03-06,中班,ES-03,118.7,95,2927.0
2026-03-06,中班,ES-04,179.9,123,3899.0
2026-03-06,中班,ES-05,147.1,66,2176.0
2026-03-06,中班,ES-06,127.6,80,2404.0
2026-03-06,中班,ES-07,157.5,99,3209.0
2026-03-06,中班,ES-08,189.1,64,1868.0
2026-03-06,夜班,ES-03,111.3,74,2303.0
2026-03-06,夜班,ES-04,178.5,98,3050.0
2026-03-06,夜班,ES-05,142.9,108,3551.0
2026-03-06,夜班,ES-06,141.1,128,3773.0
2026-03-06,夜班,ES-07,144.7,95,2798.0
2026-03-06,夜班,ES-08,115.9,100,3158.0
2026-03-07,早班,ES-01,117.6,122,3474.0
2026-03-07,早班,ES-02,108.4,115,3268.0
2026-03-07,早班,ES-03,112.4,88,2857.0
2026-03-07,早班,ES-04,178.1,104,3035.0
2026-03-07,早班,ES-05,115.9,115,3518.0
2026-03-07,早班,ES-06,115.5,101,3329.0
2026-03-07,早班,ES-07,126.5,104,3214.0
2026-03-07,早班,ES-08,141.9,75,2425.0
2026-03-07,中班,ES-01,128.7,51,1450.0
2026-03-07,中班,ES-02,122.1,61,1752.0
2026-03-07,中班,ES-03,93.1,93,2802.0
2026-03-07,中班,ES-04,185.2,80,2353.0
2026-03-07,中班,ES-05,136.6,93,2768.0
2026-03-07,中班,ES-06,117.2,114,3575.0
2026-03-07,中班,ES-07,214.9,80,2507.0
2026-03-07,夜班,ES-01,121.2,88,2502.0
2026-03-07,夜班,ES-03,127.4,139,4035.0
2026-03-07,夜班,ES-06,139.7,105,3157.0
2026-03-07,夜班,ES-07,154.4,77,2189.0
2026-03-07,夜班,ES-08,127.3,81,2498.0
2026-03-08,早班,ES-01,121.2,123,3794.0
2026-03-08,早班,ES-03,123.5,75,2290.0
2026-03-08,早班,ES-05,119.3,83,2720.0
2026-03-08,早班,ES-06,131.6,77,2382.0
2026-03-08,早班,ES-07,140.0,72,2358.0
2026-03-08,早班,ES-08,116.8,75,2396.0
2026-03-08,中班,ES-01,120.4,122,3755.0
2026-03-08,中班,ES-02,132.5,96,2694.0
2026-03-08,中班,ES-03,105.6,93,2865.0
2026-03-08,中班,ES-04,169.9,82,2465.0
2026-03-08,中班,ES-05,135.4,102,3070.0
2026-03-08,中班,ES-06,126.7,80,2345.0
2026-03-08,中班,ES-07,150.2,105,3393.0
2026-03-08,中班,ES-08,118.6,62,1782.0
2026-03-08,夜班,ES-01,125.6,47,1334.0
2026-03-08,夜班,ES-02,125.0,94,2635.0
2026-03-08,夜班,ES-03,101.0,76,2386.0
2026-03-08,夜班,ES-04,184.6,104,3279.0
2026-03-08,夜班,ES-08,134.9,83,2385.0
2026-03-09,早班,ES-01,111.8,92,2901.0
2026-03-09,早班,ES-02,131.9,81,2659.0
2026-03-09,早班,ES-03,104.2,116,3592.0
2026-03-09,早班,ES-04,177.8,97,2798.0
2026-03-09,早班,ES-05,143.4,117,3404.0
2026-03-09,早班,ES-06,133.7,107,3296.0
2026-03-09,早班,ES-07,156.3,58,1738.0
2026-03-09,早班,ES-08,124.5,109,3379.0
2026-03-09,中班,ES-01,108.4,63,2066.0
2026-03-09,中班,ES-03,104.6,111,3489.0
2026-03-09,中班,ES-05,120.8,97,2725.0
2026-03-09,中班,ES-06,133.7,115,3334.0
2026-03-09,中班,ES-07,158.2,114,3730.0
2026-03-09,中班,ES-08,130.6,134,4117.0
2026-03-09,夜班,ES-01,114.5,108,3416.0
2026-03-09,夜班,ES-02,125.3,104,3402.0
2026-03-09,夜班,ES-04,176.8,84,2558.0
2026-03-09,夜班,ES-05,189.2,116,3274.0
2026-03-09,夜班,ES-06,124.4,112,3369.0
2026-03-09,夜班,ES-07,151.6,56,1769.0
2026-03-10,早班,ES-01,110.1,114,3613.0
2026-03-10,早班,ES-02,130.0,120,3677.0
2026-03-10,早班,ES-04,172.4,89,2651.0
2026-03-10,早班,ES-05,126.7,82,2655.0
2026-03-10,早班,ES-06,118.3,88,2559.0
2026-03-10,早班,ES-07,162.0,69,2015.0
2026-03-10,早班,ES-08,136.8,119,3695.0
2026-03-10,中班,ES-02,127.1,84,2580.0
2026-03-10,中班,ES-03,105.6,78,2279.0
2026-03-10,中班,ES-06,115.3,88,2783.0
2026-03-10,中班,ES-07,141.3,116,3650.0
2026-03-10,中班,ES-08,111.5,107,3057.0
2026-03-10,夜班,ES-01,109.2,104,3242.0
2026-03-10,夜班,ES-02,135.9,115,3464.0
2026-03-10,夜班,ES-03,115.3,111,3515.0
2026-03-10,夜班,ES-04,172.7,71,2121.0
2026-03-10,夜班,ES-05,126.9,100,2888.0
2026-03-10,夜班,ES-07,135.8,121,3772.0
2026-03-10,夜班,ES-08,127.3,118,3803.0
2026-03-11,早班,ES-01,124.4,111,3331.0
2026-03-11,早班,ES-02,135.2,87,2578.0
2026-03-11,早班,ES-03,150.5,77,2292.0
2026-03-11,早班,ES-04,165.8,119,3685.0
2026-03-11,早班,ES-05,130.0,93,2731.0
2026-03-11,早班,ES-06,118.5,79,2324.0
2026-03-11,早班,ES-07,157.7,109,3251.0
2026-03-11,早班,ES-08,118.0,101,3039.0
2026-03-11,中班,ES-01,120.4,73,2324.0
2026-03-11,中班,ES-02,114.5,103,3369.0
2026-03-11,中班,ES-03,192.9,89,2698.0
2026-03-11,中班,ES-04,174.1,84,2651.0
2026-03-11,中班,ES-06,117.5,109,3355.0
2026-03-11,夜班,ES-01,110.4,95,2863.0
2026-03-11,夜班,ES-02,109.0,92,2823.0
2026-03-11,夜班,ES-04,182.8,95,2758.0
2026-03-11,夜班,ES-06,136.2,94,2846.0
2026-03-11,夜班,ES-07,148.8,48,1512.0
2026-03-11,夜班,ES-08,129.2,78,2548.0
2026-03-12,早班,ES-01,103.3,98,2846.0
2026-03-12,早班,ES-02,121.0,100,2858.0
2026-03-12,早班,ES-05,118.6,132,4268.0
2026-03-12,早班,ES-06,108.9,109,3232.0
2026-03-12,早班,ES-08,115.2,52,1631.0
2026-03-12,中班,ES-01,124.7,103,3330.0
2026-03-12,中班,ES-02,131.1,122,3851.0
2026-03-12,中班,ES-03,111.5,101,3031.0
2026-03-12,中班,ES-05,138.1,91,2909.0
2026-03-12,中班,ES-06,133.9,78,2454.0
2026-03-12,中班,ES-07,156.0,123,3791.0
2026-03-12,中班,ES-08,121.8,80,2558.0
2026-03-12,夜班,ES-01,109.0,108,3035.0
2026-03-12,夜班,ES-02,123.3,127,3683.0
2026-03-12,夜班,ES-03,111.3,79,2279.0
2026-03-12,夜班,ES-04,169.5,95,2793.0
2026-03-12,夜班,ES-05,131.0,74,2153.0
2026-03-12,夜班,ES-06,132.1,88,2841.0
2026-03-12,夜班,ES-07,141.8,81,2559.0
2026-03-12,夜班,ES-08,135.1,64,1993.0
2026-03-13,早班,ES-01,108.3,52,1658.0
2026-03-13,早班,ES-03,116.3,114,3393.0
2026-03-13,早班,ES-04,186.3,88,2797.0
2026-03-13,早班,ES-05,130.1,78,2242.0
2026-03-13,早班,ES-06,145.7,93,3004.0
2026-03-13,早班,ES-07,148.2,82,2447.0
2026-03-13,早班,ES-08,130.5,111,3183.0
2026-03-13,中班,ES-01,111.7,115,3491.0
2026-03-13,中班,ES-02,99.6,120,3712.0
2026-03-13,中班,ES-05,124.8,65,1912.0
2026-03-13,中班,ES-06,142.9,76,2250.0
2026-03-13,中班,ES-07,162.1,83,2394.0
2026-03-13,中班,ES-08,119.0,82,2358.0
2026-03-13,夜班,ES-01,161.7,79,2432.0
2026-03-13,夜班,ES-02,124.1,130,4112.0
2026-03-13,夜班,ES-03,115.1,78,2453.0
2026-03-13,夜班,ES-04,213.1,111,3445.0
2026-03-13,夜班,ES-06,129.6,114,3580.0
2026-03-13,夜班,ES-07,140.5,108,3534.0
2026-03-13,夜班,ES-08,109.3,93,2898.0
2026-03-14,早班,ES-02,129.0,93,2779.0
2026-03-14,早班,ES-03,97.6,120,3720.0
2026-03-14,早班,ES-05,131.9,80,2302.0
2026-03-14,早班,ES-06,130.5,83,2658.0
2026-03-14,早班,ES-07,140.9,104,3020.0
2026-03-14,早班,ES-08,134.9,89,2752.0
2026-03-14,中班,ES-01,125.2,96,3149.0
2026-03-14,中班,ES-02,127.5,112,3453.0
2026-03-14,中班,ES-04,176.9,85,2487.0
2026-03-14,中班,ES-05,124.7,99,2791.0
2026-03-14,中班,ES-06,130.8,114,3314.0
2026-03-14,中班,ES-07,141.5,119,3711.0
2026-03-14,夜班,ES-01,121.1,91,2702.0
2026-03-14,夜班,ES-02,124.9,92,2752.0
2026-03-14,夜班,ES-03,118.7,101,3167.0
2026-03-14,夜班,ES-04,174.0,100,3054.0
2026-03-14,夜班,ES-05,128.3,69,2057.0
2026-03-14,夜班,ES-06,130.0,91,2747.0
2026-03-14,夜班,ES-07,151.6,127,3763.0
2026-03-14,夜班,ES-08,117.1,112,3503.0
2026-03-15,早班,ES-02,123.4,70,2014.0
2026-03-15,早班,ES-03,107.4,99,2880.0
2026-03-15,早班,ES-04,175.8,87,2635.0
2026-03-15,早班,ES-05,133.7,85,2468.0
2026-03-15,早班,ES-06,128.3,95,3089.0
2026-03-15,早班,ES-07,155.8,75,2253.0
2026-03-15,中班,ES-01,120.6,98,3107.0
2026-03-15,中班,ES-02,115.5,87,2464.0
2026-03-15,中班,ES-03,112.1,84,2586.0
2026-03-15,中班,ES-04,192.0,109,3417.0
2026-03-15,中班,ES-05,137.0,69,2276.0
2026-03-15,中班,ES-07,137.8,55,1686.0
2026-03-15,中班,ES-08,123.7,109,3298.0
2026-03-15,夜班,ES-01,114.4,76,2220.0
2026-03-15,夜班,ES-02,118.8,102,3025.0
2026-03-15,夜班,ES-03,104.4,107,3481.0
2026-03-15,夜班,ES-04,176.7,85,2800.0
2026-03-15,夜班,ES-05,120.1,68,2093.0
2026-03-15,夜班,ES-06,121.5,79,2380.0
2026-03-15,夜班,ES-08,124.1,125,3617.0
2026-03-16,早班,ES-01,126.0,90,2743.0
2026-03-16,早班,ES-02,125.5,124,3930.0
2026-03-16,早班,ES-03,101.1,115,3779.0
2026-03-16,早班,ES-04,181.6,96,3080.0
2026-03-16,早班,ES-05,122.6,73,2053.0
2026-03-16,早班,ES-07,139.8,76,2418.0
2026-03-16,早班,ES-08,123.0,95,2696.0
2026-03-16,中班,ES-01,101.7,91,2848.0
2026-03-16,中班,ES-02,113.2,107,3118.0
2026-03-16,中班,ES-03,118.0,75,2298.0
2026-03-16,中班,ES-04,245.1,75,2299.0
2026-03-16,中班,ES-05,125.8,114,3608.0
2026-03-16,中班,ES-06,124.6,82,2644.0
2026-03-16,中班,ES-07,172.8,136,3972.0
2026-03-16,夜班,ES-02,131.9,98,2923.0
2026-03-16,夜班,ES-03,118.8,64,1893.0
2026-03-16,夜班,ES-04,184.2,85,2595.0
2026-03-16,夜班,ES-06,141.8,108,3494.0
2026-03-16,夜班,ES-07,145.9,122,3627.0
2026-03-16,夜班,ES-08,109.4,64,1950.0
2026-03-17,早班,ES-01,125.4,77,2366.0
2026-03-17,早班,ES-02,130.7,73,2126.0
2026-03-17,早班,ES-03,97.9,117,3493.0
2026-03-17,早班,ES-04,181.6,103,3361.0
2026-03-17,早班,ES-06,124.3,112,3549.0
2026-03-17,早班,ES-07,149.2,108,3533.0
2026-03-17,早班,ES-08,133.5,102,3114.0
2026-03-17,中班,ES-01,121.4,93,2905.0
2026-03-17,中班,ES-02,103.8,109,3558.0
2026-03-17,中班,ES-03,118.7,97,3186.0
2026-03-17,中班,ES-04,181.2,88,2543.0
2026-03-17,中班,ES-05,131.5,102,2908.0
2026-03-17,中班,ES-06,144.3,100,3140.0
2026-03-17,中班,ES-07,152.4,82,2322.0
2026-03-17,中班,ES-08,131.9,98,3208.0
2026-03-17,夜班,ES-01,114.6,122,3930.0
2026-03-17,夜班,ES-04,173.2,111,3279.0
2026-03-17,夜班,ES-05,120.2,87,2796.0
2026-03-17,夜班,ES-06,136.9,78,2424.0
2026-03-17,夜班,ES-07,140.4,62,1997.0
2026-03-17,夜班,ES-08,122.9,70,2127.0
2026-03-18,早班,ES-02,123.1,75,2472.0
2026-03-18,早班,ES-03,117.9,70,2058.0
2026-03-18,早班,ES-05,138.1,92,2739.0
2026-03-18,早班,ES-06,126.9,82,2601.0
2026-03-18,早班,ES-07,141.8,76,2208.0
2026-03-18,早班,ES-08,125.7,123,3741.0
2026-03-18,中班,ES-01,96.6,58,1874.0
2026-03-18,中班,ES-02,127.0,92,2868.0
2026-03-18,中班,ES-03,114.5,82,2589.0
2026-03-18,中班,ES-04,167.2,103,3199.0
2026-03-18,中班,ES-05,130.1,97,2977.0
2026-03-18,夜班,ES-01,130.3,104,3231.0
2026-03-18,夜班,ES-02,125.6,116,3664.0
2026-03-18,夜班,ES-03,125.4,96,3161.0
2026-03-18,夜班,ES-04,183.3,101,3171.0
2026-03-18,夜班,ES-05,125.8,107,3486.0
2026-03-18,夜班,ES-07,160.5,90,2752.0
2026-03-18,夜班,ES-08,130.8,91,2973.0
2026-03-19,早班,ES-01,106.6,110,3139.0
2026-03-19,早班,ES-02,123.8,96,2746.0
2026-03-19,早班,ES-04,180.4,77,2179.0
2026-03-19,早班,ES-05,118.5,86,2658.0
2026-03-19,早班,ES-06,192.6,93,2680.0
2026-03-19,早班,ES-07,161.9,93,3034.0
2026-03-19,早班,ES-08,124.1,109,3307.0
2026-03-19,中班,ES-02,131.1,99,3142.0
2026-03-19,中班,ES-03,120.2,78,2233.0
2026-03-19,中班,ES-04,175.5,76,2292.0
2026-03-19,中班,ES-05,134.2,93,2654.0
2026-03-19,中班,ES-06,126.6,90,2674.0
2026-03-19,中班,ES-07,155.9,103,3261.0
2026-03-19,中班,ES-08,127.0,99,3016.0
2026-03-19,夜班,ES-01,119.8,58,1722.0
2026-03-19,夜班,ES-02,133.1,117,3570.0
2026-03-19,夜班,ES-03,96.7,122,3990.0
2026-03-19,夜班,ES-04,186.5,103,2961.0
2026-03-19,夜班,ES-05,127.1,93,2617.0
2026-03-19,夜班,ES-06,132.2,112,3536.0
2026-03-19,夜班,ES-08,132.1,124,3726.0
2026-03-20,早班,ES-01,116.0,124,3858.0
2026-03-20,早班,ES-03,106.9,97,2854.0
2026-03-20,早班,ES-04,183.6,87,2836.0
2026-03-20,早班,ES-05,128.3,106,3205.0
2026-03-20,早班,ES-06,128.8,115,3384.0
2026-03-20,早班,ES-07,146.0,67,2144.0
2026-03-20,早班,ES-08,127.1,75,2120.0
2026-03-20,中班,ES-01,105.9,102,3012.0
2026-03-20,中班,ES-02,132.1,126,3541.0
2026-03-20,中班,ES-03,187.1,97,2821.0
2026-03-20,中班,ES-04,176.1,82,2636.0
2026-03-20,中班,ES-05,134.7,80,2494.0
2026-03-20,中班,ES-06,128.7,68,2040.0
2026-03-20,中班,ES-08,130.2,68,2137.0
2026-03-20,夜班,ES-01,116.5,126,4137.0
2026-03-20,夜班,ES-03,116.0,54,1516.0
2026-03-20,夜班,ES-04,170.0,93,2954.0
2026-03-20,夜班,ES-05,126.2,123,3626.0
2026-03-20,夜班,ES-06,125.3,90,2813.0
2026-03-20,夜班,ES-07,151.6,102,3171.0
2026-03-20,夜班,ES-08,115.9,91,2665.0
2026-03-21,早班,ES-01,108.6,107,3511.0
2026-03-21,早班,ES-03,109.9,106,3194.0
2026-03-21,早班,ES-05,121.7,97,2883.0
2026-03-21,早班,ES-07,147.9,126,3824.0
2026-03-21,中班,ES-01,115.9,122,3883.0
2026-03-21,中班,ES-02,134.5,77,2387.0
2026-03-21,中班,ES-05,131.4,87,2748.0
2026-03-21,中班,ES-07,153.0,98,3221.0
2026-03-21,中班,ES-08,120.9,92,2791.0
2026-03-21,夜班,ES-01,123.5,118,3350.0
2026-03-21,夜班,ES-04,176.4,94,2749.0
2026-03-21,夜班,ES-05,129.8,75,2301.0
2026-03-21,夜班,ES-06,134.8,69,2055.0
2026-03-21,夜班,ES-07,159.5,55,1796.0
2026-03-22,早班,ES-01,125.8,66,2047.0
2026-03-22,早班,ES-03,109.1,82,2695.0
2026-03-22,早班,ES-04,174.4,114,3343.0
2026-03-22,早班,ES-06,104.5,95,2891.0
2026-03-22,早班,ES-07,148.4,74,2201.0
2026-03-22,中班,ES-01,187.9,79,2428.0
2026-03-22,中班,ES-03,102.9,95,2768.0
2026-03-22,中班,ES-05,135.0,85,2613.0
2026-03-22,中班,ES-06,114.4,91,2778.0
2026-03-22,中班,ES-07,138.6,94,2888.0
2026-03-22,夜班,ES-01,121.0,88,2506.0
2026-03-22,夜班,ES-02,127.2,89,2717.0
2026-03-22,夜班,ES-03,109.6,99,2967.0
2026-03-22,夜班,ES-04,185.5,126,3584.0
2026-03-22,夜班,ES-05,135.0,101,3273.0
2026-03-22,夜班,ES-06,199.2,96,2699.0
2026-03-22,夜班,ES-07,155.2,98,2933.0
2026-03-22,夜班,ES-08,129.9,109,3289.0
2026-03-23,早班,ES-01,122.9,101,2955.0
2026-03-23,早班,ES-03,107.0,97,2969.0
2026-03-23,早班,ES-05,124.3,84,2423.0
2026-03-23,早班,ES-06,111.5,98,3025.0
2026-03-23,早班,ES-07,165.7,66,2050.0
2026-03-23,中班,ES-01,121.2,115,3662.0
2026-03-23,中班,ES-02,136.4,75,2207.0
2026-03-23,中班,ES-03,105.4,84,2751.0
2026-03-23,中班,ES-04,186.2,85,2505.0
2026-03-23,中班,ES-05,129.3,98,3180.0
2026-03-23,中班,ES-06,122.3,108,3538.0
2026-03-23,中班,ES-07,147.1,91,2871.0
2026-03-23,中班,ES-08,125.1,94,3000.0
2026-03-23,夜班,ES-01,94.4,70,2031.0
2026-03-23,夜班,ES-02,128.6,94,2763.0
2026-03-23,夜班,ES-03,103.2,101,3081.0
2026-03-23,夜班,ES-04,177.1,91,2958.0
2026-03-23,夜班,ES-05,125.9,108,3108.0
2026-03-23,夜班,ES-06,131.7,79,2590.0
2026-03-23,夜班,ES-08,119.3,111,3435.0
2026-03-24,早班,ES-01,127.3,94,2915.0
2026-03-24,早班,ES-03,110.1,125,3566.0
2026-03-24,早班,ES-05,145.6,67,1899.0
2026-03-24,早班,ES-06,126.5,88,2873.0
2026-03-24,早班,ES-07,156.0,132,3792.0
2026-03-24,早班,ES-08,120.8,69,2274.0
2026-03-24,中班,ES-01,139.7,81,2589.0
2026-03-24,中班,ES-02,114.2,55,1578.0
2026-03-24,中班,ES-04,181.1,88,2674.0
2026-03-24,中班,ES-05,128.6,66,1855.0
2026-03-24,中班,ES-06,122.6,88,2652.0
2026-03-24,中班,ES-07,146.4,96,2729.0
2026-03-24,夜班,ES-01,118.0,72,2176.0
2026-03-24,夜班,ES-02,124.6,64,1859.0
2026-03-24,夜班,ES-03,119.1,78,2495.0
2026-03-24,夜班,ES-04,156.0,97,3112.0
2026-03-24,夜班,ES-06,123.6,106,3239.0
2026-03-24,夜班,ES-08,124.8,99,2932.0
2026-03-25,早班,ES-01,127.9,112,3235.0
2026-03-25,早班,ES-02,121.8,103,2921.0
2026-03-25,早班,ES-03,114.4,103,3186.0
2026-03-25,早班,ES-04,176.2,92,2779.0
2026-03-25,早班,ES-05,137.9,84,2641.0
2026-03-25,早班,ES-06,131.3,109,3582.0
2026-03-25,早班,ES-07,139.0,94,2952.0
2026-03-25,早班,ES-08,121.3,80,2407.0
2026-03-25,中班,ES-01,123.2,110,3600.0
2026-03-25,中班,ES-02,134.9,87,2596.0
2026-03-25,中班,ES-04,182.2,96,3036.0
2026-03-25,中班,ES-05,124.8,73,2083.0
2026-03-25,中班,ES-07,156.8,93,2655.0
2026-03-25,中班,ES-08,142.3,77,2373.0
2026-03-25,夜班,ES-03,116.4,104,3214.0
2026-03-25,夜班,ES-04,189.7,103,3237.0
2026-03-25,夜班,ES-05,135.7,88,2557.0
2026-03-25,夜班,ES-06,121.9,56,1727.0
2026-03-25,夜班,ES-07,147.5,50,1646.0
2026-03-25,夜班,ES-08,138.4,126,3821.0
2026-03-26,早班,ES-01,120.9,99,3091.0
2026-03-26,早班,ES-02,112.8,104,3082.0
2026-03-26,早班,ES-03,107.7,89,2550.0
2026-03-26,早班,ES-04,181.1,117,3300.0
2026-03-26,早班,ES-05,126.6,81,2348.0
2026-03-26,早班,ES-06,141.0,100,3222.0
2026-03-26,早班,ES-07,131.2,85,2747.0
2026-03-26,早班,ES-08,129.8,101,3178.0
2026-03-26,中班,ES-01,112.3,99,2987.0
2026-03-26,中班,ES-02,128.0,131,3728.0
2026-03-26,中班,ES-03,120.7,73,2387.0
2026-03-26,中班,ES-06,140.5,71,2209.0
2026-03-26,中班,ES-08,129.4,124,3983.0
2026-03-26,夜班,ES-02,131.7,80,2563.0
2026-03-26,夜班,ES-04,173.7,106,3233.0
2026-03-26,夜班,ES-05,127.7,109,3077.0
2026-03-26,夜班,ES-06,132.1,102,3074.0
2026-03-26,夜班,ES-07,146.0,82,2464.0
2026-03-26,夜班,ES-08,137.3,117,3815.0
2026-03-27,早班,ES-01,117.8,84,2588.0
2026-03-27,早班,ES-02,127.6,65,2077.0
2026-03-27,早班,ES-03,96.6,90,2883.0
2026-03-27,早班,ES-05,129.7,115,3583.0
2026-03-27,早班,ES-06,143.5,77,2298.0
2026-03-27,早班,ES-07,142.2,82,2422.0
2026-03-27,早班,ES-08,126.1,110,3120.0
2026-03-27,中班,ES-03,105.9,63,1813.0
2026-03-27,中班,ES-04,233.1,120,3647.0
2026-03-27,中班,ES-05,121.7,109,3131.0
2026-03-27,中班,ES-06,136.4,98,3079.0
2026-03-27,中班,ES-07,148.2,96,2902.0
2026-03-27,中班,ES-08,109.5,85,2791.0
2026-03-27,夜班,ES-01,118.4,102,3193.0
2026-03-27,夜班,ES-02,126.2,110,3406.0
2026-03-27,夜班,ES-03,121.9,81,2452.0
2026-03-27,夜班,ES-04,185.2,107,3109.0
2026-03-27,夜班,ES-05,127.8,60,1914.0
2026-03-27,夜班,ES-07,139.7,98,3209.0
2026-03-28,早班,ES-02,116.8,79,2496.0
2026-03-28,早班,ES-04,172.3,100,3063.0
2026-03-28,早班,ES-05,127.0,115,3455.0
2026-03-28,早班,ES-08,119.5,110,3602.0
2026-03-28,中班,ES-01,117.5,85,2551.0
2026-03-28,中班,ES-02,128.8,111,3154.0
2026-03-28,中班,ES-04,178.2,103,3248.0
2026-03-28,中班,ES-05,125.8,89,2786.0
2026-03-28,中班,ES-06,187.2,92,2647.0
2026-03-28,中班,ES-07,144.5,64,2101.0
2026-03-28,中班,ES-08,129.9,90,2858.0
2026-03-28,夜班,ES-02,115.6,106,3148.0
2026-03-28,夜班,ES-03,105.6,63,1949.0
2026-03-28,夜班,ES-04,174.9,96,3137.0
2026-03-28,夜班,ES-05,127.3,126,3659.0
2026-03-28,夜班,ES-07,153.5,66,2173.0
2026-03-29,早班,ES-01,120.1,94,2703.0
2026-03-29,早班,ES-03,115.6,60,1954.0
2026-03-29,早班,ES-05,142.5,94,2790.0
2026-03-29,早班,ES-06,113.1,64,1858.0
2026-03-29,早班,ES-07,142.2,77,2162.0
2026-03-29,早班,ES-08,110.6,64,1911.0
2026-03-29,中班,ES-01,123.5,97,2795.0
2026-03-29,中班,ES-02,137.9,92,2590.0
2026-03-29,中班,ES-03,128.7,97,2809.0
2026-03-29,中班,ES-04,176.0,118,3584.0
2026-03-29,中班,ES-06,130.0,84,2421.0
2026-03-29,中班,ES-07,158.0,76,2226.0
2026-03-29,中班,ES-08,135.4,94,2780.0
2026-03-29,夜班,ES-01,109.8,78,2203.0
2026-03-29,夜班,ES-02,135.3,95,2667.0
2026-03-29,夜班,ES-03,119.1,76,2303.0
2026-03-29,夜班,ES-04,171.7,98,3205.0
2026-03-29,夜班,ES-06,125.4,103,3298.0
2026-03-29,夜班,ES-08,119.1,104,2916.0
2026-03-30,早班,ES-01,109.4,65,1850.0
2026-03-30,早班,ES-03,111.0,74,2381.0
2026-03-30,早班,ES-04,170.4,86,2761.0
2026-03-30,早班,ES-05,122.0,70,1962.0
2026-03-30,早班,ES-06,131.3,90,2617.0
2026-03-30,早班,ES-07,144.3,95,2780.0
2026-03-30,早班,ES-08,123.0,104,3311.0
2026-03-30,中班,ES-01,123.3,113,3432.0
2026-03-30,中班,ES-02,130.2,98,3065.0
2026-03-30,中班,ES-03,102.0,105,3433.0
2026-03-30,中班,ES-05,116.2,129,4153.0
2026-03-30,中班,ES-06,122.2,90,2934.0
2026-03-30,中班,ES-07,220.0,99,2936.0
2026-03-30,中班,ES-08,112.0,64,1992.0
2026-03-30,夜班,ES-01,123.6,130,4155.0
2026-03-30,夜班,ES-02,117.0,105,3382.0
2026-03-30,夜班,ES-03,122.8,110,3573.0
2026-03-30,夜班,ES-05,126.5,95,2764.0
2026-03-30,夜班,ES-06,123.7,109,3559.0
2026-03-30,夜班,ES-07,142.8,103,3109.0
2026-03-30,夜班,ES-08,123.5,83,2547.0
2026-03-31,早班,ES-02,117.7,90,2627.0
2026-03-31,早班,ES-03,99.6,134,4195.0
2026-03-31,早班,ES-04,177.3,77,2237.0
2026-03-31,早班,ES-05,114.0,105,3447.0
2026-03-31,早班,ES-06,141.2,115,3784.0
2026-03-31,早班,ES-07,135.5,98,3123.0
2026-03-31,早班,ES-08,114.2,80,2474.0
2026-03-31,中班,ES-03,109.1,123,3779.0
2026-03-31,中班,ES-05,137.7,100,3195.0
2026-03-31,中班,ES-06,142.1,121,3991.0
2026-03-31,中班,ES-08,118.6,101,3071.0
2026-03-31,夜班,ES-01,122.7,91,2890.0
2026-03-31,夜班,ES-02,174.7,97,3051.0
2026-03-31,夜班,ES-05,126.0,86,2605.0
2026-03-31,夜班,ES-06,130.1,113,3267.0
2026-03-31,夜班,ES-07,154.5,111,3460.0
2026-04-01,早班,ES-01,122.5,108,3290.0
2026-04-01,早班,ES-02,124.6,86,2444.0
2026-04-01,早班,ES-03,107.0,86,2521.0
2026-04-01,早班,ES-04,161.1,95,3064.0
2026-04-01,早班,ES-05,127.5,105,3011.0
2026-04-01,早班,ES-06,120.3,96,2993.0
2026-04-01,早班,ES-07,144.1,115,3656.0
2026-04-01,早班,ES-08,130.8,95,3116.0
2026-04-01,中班,ES-01,109.8,67,1978.0
2026-04-01,中班,ES-02,115.9,79,2408.0
2026-04-01,中班,ES-03,96.2,71,2149.0
2026-04-01,中班,ES-04,233.0,84,2558.0
2026-04-01,中班,ES-05,125.1,79,2233.0
2026-04-01,中班,ES-06,123.0,108,3030.0
2026-04-01,夜班,ES-01,129.1,90,2817.0
2026-04-01,夜班,ES-02,117.6,127,3681.0
2026-04-01,夜班,ES-03,100.5,84,2635.0
2026-04-01,夜班,ES-04,170.0,130,3684.0
2026-04-01,夜班,ES-05,121.1,78,2398.0
2026-04-01,夜班,ES-06,136.5,91,2955.0
2026-04-01,夜班,ES-07,162.7,97,2896.0
2026-04-01,夜班,ES-08,120.8,92,3027.0
2026-04-02,早班,ES-02,125.8,86,2481.0
2026-04-02,早班,ES-03,90.0,95,2951.0
2026-04-02,早班,ES-07,157.0,74,2131.0
2026-04-02,早班,ES-08,123.9,80,2446.0
2026-04-02,中班,ES-01,136.7,102,3177.0
2026-04-02,中班,ES-02,130.1,95,3009.0
2026-04-02,中班,ES-03,99.5,89,2730.0
2026-04-02,中班,ES-05,130.2,87,2801.0
2026-04-02,中班,ES-06,133.0,90,2649.0
2026-04-02,中班,ES-08,127.2,125,3915.0
2026-04-02,夜班,ES-02,124.1,122,3715.0
2026-04-02,夜班,ES-03,116.6,96,2940.0
2026-04-02,夜班,ES-06,135.8,86,2727.0
2026-04-02,夜班,ES-07,154.8,83,2561.0
2026-04-02,夜班,ES-08,135.7,104,3119.0
2026-04-03,早班,ES-02,120.1,97,3044.0
2026-04-03,早班,ES-03,113.6,92,2649.0
2026-04-03,早班,ES-04,181.9,84,2410.0
2026-04-03,早班,ES-05,125.0,85,2551.0
2026-04-03,早班,ES-06,139.2,103,3019.0
2026-04-03,早班,ES-08,117.3,79,2562.0
2026-04-03,中班,ES-01,124.2,68,2024.0
2026-04-03,中班,ES-02,134.9,96,2923.0
2026-04-03,中班,ES-03,109.9,94,2805.0
2026-04-03,中班,ES-04,170.3,87,2668.0
2026-04-03,中班,ES-05,133.1,80,2515.0
2026-04-03,中班,ES-06,134.5,106,2997.0
2026-04-03,中班,ES-07,152.7,90,2849.0
2026-04-03,夜班,ES-02,113.2,103,2983.0
2026-04-03,夜班,ES-03,104.0,111,3112.0
2026-04-03,夜班,ES-04,185.4,88,2535.0
2026-04-03,夜班,ES-05,128.5,84,2725.0
2026-04-03,夜班,ES-06,126.2,107,3254.0
2026-04-03,夜班,ES-07,137.3,99,2822.0
2026-04-03,夜班,ES-08,124.4,121,3682.0
2026-04-04,早班,ES-01,113.3,98,2800.0
2026-04-04,早班,ES-02,120.4,74,2095.0
2026-04-04,早班,ES-04,186.3,127,3772.0
2026-04-04,早班,ES-05,119.4,127,4020.0
2026-04-04,早班,ES-06,128.0,108,3501.0
2026-04-04,早班,ES-07,131.1,90,2623.0
2026-04-04,早班,ES-08,119.9,89,2626.0
2026-04-04,中班,ES-01,117.8,87,2512.0
2026-04-04,中班,ES-02,125.9,101,3079.0
2026-04-04,中班,ES-03,106.3,144,4313.0
2026-04-04,中班,ES-04,176.6,108,3360.0
2026-04-04,中班,ES-05,125.5,116,3712.0
2026-04-04,中班,ES-07,151.5,109,3226.0
2026-04-04,中班,ES-08,101.5,89,2691.0
2026-04-04,夜班,ES-01,118.1,58,1695.0
2026-04-04,夜班,ES-02,136.3,87,2867.0
2026-04-04,夜班,ES-03,109.9,95,2671.0
2026-04-04,夜班,ES-04,183.4,86,2655.0
2026-04-04,夜班,ES-05,136.6,89,2858.0
2026-04-04,夜班,ES-06,104.6,103,2946.0
2026-04-04,夜班,ES-07,158.9,90,2862.0
2026-04-04,夜班,ES-08,125.3,106,3116.0
2026-04-05,早班,ES-01,115.1,117,3836.0
2026-04-05,早班,ES-02,132.6,90,2825.0
2026-04-05,早班,ES-03,115.4,92,2842.0
2026-04-05,早班,ES-05,124.7,86,2666.0
2026-04-05,早班,ES-06,122.9,122,3934.0
2026-04-05,早班,ES-07,144.9,115,3587.0
2026-04-05,中班,ES-01,115.4,100,3232.0
2026-04-05,中班,ES-02,125.0,108,3407.0
2026-04-05,中班,ES-04,165.3,107,3324.0
2026-04-05,中班,ES-05,127.0,115,3319.0
2026-04-05,中班,ES-07,156.5,104,3157.0
2026-04-05,中班,ES-08,130.1,91,2995.0
2026-04-05,夜班,ES-01,121.0,102,3148.0
2026-04-05,夜班,ES-03,94.3,83,2537.0
2026-04-05,夜班,ES-04,170.7,96,2799.0
2026-04-05,夜班,ES-05,128.8,86,2584.0
2026-04-05,夜班,ES-06,121.6,54,1695.0
2026-04-05,夜班,ES-07,154.7,100,3065.0
2026-04-05,夜班,ES-08,116.5,108,3104.0
2026-04-06,早班,ES-01,114.2,77,2392.0
2026-04-06,早班,ES-03,134.3,79,2434.0
2026-04-06,早班,ES-04,171.7,133,4111.0
2026-04-06,早班,ES-05,138.9,68,1919.0
2026-04-06,早班,ES-06,187.4,102,3188.0
2026-04-06,早班,ES-07,173.6,121,3542.0
2026-04-06,早班,ES-08,117.1,93,2690.0
2026-04-06,中班,ES-01,129.3,94,2735.0
2026-04-06,中班,ES-02,112.0,117,3553.0
2026-04-06,中班,ES-03,112.7,88,2694.0
2026-04-06,中班,ES-04,177.1,61,1770.0
2026-04-06,中班,ES-05,138.7,115,3781.0
2026-04-06,中班,ES-06,125.8,129,4198.0
2026-04-06,中班,ES-07,145.6,106,3378.0
2026-04-06,中班,ES-08,107.7,99,3119.0
2026-04-06,夜班,ES-01,119.0,100,2953.0
2026-04-06,夜班,ES-02,139.2,79,2402.0
2026-04-06,夜班,ES-03,101.8,86,2799.0
2026-04-06,夜班,ES-04,183.4,89,2801.0
2026-04-06,夜班,ES-05,120.3,125,3769.0
2026-04-06,夜班,ES-06,111.6,90,2736.0
2026-04-06,夜班,ES-07,147.5,92,2936.0
2026-04-06,夜班,ES-08,187.7,118,3393.0
2026-04-07,早班,ES-01,120.7,111,3231.0
2026-04-07,早班,ES-02,118.0,119,3839.0
2026-04-07,早班,ES-03,107.4,84,2569.0
2026-04-07,早班,ES-04,181.1,46,1481.0
2026-04-07,早班,ES-05,111.5,115,3300.0
2026-04-07,早班,ES-07,156.4,94,2863.0
2026-04-07,中班,ES-01,115.9,102,3234.0
2026-04-07,中班,ES-02,115.2,88,2593.0
2026-04-07,中班,ES-03,105.3,109,3303.0
2026-04-07,中班,ES-04,187.6,102,3166.0
2026-04-07,中班,ES-06,143.7,91,2648.0
2026-04-07,中班,ES-07,143.1,78,2316.0
2026-04-07,中班,ES-08,130.1,140,4147.0
2026-04-07,夜班,ES-01,122.5,92,2608.0
2026-04-07,夜班,ES-02,133.6,103,3186.0
2026-04-07,夜班,ES-03,99.4,100,3165.0
2026-04-07,夜班,ES-04,168.0,101,3191.0
2026-04-07,夜班,ES-05,130.1,56,1767.0
2026-04-07,夜班,ES-06,134.5,121,3709.0
2026-04-07,夜班,ES-08,123.9,107,3109.0
2026-04-08,早班,ES-02,108.3,70,2007.0
2026-04-08,早班,ES-03,118.2,81,2285.0
2026-04-08,早班,ES-06,125.8,82,2496.0
2026-04-08,早班,ES-07,159.3,98,3096.0
2026-04-08,早班,ES-08,176.3,121,3933.0
2026-04-08,中班,ES-01,113.3,92,2753.0
2026-04-08,中班,ES-02,138.5,106,3406.0
2026-04-08,中班,ES-03,107.5,113,3695.0
2026-04-08,中班,ES-04,171.5,100,2905.0
2026-04-08,中班,ES-05,133.8,94,2897.0
2026-04-08,中班,ES-06,134.7,71,2328.0
2026-04-08,中班,ES-07,147.8,105,3287.0
2026-04-08,中班,ES-08,112.6,96,2919.0
2026-04-08,夜班,ES-02,116.6,144,4162.0
2026-04-08,夜班,ES-03,101.3,97,2733.0
2026-04-08,夜班,ES-04,177.4,80,2256.0
2026-04-08,夜班,ES-06,130.6,109,3102.0
2026-04-08,夜班,ES-07,168.4,86,2424.0
2026-04-09,早班,ES-01,103.6,84,2757.0
2026-04-09,早班,ES-03,97.9,128,3778.0
2026-04-09,早班,ES-04,214.3,72,2355.0
2026-04-09,早班,ES-05,141.3,112,3384.0
2026-04-09,早班,ES-06,115.8,91,2779.0
2026-04-09,早班,ES-07,138.8,81,2399.0
2026-04-09,早班,ES-08,122.0,106,3109.0
2026-04-09,中班,ES-01,118.1,96,2956.0
2026-04-09,中班,ES-02,143.7,77,2244.0
2026-04-09,中班,ES-03,109.5,124,4065.0
2026-04-09,中班,ES-04,172.1,78,2461.0
2026-04-09,中班,ES-05,128.4,111,3294.0
2026-04-09,中班,ES-07,139.9,110,3521.0
2026-04-09,夜班,ES-01,115.9,105,3192.0
2026-04-09,夜班,ES-02,125.9,81,2389.0
2026-04-09,夜班,ES-03,117.0,106,3051.0
2026-04-09,夜班,ES-04,175.2,83,2676.0
2026-04-09,夜班,ES-05,128.7,97,2959.0
2026-04-09,夜班,ES-06,119.1,77,2419.0
2026-04-09,夜班,ES-07,161.9,77,2166.0
2026-04-09,夜班,ES-08,118.6,102,3324.0
2026-04-10,早班,ES-01,121.0,86,2699.0
2026-04-10,早班,ES-02,145.1,73,2349.0
2026-04-10,早班,ES-03,102.7,74,2130.0
2026-04-10,早班,ES-04,184.8,93,2888.0
2026-04-10,早班,ES-05,117.2,109,3391.0
2026-04-10,早班,ES-07,136.0,59,1659.0
2026-04-10,早班,ES-08,123.1,139,4545.0
2026-04-10,中班,ES-01,124.7,110,3527.0
2026-04-10,中班,ES-02,114.5,89,2603.0
2026-04-10,中班,ES-04,187.3,95,3052.0
2026-04-10,中班,ES-05,141.2,100,3047.0
2026-04-10,中班,ES-06,125.7,92,2673.0
2026-04-10,中班,ES-07,158.3,104,3142.0
2026-04-10,中班,ES-08,139.2,121,3462.0
2026-04-10,夜班,ES-01,121.3,95,2747.0
2026-04-10,夜班,ES-02,129.3,79,2417.0
2026-04-10,夜班,ES-03,121.0,102,3131.0
2026-04-10,夜班,ES-04,174.3,96,3061.0
2026-04-10,夜班,ES-05,131.5,71,2003.0
2026-04-10,夜班,ES-06,126.1,114,3254.0
2026-04-11,早班,ES-02,120.7,71,2275.0
2026-04-11,早班,ES-03,109.1,84,2764.0
2026-04-11,早班,ES-04,173.8,102,3198.0
2026-04-11,早班,ES-07,155.1,85,2440.0
2026-04-11,早班,ES-08,122.9,78,2465.0
2026-04-11,中班,ES-01,132.4,64,1880.0
2026-04-11,中班,ES-02,127.9,100,3051.0
2026-04-11,中班,ES-03,106.4,81,2581.0
2026-04-11,中班,ES-04,184.0,91,2571.0
2026-04-11,中班,ES-05,132.5,74,2374.0
2026-04-11,中班,ES-06,125.3,95,2790.0
2026-04-11,中班,ES-07,151.7,56,1741.0
2026-04-11,中班,ES-08,102.6,84,2635.0
2026-04-11,夜班,ES-01,98.9,92,2987.0
2026-04-11,夜班,ES-02,129.1,83,2539.0
2026-04-11,夜班,ES-03,107.6,98,3115.0
2026-04-11,夜班,ES-05,117.3,68,2231.0
2026-04-11,夜班,ES-07,157.8,95,2666.0
2026-04-11,夜班,ES-08,109.7,69,2167.0
2026-04-12,早班,ES-01,118.7,66,1859.0
2026-04-12,早班,ES-02,126.9,109,3229.0
2026-04-12,早班,ES-03,115.5,104,3343.0
2026-04-12,早班,ES-04,167.9,86,2679.0
2026-04-12,早班,ES-06,132.4,100,3200.0
2026-04-12,早班,ES-07,153.5,76,2281.0
2026-04-12,早班,ES-08,122.0,112,3490.0
2026-04-12,中班,ES-01,120.7,57,1756.0
2026-04-12,中班,ES-02,124.4,115,3763.0
2026-04-12,中班,ES-03,94.6,102,2917.0
2026-04-12,中班,ES-04,263.2,98,3147.0
2026-04-12,中班,ES-05,123.2,93,2942.0
2026-04-12,中班,ES-06,172.1,96,2740.0
2026-04-12,中班,ES-07,154.4,102,2964.0
2026-04-12,中班,ES-08,132.4,93,2926.0
2026-04-12,夜班,ES-01,118.4,129,4093.0
2026-04-12,夜班,ES-03,117.8,95,2977.0
2026-04-12,夜班,ES-04,186.1,103,2961.0
2026-04-12,夜班,ES-05,113.6,64,2098.0
2026-04-12,夜班,ES-06,119.1,77,2215.0
2026-04-12,夜班,ES-07,147.3,94,2970.0
2026-04-12,夜班,ES-08,134.7,96,2832.0
2026-04-13,早班,ES-01,126.8,106,3323.0
2026-04-13,早班,ES-02,135.8,80,2461.0
2026-04-13,早班,ES-03,108.1,119,3480.0
2026-04-13,早班,ES-05,129.3,100,3031.0
2026-04-13,早班,ES-06,123.0,80,2586.0
2026-04-13,早班,ES-07,143.7,86,2832.0
2026-04-13,早班,ES-08,117.7,90,2582.0
2026-04-13,中班,ES-03,122.8,83,2691.0
2026-04-13,中班,ES-04,169.8,92,2990.0
2026-04-13,中班,ES-05,133.0,83,2622.0
2026-04-13,中班,ES-06,140.5,114,3266.0
2026-04-13,中班,ES-07,147.5,83,2607.0
2026-04-13,夜班,ES-01,118.8,88,2533.0
2026-04-13,夜班,ES-02,123.0,95,3069.0
2026-04-13,夜班,ES-03,110.1,90,2915.0
2026-04-13,夜班,ES-05,149.4,100,3051.0
2026-04-13,夜班,ES-06,135.0,82,2539.0
2026-04-13,夜班,ES-08,132.6,96,3077.0
2026-04-14,早班,ES-01,117.6,110,3416.0
2026-04-14,早班,ES-02,117.2,89,2847.0
2026-04-14,早班,ES-03,98.9,86,2566.0
2026-04-14,早班,ES-04,166.5,78,2217.0
2026-04-14,早班,ES-07,146.1,120,3824.0
2026-04-14,早班,ES-08,112.7,103,2901.0
2026-04-14,中班,ES-01,128.0,104,3234.0
2026-04-14,中班,ES-02,123.4,84,2407.0
2026-04-14,中班,ES-04,178.9,67,1965.0
2026-04-14,中班,ES-05,139.8,70,2084.0
2026-04-14,中班,ES-06,105.6,99,3249.0
2026-04-14,中班,ES-07,148.6,110,3130.0
2026-04-14,夜班,ES-01,115.9,81,2358.0
2026-04-14,夜班,ES-02,124.8,102,3247.0
2026-04-14,夜班,ES-03,106.7,99,3114.0
2026-04-14,夜班,ES-04,180.4,107,3477.0
2026-04-14,夜班,ES-05,120.8,93,2880.0
2026-04-14,夜班,ES-07,159.5,122,3766.0
2026-04-15,早班,ES-01,132.6,107,3043.0
2026-04-15,早班,ES-02,126.0,75,2382.0
2026-04-15,早班,ES-03,98.2,84,2631.0
2026-04-15,早班,ES-04,176.5,105,3202.0
2026-04-15,早班,ES-06,128.1,108,3180.0
2026-04-15,早班,ES-07,151.9,120,3423.0
2026-04-15,中班,ES-01,123.5,100,3029.0
2026-04-15,中班,ES-02,129.6,74,2400.0
2026-04-15,中班,ES-04,163.9,104,3417.0
2026-04-15,中班,ES-05,124.5,98,2871.0
2026-04-15,中班,ES-07,153.7,105,3088.0
2026-04-15,中班,ES-08,124.2,92,2944.0
2026-04-15,夜班,ES-01,190.0,112,3512.0
2026-04-15,夜班,ES-02,108.6,75,2185.0
2026-04-15,夜班,ES-03,102.6,119,3605.0
2026-04-15,夜班,ES-04,181.5,94,2983.0
2026-04-15,夜班,ES-05,126.0,91,2657.0
2026-04-15,夜班,ES-06,137.5,88,2825.0
2026-04-15,夜班,ES-07,141.7,92,2830.0
2026-04-16,早班,ES-02,124.2,115,3328.0
2026-04-16,早班,ES-03,117.2,110,3376.0
2026-04-16,早班,ES-04,174.2,111,3274.0
2026-04-16,早班,ES-05,123.4,104,2933.0
2026-04-16,早班,ES-06,130.2,139,4562.0
2026-04-16,早班,ES-08,129.5,88,2525.0
2026-04-16,中班,ES-02,120.6,126,3804.0
2026-04-16,中班,ES-03,92.3,77,2478.0
2026-04-16,中班,ES-04,187.4,96,2782.0
2026-04-16,中班,ES-05,136.4,94,3056.0
2026-04-16,中班,ES-06,125.8,111,3172.0
2026-04-16,中班,ES-07,142.7,121,3904.0
2026-04-16,中班,ES-08,124.5,89,2580.0
2026-04-16,夜班,ES-01,121.1,90,2676.0
2026-04-16,夜班,ES-02,136.4,112,3622.0
2026-04-16,夜班,ES-03,111.5,87,2714.0
2026-04-16,夜班,ES-04,188.1,80,2254.0
2026-04-16,夜班,ES-06,126.0,68,2216.0
2026-04-16,夜班,ES-07,153.9,121,3911.0
2026-04-16,夜班,ES-08,126.0,72,2202.0
2026-04-17,早班,ES-01,125.9,97,2754.0
2026-04-17,早班,ES-02,127.7,61,1784.0
2026-04-17,早班,ES-03,106.1,95,2727.0
2026-04-17,早班,ES-04,170.2,89,2534.0
2026-04-17,早班,ES-05,121.6,83,2486.0
2026-04-17,早班,ES-06,122.5,106,3460.0
2026-04-17,早班,ES-07,160.5,100,3096.0
2026-04-17,早班,ES-08,116.7,100,3243.0
2026-04-17,中班,ES-01,117.6,65,2086.0
2026-04-17,中班,ES-03,115.1,124,3678.0
2026-04-17,中班,ES-04,172.3,112,3180.0
2026-04-17,中班,ES-05,134.2,95,2802.0
2026-04-17,中班,ES-06,129.0,108,3510.0
2026-04-17,中班,ES-08,118.5,124,3877.0
2026-04-17,夜班,ES-01,132.2,99,3266.0
2026-04-17,夜班,ES-02,139.9,118,3554.0
2026-04-17,夜班,ES-03,118.2,101,3094.0
2026-04-17,夜班,ES-07,155.9,103,3334.0
2026-04-17,夜班,ES-08,126.4,65,2087.0
2026-04-18,早班,ES-01,104.8,84,2741.0
2026-04-18,早班,ES-02,108.9,110,3348.0
2026-04-18,早班,ES-03,127.3,96,2695.0
2026-04-18,早班,ES-04,171.4,118,3727.0
2026-04-18,早班,ES-05,130.7,72,2146.0
2026-04-18,早班,ES-07,139.6,101,3160.0
2026-04-18,早班,ES-08,120.8,111,3193.0
2026-04-18,中班,ES-01,102.6,132,4289.0
2026-04-18,中班,ES-02,120.8,114,3425.0
2026-04-18,中班,ES-03,113.7,77,2213.0
2026-04-18,中班,ES-04,178.7,104,3158.0
2026-04-18,中班,ES-05,135.3,76,2295.0
2026-04-18,中班,ES-06,179.4,104,3273.0
2026-04-18,中班,ES-07,140.8,128,3594.0
2026-04-18,中班,ES-08,121.5,98,3185.0
2026-04-18,夜班,ES-01,119.1,96,2689.0
2026-04-18,夜班,ES-04,182.6,92,3010.0
2026-04-18,夜班,ES-06,118.6,82,2635.0
2026-04-18,夜班,ES-07,147.9,134,4346.0
2026-04-18,夜班,ES-08,121.4,102,2927.0
2026-04-19,早班,ES-01,115.7,95,2887.0
2026-04-19,早班,ES-02,134.5,61,1795.0
2026-04-19,早班,ES-04,162.6,81,2534.0
2026-04-19,早班,ES-05,126.8,93,2854.0
2026-04-19,早班,ES-07,153.0,115,3680.0
2026-04-19,早班,ES-08,122.0,114,3364.0
2026-04-19,中班,ES-01,118.4,83,2692.0
2026-04-19,中班,ES-02,135.3,91,2763.0
2026-04-19,中班,ES-03,108.1,62,1964.0
2026-04-19,中班,ES-04,179.7,83,2405.0
2026-04-19,中班,ES-05,120.1,110,3434.0
2026-04-19,中班,ES-06,136.5,90,2789.0
2026-04-19,中班,ES-07,208.0,93,2695.0
2026-04-19,中班,ES-08,122.9,93,2769.0
2026-04-19,夜班,ES-01,122.1,104,2913.0
2026-04-19,夜班,ES-02,124.9,81,2670.0
2026-04-19,夜班,ES-03,110.6,109,3341.0
2026-04-19,夜班,ES-05,135.4,102,3262.0
2026-04-19,夜班,ES-06,135.1,74,2197.0
2026-04-19,夜班,ES-07,148.4,99,2775.0
2026-04-20,早班,ES-01,117.4,94,2905.0
2026-04-20,早班,ES-02,113.9,87,2826.0
2026-04-20,早班,ES-03,115.6,101,3076.0
2026-04-20,早班,ES-04,166.6,70,2196.0
2026-04-20,早班,ES-05,127.0,68,2138.0
2026-04-20,早班,ES-06,126.6,89,2745.0
2026-04-20,早班,ES-07,140.0,104,3054.0
2026-04-20,早班,ES-08,128.1,99,3221.0
2026-04-20,中班,ES-01,98.5,94,2842.0
2026-04-20,中班,ES-02,124.2,99,2905.0
2026-04-20,中班,ES-03,104.7,120,3820.0
2026-04-20,中班,ES-05,118.2,102,2964.0
2026-04-20,中班,ES-07,150.5,81,2450.0
2026-04-20,中班,ES-08,144.2,91,2944.0
2026-04-20,夜班,ES-01,120.0,88,2747.0
2026-04-20,夜班,ES-03,112.6,98,2861.0
2026-04-20,夜班,ES-05,111.2,89,2745.0
2026-04-20,夜班,ES-06,129.1,88,2887.0
2026-04-20,夜班,ES-07,152.9,71,2238.0
2026-04-20,夜班,ES-08,113.9,100,3254.0
2026-04-21,早班,ES-01,135.2,87,2442.0
2026-04-21,早班,ES-03,120.4,92,2792.0
2026-04-21,早班,ES-05,134.3,108,3220.0
2026-04-21,早班,ES-06,123.6,77,2188.0
2026-04-21,早班,ES-08,116.6,107,3450.0
2026-04-21,中班,ES-01,128.1,105,3238.0
2026-04-21,中班,ES-02,117.2,102,2901.0
2026-04-21,中班,ES-03,96.9,124,3750.0
2026-04-21,中班,ES-04,179.4,131,4074.0
2026-04-21,中班,ES-05,130.3,96,2704.0
2026-04-21,中班,ES-06,126.1,102,3047.0
2026-04-21,中班,ES-07,139.0,84,2502.0
2026-04-21,中班,ES-08,119.6,112,3497.0
2026-04-21,夜班,ES-01,127.0,88,2749.0
2026-04-21,夜班,ES-02,123.6,94,2752.0
2026-04-21,夜班,ES-03,123.3,104,3429.0
2026-04-21,夜班,ES-04,180.5,81,2474.0
2026-04-21,夜班,ES-05,133.9,90,2569.0
2026-04-21,夜班,ES-06,127.4,79,2586.0
2026-04-21,夜班,ES-08,146.9,67,2050.0
2026-04-22,早班,ES-01,185.7,89,2629.0
2026-04-22,早班,ES-04,177.3,68,1951.0
2026-04-22,早班,ES-05,137.6,50,1558.0
2026-04-22,早班,ES-06,132.6,100,2922.0
2026-04-22,早班,ES-07,155.0,77,2274.0
2026-04-22,早班,ES-08,117.5,66,2128.0
2026-04-22,中班,ES-01,125.8,97,3111.0
2026-04-22,中班,ES-02,117.9,76,2439.0
2026-04-22,中班,ES-03,119.0,100,3063.0
2026-04-22,中班,ES-04,170.2,108,3169.0
2026-04-22,中班,ES-05,138.9,67,2161.0
2026-04-22,中班,ES-06,136.0,96,2963.0
2026-04-22,中班,ES-07,144.8,90,2666.0
2026-04-22,中班,ES-08,119.4,111,3509.0
2026-04-22,夜班,ES-02,120.9,104,3242.0
2026-04-22,夜班,ES-06,120.9,112,3537.0
2026-04-22,夜班,ES-07,151.8,78,2191.0
2026-04-22,夜班,ES-08,113.1,89,2509.0
2026-04-23,早班,ES-01,122.2,104,3408.0
2026-04-23,早班,ES-02,120.4,90,2610.0
2026-04-23,早班,ES-03,103.0,86,2650.0
2026-04-23,早班,ES-04,174.1,122,3995.0
2026-04-23,早班,ES-08,125.2,114,3492.0
2026-04-23,中班,ES-02,184.7,100,2985.0
2026-04-23,中班,ES-03,120.2,74,2220.0
2026-04-23,中班,ES-06,122.8,92,2823.0
2026-04-23,中班,ES-07,163.1,85,2655.0
2026-04-23,中班,ES-08,126.9,93,2884.0
2026-04-23,夜班,ES-02,128.6,98,2957.0
2026-04-23,夜班,ES-03,114.2,105,3275.0
2026-04-23,夜班,ES-04,175.5,67,2035.0
2026-04-23,夜班,ES-06,129.3,92,2617.0
2026-04-23,夜班,ES-07,142.5,95,2969.0
2026-04-23,夜班,ES-08,113.9,100,2959.0
2026-04-24,早班,ES-02,129.2,115,3632.0
2026-04-24,早班,ES-06,138.2,72,2184.0
2026-04-24,早班,ES-07,156.3,60,1863.0
2026-04-24,中班,ES-02,140.9,93,3054.0
2026-04-24,中班,ES-03,122.1,92,2765.0
2026-04-24,中班,ES-04,163.0,105,3292.0
2026-04-24,中班,ES-05,144.2,103,3047.0
2026-04-24,中班,ES-07,149.1,108,3486.0
2026-04-24,中班,ES-08,119.7,108,3307.0
2026-04-24,夜班,ES-01,119.6,102,3246.0
2026-04-24,夜班,ES-02,129.3,85,2403.0
2026-04-24,夜班,ES-03,106.6,99,2884.0
2026-04-24,夜班,ES-05,134.1,79,2377.0
2026-04-24,夜班,ES-06,123.7,111,3527.0
2026-04-24,夜班,ES-07,149.9,114,3206.0
2026-04-24,夜班,ES-08,129.2,90,2615.0
2026-04-25,早班,ES-01,112.8,88,2698.0
2026-04-25,早班,ES-03,116.7,95,2822.0
2026-04-25,早班,ES-04,174.5,94,3092.0
2026-04-25,早班,ES-05,131.0,112,3573.0
2026-04-25,早班,ES-06,129.8,103,3236.0
2026-04-25,早班,ES-07,149.0,95,2786.0
2026-04-25,早班,ES-08,127.5,107,3455.0
2026-04-25,中班,ES-01,117.1,101,3123.0
2026-04-25,中班,ES-02,123.5,117,3787.0
2026-04-25,中班,ES-03,118.0,96,3104.0
2026-04-25,中班,ES-05,138.7,134,4391.0
2026-04-25,中班,ES-06,128.3,108,3405.0
2026-04-25,中班,ES-07,141.2,94,2758.0
2026-04-25,中班,ES-08,123.5,97,2729.0
2026-04-25,夜班,ES-01,128.6,103,3256.0
2026-04-25,夜班,ES-03,125.6,119,3507.0
2026-04-25,夜班,ES-05,109.6,105,3314.0
2026-04-25,夜班,ES-06,126.5,104,3116.0
2026-04-25,夜班,ES-07,143.4,106,3325.0
2026-04-25,夜班,ES-08,123.9,113,3337.0
2026-04-26,早班,ES-01,127.1,70,2080.0
2026-04-26,早班,ES-02,117.6,101,3131.0
2026-04-26,早班,ES-03,123.1,71,2140.0
2026-04-26,早班,ES-04,175.6,87,2480.0
2026-04-26,早班,ES-05,120.0,88,2668.0
2026-04-26,早班,ES-06,118.6,72,2213.0
2026-04-26,早班,ES-07,139.8,97,2717.0
2026-04-26,早班,ES-08,118.5,71,2066.0
2026-04-26,中班,ES-01,111.4,94,2921.0
2026-04-26,中班,ES-02,118.8,85,2398.0
2026-04-26,中班,ES-03,113.5,65,1834.0
2026-04-26,中班,ES-04,180.7,92,2768.0
2026-04-26,中班,ES-06,139.6,86,2629.0
2026-04-26,中班,ES-07,143.4,75,2423.0
2026-04-26,中班,ES-08,134.8,94,2969.0
2026-04-26,夜班,ES-01,126.9,131,3821.0
2026-04-26,夜班,ES-02,132.0,58,1910.0
2026-04-26,夜班,ES-03,115.3,97,2892.0
2026-04-26,夜班,ES-04,173.3,88,2748.0
2026-04-26,夜班,ES-05,130.5,100,3162.0
2026-04-26,夜班,ES-06,142.2,128,4174.0
2026-04-26,夜班,ES-07,138.5,84,2534.0
2026-04-26,夜班,ES-08,141.4,89,2614.0
2026-04-27,早班,ES-01,123.9,108,3078.0
2026-04-27,早班,ES-02,134.2,52,1671.0
2026-04-27,早班,ES-03,115.7,93,2838.0
2026-04-27,早班,ES-05,127.6,90,2632.0
2026-04-27,早班,ES-06,123.0,63,1870.0
2026-04-27,早班,ES-07,150.9,88,2509.0
2026-04-27,早班,ES-08,124.7,112,3298.0
2026-04-27,中班,ES-01,126.8,112,3247.0
2026-04-27,中班,ES-02,131.5,95,2811.0
2026-04-27,中班,ES-03,123.3,76,2393.0
2026-04-27,中班,ES-05,124.8,106,2974.0
2026-04-27,中班,ES-06,132.0,73,2402.0
2026-04-27,中班,ES-07,151.1,94,2830.0
2026-04-27,中班,ES-08,116.7,83,2355.0
2026-04-27,夜班,ES-01,127.3,96,2859.0
2026-04-27,夜班,ES-02,114.8,94,2812.0
2026-04-27,夜班,ES-03,114.5,101,3131.0
2026-04-27,夜班,ES-04,169.2,94,2926.0
2026-04-27,夜班,ES-06,134.7,83,2682.0
2026-04-27,夜班,ES-07,149.5,85,2541.0
2026-04-27,夜班,ES-08,120.2,121,3957.0
2026-04-28,早班,ES-02,121.9,87,2805.0
2026-04-28,早班,ES-04,171.9,92,2916.0
2026-04-28,早班,ES-07,154.3,80,2438.0
2026-04-28,早班,ES-08,131.1,91,2985.0
2026-04-28,中班,ES-01,118.5,101,3101.0
2026-04-28,中班,ES-02,127.1,120,3854.0
2026-04-28,中班,ES-04,169.6,129,4244.0
2026-04-28,中班,ES-06,128.8,128,3670.0
2026-04-28,中班,ES-07,147.5,103,2941.0
2026-04-28,中班,ES-08,98.0,132,3723.0
2026-04-28,夜班,ES-01,114.3,81,2658.0
2026-04-28,夜班,ES-03,117.9,97,2900.0
2026-04-28,夜班,ES-05,115.9,92,2736.0
2026-04-28,夜班,ES-06,141.4,77,2540.0
2026-04-28,夜班,ES-08,126.9,90,2960.0
2026-04-29,早班,ES-01,120.5,107,3109.0
2026-04-29,早班,ES-02,141.6,121,3856.0
2026-04-29,早班,ES-04,174.0,78,2514.0
2026-04-29,早班,ES-05,118.0,132,3833.0
2026-04-29,早班,ES-06,147.8,64,1987.0
2026-04-29,早班,ES-07,134.4,82,2564.0
2026-04-29,早班,ES-08,127.0,94,3009.0
2026-04-29,中班,ES-01,128.2,84,2752.0
2026-04-29,中班,ES-03,108.6,90,2561.0
2026-04-29,中班,ES-04,179.3,84,2356.0
2026-04-29,中班,ES-05,123.4,61,1855.0
2026-04-29,中班,ES-06,125.3,63,1958.0
2026-04-29,中班,ES-07,147.6,68,1925.0
2026-04-29,中班,ES-08,127.4,108,3101.0
2026-04-29,夜班,ES-03,103.1,71,2035.0
2026-04-29,夜班,ES-04,171.6,117,3818.0
2026-04-29,夜班,ES-06,114.7,128,4133.0
2026-04-29,夜班,ES-07,154.8,87,2821.0
2026-04-29,夜班,ES-08,119.4,64,1960.0
2026-04-30,早班,ES-01,126.9,100,2883.0
2026-04-30,早班,ES-02,181.8,122,3821.0
2026-04-30,早班,ES-03,116.4,98,2948.0
2026-04-30,早班,ES-04,170.7,98,2788.0
2026-04-30,早班,ES-05,112.7,102,2988.0
2026-04-30,早班,ES-07,147.3,92,2687.0
2026-04-30,早班,ES-08,101.7,88,2476.0
2026-04-30,中班,ES-01,123.4,94,3014.0
2026-04-30,中班,ES-02,132.6,113,3498.0
2026-04-30,中班,ES-03,112.2,90,2555.0
2026-04-30,中班,ES-04,181.1,113,3318.0
2026-04-30,中班,ES-05,129.3,78,2327.0
2026-04-30,中班,ES-06,128.8,93,2634.0
2026-04-30,中班,ES-07,155.0,105,3194.0
2026-04-30,夜班,ES-01,130.1,97,2751.0
2026-04-30,夜班,ES-02,129.9,70,2225.0
2026-04-30,夜班,ES-03,107.0,76,2388.0
2026-04-30,夜班,ES-05,130.4,88,2484.0
2026-04-30,夜班,ES-07,142.3,118,3693.0
2026-05-01,早班,ES-01,122.3,100,3251.0
2026-05-01,早班,ES-02,126.4,85,2423.0
2026-05-01,早班,ES-03,110.4,81,2341.0
2026-05-01,早班,ES-04,174.7,138,4304.0
2026-05-01,早班,ES-06,137.4,117,3487.0
2026-05-01,早班,ES-07,160.1,79,2535.0
2026-05-01,早班,ES-08,117.1,74,2402.0
2026-05-01,中班,ES-01,122.8,86,2542.0
2026-05-01,中班,ES-02,132.6,66,2032.0
2026-05-01,中班,ES-03,104.3,100,3034.0
2026-05-01,中班,ES-04,195.7,101,2905.0
2026-05-01,中班,ES-05,108.3,89,2711.0
2026-05-01,中班,ES-08,117.8,79,2322.0
2026-05-01,夜班,ES-01,115.7,74,2091.0
2026-05-01,夜班,ES-02,132.7,97,2722.0
2026-05-01,夜班,ES-03,103.7,90,2538.0
2026-05-01,夜班,ES-05,131.7,66,2148.0
2026-05-01,夜班,ES-06,123.6,109,3321.0
2026-05-01,夜班,ES-07,159.9,96,2738.0
2026-05-02,早班,ES-01,93.8,115,3283.0
2026-05-02,早班,ES-02,129.3,88,2864.0
2026-05-02,早班,ES-03,103.9,134,4290.0
2026-05-02,早班,ES-04,164.2,80,2562.0
2026-05-02,早班,ES-05,125.4,91,2945.0
2026-05-02,早班,ES-06,135.0,98,2771.0
2026-05-02,早班,ES-07,139.1,87,2655.0
2026-05-02,早班,ES-08,138.9,93,2725.0
2026-05-02,中班,ES-01,113.3,87,2444.0
2026-05-02,中班,ES-02,107.2,100,3157.0
2026-05-02,中班,ES-03,115.8,95,2896.0
2026-05-02,中班,ES-04,177.6,94,2912.0
2026-05-02,中班,ES-05,124.1,81,2405.0
2026-05-02,中班,ES-06,140.1,80,2556.0
2026-05-02,中班,ES-07,150.6,52,1667.0
2026-05-02,中班,ES-08,132.0,81,2596.0
2026-05-02,夜班,ES-02,130.2,92,2898.0
2026-05-02,夜班,ES-03,91.2,100,2824.0
2026-05-02,夜班,ES-05,128.7,87,2681.0
2026-05-02,夜班,ES-06,122.4,111,3127.0
2026-05-02,夜班,ES-07,142.4,111,3450.0
2026-05-03,早班,ES-01,116.8,91,2842.0
2026-05-03,早班,ES-02,135.9,57,1621.0
2026-05-03,早班,ES-03,112.3,109,3597.0
2026-05-03,早班,ES-04,175.2,89,2546.0
2026-05-03,早班,ES-05,140.3,97,3128.0
2026-05-03,早班,ES-06,126.7,85,2636.0
2026-05-03,早班,ES-08,108.1,138,4287.0
2026-05-03,中班,ES-01,117.0,79,2418.0
2026-05-03,中班,ES-02,130.9,99,2791.0
2026-05-03,中班,ES-03,105.4,82,2428.0
2026-05-03,中班,ES-06,157.5,40,1299.0
2026-05-03,中班,ES-07,155.5,114,3629.0
2026-05-03,中班,ES-08,108.5,101,3227.0
2026-05-03,夜班,ES-01,113.8,93,2610.0
2026-05-03,夜班,ES-02,128.2,116,3567.0
2026-05-03,夜班,ES-05,115.5,91,2697.0
2026-05-03,夜班,ES-06,125.9,70,2009.0
2026-05-04,早班,ES-01,126.6,66,1866.0
2026-05-04,早班,ES-02,130.8,122,3964.0
2026-05-04,早班,ES-03,119.5,95,2896.0
2026-05-04,早班,ES-04,178.6,77,2270.0
2026-05-04,早班,ES-05,134.3,56,1653.0
2026-05-04,早班,ES-06,133.5,58,1817.0
2026-05-04,早班,ES-07,132.9,92,2850.0
2026-05-04,早班,ES-08,118.7,108,3398.0
2026-05-04,中班,ES-02,126.5,56,1607.0
2026-05-04,中班,ES-04,216.1,111,3507.0
2026-05-04,中班,ES-05,132.9,93,2662.0
2026-05-04,中班,ES-07,149.2,103,2923.0
2026-05-04,中班,ES-08,127.7,98,3079.0
2026-05-04,夜班,ES-01,134.6,86,2678.0
2026-05-04,夜班,ES-02,125.6,111,3457.0
2026-05-04,夜班,ES-03,108.3,83,2417.0
2026-05-04,夜班,ES-07,157.0,81,2395.0
2026-05-04,夜班,ES-08,127.7,94,2664.0
2026-05-05,早班,ES-01,126.6,58,1864.0
2026-05-05,早班,ES-03,118.0,106,3474.0
2026-05-05,早班,ES-04,159.3,111,3242.0
2026-05-05,早班,ES-05,137.3,106,3341.0
2026-05-05,早班,ES-06,135.0,98,2857.0
2026-05-05,早班,ES-07,181.3,56,1791.0
2026-05-05,中班,ES-01,113.1,77,2379.0
2026-05-05,中班,ES-07,141.6,80,2572.0
2026-05-05,中班,ES-08,146.2,102,3040.0
2026-05-05,夜班,ES-01,111.9,95,2995.0
2026-05-05,夜班,ES-03,114.5,68,2128.0
2026-05-05,夜班,ES-05,127.8,113,3529.0
2026-05-05,夜班,ES-06,134.9,82,2387.0
2026-05-05,夜班,ES-07,135.8,111,3413.0
2026-05-05,夜班,ES-08,113.6,79,2398.0
2026-05-06,早班,ES-01,120.0,93,2896.0
2026-05-06,早班,ES-02,123.0,84,2380.0
2026-05-06,早班,ES-03,118.4,83,2437.0
2026-05-06,早班,ES-04,178.1,75,2273.0
2026-05-06,早班,ES-05,137.2,108,3404.0
2026-05-06,早班,ES-06,116.2,89,2755.0
2026-05-06,早班,ES-07,153.2,111,3440.0
2026-05-06,早班,ES-08,114.0,82,2493.0
2026-05-06,中班,ES-01,129.7,83,2615.0
2026-05-06,中班,ES-03,102.4,102,3066.0
2026-05-06,中班,ES-05,125.5,114,3291.0
2026-05-06,中班,ES-07,159.8,101,2946.0
2026-05-06,中班,ES-08,119.6,113,3326.0
2026-05-06,夜班,ES-01,135.0,108,3420.0
2026-05-06,夜班,ES-03,96.7,85,2443.0
2026-05-06,夜班,ES-04,162.2,64,2022.0
2026-05-06,夜班,ES-05,137.8,93,2686.0
2026-05-06,夜班,ES-07,139.1,116,3429.0
2026-05-06,夜班,ES-08,120.9,94,3037.0
2026-05-07,早班,ES-01,119.4,94,2966.0
2026-05-07,早班,ES-02,128.5,135,4287.0
2026-05-07,早班,ES-03,118.2,111,3428.0
2026-05-07,早班,ES-04,183.9,97,3036.0
2026-05-07,早班,ES-05,125.8,55,1777.0
2026-05-07,早班,ES-06,132.5,112,3444.0
2026-05-07,早班,ES-07,149.9,78,2285.0
2026-05-07,早班,ES-08,121.9,101,2961.0
2026-05-07,中班,ES-02,127.8,95,2777.0
2026-05-07,中班,ES-03,100.4,127,3919.0
2026-05-07,中班,ES-04,174.2,63,1859.0
2026-05-07,中班,ES-06,121.2,63,1966.0
2026-05-07,中班,ES-08,117.9,92,2745.0
2026-05-07,夜班,ES-01,115.1,78,2357.0
2026-05-07,夜班,ES-02,120.0,116,3408.0
2026-05-07,夜班,ES-03,116.6,94,2738.0
2026-05-07,夜班,ES-04,174.9,86,2450.0
2026-05-07,夜班,ES-05,129.0,101,3074.0
2026-05-07,夜班,ES-06,141.8,115,3262.0
2026-05-07,夜班,ES-08,129.4,121,3392.0
2026-05-08,早班,ES-01,104.4,87,2661.0
2026-05-08,早班,ES-02,130.7,107,3519.0
2026-05-08,早班,ES-03,123.4,93,3039.0
2026-05-08,早班,ES-04,182.0,76,2411.0
2026-05-08,早班,ES-05,123.6,107,3011.0
2026-05-08,早班,ES-07,158.0,115,3443.0
2026-05-08,中班,ES-02,125.9,86,2553.0
2026-05-08,中班,ES-03,113.0,125,3786.0
2026-05-08,中班,ES-04,181.1,80,2323.0
2026-05-08,中班,ES-06,132.2,128,3815.0
2026-05-08,中班,ES-07,148.6,107,3339.0
2026-05-08,夜班,ES-02,139.7,106,3485.0
2026-05-08,夜班,ES-03,113.3,69,1973.0
2026-05-08,夜班,ES-05,122.0,98,2861.0
2026-05-08,夜班,ES-07,138.1,49,1535.0
2026-05-08,夜班,ES-08,124.2,134,3807.0
2026-05-09,早班,ES-01,120.2,94,3073.0
2026-05-09,早班,ES-02,115.9,82,2408.0
2026-05-09,早班,ES-03,119.1,107,3501.0
2026-05-09,早班,ES-04,169.4,128,3795.0
2026-05-09,早班,ES-05,119.4,83,2543.0
2026-05-09,早班,ES-06,123.4,125,3822.0
2026-05-09,早班,ES-08,118.4,100,2967.0
2026-05-09,中班,ES-01,130.7,92,2578.0
2026-05-09,中班,ES-03,110.1,118,3663.0
2026-05-09,中班,ES-04,244.4,106,3487.0
2026-05-09,中班,ES-06,140.5,88,2716.0
2026-05-09,中班,ES-07,148.8,104,3400.0
2026-05-09,中班,ES-08,120.8,92,3036.0
2026-05-09,夜班,ES-01,121.7,90,2660.0
2026-05-09,夜班,ES-02,121.4,111,3426.0
2026-05-09,夜班,ES-03,117.5,127,3896.0
2026-05-09,夜班,ES-04,181.2,39,1128.0
2026-05-09,夜班,ES-05,118.3,93,2876.0
2026-05-09,夜班,ES-06,117.5,104,3184.0
2026-05-09,夜班,ES-07,143.6,86,2829.0
2026-05-09,夜班,ES-08,117.1,117,3576.0
2026-05-10,早班,ES-01,118.8,82,2450.0
2026-05-10,早班,ES-02,127.8,94,2725.0
2026-05-10,早班,ES-03,104.7,90,2729.0
2026-05-10,早班,ES-04,166.5,82,2486.0
2026-05-10,早班,ES-05,125.7,91,2563.0
2026-05-10,早班,ES-06,139.9,98,3105.0
2026-05-10,早班,ES-07,166.9,106,3218.0
2026-05-10,早班,ES-08,126.6,82,2464.0
2026-05-10,中班,ES-01,116.5,86,2481.0
2026-05-10,中班,ES-03,90.7,93,2939.0
2026-05-10,中班,ES-04,187.1,80,2479.0
2026-05-10,中班,ES-05,137.1,57,1734.0
2026-05-10,中班,ES-06,135.5,119,3547.0
2026-05-10,中班,ES-07,160.1,109,3330.0
2026-05-10,中班,ES-08,137.7,69,2195.0
2026-05-10,夜班,ES-01,127.8,106,3207.0
2026-05-10,夜班,ES-03,104.9,86,2685.0
2026-05-10,夜班,ES-05,126.6,117,3629.0
2026-05-10,夜班,ES-06,138.8,109,3153.0
2026-05-10,夜班,ES-07,141.7,68,1986.0
2026-05-10,夜班,ES-08,126.6,77,2394.0
2026-05-11,早班,ES-01,114.0,111,3263.0
2026-05-11,早班,ES-02,131.2,98,3174.0
2026-05-11,早班,ES-03,103.3,75,2329.0
2026-05-11,早班,ES-05,129.7,96,2717.0
2026-05-11,早班,ES-06,141.9,101,3326.0
2026-05-11,早班,ES-07,150.9,97,3131.0
2026-05-11,中班,ES-01,128.8,111,3588.0
2026-05-11,中班,ES-02,169.7,106,3105.0
2026-05-11,中班,ES-05,125.1,81,2357.0
2026-05-11,中班,ES-06,140.0,92,2600.0
2026-05-11,中班,ES-07,160.6,103,2941.0
2026-05-11,中班,ES-08,114.4,75,2464.0
2026-05-11,夜班,ES-01,128.1,117,3559.0
2026-05-11,夜班,ES-02,145.1,101,3319.0
2026-05-11,夜班,ES-03,123.7,71,2051.0
2026-05-11,夜班,ES-04,183.9,113,3221.0
2026-05-11,夜班,ES-05,127.3,98,3148.0
2026-05-11,夜班,ES-06,122.4,85,2650.0
2026-05-11,夜班,ES-07,158.5,90,2939.0
2026-05-12,早班,ES-01,130.9,70,2226.0
2026-05-12,早班,ES-02,133.8,85,2682.0
2026-05-12,早班,ES-04,177.5,105,3430.0
2026-05-12,早班,ES-06,118.2,110,3484.0
2026-05-12,早班,ES-07,151.1,72,2060.0
2026-05-12,早班,ES-08,127.8,82,2692.0
2026-05-12,中班,ES-01,135.7,104,3227.0
2026-05-12,中班,ES-02,127.4,96,3076.0
2026-05-12,中班,ES-04,176.3,78,2437.0
2026-05-12,中班,ES-05,131.9,104,3361.0
2026-05-12,中班,ES-07,147.3,69,2042.0
2026-05-12,中班,ES-08,184.3,125,3915.0
2026-05-12,夜班,ES-02,120.5,94,2917.0
2026-05-12,夜班,ES-03,116.2,127,4144.0
2026-05-12,夜班,ES-06,136.5,111,3295.0
2026-05-12,夜班,ES-07,148.3,109,3130.0
2026-05-12,夜班,ES-08,123.9,96,2822.0
2026-05-13,早班,ES-01,127.0,96,2704.0
2026-05-13,早班,ES-02,135.9,93,2724.0
2026-05-13,早班,ES-05,121.5,54,1582.0
2026-05-13,早班,ES-06,138.8,99,3142.0
2026-05-13,早班,ES-08,120.5,117,3474.0
2026-05-13,中班,ES-01,126.8,90,2596.0
2026-05-13,中班,ES-03,109.1,94,2946.0
2026-05-13,中班,ES-05,130.7,105,3379.0
2026-05-13,中班,ES-06,115.8,85,2706.0
2026-05-13,中班,ES-07,146.6,82,2377.0
2026-05-13,夜班,ES-01,123.9,111,3432.0
2026-05-13,夜班,ES-02,197.3,74,2109.0
2026-05-13,夜班,ES-03,114.5,91,2695.0
2026-05-13,夜班,ES-05,122.1,90,2879.0
2026-05-13,夜班,ES-08,117.9,100,3230.0
2026-05-14,早班,ES-01,111.7,93,3023.0
2026-05-14,早班,ES-02,130.0,100,2954.0
2026-05-14,早班,ES-04,178.6,98,3089.0
2026-05-14,早班,ES-05,132.1,110,3393.0
2026-05-14,早班,ES-06,134.4,97,2807.0
2026-05-14,早班,ES-08,123.1,90,2525.0
2026-05-14,中班,ES-01,124.8,95,3066.0
2026-05-14,中班,ES-02,113.0,96,3116.0
2026-05-14,中班,ES-03,106.8,87,2836.0
2026-05-14,中班,ES-04,178.8,105,3246.0
2026-05-14,中班,ES-05,116.6,107,3353.0
2026-05-14,中班,ES-06,133.7,56,1660.0
2026-05-14,中班,ES-07,150.6,93,2710.0
2026-05-14,中班,ES-08,140.6,80,2358.0
2026-05-14,夜班,ES-02,123.6,68,2001.0
2026-05-14,夜班,ES-03,109.7,113,3433.0
2026-05-14,夜班,ES-06,135.0,99,3227.0
2026-05-14,夜班,ES-07,171.5,96,3015.0
2026-05-15,早班,ES-01,110.5,121,3814.0
2026-05-15,早班,ES-02,120.1,93,3064.0
2026-05-15,早班,ES-03,111.8,86,2824.0
2026-05-15,早班,ES-04,230.7,88,2614.0
2026-05-15,早班,ES-05,132.8,96,2962.0
2026-05-15,早班,ES-06,135.1,98,2769.0
2026-05-15,早班,ES-07,149.9,73,2104.0
2026-05-15,早班,ES-08,110.1,73,2256.0
2026-05-15,中班,ES-02,130.6,75,2341.0
2026-05-15,中班,ES-03,117.3,114,3314.0
2026-05-15,中班,ES-04,163.1,102,2880.0
2026-05-15,中班,ES-06,128.8,89,2675.0
2026-05-15,中班,ES-07,145.7,93,2856.0
2026-05-15,中班,ES-08,123.7,92,2766.0
2026-05-15,夜班,ES-01,119.2,96,2742.0
2026-05-15,夜班,ES-02,115.1,76,2434.0
2026-05-15,夜班,ES-03,104.0,112,3168.0
2026-05-15,夜班,ES-04,162.9,91,2978.0
2026-05-15,夜班,ES-05,136.7,81,2356.0
2026-05-15,夜班,ES-07,143.2,99,2858.0
2026-05-15,夜班,ES-08,130.6,133,4245.0
2026-05-16,早班,ES-01,114.7,78,2343.0
2026-05-16,早班,ES-02,117.4,84,2571.0
2026-05-16,早班,ES-03,107.2,86,2618.0
2026-05-16,早班,ES-04,206.8,128,4179.0
2026-05-16,早班,ES-05,128.7,90,2612.0
2026-05-16,早班,ES-06,116.5,81,2603.0
2026-05-16,早班,ES-07,145.3,83,2357.0
2026-05-16,中班,ES-02,122.6,94,3070.0
2026-05-16,中班,ES-03,115.5,107,2998.0
2026-05-16,中班,ES-04,171.6,98,3223.0
2026-05-16,中班,ES-05,125.4,80,2302.0
2026-05-16,中班,ES-07,157.5,82,2484.0
2026-05-16,中班,ES-08,123.2,115,3748.0
2026-05-16,夜班,ES-01,105.3,93,2699.0
2026-05-16,夜班,ES-02,120.4,78,2326.0
2026-05-16,夜班,ES-03,92.7,99,3038.0
2026-05-16,夜班,ES-04,192.1,104,3063.0
2026-05-16,夜班,ES-05,132.4,109,3331.0
2026-05-16,夜班,ES-08,112.3,95,2907.0
2026-05-17,早班,ES-01,114.4,71,2263.0
2026-05-17,早班,ES-02,132.5,117,3444.0
2026-05-17,早班,ES-03,111.2,114,3383.0
2026-05-17,早班,ES-05,133.6,85,2660.0
2026-05-17,早班,ES-06,130.7,111,3414.0
2026-05-17,早班,ES-07,158.5,92,2958.0
2026-05-17,中班,ES-01,132.2,140,4178.0
2026-05-17,中班,ES-02,127.6,114,3696.0
2026-05-17,中班,ES-03,120.0,92,2755.0
2026-05-17,中班,ES-04,163.7,85,2765.0
2026-05-17,中班,ES-05,114.2,82,2583.0
2026-05-17,中班,ES-06,118.6,110,3430.0
2026-05-17,中班,ES-07,168.5,89,2694.0
2026-05-17,中班,ES-08,142.0,100,2973.0
2026-05-17,夜班,ES-01,120.0,83,2660.0
2026-05-17,夜班,ES-05,130.9,100,3236.0
2026-05-17,夜班,ES-06,124.3,93,2646.0
2026-05-17,夜班,ES-07,132.8,100,2941.0
2026-05-17,夜班,ES-08,130.9,94,3052.0
2026-05-18,早班,ES-01,123.9,81,2428.0
2026-05-18,早班,ES-02,139.5,123,3468.0
2026-05-18,早班,ES-04,171.3,91,2850.0
2026-05-18,早班,ES-05,126.9,82,2567.0
2026-05-18,早班,ES-06,131.4,80,2566.0
2026-05-18,早班,ES-07,154.0,68,2065.0
2026-05-18,早班,ES-08,127.0,77,2186.0
2026-05-18,中班,ES-01,115.9,97,2854.0
2026-05-18,中班,ES-02,117.8,80,2496.0
2026-05-18,中班,ES-03,108.9,98,2891.0
2026-05-18,中班,ES-04,195.8,81,2281.0
2026-05-18,中班,ES-05,144.0,79,2370.0
2026-05-18,中班,ES-06,126.8,95,2885.0
2026-05-18,中班,ES-07,149.0,84,2502.0
2026-05-18,中班,ES-08,120.3,114,3603.0
2026-05-18,夜班,ES-01,117.3,89,2642.0
2026-05-18,夜班,ES-02,126.2,76,2422.0
2026-05-18,夜班,ES-03,102.3,116,3577.0
2026-05-18,夜班,ES-05,116.4,116,3360.0
2026-05-18,夜班,ES-08,107.8,103,3069.0
2026-05-19,早班,ES-01,130.3,102,3306.0
2026-05-19,早班,ES-02,130.1,111,3168.0
2026-05-19,早班,ES-03,114.9,96,3107.0
2026-05-19,早班,ES-05,131.6,103,3278.0
2026-05-19,早班,ES-06,126.7,73,2373.0
2026-05-19,早班,ES-07,168.6,94,2853.0
2026-05-19,早班,ES-08,116.8,76,2205.0
2026-05-19,中班,ES-01,106.6,81,2563.0
2026-05-19,中班,ES-03,129.2,109,3458.0
2026-05-19,中班,ES-06,128.4,96,2792.0
2026-05-19,中班,ES-08,99.6,109,3289.0
2026-05-19,夜班,ES-01,113.1,105,3370.0
2026-05-19,夜班,ES-03,107.6,33,966.0
2026-05-19,夜班,ES-04,192.1,40,1147.0
2026-05-19,夜班,ES-05,201.0,92,2976.0
2026-05-19,夜班,ES-06,126.4,73,2158.0
2026-05-19,夜班,ES-07,135.0,79,2363.0
2026-05-19,夜班,ES-08,126.0,88,2814.0
2026-05-20,早班,ES-01,116.5,122,3816.0
2026-05-20,早班,ES-03,116.0,116,3778.0
2026-05-20,早班,ES-05,126.3,110,3337.0
2026-05-20,早班,ES-06,133.8,92,2659.0
2026-05-20,早班,ES-07,168.7,56,1734.0
2026-05-20,早班,ES-08,120.2,97,2808.0
2026-05-20,中班,ES-01,111.1,129,3741.0
2026-05-20,中班,ES-02,122.6,97,2824.0
2026-05-20,中班,ES-03,116.0,109,3367.0
2026-05-20,中班,ES-05,134.2,128,3871.0
2026-05-20,中班,ES-06,135.1,98,2938.0
2026-05-20,中班,ES-07,138.1,122,3727.0
2026-05-20,中班,ES-08,123.3,111,3517.0
2026-05-20,夜班,ES-03,107.5,90,2912.0
2026-05-20,夜班,ES-04,175.9,84,2387.0
2026-05-20,夜班,ES-05,129.1,74,2086.0
2026-05-20,夜班,ES-07,136.4,92,2821.0
2026-05-20,夜班,ES-08,135.6,60,1728.0
2026-05-21,早班,ES-02,117.9,86,2440.0
2026-05-21,早班,ES-04,167.8,91,2904.0
2026-05-21,早班,ES-05,120.7,139,4258.0
2026-05-21,早班,ES-06,148.4,88,2478.0
2026-05-21,早班,ES-07,151.9,69,1978.0
2026-05-21,中班,ES-01,108.4,96,2862.0
2026-05-21,中班,ES-02,122.4,102,3149.0
2026-05-21,中班,ES-03,101.1,66,1938.0
2026-05-21,中班,ES-04,229.2,74,2242.0
2026-05-21,中班,ES-07,141.7,87,2856.0
2026-05-21,中班,ES-08,131.3,87,2436.0
2026-05-21,夜班,ES-02,125.6,121,3814.0
2026-05-21,夜班,ES-03,123.3,87,2843.0
2026-05-21,夜班,ES-04,175.4,114,3508.0
2026-05-21,夜班,ES-05,132.0,73,2225.0
2026-05-21,夜班,ES-06,141.2,88,2576.0
2026-05-21,夜班,ES-07,145.0,69,2181.0
2026-05-22,早班,ES-01,126.0,102,2984.0
2026-05-22,早班,ES-02,125.1,115,3574.0
2026-05-22,早班,ES-03,106.6,78,2291.0
2026-05-22,早班,ES-06,110.5,85,2689.0
2026-05-22,早班,ES-07,149.4,89,2664.0
2026-05-22,早班,ES-08,120.1,97,3010.0
2026-05-22,中班,ES-01,112.8,96,3049.0
2026-05-22,中班,ES-02,126.3,90,2656.0
2026-05-22,中班,ES-04,165.3,84,2689.0
2026-05-22,中班,ES-05,132.0,113,3485.0
2026-05-22,中班,ES-06,134.2,72,2248.0
2026-05-22,中班,ES-07,148.5,104,3341.0
2026-05-22,夜班,ES-01,110.8,64,1813.0
2026-05-22,夜班,ES-03,95.9,91,2703.0
2026-05-22,夜班,ES-04,171.6,119,3445.0
2026-05-22,夜班,ES-05,133.0,75,2386.0
2026-05-22,夜班,ES-06,158.2,107,3182.0
2026-05-22,夜班,ES-07,161.2,115,3750.0
2026-05-22,夜班,ES-08,109.4,109,3378.0
2026-05-23,早班,ES-01,123.2,91,2968.0
2026-05-23,早班,ES-03,103.6,121,3594.0
2026-05-23,早班,ES-04,187.6,88,2534.0
2026-05-23,早班,ES-05,125.0,100,3125.0
2026-05-23,早班,ES-06,198.4,101,3224.0
2026-05-23,早班,ES-07,141.9,102,3067.0
2026-05-23,早班,ES-08,120.5,126,3766.0
2026-05-23,中班,ES-01,122.9,115,3736.0
2026-05-23,中班,ES-02,132.1,91,2951.0
2026-05-23,中班,ES-03,105.9,85,2559.0
2026-05-23,中班,ES-05,116.3,78,2484.0
2026-05-23,中班,ES-06,135.5,67,1936.0
2026-05-23,中班,ES-07,148.8,88,2483.0
2026-05-23,中班,ES-08,108.6,80,2478.0
2026-05-23,夜班,ES-01,165.8,94,2965.0
2026-05-23,夜班,ES-02,121.3,64,1829.0
2026-05-23,夜班,ES-03,108.1,95,2768.0
2026-05-23,夜班,ES-04,183.5,91,2575.0
2026-05-23,夜班,ES-05,141.4,113,3600.0
2026-05-23,夜班,ES-06,122.1,100,2808.0
2026-05-23,夜班,ES-07,158.1,102,3362.0
2026-05-23,夜班,ES-08,128.7,89,2715.0
2026-05-24,早班,ES-01,114.1,81,2669.0
2026-05-24,早班,ES-02,120.4,73,2151.0
2026-05-24,早班,ES-04,182.6,83,2725.0
2026-05-24,早班,ES-05,130.0,92,2856.0
2026-05-24,早班,ES-06,117.9,84,2376.0
2026-05-24,早班,ES-07,134.9,99,3104.0
2026-05-24,早班,ES-08,119.0,102,3055.0
2026-05-24,中班,ES-01,119.5,65,1880.0
2026-05-24,中班,ES-02,136.3,100,3260.0
2026-05-24,中班,ES-03,122.7,122,3799.0
2026-05-24,中班,ES-04,181.3,102,3276.0
2026-05-24,中班,ES-05,131.2,79,2381.0
2026-05-24,中班,ES-06,128.3,72,2070.0
2026-05-24,中班,ES-07,140.6,65,2121.0
2026-05-24,中班,ES-08,113.9,101,2950.0
2026-05-24,夜班,ES-02,117.4,86,2836.0
2026-05-24,夜班,ES-05,138.6,96,2757.0
2026-05-24,夜班,ES-06,126.8,100,3039.0
2026-05-24,夜班,ES-07,151.7,93,2713.0
2026-05-24,夜班,ES-08,137.7,87,2784.0
2026-05-25,早班,ES-02,146.4,90,2653.0
2026-05-25,早班,ES-03,110.1,92,2631.0
2026-05-25,早班,ES-04,185.7,88,2698.0
2026-05-25,早班,ES-06,137.9,72,2306.0
2026-05-25,早班,ES-07,137.7,85,2468.0
2026-05-25,中班,ES-01,109.7,69,2054.0
2026-05-25,中班,ES-03,107.8,89,2739.0
2026-05-25,中班,ES-04,186.8,119,3507.0
2026-05-25,中班,ES-05,127.1,109,3087.0
2026-05-25,中班,ES-06,137.8,96,2942.0
2026-05-25,中班,ES-07,132.4,86,2442.0
2026-05-25,中班,ES-08,125.9,80,2517.0
2026-05-25,夜班,ES-02,125.2,133,4009.0
2026-05-25,夜班,ES-03,117.4,116,3328.0
2026-05-25,夜班,ES-07,150.3,103,3208.0
2026-05-25,夜班,ES-08,131.3,98,2875.0
2026-05-26,早班,ES-02,186.9,66,2020.0
2026-05-26,早班,ES-03,106.7,97,3048.0
2026-05-26,早班,ES-04,172.2,77,2461.0
2026-05-26,早班,ES-05,123.9,73,2183.0
2026-05-26,早班,ES-06,123.4,76,2204.0
2026-05-26,早班,ES-07,151.1,99,2914.0
2026-05-26,中班,ES-01,116.3,62,1887.0
2026-05-26,中班,ES-02,121.7,102,3116.0
2026-05-26,中班,ES-04,187.4,111,3459.0
2026-05-26,中班,ES-06,129.7,80,2315.0
2026-05-26,中班,ES-07,132.3,104,2963.0
2026-05-26,夜班,ES-01,120.3,73,2207.0
2026-05-26,夜班,ES-02,111.0,132,4058.0
2026-05-26,夜班,ES-03,119.5,93,2744.0
2026-05-26,夜班,ES-04,177.7,75,2315.0
2026-05-26,夜班,ES-05,118.1,91,2698.0
2026-05-26,夜班,ES-06,133.5,107,3527.0
2026-05-26,夜班,ES-07,137.6,80,2517.0
2026-05-26,夜班,ES-08,139.7,82,2437.0
2026-05-27,早班,ES-01,118.9,100,3111.0
2026-05-27,早班,ES-02,115.9,113,3689.0
2026-05-27,早班,ES-05,127.9,105,3396.0
2026-05-27,早班,ES-06,121.4,102,2857.0
2026-05-27,早班,ES-07,145.4,51,1490.0
2026-05-27,早班,ES-08,121.8,92,2998.0
2026-05-27,中班,ES-01,113.5,79,2313.0
2026-05-27,中班,ES-02,141.6,81,2545.0
2026-05-27,中班,ES-03,119.3,68,1959.0
2026-05-27,中班,ES-05,120.2,72,2148.0
2026-05-27,中班,ES-08,137.4,91,3000.0
2026-05-27,夜班,ES-01,108.6,116,3592.0
2026-05-27,夜班,ES-03,105.7,93,2777.0
2026-05-27,夜班,ES-04,165.9,83,2379.0
2026-05-27,夜班,ES-05,126.0,96,2904.0
2026-05-27,夜班,ES-06,134.4,66,1882.0
2026-05-27,夜班,ES-07,147.4,110,3437.0
2026-05-28,早班,ES-01,128.5,128,3685.0
2026-05-28,早班,ES-02,124.8,82,2466.0
2026-05-28,早班,ES-04,179.0,133,3925.0
2026-05-28,早班,ES-05,119.9,94,3051.0
2026-05-28,早班,ES-06,133.4,101,3238.0
2026-05-28,早班,ES-08,134.8,83,2455.0
2026-05-28,中班,ES-01,126.0,129,4187.0
2026-05-28,中班,ES-02,123.4,79,2605.0
2026-05-28,中班,ES-06,147.0,107,3232.0
2026-05-28,中班,ES-07,144.8,78,2543.0
2026-05-28,中班,ES-08,123.7,76,2165.0
2026-05-28,夜班,ES-03,104.5,99,2883.0
2026-05-28,夜班,ES-04,192.0,75,2380.0
2026-05-28,夜班,ES-05,136.4,103,3082.0
2026-05-28,夜班,ES-06,124.8,96,3154.0
2026-05-28,夜班,ES-07,149.1,77,2389.0
2026-05-29,早班,ES-01,116.9,130,4073.0
2026-05-29,早班,ES-03,120.6,85,2458.0
2026-05-29,早班,ES-04,170.2,89,2586.0
2026-05-29,早班,ES-05,132.2,94,3071.0
2026-05-29,早班,ES-06,132.7,89,2887.0
2026-05-29,早班,ES-07,148.7,108,3529.0
2026-05-29,早班,ES-08,118.6,128,4135.0
2026-05-29,中班,ES-01,110.7,116,3820.0
2026-05-29,中班,ES-02,139.7,111,3503.0
2026-05-29,中班,ES-04,178.4,91,2832.0
2026-05-29,中班,ES-05,117.8,96,3162.0
2026-05-29,中班,ES-06,124.5,83,2476.0
2026-05-29,中班,ES-07,152.7,121,3721.0
2026-05-29,夜班,ES-02,127.0,106,3380.0
2026-05-29,夜班,ES-03,102.8,85,2675.0
2026-05-29,夜班,ES-04,170.3,130,3942.0
2026-05-29,夜班,ES-05,131.7,84,2393.0
2026-05-29,夜班,ES-06,137.6,67,1989.0
2026-05-29,夜班,ES-08,125.5,94,3007.0
2026-05-30,早班,ES-02,121.0,99,3078.0
2026-05-30,早班,ES-03,108.2,76,2437.0
2026-05-30,早班,ES-04,187.9,86,2762.0
2026-05-30,早班,ES-05,141.5,113,3362.0
2026-05-30,早班,ES-06,127.1,98,2984.0
2026-05-30,早班,ES-07,145.4,116,3390.0
2026-05-30,早班,ES-08,121.5,63,1822.0
2026-05-30,中班,ES-01,122.6,60,1751.0
2026-05-30,中班,ES-02,111.5,125,3631.0
2026-05-30,中班,ES-03,109.1,118,3689.0
2026-05-30,中班,ES-04,174.3,124,3705.0
2026-05-30,中班,ES-05,128.5,115,3293.0
2026-05-30,中班,ES-06,135.4,81,2451.0
2026-05-30,中班,ES-07,139.1,81,2621.0
2026-05-30,中班,ES-08,123.4,72,2322.0
2026-05-30,夜班,ES-01,117.0,78,2542.0
2026-05-30,夜班,ES-03,106.9,109,3509.0
2026-05-30,夜班,ES-04,176.0,105,3110.0
2026-05-30,夜班,ES-05,127.5,87,2502.0
2026-05-30,夜班,ES-06,122.8,94,2986.0
2026-05-30,夜班,ES-07,201.0,126,3948.0
2026-05-30,夜班,ES-08,121.2,94,2939.0
2026-05-31,早班,ES-01,127.9,86,2690.0
2026-05-31,早班,ES-02,120.2,125,3976.0
2026-05-31,早班,ES-03,148.8,76,2362.0
2026-05-31,早班,ES-04,179.1,131,4227.0
2026-05-31,早班,ES-05,128.8,101,3190.0
2026-05-31,早班,ES-06,134.4,89,2638.0
2026-05-31,早班,ES-07,153.5,97,2927.0
2026-05-31,早班,ES-08,125.8,92,3005.0
2026-05-31,中班,ES-02,124.2,104,3322.0
2026-05-31,中班,ES-03,121.1,97,3059.0
2026-05-31,中班,ES-05,122.8,96,3061.0
2026-05-31,中班,ES-07,146.5,60,1692.0
2026-05-31,夜班,ES-01,102.1,103,3188.0
2026-05-31,夜班,ES-02,126.2,103,2965.0
2026-05-31,夜班,ES-03,117.6,91,2647.0
2026-05-31,夜班,ES-04,176.6,90,2673.0
2026-05-31,夜班,ES-06,144.8,85,2525.0
2026-05-31,夜班,ES-08,128.6,107,3251.0
2026-06-01,早班,ES-01,124.6,100,2837.0
2026-06-01,早班,ES-02,123.2,101,3092.0
2026-06-01,早班,ES-03,102.7,82,2583.0
2026-06-01,早班,ES-04,171.6,102,3269.0
2026-06-01,早班,ES-06,134.5,79,2359.0
2026-06-01,早班,ES-08,120.6,106,3121.0
2026-06-01,中班,ES-02,116.6,101,3122.0
2026-06-01,中班,ES-03,99.0,121,3772.0
2026-06-01,中班,ES-04,188.6,74,2236.0
2026-06-01,中班,ES-05,115.9,122,3475.0
2026-06-01,中班,ES-07,154.1,115,3521.0
2026-06-01,夜班,ES-01,117.1,108,3273.0
2026-06-01,夜班,ES-03,106.9,117,3675.0
2026-06-01,夜班,ES-04,201.3,88,2888.0
2026-06-01,夜班,ES-05,118.5,102,3045.0
2026-06-01,夜班,ES-06,124.6,90,2814.0
2026-06-01,夜班,ES-08,125.7,92,2903.0
2026-06-02,早班,ES-01,121.4,99,3125.0
2026-06-02,早班,ES-02,132.9,97,3043.0
2026-06-02,早班,ES-04,188.4,118,3489.0
2026-06-02,早班,ES-05,128.1,84,2458.0
2026-06-02,早班,ES-06,128.2,91,2848.0
2026-06-02,早班,ES-07,159.2,68,2050.0
2026-06-02,早班,ES-08,120.7,111,3378.0
2026-06-02,中班,ES-01,117.3,97,2729.0
2026-06-02,中班,ES-03,114.9,87,2511.0
2026-06-02,中班,ES-05,132.1,87,2449.0
2026-06-02,中班,ES-06,127.9,66,1922.0
2026-06-02,中班,ES-07,130.7,101,2896.0
2026-06-02,中班,ES-08,130.8,90,2757.0
2026-06-02,夜班,ES-01,125.0,105,2950.0
2026-06-02,夜班,ES-03,120.0,87,2801.0
2026-06-02,夜班,ES-04,177.2,109,3244.0
2026-06-02,夜班,ES-05,123.2,100,3281.0
2026-06-02,夜班,ES-06,125.7,129,4237.0
2026-06-02,夜班,ES-08,127.0,106,3261.0
2026-06-03,早班,ES-02,126.1,112,3562.0
2026-06-03,早班,ES-03,114.6,103,3004.0
2026-06-03,早班,ES-04,177.3,102,2939.0
2026-06-03,早班,ES-05,119.9,103,2999.0
2026-06-03,早班,ES-07,161.6,81,2646.0
2026-06-03,早班,ES-08,116.5,84,2714.0
2026-06-03,中班,ES-03,105.6,91,2877.0
2026-06-03,中班,ES-04,175.6,111,3287.0
2026-06-03,中班,ES-06,136.2,80,2409.0
2026-06-03,中班,ES-07,159.7,74,2386.0
2026-06-03,夜班,ES-01,113.9,105,3094.0
2026-06-03,夜班,ES-02,125.2,87,2829.0
2026-06-03,夜班,ES-04,170.6,107,3209.0
2026-06-03,夜班,ES-06,134.0,78,2456.0
2026-06-03,夜班,ES-07,154.8,112,3155.0
2026-06-03,夜班,ES-08,127.2,92,2613.0
2026-06-04,早班,ES-01,123.6,63,1862.0
2026-06-04,早班,ES-02,119.8,121,3672.0
2026-06-04,早班,ES-04,179.3,96,3022.0
2026-06-04,早班,ES-05,129.9,112,3259.0
2026-06-04,早班,ES-06,118.2,100,3122.0
2026-06-04,早班,ES-07,155.6,90,2774.0
2026-06-04,早班,ES-08,113.1,78,2226.0
2026-06-04,中班,ES-01,129.9,92,2678.0
2026-06-04,中班,ES-02,119.2,111,3287.0
2026-06-04,中班,ES-03,113.0,76,2418.0
2026-06-04,中班,ES-04,175.0,72,2138.0
2026-06-04,中班,ES-06,114.3,91,2762.0
2026-06-04,中班,ES-08,116.1,106,3449.0
2026-06-04,夜班,ES-01,126.1,80,2517.0
2026-06-04,夜班,ES-03,106.1,93,3017.0
2026-06-04,夜班,ES-05,120.5,119,3395.0
2026-06-04,夜班,ES-06,137.0,90,2632.0
2026-06-05,早班,ES-01,117.3,92,2979.0
2026-06-05,早班,ES-02,129.3,91,2998.0
2026-06-05,早班,ES-04,171.2,82,2375.0
2026-06-05,早班,ES-07,150.4,121,3945.0
2026-06-05,中班,ES-01,120.8,131,3957.0
2026-06-05,中班,ES-02,129.3,102,2991.0
2026-06-05,中班,ES-03,119.0,87,2768.0
2026-06-05,中班,ES-04,173.4,93,2800.0
2026-06-05,中班,ES-07,208.0,107,3490.0
2026-06-05,中班,ES-08,123.7,92,2765.0
2026-06-05,夜班,ES-01,117.9,99,3120.0
2026-06-05,夜班,ES-02,124.6,115,3253.0
2026-06-05,夜班,ES-03,114.0,116,3356.0
2026-06-05,夜班,ES-04,184.5,96,3033.0
2026-06-05,夜班,ES-06,121.5,66,1999.0
2026-06-05,夜班,ES-08,121.3,103,3254.0
2026-06-06,早班,ES-01,123.6,124,3716.0
2026-06-06,早班,ES-02,115.9,86,2801.0
2026-06-06,早班,ES-03,108.0,82,2443.0
2026-06-06,早班,ES-04,232.2,110,3412.0
2026-06-06,早班,ES-05,121.6,85,2797.0
2026-06-06,早班,ES-06,133.2,95,3060.0
2026-06-06,早班,ES-07,139.6,101,3127.0
2026-06-06,早班,ES-08,132.3,78,2220.0
2026-06-06,中班,ES-02,134.6,105,3088.0
2026-06-06,中班,ES-05,111.9,93,2780.0
2026-06-06,中班,ES-06,119.6,74,2285.0
2026-06-06,中班,ES-08,115.5,104,3412.0
2026-06-06,夜班,ES-01,109.5,107,3130.0
2026-06-06,夜班,ES-02,119.4,93,2784.0
2026-06-06,夜班,ES-04,172.5,100,2813.0
2026-06-06,夜班,ES-05,128.5,126,3896.0
2026-06-06,夜班,ES-06,116.2,115,3525.0
2026-06-06,夜班,ES-07,134.8,117,3569.0
2026-06-07,早班,ES-01,116.4,104,2997.0
2026-06-07,早班,ES-02,123.5,72,2208.0
2026-06-07,早班,ES-04,178.9,73,2060.0
2026-06-07,早班,ES-05,136.8,54,1776.0
2026-06-07,早班,ES-07,147.3,101,3326.0
2026-06-07,早班,ES-08,127.8,60,1761.0
2026-06-07,中班,ES-01,123.0,115,3709.0
2026-06-07,中班,ES-02,127.3,67,2084.0
2026-06-07,中班,ES-03,117.1,93,2900.0
2026-06-07,中班,ES-04,194.0,120,3621.0
2026-06-07,中班,ES-05,134.9,106,3285.0
2026-06-07,中班,ES-06,132.0,97,2975.0
2026-06-07,中班,ES-08,110.9,96,3034.0
2026-06-07,夜班,ES-01,115.0,87,2696.0
2026-06-07,夜班,ES-02,137.1,84,2439.0
2026-06-07,夜班,ES-03,115.9,87,2810.0
2026-06-07,夜班,ES-04,186.6,100,2921.0
2026-06-07,夜班,ES-05,131.2,98,3094.0
2026-06-07,夜班,ES-06,135.3,108,3412.0
2026-06-07,夜班,ES-08,136.2,67,2047.0
2026-06-08,早班,ES-01,117.2,106,3366.0
2026-06-08,早班,ES-03,95.3,96,3116.0
2026-06-08,早班,ES-04,183.9,99,2828.0
2026-06-08,早班,ES-05,117.4,89,2832.0
2026-06-08,早班,ES-07,145.3,119,3788.0
2026-06-08,早班,ES-08,117.2,100,3224.0
2026-06-08,中班,ES-02,134.6,106,3299.0
2026-06-08,中班,ES-03,105.3,119,3577.0
2026-06-08,中班,ES-04,170.1,58,1755.0
2026-06-08,中班,ES-05,123.5,112,3523.0
2026-06-08,中班,ES-06,122.8,90,2740.0
2026-06-08,中班,ES-07,149.2,90,2935.0
2026-06-08,中班,ES-08,98.6,106,3405.0
2026-06-08,夜班,ES-01,121.4,104,2919.0
2026-06-08,夜班,ES-02,130.5,92,2799.0
2026-06-08,夜班,ES-03,96.9,89,2676.0
2026-06-08,夜班,ES-05,129.2,118,3753.0
2026-06-08,夜班,ES-07,138.2,98,2981.0
2026-06-08,夜班,ES-08,122.7,55,1591.0
2026-06-09,早班,ES-01,112.5,90,2889.0
2026-06-09,早班,ES-04,252.5,111,3324.0
2026-06-09,早班,ES-06,123.7,88,2622.0
2026-06-09,早班,ES-07,125.5,94,2692.0
2026-06-09,早班,ES-08,119.8,69,2020.0
2026-06-09,中班,ES-01,125.9,75,2258.0
2026-06-09,中班,ES-02,127.5,118,3479.0
2026-06-09,中班,ES-03,105.0,82,2393.0
2026-06-09,中班,ES-04,185.0,110,3465.0
2026-06-09,中班,ES-06,174.5,90,2671.0
2026-06-09,中班,ES-07,141.7,95,3033.0
2026-06-09,中班,ES-08,118.2,86,2415.0
2026-06-09,夜班,ES-01,104.4,72,2231.0
2026-06-09,夜班,ES-03,108.3,108,3142.0
2026-06-09,夜班,ES-04,183.6,87,2689.0
2026-06-09,夜班,ES-05,122.9,97,2995.0
2026-06-09,夜班,ES-06,124.7,105,3338.0
2026-06-09,夜班,ES-07,153.1,115,3686.0
2026-06-09,夜班,ES-08,113.0,93,2805.0
2026-06-10,早班,ES-02,118.9,102,3243.0
2026-06-10,早班,ES-03,104.2,88,2655.0
2026-06-10,早班,ES-04,202.2,96,2838.0
2026-06-10,早班,ES-05,185.5,88,2889.0
2026-06-10,早班,ES-06,103.7,137,4306.0
2026-06-10,早班,ES-08,127.0,86,2492.0
2026-06-10,中班,ES-02,125.5,80,2612.0
2026-06-10,中班,ES-03,113.3,113,3307.0
2026-06-10,中班,ES-05,142.1,82,2555.0
2026-06-10,中班,ES-06,123.5,76,2146.0
2026-06-10,中班,ES-08,120.4,97,3155.0
2026-06-10,夜班,ES-01,110.6,121,3512.0
2026-06-10,夜班,ES-02,132.3,107,3194.0
2026-06-10,夜班,ES-03,112.8,77,2314.0
2026-06-10,夜班,ES-04,181.8,83,2551.0
2026-06-10,夜班,ES-05,186.6,124,3719.0
2026-06-10,夜班,ES-06,122.4,116,3823.0
2026-06-10,夜班,ES-07,146.4,66,1892.0
2026-06-10,夜班,ES-08,120.4,100,2803.0
2026-06-11,早班,ES-01,139.8,72,2366.0
2026-06-11,早班,ES-02,132.5,75,2404.0
2026-06-11,早班,ES-03,122.0,82,2701.0
2026-06-11,早班,ES-04,175.6,60,1826.0
2026-06-11,早班,ES-05,129.5,102,3087.0
2026-06-11,早班,ES-06,122.3,97,3140.0
2026-06-11,早班,ES-07,230.0,70,2033.0
2026-06-11,早班,ES-08,129.6,124,3744.0
2026-06-11,中班,ES-02,113.5,79,2274.0
2026-06-11,中班,ES-03,104.3,67,1992.0
2026-06-11,中班,ES-05,124.3,89,2646.0
2026-06-11,中班,ES-06,121.3,94,2963.0
2026-06-11,中班,ES-07,148.1,103,3218.0
2026-06-11,夜班,ES-01,127.2,103,3273.0
2026-06-11,夜班,ES-02,120.3,85,2658.0
2026-06-11,夜班,ES-04,177.3,112,3271.0
2026-06-11,夜班,ES-05,139.1,111,3124.0
2026-06-11,夜班,ES-06,140.0,77,2470.0
2026-06-11,夜班,ES-07,141.7,126,3683.0
2026-06-11,夜班,ES-08,117.0,114,3665.0
2026-06-12,早班,ES-01,109.7,109,3534.0
2026-06-12,早班,ES-02,123.3,71,2111.0
2026-06-12,早班,ES-03,96.1,63,1867.0
2026-06-12,早班,ES-04,180.9,102,2931.0
2026-06-12,早班,ES-05,130.6,106,3382.0
2026-06-12,早班,ES-07,144.9,100,3052.0
2026-06-12,早班,ES-08,128.0,113,3296.0
2026-06-12,中班,ES-01,114.5,125,3997.0
2026-06-12,中班,ES-02,123.7,121,3869.0
2026-06-12,中班,ES-03,107.0,87,2734.0
2026-06-12,中班,ES-04,178.0,60,1824.0
2026-06-12,中班,ES-05,120.6,88,2824.0
2026-06-12,中班,ES-06,135.7,91,2715.0
2026-06-12,中班,ES-07,155.3,103,3357.0
2026-06-12,中班,ES-08,127.1,69,1937.0
2026-06-12,夜班,ES-01,124.0,112,3386.0
2026-06-12,夜班,ES-02,127.1,91,2913.0
2026-06-12,夜班,ES-03,123.7,106,3110.0
2026-06-12,夜班,ES-04,189.2,86,2459.0
2026-06-12,夜班,ES-05,136.8,123,3529.0
2026-06-12,夜班,ES-06,137.3,105,3357.0
2026-06-12,夜班,ES-08,126.6,121,3472.0
2026-06-13,早班,ES-01,119.5,108,3038.0
2026-06-13,早班,ES-03,111.4,104,3182.0
2026-06-13,早班,ES-05,118.3,94,2661.0
2026-06-13,早班,ES-07,138.1,100,2916.0
2026-06-13,中班,ES-01,114.7,96,3152.0
2026-06-13,中班,ES-02,125.7,105,3449.0
2026-06-13,中班,ES-03,97.9,101,2883.0
2026-06-13,中班,ES-05,131.4,76,2452.0
2026-06-13,中班,ES-06,128.7,95,2895.0
2026-06-13,中班,ES-07,162.1,69,2263.0
2026-06-13,中班,ES-08,120.3,108,3066.0
2026-06-13,夜班,ES-01,105.8,87,2614.0
2026-06-13,夜班,ES-02,126.8,108,3511.0
2026-06-13,夜班,ES-03,109.2,69,1992.0
2026-06-13,夜班,ES-06,130.3,69,2054.0
2026-06-13,夜班,ES-08,116.1,119,3378.0
2026-06-14,早班,ES-02,130.6,69,2198.0
2026-06-14,早班,ES-03,119.7,57,1703.0
2026-06-14,早班,ES-04,191.3,110,3439.0
2026-06-14,早班,ES-05,124.4,102,3200.0
2026-06-14,早班,ES-06,127.0,56,1786.0
2026-06-14,早班,ES-08,126.6,79,2473.0
2026-06-14,中班,ES-01,108.8,73,2179.0
2026-06-14,中班,ES-04,182.2,109,3364.0
2026-06-14,中班,ES-05,117.9,112,3313.0
2026-06-14,中班,ES-07,141.2,59,1746.0
2026-06-14,中班,ES-08,142.0,96,2950.0
2026-06-14,夜班,ES-01,113.6,108,3488.0
2026-06-14,夜班,ES-02,127.6,90,2764.0
2026-06-14,夜班,ES-03,113.5,69,1983.0
2026-06-14,夜班,ES-05,129.8,106,3110.0
2026-06-14,夜班,ES-06,135.2,109,3459.0
2026-06-14,夜班,ES-07,154.6,97,2880.0
2026-06-15,早班,ES-01,119.2,77,2529.0
2026-06-15,早班,ES-02,115.7,100,3247.0
2026-06-15,早班,ES-03,104.6,93,2878.0
2026-06-15,早班,ES-04,181.4,88,2696.0
2026-06-15,早班,ES-05,135.6,85,2738.0
2026-06-15,早班,ES-06,122.0,104,3242.0
2026-06-15,早班,ES-08,123.5,89,2892.0
2026-06-15,中班,ES-01,115.0,61,1843.0
2026-06-15,中班,ES-02,137.9,76,2246.0
2026-06-15,中班,ES-04,175.3,94,3045.0
2026-06-15,中班,ES-05,120.8,75,2332.0
2026-06-15,中班,ES-06,122.0,97,3198.0
2026-06-15,中班,ES-07,141.3,96,3140.0
2026-06-15,中班,ES-08,127.0,128,3829.0
2026-06-15,夜班,ES-03,126.8,87,2840.0
2026-06-15,夜班,ES-04,158.7,112,3277.0
2026-06-15,夜班,ES-05,133.9,97,3152.0
2026-06-15,夜班,ES-07,145.2,89,2749.0
2026-06-15,夜班,ES-08,125.2,107,3245.0
2026-06-16,早班,ES-02,128.4,112,3550.0
2026-06-16,早班,ES-03,102.0,60,1845.0
2026-06-16,早班,ES-04,175.0,106,3255.0
2026-06-16,早班,ES-05,118.0,97,2991.0
2026-06-16,早班,ES-06,178.0,103,3329.0
2026-06-16,早班,ES-07,146.2,86,2470.0
2026-06-16,早班,ES-08,124.0,111,3583.0
2026-06-16,中班,ES-01,121.8,92,2641.0
2026-06-16,中班,ES-03,102.8,104,2940.0
2026-06-16,中班,ES-04,176.7,100,3032.0
2026-06-16,中班,ES-05,127.8,82,2685.0
2026-06-16,中班,ES-06,121.2,87,2780.0
2026-06-16,中班,ES-07,147.6,77,2439.0
2026-06-16,中班,ES-08,119.5,92,2599.0
2026-06-16,夜班,ES-02,123.0,122,3925.0
2026-06-16,夜班,ES-04,173.7,101,2940.0
2026-06-16,夜班,ES-05,141.0,79,2250.0
2026-06-16,夜班,ES-07,150.7,101,3029.0
2026-06-16,夜班,ES-08,112.8,80,2551.0
2026-06-17,早班,ES-01,191.9,88,2753.0
2026-06-17,早班,ES-02,130.3,85,2717.0
2026-06-17,早班,ES-03,113.6,117,3831.0
2026-06-17,早班,ES-04,162.9,70,2025.0
2026-06-17,早班,ES-05,121.4,105,2958.0
2026-06-17,早班,ES-06,138.2,67,1884.0
2026-06-17,早班,ES-07,154.9,81,2349.0
2026-06-17,早班,ES-08,124.8,65,1906.0
2026-06-17,中班,ES-03,109.9,92,2815.0
2026-06-17,中班,ES-04,179.6,108,3482.0
2026-06-17,中班,ES-05,122.4,94,2904.0
2026-06-17,中班,ES-06,126.5,120,3887.0
2026-06-17,中班,ES-07,143.6,86,2587.0
2026-06-17,中班,ES-08,134.6,104,2975.0
2026-06-17,夜班,ES-02,127.0,91,2706.0
2026-06-17,夜班,ES-03,120.6,86,2590.0
2026-06-17,夜班,ES-04,169.3,98,2857.0
2026-06-17,夜班,ES-06,131.9,95,2820.0
2026-06-17,夜班,ES-07,145.6,86,2768.0
2026-06-18,早班,ES-02,116.4,116,3779.0
2026-06-18,早班,ES-05,124.7,67,1908.0
2026-06-18,早班,ES-06,164.5,81,2529.0
2026-06-18,早班,ES-08,108.4,79,2354.0
2026-06-18,中班,ES-01,121.8,118,3426.0
2026-06-18,中班,ES-03,150.8,76,2458.0
2026-06-18,中班,ES-04,171.7,97,2734.0
2026-06-18,中班,ES-05,115.3,79,2401.0
2026-06-18,中班,ES-06,143.9,80,2390.0
2026-06-18,中班,ES-07,153.1,73,2370.0
2026-06-18,中班,ES-08,120.6,68,2056.0
2026-06-18,夜班,ES-01,109.8,95,2664.0
2026-06-18,夜班,ES-02,142.5,75,2361.0
2026-06-18,夜班,ES-03,116.3,106,3357.0
2026-06-18,夜班,ES-04,183.1,110,3168.0
2026-06-18,夜班,ES-05,125.1,104,3022.0
2026-06-18,夜班,ES-06,141.2,75,2262.0
2026-06-18,夜班,ES-08,125.7,66,1884.0
2026-06-19,早班,ES-01,117.3,96,2941.0
2026-06-19,早班,ES-02,125.1,93,2898.0
2026-06-19,早班,ES-03,112.8,85,2674.0
2026-06-19,早班,ES-04,178.5,94,2864.0
2026-06-19,早班,ES-05,136.8,78,2263.0
2026-06-19,早班,ES-06,130.9,85,2646.0
2026-06-19,早班,ES-07,144.8,107,3023.0
2026-06-19,早班,ES-08,110.6,96,2832.0
2026-06-19,中班,ES-01,114.4,46,1507.0
2026-06-19,中班,ES-02,118.7,78,2241.0
2026-06-19,中班,ES-06,116.5,74,2085.0
2026-06-19,中班,ES-08,116.5,91,2994.0
2026-06-19,夜班,ES-01,113.6,84,2397.0
2026-06-19,夜班,ES-02,125.7,83,2324.0
2026-06-19,夜班,ES-04,173.8,107,3083.0
2026-06-19,夜班,ES-06,173.1,121,3725.0
2026-06-19,夜班,ES-07,167.3,78,2189.0
2026-06-19,夜班,ES-08,132.1,86,2538.0
2026-06-20,早班,ES-01,120.7,72,2166.0
2026-06-20,早班,ES-02,123.1,87,2534.0
2026-06-20,早班,ES-03,100.4,91,2748.0
2026-06-20,早班,ES-04,175.6,95,2977.0
2026-06-20,早班,ES-06,125.9,88,2798.0
2026-06-20,早班,ES-07,157.2,69,1947.0
2026-06-20,早班,ES-08,127.4,98,2996.0
2026-06-20,中班,ES-01,111.7,80,2469.0
2026-06-20,中班,ES-03,116.2,69,1976.0
2026-06-20,中班,ES-04,174.0,109,3527.0
2026-06-20,中班,ES-05,123.4,71,2112.0
2026-06-20,中班,ES-06,130.1,84,2754.0
2026-06-20,中班,ES-07,161.4,108,3557.0
2026-06-20,中班,ES-08,129.4,105,3148.0
2026-06-20,夜班,ES-02,127.4,74,2370.0
2026-06-20,夜班,ES-03,104.3,88,2799.0
2026-06-20,夜班,ES-04,179.1,101,2846.0
2026-06-20,夜班,ES-07,152.1,134,4335.0
2026-06-20,夜班,ES-08,131.9,101,3004.0
2026-06-21,早班,ES-01,105.5,95,2812.0
2026-06-21,早班,ES-02,174.7,78,2513.0
2026-06-21,早班,ES-03,97.5,76,2170.0
2026-06-21,早班,ES-04,174.2,70,2205.0
2026-06-21,早班,ES-05,130.1,99,2983.0
2026-06-21,早班,ES-06,124.0,105,3339.0
2026-06-21,早班,ES-07,154.8,104,3213.0
2026-06-21,中班,ES-02,133.8,83,2654.0
2026-06-21,中班,ES-03,107.7,119,3593.0
2026-06-21,中班,ES-04,170.6,99,2945.0
2026-06-21,中班,ES-05,121.0,85,2664.0
2026-06-21,中班,ES-06,134.2,88,2800.0
2026-06-21,夜班,ES-02,128.8,97,2847.0
2026-06-21,夜班,ES-03,119.5,97,2794.0
2026-06-21,夜班,ES-04,189.2,105,3048.0
2026-06-21,夜班,ES-05,127.3,102,2947.0
2026-06-21,夜班,ES-06,124.3,118,3354.0
2026-06-21,夜班,ES-07,159.9,43,1283.0
2026-06-21,夜班,ES-08,129.4,92,2860.0
2026-06-22,早班,ES-01,116.7,104,3164.0
2026-06-22,早班,ES-02,124.1,79,2266.0
2026-06-22,早班,ES-03,103.9,88,2497.0
2026-06-22,早班,ES-04,174.8,85,2739.0
2026-06-22,早班,ES-05,116.5,98,2757.0
2026-06-22,早班,ES-06,124.3,104,3116.0
2026-06-22,早班,ES-07,141.7,53,1622.0
2026-06-22,中班,ES-01,123.0,93,2720.0
2026-06-22,中班,ES-02,121.1,115,3764.0
2026-06-22,中班,ES-03,111.3,106,3421.0
2026-06-22,中班,ES-04,177.3,101,3071.0
2026-06-22,中班,ES-05,133.3,93,2736.0
2026-06-22,中班,ES-06,117.7,84,2370.0
2026-06-22,中班,ES-07,154.8,74,2430.0
2026-06-22,夜班,ES-01,124.9,101,3010.0
2026-06-22,夜班,ES-02,178.9,88,2753.0
2026-06-22,夜班,ES-04,183.1,97,3042.0
2026-06-22,夜班,ES-06,129.3,69,2201.0
2026-06-22,夜班,ES-08,120.8,127,4069.0
2026-06-23,早班,ES-01,115.6,66,2178.0
2026-06-23,早班,ES-02,121.2,97,3194.0
2026-06-23,早班,ES-05,129.2,110,3423.0
2026-06-23,早班,ES-06,125.2,98,3096.0
2026-06-23,早班,ES-07,152.4,120,3380.0
2026-06-23,早班,ES-08,129.4,92,2958.0
2026-06-23,中班,ES-01,114.7,102,3328.0
2026-06-23,中班,ES-03,106.4,57,1717.0
2026-06-23,中班,ES-04,176.4,66,1994.0
2026-06-23,中班,ES-05,160.3,86,2748.0
2026-06-23,中班,ES-06,126.9,105,3283.0
2026-06-23,中班,ES-07,153.3,82,2431.0
2026-06-23,夜班,ES-01,115.3,97,2990.0
2026-06-23,夜班,ES-03,109.5,95,3120.0
2026-06-23,夜班,ES-07,129.5,88,2814.0
2026-06-23,夜班,ES-08,112.4,105,3095.0
2026-06-24,早班,ES-02,128.8,100,2969.0
2026-06-24,早班,ES-03,106.4,97,2913.0
2026-06-24,早班,ES-05,128.2,74,2255.0
2026-06-24,早班,ES-06,123.7,67,1967.0
2026-06-24,早班,ES-07,142.1,62,1936.0
2026-06-24,早班,ES-08,123.3,98,2786.0
2026-06-24,中班,ES-01,122.1,79,2450.0
2026-06-24,中班,ES-02,129.4,70,2240.0
2026-06-24,中班,ES-03,110.8,70,2145.0
2026-06-24,中班,ES-04,182.3,76,2443.0
2026-06-24,中班,ES-05,125.4,68,2069.0
2026-06-24,中班,ES-06,137.8,64,1801.0
2026-06-24,中班,ES-07,143.8,107,3382.0
2026-06-24,中班,ES-08,130.6,117,3813.0
2026-06-24,夜班,ES-01,123.0,78,2540.0
2026-06-24,夜班,ES-04,158.5,87,2612.0
2026-06-24,夜班,ES-05,131.6,108,3130.0
2026-06-24,夜班,ES-06,120.6,89,2677.0
2026-06-24,夜班,ES-07,152.5,95,2683.0
2026-06-24,夜班,ES-08,126.7,79,2494.0
2026-06-25,早班,ES-02,134.4,87,2472.0
2026-06-25,早班,ES-03,115.7,66,1876.0
2026-06-25,早班,ES-04,175.5,115,3449.0
2026-06-25,早班,ES-05,115.0,85,2399.0
2026-06-25,早班,ES-06,125.9,110,3414.0
2026-06-25,中班,ES-01,118.7,111,3506.0
2026-06-25,中班,ES-03,107.5,76,2234.0
2026-06-25,中班,ES-04,166.3,75,2203.0
2026-06-25,中班,ES-05,134.0,102,3350.0
2026-06-25,中班,ES-06,131.3,108,3120.0
2026-06-25,夜班,ES-01,110.3,84,2471.0
2026-06-25,夜班,ES-03,109.2,97,2820.0
2026-06-25,夜班,ES-04,170.3,63,1771.0
2026-06-25,夜班,ES-05,115.7,78,2227.0
2026-06-25,夜班,ES-06,136.0,110,3588.0
2026-06-25,夜班,ES-07,150.2,86,2748.0
2026-06-26,早班,ES-01,112.3,68,2001.0
2026-06-26,早班,ES-02,153.8,108,3183.0
2026-06-26,早班,ES-04,181.7,115,3357.0
2026-06-26,早班,ES-07,145.9,75,2447.0
2026-06-26,中班,ES-01,118.1,108,3389.0
2026-06-26,中班,ES-02,135.2,71,2084.0
2026-06-26,中班,ES-03,105.0,129,3978.0
2026-06-26,中班,ES-04,161.8,71,2099.0
2026-06-26,中班,ES-05,123.1,74,2217.0
2026-06-26,中班,ES-06,123.3,80,2581.0
2026-06-26,中班,ES-07,140.0,79,2501.0
2026-06-26,中班,ES-08,113.1,92,2945.0
2026-06-26,夜班,ES-01,122.4,114,3581.0
2026-06-26,夜班,ES-03,112.6,74,2142.0
2026-06-26,夜班,ES-04,183.7,87,2479.0
2026-06-26,夜班,ES-05,131.4,85,2399.0
2026-06-26,夜班,ES-06,125.8,83,2378.0
2026-06-26,夜班,ES-07,137.7,97,2951.0
2026-06-26,夜班,ES-08,114.4,65,2095.0
2026-06-27,早班,ES-01,126.8,96,3056.0
2026-06-27,早班,ES-02,110.9,118,3632.0
2026-06-27,早班,ES-03,112.8,73,2388.0
2026-06-27,早班,ES-04,162.4,83,2416.0
2026-06-27,早班,ES-05,129.9,97,3131.0
2026-06-27,早班,ES-07,144.8,95,3082.0
2026-06-27,早班,ES-08,112.4,86,2809.0
2026-06-27,中班,ES-02,127.1,79,2361.0
2026-06-27,中班,ES-03,104.9,104,3393.0
2026-06-27,中班,ES-05,131.2,64,1905.0
2026-06-27,中班,ES-07,144.1,91,2623.0
2026-06-27,中班,ES-08,133.6,59,1774.0
2026-06-27,夜班,ES-01,115.6,103,3197.0
2026-06-27,夜班,ES-02,126.2,107,3116.0
2026-06-27,夜班,ES-04,187.9,109,3461.0
2026-06-27,夜班,ES-05,144.1,77,2403.0
2026-06-27,夜班,ES-06,135.4,67,2185.0
2026-06-27,夜班,ES-08,130.5,77,2304.0
2026-06-28,早班,ES-01,114.6,110,3588.0
2026-06-28,早班,ES-03,167.6,136,3905.0
2026-06-28,早班,ES-04,176.3,102,3345.0
2026-06-28,早班,ES-05,108.5,90,2545.0
2026-06-28,早班,ES-06,124.8,99,3026.0
2026-06-28,早班,ES-07,135.7,99,2800.0
2026-06-28,早班,ES-08,128.3,88,2624.0
2026-06-28,中班,ES-01,119.8,90,2913.0
2026-06-28,中班,ES-02,111.3,109,3523.0
2026-06-28,中班,ES-04,184.8,128,4193.0
2026-06-28,中班,ES-05,124.4,66,2031.0
2026-06-28,中班,ES-06,120.7,91,2696.0
2026-06-28,中班,ES-07,146.2,106,3490.0
2026-06-28,夜班,ES-01,121.0,96,3109.0
2026-06-28,夜班,ES-02,206.3,87,2841.0
2026-06-28,夜班,ES-04,184.2,137,4172.0
2026-06-28,夜班,ES-05,118.2,84,2663.0
2026-06-28,夜班,ES-07,148.5,86,2826.0
2026-06-28,夜班,ES-08,111.5,108,3475.0
2026-06-29,早班,ES-02,134.6,94,2908.0
2026-06-29,早班,ES-03,107.1,82,2479.0
2026-06-29,早班,ES-04,170.2,97,3141.0
2026-06-29,早班,ES-05,134.3,90,2557.0
2026-06-29,早班,ES-06,124.2,107,3438.0
2026-06-29,中班,ES-01,129.1,103,2909.0
2026-06-29,中班,ES-02,136.8,77,2285.0
2026-06-29,中班,ES-03,108.3,82,2669.0
2026-06-29,中班,ES-04,168.5,113,3455.0
2026-06-29,中班,ES-06,140.9,107,3350.0
2026-06-29,中班,ES-08,129.0,85,2416.0
2026-06-29,夜班,ES-02,139.2,98,2752.0
2026-06-29,夜班,ES-03,117.4,71,2145.0
2026-06-29,夜班,ES-04,166.5,67,1923.0
2026-06-29,夜班,ES-05,136.3,73,2059.0
2026-06-29,夜班,ES-07,152.5,92,2728.0
2026-06-29,夜班,ES-08,122.1,100,3002.0
2026-06-30,早班,ES-01,109.6,129,4019.0
2026-06-30,早班,ES-02,137.5,82,2466.0
2026-06-30,早班,ES-03,109.3,118,3467.0
2026-06-30,早班,ES-04,165.5,86,2828.0
2026-06-30,早班,ES-05,128.3,116,3534.0
2026-06-30,早班,ES-06,139.8,111,3435.0
2026-06-30,早班,ES-08,126.3,76,2465.0
2026-06-30,中班,ES-01,134.0,94,2701.0
2026-06-30,中班,ES-02,119.9,93,2753.0
2026-06-30,中班,ES-03,109.4,130,4021.0
2026-06-30,中班,ES-04,162.5,130,3898.0
2026-06-30,中班,ES-05,130.0,98,2828.0
2026-06-30,中班,ES-06,129.7,83,2517.0
2026-06-30,中班,ES-07,143.6,132,4247.0
2026-06-30,中班,ES-08,125.4,78,2508.0
2026-06-30,夜班,ES-02,122.4,116,3593.0
2026-06-30,夜班,ES-03,111.4,100,2885.0
2026-06-30,夜班,ES-07,145.0,100,2960.0
2026-06-30,夜班,ES-08,190.4,120,3644.0
2026-07-01,早班,ES-01,128.5,73,2366.0
2026-07-01,早班,ES-02,127.3,76,2166.0
2026-07-01,早班,ES-03,108.4,92,3004.0
2026-07-01,早班,ES-05,129.5,64,1954.0
2026-07-01,早班,ES-06,123.5,99,3152.0
2026-07-01,早班,ES-07,166.8,82,2638.0
2026-07-01,早班,ES-08,121.5,105,3211.0
2026-07-01,中班,ES-01,124.0,78,2535.0
2026-07-01,中班,ES-03,168.4,116,3320.0
2026-07-01,中班,ES-04,174.7,99,3249.0
2026-07-01,中班,ES-05,137.0,114,3504.0
2026-07-01,中班,ES-07,154.8,100,3104.0
2026-07-01,中班,ES-08,113.8,134,4031.0
2026-07-01,夜班,ES-01,137.4,85,2787.0
2026-07-01,夜班,ES-02,130.4,117,3653.0
2026-07-01,夜班,ES-03,113.5,104,3257.0
2026-07-01,夜班,ES-04,237.8,74,2238.0
2026-07-01,夜班,ES-06,130.5,90,2523.0
2026-07-01,夜班,ES-07,152.4,108,3431.0
2026-07-02,早班,ES-01,116.3,92,2880.0
2026-07-02,早班,ES-02,121.8,104,3321.0
2026-07-02,早班,ES-03,111.6,95,2794.0
2026-07-02,早班,ES-05,134.2,134,3988.0
2026-07-02,早班,ES-06,129.1,75,2344.0
2026-07-02,早班,ES-07,146.1,75,2368.0
2026-07-02,中班,ES-01,117.1,101,3155.0
2026-07-02,中班,ES-04,182.8,114,3521.0
2026-07-02,中班,ES-05,143.6,76,2248.0
2026-07-02,中班,ES-07,143.0,97,3157.0
2026-07-02,夜班,ES-01,118.1,103,3293.0
2026-07-02,夜班,ES-03,120.8,106,3402.0
2026-07-02,夜班,ES-04,223.6,78,2350.0
2026-07-02,夜班,ES-05,140.6,95,2828.0
2026-07-02,夜班,ES-06,139.7,100,2960.0
2026-07-02,夜班,ES-07,147.2,88,2594.0
2026-07-02,夜班,ES-08,127.5,79,2391.0
2026-07-03,早班,ES-01,127.6,99,2829.0
2026-07-03,早班,ES-02,127.2,94,2927.0
2026-07-03,早班,ES-03,125.0,82,2312.0
2026-07-03,早班,ES-04,167.6,111,3226.0
2026-07-03,早班,ES-05,136.0,98,3162.0
2026-07-03,早班,ES-06,126.0,92,2799.0
2026-07-03,早班,ES-07,167.9,99,2833.0
2026-07-03,早班,ES-08,114.7,117,3753.0
2026-07-03,中班,ES-01,115.5,94,2921.0
2026-07-03,中班,ES-02,113.8,74,2155.0
2026-07-03,中班,ES-03,110.1,108,3254.0
2026-07-03,中班,ES-04,175.7,82,2557.0
2026-07-03,中班,ES-05,124.6,91,2672.0
2026-07-03,中班,ES-06,131.0,34,956.0
2026-07-03,中班,ES-07,161.7,95,2894.0
2026-07-03,夜班,ES-01,110.1,110,3335.0
2026-07-03,夜班,ES-02,117.6,90,2821.0
2026-07-03,夜班,ES-03,98.7,76,2405.0
2026-07-03,夜班,ES-04,176.7,92,2904.0
2026-07-03,夜班,ES-05,135.5,97,2869.0
2026-07-03,夜班,ES-06,122.3,84,2492.0
2026-07-03,夜班,ES-08,130.6,59,1673.0
2026-07-04,早班,ES-01,113.6,121,3431.0
2026-07-04,早班,ES-02,124.3,118,3646.0
2026-07-04,早班,ES-05,134.5,81,2417.0
2026-07-04,早班,ES-06,130.3,86,2682.0
2026-07-04,早班,ES-07,155.4,95,3030.0
2026-07-04,中班,ES-01,113.8,87,2790.0
2026-07-04,中班,ES-02,126.1,103,3288.0
2026-07-04,中班,ES-03,146.7,89,2811.0
2026-07-04,中班,ES-04,200.5,129,3715.0
2026-07-04,中班,ES-05,127.1,90,2714.0
2026-07-04,中班,ES-06,123.8,67,2022.0
2026-07-04,中班,ES-07,159.5,131,4007.0
2026-07-04,夜班,ES-02,113.5,92,2877.0
2026-07-04,夜班,ES-03,103.5,104,3072.0
2026-07-04,夜班,ES-04,163.9,92,2674.0
2026-07-04,夜班,ES-05,104.6,111,3254.0
2026-07-04,夜班,ES-06,136.2,85,2563.0
2026-07-04,夜班,ES-07,131.7,89,2910.0
2026-07-04,夜班,ES-08,123.1,105,3271.0
2026-07-05,早班,ES-01,127.5,104,3428.0
2026-07-05,早班,ES-03,109.4,114,3728.0
2026-07-05,早班,ES-04,170.9,72,2104.0
2026-07-05,早班,ES-05,122.9,108,3293.0
2026-07-05,早班,ES-06,122.9,107,3481.0
2026-07-05,早班,ES-07,141.5,90,2723.0
2026-07-05,早班,ES-08,126.7,100,3143.0
2026-07-05,中班,ES-01,136.4,76,2217.0
2026-07-05,中班,ES-02,118.6,109,3070.0
2026-07-05,中班,ES-04,179.5,105,3421.0
2026-07-05,中班,ES-05,111.4,104,3384.0
2026-07-05,中班,ES-06,134.0,99,2838.0
2026-07-05,中班,ES-07,152.6,134,4403.0
2026-07-05,中班,ES-08,108.6,133,4319.0
2026-07-05,夜班,ES-01,117.3,86,2723.0
2026-07-05,夜班,ES-02,126.7,106,3142.0
2026-07-05,夜班,ES-03,119.0,101,3272.0
2026-07-05,夜班,ES-04,184.2,143,4053.0
2026-07-05,夜班,ES-05,126.7,113,3340.0
2026-07-05,夜班,ES-06,122.8,105,3212.0
2026-07-05,夜班,ES-07,142.0,114,3265.0
2026-07-06,早班,ES-01,110.2,106,3230.0
2026-07-06,早班,ES-02,119.6,97,3095.0
2026-07-06,早班,ES-03,117.0,89,2710.0
2026-07-06,早班,ES-04,186.4,66,1865.0
2026-07-06,早班,ES-06,182.2,74,2318.0
2026-07-06,早班,ES-07,139.7,75,2449.0
2026-07-06,早班,ES-08,125.2,76,2409.0
2026-07-06,中班,ES-01,111.7,80,2578.0
2026-07-06,中班,ES-02,117.5,115,3281.0
2026-07-06,中班,ES-04,185.4,99,2792.0
2026-07-06,中班,ES-05,135.4,81,2511.0
2026-07-06,中班,ES-07,146.6,69,2135.0
2026-07-06,夜班,ES-01,124.4,76,2375.0
2026-07-06,夜班,ES-03,196.0,99,3104.0
2026-07-06,夜班,ES-04,181.1,99,3214.0
2026-07-06,夜班,ES-06,136.6,74,2172.0
2026-07-06,夜班,ES-07,149.9,101,3190.0
2026-07-06,夜班,ES-08,122.5,77,2482.0
2026-07-07,早班,ES-02,128.7,107,3440.0
2026-07-07,早班,ES-03,127.2,121,3417.0
2026-07-07,早班,ES-04,196.4,71,2214.0
2026-07-07,早班,ES-05,132.8,82,2623.0
2026-07-07,早班,ES-06,132.9,80,2260.0
2026-07-07,早班,ES-07,151.4,98,2851.0
2026-07-07,中班,ES-01,135.8,118,3790.0
2026-07-07,中班,ES-02,127.3,89,2872.0
2026-07-07,中班,ES-04,170.5,97,2771.0
2026-07-07,中班,ES-05,119.8,102,3276.0
2026-07-07,中班,ES-06,198.6,98,2854.0
2026-07-07,中班,ES-07,143.0,118,3535.0
2026-07-07,夜班,ES-01,120.6,84,2737.0
2026-07-07,夜班,ES-02,124.6,81,2434.0
2026-07-07,夜班,ES-05,166.6,90,2615.0
2026-07-07,夜班,ES-06,123.4,74,2376.0
2026-07-07,夜班,ES-07,147.4,94,2761.0
2026-07-07,夜班,ES-08,111.6,99,2868.0
2026-07-08,早班,ES-01,125.9,109,3087.0
2026-07-08,早班,ES-02,131.5,88,2794.0
2026-07-08,早班,ES-03,101.8,89,2833.0
2026-07-08,早班,ES-06,135.0,96,2859.0
2026-07-08,早班,ES-07,147.7,95,2738.0
2026-07-08,早班,ES-08,131.8,91,2843.0
2026-07-08,中班,ES-02,131.3,75,2431.0
2026-07-08,中班,ES-03,104.7,69,1944.0
2026-07-08,中班,ES-05,114.7,104,3432.0
2026-07-08,中班,ES-06,124.9,108,3201.0
2026-07-08,夜班,ES-01,114.0,70,2093.0
2026-07-08,夜班,ES-03,135.1,76,2382.0
2026-07-08,夜班,ES-04,241.6,126,3554.0
2026-07-08,夜班,ES-05,131.5,112,3390.0
2026-07-08,夜班,ES-06,120.4,103,3165.0
2026-07-08,夜班,ES-07,159.2,120,3803.0
2026-07-08,夜班,ES-08,109.4,86,2424.0
2026-07-09,早班,ES-01,111.7,109,3337.0
2026-07-09,早班,ES-03,113.7,104,3395.0
2026-07-09,早班,ES-04,192.3,96,3007.0
2026-07-09,早班,ES-05,143.7,77,2172.0
2026-07-09,中班,ES-04,182.2,88,2665.0
2026-07-09,中班,ES-05,136.3,87,2751.0
2026-07-09,中班,ES-07,158.0,119,3702.0
2026-07-09,中班,ES-08,130.1,109,3547.0
2026-07-09,夜班,ES-01,128.4,75,2407.0
2026-07-09,夜班,ES-02,122.8,88,2642.0
2026-07-09,夜班,ES-05,131.1,91,2985.0
2026-07-09,夜班,ES-06,126.6,79,2466.0
2026-07-09,夜班,ES-07,141.7,80,2487.0
2026-07-09,夜班,ES-08,112.5,114,3447.0
2026-07-10,早班,ES-01,124.1,76,2234.0
2026-07-10,早班,ES-02,134.0,89,2860.0
2026-07-10,早班,ES-03,106.0,93,2904.0
2026-07-10,早班,ES-04,230.8,88,2552.0
2026-07-10,早班,ES-05,134.0,78,2522.0
2026-07-10,早班,ES-06,123.1,107,3160.0
2026-07-10,早班,ES-07,158.7,74,2085.0
2026-07-10,中班,ES-01,118.6,76,2137.0
2026-07-10,中班,ES-03,182.0,107,3429.0
2026-07-10,中班,ES-04,179.6,103,3060.0
2026-07-10,中班,ES-05,111.2,85,2451.0
2026-07-10,中班,ES-07,155.2,102,3110.0
2026-07-10,中班,ES-08,134.4,93,2647.0
2026-07-10,夜班,ES-01,110.4,103,3293.0
2026-07-10,夜班,ES-02,142.1,102,3073.0
2026-07-10,夜班,ES-03,109.7,91,2751.0
2026-07-10,夜班,ES-05,127.9,81,2427.0
2026-07-10,夜班,ES-06,125.2,98,2770.0
2026-07-10,夜班,ES-07,149.4,66,2173.0
2026-07-10,夜班,ES-08,127.2,111,3636.0
2026-07-11,早班,ES-01,116.2,83,2525.0
2026-07-11,早班,ES-02,124.5,79,2405.0
2026-07-11,早班,ES-03,114.2,54,1598.0
2026-07-11,早班,ES-05,127.6,95,2917.0
2026-07-11,早班,ES-06,140.2,102,2907.0
2026-07-11,早班,ES-07,146.5,91,2668.0
2026-07-11,早班,ES-08,121.9,76,2318.0
2026-07-11,中班,ES-01,109.2,69,2212.0
2026-07-11,中班,ES-02,124.4,70,2185.0
2026-07-11,中班,ES-03,111.4,118,3869.0
2026-07-11,中班,ES-06,115.3,78,2277.0
2026-07-11,中班,ES-07,139.2,83,2577.0
2026-07-11,夜班,ES-02,129.1,75,2435.0
2026-07-11,夜班,ES-06,133.9,85,2449.0
2026-07-11,夜班,ES-07,157.2,93,2959.0
2026-07-11,夜班,ES-08,130.1,127,4036.0
2026-07-12,早班,ES-02,120.9,116,3795.0
2026-07-12,早班,ES-03,99.1,84,2557.0
2026-07-12,早班,ES-04,179.2,98,2788.0
2026-07-12,早班,ES-05,136.2,102,3016.0
2026-07-12,早班,ES-06,131.3,87,2795.0
2026-07-12,早班,ES-07,140.6,119,3926.0
2026-07-12,早班,ES-08,117.8,72,2342.0
2026-07-12,中班,ES-02,114.3,115,3596.0
2026-07-12,中班,ES-03,110.6,95,2883.0
2026-07-12,中班,ES-04,161.0,102,2880.0
2026-07-12,中班,ES-05,126.9,101,3080.0
2026-07-12,中班,ES-06,117.4,78,2262.0
2026-07-12,中班,ES-07,146.1,70,2203.0
2026-07-12,中班,ES-08,119.8,106,3456.0
2026-07-12,夜班,ES-01,128.5,77,2390.0
2026-07-12,夜班,ES-02,121.0,128,4192.0
2026-07-12,夜班,ES-03,111.4,101,3014.0
2026-07-12,夜班,ES-04,178.7,68,2229.0
2026-07-12,夜班,ES-05,131.9,83,2573.0
2026-07-12,夜班,ES-06,124.0,87,2499.0
2026-07-12,夜班,ES-07,152.0,128,4160.0
2026-07-12,夜班,ES-08,132.5,120,3521.0
2026-07-13,早班,ES-01,124.5,110,3305.0
2026-07-13,早班,ES-02,122.5,104,2940.0
2026-07-13,早班,ES-03,98.4,72,2285.0
2026-07-13,早班,ES-05,130.8,83,2651.0
2026-07-13,早班,ES-06,137.7,113,3266.0
2026-07-13,早班,ES-07,215.0,104,2952.0
2026-07-13,早班,ES-08,108.8,138,4298.0
2026-07-13,中班,ES-01,123.4,105,2995.0
2026-07-13,中班,ES-02,132.1,102,2975.0
2026-07-13,中班,ES-03,123.8,130,3665.0
2026-07-13,中班,ES-04,187.0,75,2123.0
2026-07-13,中班,ES-06,114.3,89,2694.0
2026-07-13,中班,ES-07,151.8,68,1981.0
2026-07-13,中班,ES-08,186.8,104,2970.0
2026-07-13,夜班,ES-01,112.3,93,2910.0
2026-07-13,夜班,ES-02,126.4,83,2387.0
2026-07-13,夜班,ES-03,102.6,103,3274.0
2026-07-13,夜班,ES-04,171.8,108,3116.0
2026-07-13,夜班,ES-05,123.9,63,2049.0
2026-07-13,夜班,ES-06,122.0,71,2283.0
2026-07-13,夜班,ES-07,154.3,72,2166.0
2026-07-13,夜班,ES-08,116.9,107,3016.0
2026-07-14,早班,ES-02,137.4,104,3096.0
2026-07-14,早班,ES-04,169.3,79,2533.0
2026-07-14,早班,ES-05,126.9,121,3623.0
2026-07-14,早班,ES-06,127.9,71,2324.0
2026-07-14,中班,ES-01,124.2,107,3314.0
2026-07-14,中班,ES-02,134.1,86,2481.0
2026-07-14,中班,ES-03,112.5,88,2713.0
2026-07-14,中班,ES-04,171.0,87,2584.0
2026-07-14,中班,ES-06,137.9,94,2708.0
2026-07-14,中班,ES-08,118.2,91,2738.0
2026-07-14,夜班,ES-01,117.5,85,2728.0
2026-07-14,夜班,ES-02,120.8,113,3661.0
2026-07-14,夜班,ES-03,108.3,70,2282.0
2026-07-14,夜班,ES-04,173.7,74,2362.0
2026-07-14,夜班,ES-05,129.6,60,1701.0
2026-07-14,夜班,ES-06,141.8,77,2189.0
2026-07-14,夜班,ES-07,153.8,69,1939.0
2026-07-14,夜班,ES-08,113.9,108,3322.0
2026-07-15,早班,ES-01,128.9,90,2688.0
2026-07-15,早班,ES-02,128.7,108,3494.0
2026-07-15,早班,ES-03,112.7,105,3131.0
2026-07-15,早班,ES-04,172.0,101,3079.0
2026-07-15,早班,ES-05,121.6,46,1511.0
2026-07-15,早班,ES-06,122.7,94,3062.0
2026-07-15,早班,ES-07,157.6,98,2833.0
2026-07-15,早班,ES-08,130.7,91,2737.0
2026-07-15,中班,ES-02,132.5,103,3398.0
2026-07-15,中班,ES-04,232.8,114,3394.0
2026-07-15,中班,ES-05,124.2,108,3531.0
2026-07-15,中班,ES-06,140.8,76,2373.0
2026-07-15,中班,ES-07,149.6,94,2744.0
2026-07-15,中班,ES-08,190.3,87,2607.0
2026-07-15,夜班,ES-01,133.3,61,1867.0
2026-07-15,夜班,ES-02,183.2,92,2894.0
2026-07-15,夜班,ES-05,126.1,103,3093.0
2026-07-15,夜班,ES-06,120.8,73,2288.0
2026-07-16,早班,ES-01,122.6,115,3654.0
2026-07-16,早班,ES-02,166.4,90,2643.0
2026-07-16,早班,ES-03,115.0,111,3166.0
2026-07-16,早班,ES-04,170.4,86,2681.0
2026-07-16,早班,ES-06,125.2,104,3315.0
2026-07-16,早班,ES-08,124.5,78,2436.0
2026-07-16,中班,ES-01,121.6,92,2595.0
2026-07-16,中班,ES-02,126.6,99,3003.0
2026-07-16,中班,ES-03,115.0,62,1903.0
2026-07-16,中班,ES-04,187.1,82,2656.0
2026-07-16,中班,ES-05,121.7,98,3161.0
2026-07-16,中班,ES-06,124.2,125,3623.0
2026-07-16,夜班,ES-01,112.4,109,3224.0
2026-07-16,夜班,ES-02,117.7,110,3279.0
2026-07-16,夜班,ES-03,107.7,116,3351.0
2026-07-16,夜班,ES-04,185.6,90,2748.0
2026-07-16,夜班,ES-05,127.9,103,3108.0
2026-07-16,夜班,ES-07,148.8,87,2831.0
2026-07-17,早班,ES-01,132.3,83,2570.0
2026-07-17,早班,ES-04,172.4,79,2259.0
2026-07-17,早班,ES-05,134.0,87,2443.0
2026-07-17,早班,ES-06,135.7,141,4649.0
2026-07-17,早班,ES-08,124.8,70,1982.0
2026-07-17,中班,ES-02,122.0,90,2640.0
2026-07-17,中班,ES-03,105.8,97,3134.0
2026-07-17,中班,ES-04,188.4,89,2547.0
2026-07-17,中班,ES-06,136.7,109,3158.0
2026-07-17,中班,ES-08,117.8,109,3224.0
2026-07-17,夜班,ES-02,135.4,95,2841.0
2026-07-17,夜班,ES-04,163.8,94,3093.0
2026-07-17,夜班,ES-05,126.1,96,2812.0
2026-07-17,夜班,ES-06,132.7,96,3131.0
2026-07-17,夜班,ES-07,154.2,88,2631.0
2026-07-17,夜班,ES-08,111.2,87,2764.0
2026-07-18,早班,ES-01,109.0,78,2277.0
2026-07-18,早班,ES-03,114.3,63,1996.0
2026-07-18,早班,ES-04,178.9,80,2483.0
2026-07-18,早班,ES-06,131.6,108,3417.0
2026-07-18,早班,ES-07,149.1,81,2607.0
2026-07-18,早班,ES-08,115.0,98,2944.0
2026-07-18,中班,ES-01,125.9,112,3498.0
2026-07-18,中班,ES-02,127.0,96,2805.0
2026-07-18,中班,ES-03,114.2,105,3087.0
2026-07-18,中班,ES-04,179.3,105,3108.0
2026-07-18,中班,ES-05,137.9,130,4125.0
2026-07-18,中班,ES-06,141.3,85,2729.0
2026-07-18,中班,ES-07,157.3,83,2373.0
2026-07-18,中班,ES-08,126.0,77,2173.0
2026-07-18,夜班,ES-01,119.7,109,3280.0
2026-07-18,夜班,ES-03,117.6,85,2528.0
2026-07-18,夜班,ES-04,177.7,105,3133.0
2026-07-18,夜班,ES-05,120.0,133,4162.0
2026-07-18,夜班,ES-06,149.8,93,2723.0
2026-07-18,夜班,ES-07,161.0,65,2124.0
2026-07-18,夜班,ES-08,123.1,91,3002.0
2026-07-19,早班,ES-01,104.8,91,2772.0
2026-07-19,早班,ES-02,124.2,94,2682.0
2026-07-19,早班,ES-03,115.8,111,3528.0
2026-07-19,早班,ES-04,178.6,90,2869.0
2026-07-19,早班,ES-06,137.7,109,3285.0
2026-07-19,早班,ES-07,146.5,68,1941.0
2026-07-19,中班,ES-01,114.7,82,2361.0
2026-07-19,中班,ES-02,111.4,74,2154.0
2026-07-19,中班,ES-03,113.4,76,2355.0
2026-07-19,中班,ES-04,171.4,65,2114.0
2026-07-19,中班,ES-05,124.1,63,1869.0
2026-07-19,中班,ES-06,172.7,111,3599.0
2026-07-19,夜班,ES-01,119.7,96,3019.0
2026-07-19,夜班,ES-02,143.8,84,2438.0
2026-07-19,夜班,ES-03,110.6,98,2852.0
2026-07-19,夜班,ES-04,195.7,78,2381.0
2026-07-19,夜班,ES-05,171.9,111,3165.0
2026-07-19,夜班,ES-06,175.9,90,2660.0
2026-07-19,夜班,ES-07,145.5,134,3757.0
2026-07-19,夜班,ES-08,127.5,113,3502.0
2026-07-20,早班,ES-01,172.7,124,4046.0
2026-07-20,早班,ES-03,109.6,85,2525.0
2026-07-20,早班,ES-04,182.4,96,2902.0
2026-07-20,早班,ES-07,194.7,76,2419.0
2026-07-20,早班,ES-08,121.7,122,3671.0
2026-07-20,中班,ES-01,127.6,132,4201.0
2026-07-20,中班,ES-03,114.5,116,3808.0
2026-07-20,中班,ES-04,167.1,84,2487.0
2026-07-20,中班,ES-05,138.9,78,2428.0
2026-07-20,中班,ES-06,130.3,71,2117.0
2026-07-20,中班,ES-07,155.5,98,3121.0
2026-07-20,中班,ES-08,113.9,88,2863.0
2026-07-20,夜班,ES-03,106.8,67,1936.0
2026-07-20,夜班,ES-04,170.3,99,3051.0
2026-07-20,夜班,ES-06,191.5,95,3101.0
2026-07-20,夜班,ES-07,162.9,117,3787.0
2026-07-20,夜班,ES-08,128.1,92,2928.0
2026-07-21,早班,ES-02,138.3,92,2845.0
2026-07-21,早班,ES-04,188.7,60,1772.0
2026-07-21,早班,ES-07,155.7,92,2837.0
2026-07-21,早班,ES-08,119.8,85,2474.0
2026-07-21,中班,ES-01,98.4,75,2354.0
2026-07-21,中班,ES-02,122.4,111,3208.0
2026-07-21,中班,ES-03,119.9,66,1976.0
2026-07-21,中班,ES-04,173.9,69,2225.0
2026-07-21,中班,ES-05,136.9,84,2507.0
2026-07-21,中班,ES-07,157.9,88,2693.0
2026-07-21,中班,ES-08,123.2,94,2794.0
2026-07-21,夜班,ES-01,123.7,103,3275.0
2026-07-21,夜班,ES-02,137.1,125,3514.0
2026-07-21,夜班,ES-03,104.6,121,3772.0
2026-07-21,夜班,ES-04,176.7,91,2750.0
2026-07-21,夜班,ES-05,129.0,87,2659.0
2026-07-21,夜班,ES-06,124.8,67,1933.0
2026-07-21,夜班,ES-07,157.0,113,3662.0
2026-07-21,夜班,ES-08,124.1,82,2650.0
2026-07-22,早班,ES-03,102.3,60,1965.0
2026-07-22,早班,ES-04,176.7,115,3253.0
2026-07-22,早班,ES-07,138.6,89,2618.0
2026-07-22,早班,ES-08,123.2,90,2950.0
2026-07-22,中班,ES-01,105.8,81,2310.0
2026-07-22,中班,ES-02,120.2,76,2420.0
2026-07-22,中班,ES-05,126.4,115,3366.0
2026-07-22,中班,ES-06,132.3,114,3299.0
2026-07-22,夜班,ES-02,123.8,112,3305.0
2026-07-22,夜班,ES-03,109.4,125,3528.0
2026-07-22,夜班,ES-05,126.7,140,4355.0
2026-07-22,夜班,ES-06,131.0,129,3806.0
2026-07-22,夜班,ES-07,148.7,107,3018.0
2026-07-22,夜班,ES-08,110.8,93,2905.0
2026-07-23,早班,ES-01,115.0,87,2591.0
2026-07-23,早班,ES-02,127.8,91,2760.0
2026-07-23,早班,ES-03,120.7,113,3291.0
2026-07-23,早班,ES-04,185.8,114,3273.0
2026-07-23,早班,ES-06,130.3,130,3704.0
2026-07-23,早班,ES-07,150.5,134,4199.0
2026-07-23,早班,ES-08,127.4,105,3139.0
2026-07-23,中班,ES-01,117.3,101,3174.0
2026-07-23,中班,ES-04,219.5,97,2896.0
2026-07-23,中班,ES-05,129.2,85,2646.0
2026-07-23,中班,ES-06,137.8,51,1597.0
2026-07-23,中班,ES-07,161.8,118,3765.0
2026-07-23,夜班,ES-01,121.5,115,3263.0
2026-07-23,夜班,ES-02,129.0,103,3023.0
2026-07-23,夜班,ES-04,178.7,90,2570.0
2026-07-23,夜班,ES-05,116.5,84,2365.0
2026-07-23,夜班,ES-08,120.0,94,2949.0
2026-07-24,早班,ES-03,114.9,103,3209.0
2026-07-24,早班,ES-04,182.9,154,4431.0
2026-07-24,早班,ES-07,141.4,127,3963.0
2026-07-24,早班,ES-08,130.9,110,3470.0
2026-07-24,中班,ES-01,105.9,67,2015.0
2026-07-24,中班,ES-02,111.2,64,1974.0
2026-07-24,中班,ES-03,112.6,94,3057.0
2026-07-24,中班,ES-04,169.9,89,2883.0
2026-07-24,中班,ES-05,110.8,92,2578.0
2026-07-24,中班,ES-07,143.9,89,2566.0
2026-07-24,中班,ES-08,131.8,79,2229.0
2026-07-24,夜班,ES-01,107.4,102,3248.0
2026-07-24,夜班,ES-03,114.8,91,2916.0
2026-07-24,夜班,ES-05,126.6,125,4090.0
2026-07-24,夜班,ES-07,151.4,87,2763.0
2026-07-24,夜班,ES-08,121.8,127,3568.0
2026-07-25,早班,ES-01,117.3,102,3250.0
2026-07-25,早班,ES-02,134.4,106,3335.0
2026-07-25,早班,ES-03,147.6,104,2991.0
2026-07-25,早班,ES-05,128.9,106,3165.0
2026-07-25,早班,ES-06,125.2,85,2568.0
2026-07-25,早班,ES-08,120.0,85,2550.0
2026-07-25,中班,ES-02,142.0,151,4486.0
2026-07-25,中班,ES-03,100.4,33,996.0
2026-07-25,中班,ES-04,179.7,85,2459.0
2026-07-25,中班,ES-05,134.4,72,2095.0
2026-07-25,中班,ES-07,155.4,76,2399.0
2026-07-25,中班,ES-08,121.3,99,3048.0
2026-07-25,夜班,ES-03,111.9,86,2629.0
2026-07-25,夜班,ES-05,115.5,103,3152.0
2026-07-25,夜班,ES-07,156.9,81,2401.0
2026-07-26,早班,ES-01,124.5,114,3258.0
2026-07-26,早班,ES-02,128.5,98,2983.0
2026-07-26,早班,ES-03,111.4,90,2879.0
2026-07-26,早班,ES-05,138.1,83,2665.0
2026-07-26,早班,ES-08,129.4,47,1357.0
2026-07-26,中班,ES-01,128.6,105,3007.0
2026-07-26,中班,ES-02,132.5,96,2725.0
2026-07-26,中班,ES-05,142.9,97,3096.0
2026-07-26,中班,ES-06,135.6,89,2831.0
2026-07-26,中班,ES-07,144.9,90,2580.0
2026-07-26,夜班,ES-01,118.6,85,2637.0
2026-07-26,夜班,ES-02,128.1,68,1984.0
2026-07-26,夜班,ES-05,211.0,48,1466.0
2026-07-26,夜班,ES-06,122.7,88,2600.0
2026-07-26,夜班,ES-08,112.8,82,2452.0
2026-07-27,早班,ES-01,115.0,104,3295.0
2026-07-27,早班,ES-02,128.6,100,3184.0
2026-07-27,早班,ES-03,105.7,100,2871.0
2026-07-27,早班,ES-04,165.4,83,2739.0
2026-07-27,早班,ES-06,125.1,87,2468.0
2026-07-27,早班,ES-07,146.9,100,3291.0
2026-07-27,早班,ES-08,124.8,94,2798.0
2026-07-27,中班,ES-01,121.5,98,3190.0
2026-07-27,中班,ES-04,187.3,91,2601.0
2026-07-27,中班,ES-05,134.1,87,2698.0
2026-07-27,中班,ES-07,139.1,83,2357.0
2026-07-27,中班,ES-08,131.6,101,2883.0
2026-07-27,夜班,ES-01,125.8,87,2597.0
2026-07-27,夜班,ES-02,117.1,90,2804.0
2026-07-27,夜班,ES-03,88.2,121,3892.0
2026-07-27,夜班,ES-04,174.3,70,2101.0
2026-07-27,夜班,ES-05,130.3,113,3598.0
2026-07-27,夜班,ES-06,122.5,89,2669.0
2026-07-28,早班,ES-04,167.1,96,2695.0
2026-07-28,早班,ES-05,134.8,75,2311.0
2026-07-28,早班,ES-06,133.9,84,2525.0
2026-07-28,早班,ES-07,157.6,94,3084.0
2026-07-28,早班,ES-08,135.2,127,4158.0
2026-07-28,中班,ES-02,126.2,114,3396.0
2026-07-28,中班,ES-03,100.0,140,4457.0
2026-07-28,中班,ES-05,141.8,117,3626.0
2026-07-28,中班,ES-06,129.7,88,2844.0
2026-07-28,中班,ES-07,149.4,117,3757.0
2026-07-28,夜班,ES-01,131.2,106,3204.0
2026-07-28,夜班,ES-02,117.1,96,2895.0
2026-07-28,夜班,ES-03,111.7,82,2612.0
2026-07-28,夜班,ES-04,175.2,66,1888.0
2026-07-28,夜班,ES-06,118.9,93,2812.0
2026-07-28,夜班,ES-08,125.5,87,2599.0
2026-07-29,早班,ES-01,123.3,89,2529.0
2026-07-29,早班,ES-02,108.9,91,2616.0
2026-07-29,早班,ES-03,109.1,105,3436.0
2026-07-29,早班,ES-04,168.0,83,2571.0
2026-07-29,早班,ES-06,125.9,102,2867.0
2026-07-29,早班,ES-07,151.4,105,3399.0
2026-07-29,早班,ES-08,123.9,108,3489.0
2026-07-29,中班,ES-01,113.6,123,3570.0
2026-07-29,中班,ES-03,108.2,133,4074.0
2026-07-29,中班,ES-04,184.8,123,4006.0
2026-07-29,中班,ES-06,127.7,85,2418.0
2026-07-29,中班,ES-07,150.5,130,4264.0
2026-07-29,中班,ES-08,134.3,106,2991.0
2026-07-29,夜班,ES-01,115.1,82,2528.0
2026-07-29,夜班,ES-04,183.0,77,2215.0
2026-07-29,夜班,ES-05,119.5,97,3131.0
2026-07-29,夜班,ES-06,126.7,115,3356.0
2026-07-29,夜班,ES-07,140.0,85,2388.0
2026-07-29,夜班,ES-08,123.3,50,1414.0
2026-07-30,早班,ES-01,122.6,88,2699.0
2026-07-30,早班,ES-02,122.2,110,3216.0
2026-07-30,早班,ES-03,110.5,91,2655.0
2026-07-30,早班,ES-04,174.5,64,1979.0
2026-07-30,早班,ES-05,128.9,139,4450.0
2026-07-30,早班,ES-06,116.3,75,2399.0
2026-07-30,早班,ES-07,132.9,76,2263.0
2026-07-30,早班,ES-08,131.4,111,3402.0
2026-07-30,中班,ES-01,120.7,83,2454.0
2026-07-30,中班,ES-02,120.5,60,1734.0
2026-07-30,中班,ES-03,107.3,71,2010.0
2026-07-30,中班,ES-04,168.5,79,2473.0
2026-07-30,中班,ES-05,110.3,107,3311.0
2026-07-30,中班,ES-06,120.7,85,2639.0
2026-07-30,中班,ES-07,159.2,73,2286.0
2026-07-30,中班,ES-08,125.2,109,3541.0
2026-07-30,夜班,ES-01,110.6,120,3620.0
2026-07-30,夜班,ES-03,97.4,81,2600.0
2026-07-30,夜班,ES-04,196.3,81,2401.0
2026-07-30,夜班,ES-06,125.1,72,2045.0
2026-07-30,夜班,ES-08,127.6,87,2495.0
2026-07-31,早班,ES-02,128.5,76,2171.0
2026-07-31,早班,ES-03,106.4,79,2518.0
2026-07-31,早班,ES-05,126.2,87,2609.0
2026-07-31,早班,ES-06,123.7,93,2731.0
2026-07-31,早班,ES-08,120.9,93,3003.0
2026-07-31,中班,ES-01,118.7,67,1963.0
2026-07-31,中班,ES-02,135.6,68,2035.0
2026-07-31,中班,ES-03,106.9,90,2523.0
2026-07-31,中班,ES-04,175.7,114,3578.0
2026-07-31,中班,ES-06,130.6,96,3052.0
2026-07-31,中班,ES-08,119.4,83,2324.0
2026-07-31,夜班,ES-01,109.9,81,2428.0
2026-07-31,夜班,ES-02,202.8,84,2526.0
2026-07-31,夜班,ES-03,99.8,96,2951.0
2026-07-31,夜班,ES-04,161.6,76,2311.0
2026-07-31,夜班,ES-05,117.2,94,2825.0
2026-07-31,夜班,ES-06,150.9,105,2985.0
2026-07-31,夜班,ES-08,122.9,106,3255.0
2026-08-01,早班,ES-03,120.3,96,3063.0
2026-08-01,早班,ES-04,171.6,102,2947.0
2026-08-01,早班,ES-05,118.7,62,1983.0
2026-08-01,早班,ES-07,143.8,65,1827.0
2026-08-01,早班,ES-08,127.0,101,3081.0
2026-08-01,中班,ES-01,109.8,95,2852.0
2026-08-01,中班,ES-02,130.1,123,4017.0
2026-08-01,中班,ES-03,118.1,87,2607.0
2026-08-01,中班,ES-04,178.0,93,2829.0
2026-08-01,中班,ES-06,140.5,87,2501.0
2026-08-01,中班,ES-07,144.4,74,2135.0
2026-08-01,夜班,ES-02,120.7,94,2900.0
2026-08-01,夜班,ES-03,97.7,94,2895.0
2026-08-01,夜班,ES-05,172.7,85,2431.0
2026-08-01,夜班,ES-06,126.7,115,3246.0
2026-08-01,夜班,ES-07,155.5,112,3641.0
2026-08-01,夜班,ES-08,212.6,142,4490.0
2026-08-02,早班,ES-01,106.0,78,2201.0
2026-08-02,早班,ES-02,123.1,112,3482.0
2026-08-02,早班,ES-03,106.7,91,2919.0
2026-08-02,早班,ES-05,129.9,105,3429.0
2026-08-02,早班,ES-07,154.3,107,3198.0
2026-08-02,早班,ES-08,116.0,107,3030.0
2026-08-02,中班,ES-01,126.2,94,2664.0
2026-08-02,中班,ES-02,109.0,112,3380.0
2026-08-02,中班,ES-03,119.8,102,2931.0
2026-08-02,中班,ES-04,185.9,92,2854.0
2026-08-02,中班,ES-05,140.9,65,1943.0
2026-08-02,中班,ES-06,127.6,114,3274.0
2026-08-02,中班,ES-07,157.7,103,3038.0
2026-08-02,夜班,ES-02,126.4,91,2613.0
2026-08-02,夜班,ES-04,178.2,131,3669.0
2026-08-02,夜班,ES-05,122.2,90,2897.0
2026-08-02,夜班,ES-06,138.0,85,2625.0
2026-08-02,夜班,ES-07,156.0,110,3132.0
2026-08-02,夜班,ES-08,131.1,50,1572.0
2026-08-03,早班,ES-04,178.2,81,2613.0
2026-08-03,早班,ES-05,129.6,104,2936.0
2026-08-03,早班,ES-06,135.3,62,1991.0
2026-08-03,中班,ES-02,119.4,103,3230.0
2026-08-03,中班,ES-03,122.5,103,3357.0
2026-08-03,中班,ES-05,125.9,101,3240.0
2026-08-03,中班,ES-07,158.3,83,2638.0
2026-08-03,中班,ES-08,125.5,112,3383.0
2026-08-03,夜班,ES-01,123.2,71,2223.0
2026-08-03,夜班,ES-02,114.7,96,3135.0
2026-08-03,夜班,ES-03,116.4,79,2553.0
2026-08-03,夜班,ES-04,154.2,95,2661.0
2026-08-03,夜班,ES-05,137.8,92,3034.0
2026-08-03,夜班,ES-06,120.1,79,2387.0
2026-08-03,夜班,ES-07,149.3,88,2642.0
2026-08-04,早班,ES-02,114.7,76,2469.0
2026-08-04,早班,ES-04,172.9,98,3153.0
2026-08-04,早班,ES-05,131.3,66,1983.0
2026-08-04,早班,ES-06,203.9,100,3244.0
2026-08-04,早班,ES-08,110.9,124,3523.0
2026-08-04,中班,ES-01,137.7,114,3748.0
2026-08-04,中班,ES-02,138.1,112,3527.0
2026-08-04,中班,ES-03,121.4,99,3202.0
2026-08-04,中班,ES-04,172.7,80,2266.0
2026-08-04,中班,ES-05,126.1,124,3873.0
2026-08-04,中班,ES-06,136.1,97,3078.0
2026-08-04,中班,ES-07,162.6,71,2205.0
2026-08-04,中班,ES-08,107.5,126,3571.0
2026-08-04,夜班,ES-02,129.3,99,2852.0
2026-08-04,夜班,ES-03,108.8,136,3969.0
2026-08-04,夜班,ES-04,169.1,125,3949.0
2026-08-04,夜班,ES-06,127.3,74,2094.0
2026-08-04,夜班,ES-08,124.6,153,4652.0
2026-08-05,早班,ES-01,120.8,76,2169.0
2026-08-05,早班,ES-02,140.7,113,3253.0
2026-08-05,早班,ES-03,120.1,112,3350.0
2026-08-05,早班,ES-04,176.5,50,1418.0
2026-08-05,早班,ES-08,116.1,66,1859.0
2026-08-05,中班,ES-01,128.3,103,2976.0
2026-08-05,中班,ES-03,112.5,101,3146.0
2026-08-05,中班,ES-04,172.5,93,2880.0
2026-08-05,中班,ES-06,139.3,67,2017.0
2026-08-05,夜班,ES-01,129.3,102,3088.0
2026-08-05,夜班,ES-02,121.6,66,2154.0
2026-08-05,夜班,ES-03,121.7,82,2528.0
2026-08-05,夜班,ES-04,162.8,85,2606.0
2026-08-05,夜班,ES-05,124.2,100,3173.0
2026-08-05,夜班,ES-07,153.4,130,3961.0
2026-08-05,夜班,ES-08,133.3,68,2227.0
2026-08-06,早班,ES-02,126.4,94,2982.0
2026-08-06,早班,ES-03,107.4,86,2411.0
2026-08-06,早班,ES-05,140.9,107,3373.0
2026-08-06,早班,ES-06,124.8,92,2743.0
2026-08-06,早班,ES-07,148.2,108,3123.0
2026-08-06,早班,ES-08,112.5,104,3078.0
2026-08-06,中班,ES-01,121.3,93,2735.0
2026-08-06,中班,ES-02,126.7,122,3607.0
2026-08-06,中班,ES-03,115.9,107,3269.0
2026-08-06,中班,ES-05,127.1,107,3196.0
2026-08-06,中班,ES-07,158.3,85,2387.0
2026-08-06,中班,ES-08,137.5,86,2621.0
2026-08-06,夜班,ES-02,125.3,105,3158.0
2026-08-06,夜班,ES-03,111.0,95,2889.0
2026-08-06,夜班,ES-04,257.0,114,3611.0
2026-08-06,夜班,ES-05,126.3,68,2011.0
2026-08-06,夜班,ES-06,127.8,129,4018.0
2026-08-06,夜班,ES-08,103.7,114,3704.0
2026-08-07,早班,ES-01,114.2,81,2557.0
2026-08-07,早班,ES-02,132.7,91,2780.0
2026-08-07,早班,ES-04,176.4,74,2369.0
2026-08-07,早班,ES-05,136.5,88,2558.0
2026-08-07,早班,ES-06,120.1,85,2713.0
2026-08-07,早班,ES-07,132.3,84,2760.0
2026-08-07,早班,ES-08,124.2,96,2938.0
2026-08-07,中班,ES-02,112.6,115,3589.0
2026-08-07,中班,ES-03,116.3,91,2733.0
2026-08-07,中班,ES-04,193.9,94,2928.0
2026-08-07,中班,ES-05,117.6,142,4365.0
2026-08-07,中班,ES-06,132.2,80,2251.0
2026-08-07,中班,ES-07,151.2,102,2878.0
2026-08-07,中班,ES-08,123.6,72,2058.0
2026-08-07,夜班,ES-01,130.7,112,3313.0
2026-08-07,夜班,ES-02,122.9,77,2468.0
2026-08-07,夜班,ES-03,110.6,90,2566.0
2026-08-07,夜班,ES-04,181.9,105,3306.0
2026-08-07,夜班,ES-05,144.4,94,2862.0
2026-08-07,夜班,ES-06,200.3,99,3170.0
2026-08-07,夜班,ES-08,130.3,86,2674.0
2026-08-08,早班,ES-01,120.2,67,2122.0
2026-08-08,早班,ES-02,119.2,102,3076.0
2026-08-08,早班,ES-04,182.8,65,2052.0
2026-08-08,早班,ES-05,126.7,99,3144.0
2026-08-08,早班,ES-06,128.7,86,2687.0
2026-08-08,早班,ES-08,119.4,100,3216.0
2026-08-08,中班,ES-01,119.4,99,3057.0
2026-08-08,中班,ES-02,133.0,83,2715.0
2026-08-08,中班,ES-04,211.1,102,3313.0
2026-08-08,中班,ES-05,123.8,69,2059.0
2026-08-08,中班,ES-06,154.2,118,3499.0
2026-08-08,中班,ES-07,201.3,121,3721.0
2026-08-08,中班,ES-08,123.6,109,3213.0
2026-08-08,夜班,ES-01,123.3,81,2578.0
2026-08-08,夜班,ES-02,123.7,69,2047.0
2026-08-08,夜班,ES-03,109.4,98,3231.0
2026-08-08,夜班,ES-04,171.6,108,3286.0
2026-08-08,夜班,ES-06,119.4,129,4087.0
2026-08-08,夜班,ES-07,161.9,84,2745.0
2026-08-09,早班,ES-01,116.9,73,2377.0
2026-08-09,早班,ES-05,130.4,107,3366.0
2026-08-09,早班,ES-06,126.4,109,3146.0
2026-08-09,早班,ES-08,127.0,98,3117.0
2026-08-09,中班,ES-01,114.6,87,2869.0
2026-08-09,中班,ES-02,131.1,83,2735.0
2026-08-09,中班,ES-03,103.1,114,3472.0
2026-08-09,中班,ES-04,186.1,105,3420.0
2026-08-09,中班,ES-05,122.4,67,1939.0
2026-08-09,夜班,ES-01,123.1,106,2970.0
2026-08-09,夜班,ES-02,126.4,77,2515.0
2026-08-09,夜班,ES-03,114.1,60,1884.0
2026-08-09,夜班,ES-04,170.0,82,2591.0
2026-08-09,夜班,ES-05,127.5,92,2655.0
2026-08-09,夜班,ES-06,144.8,56,1749.0
2026-08-09,夜班,ES-07,150.4,85,2439.0
2026-08-09,夜班,ES-08,128.6,60,1908.0
2026-08-10,早班,ES-01,108.4,88,2596.0
2026-08-10,早班,ES-02,113.0,127,3918.0
2026-08-10,早班,ES-03,118.5,94,2667.0
2026-08-10,早班,ES-04,182.6,101,2882.0
2026-08-10,早班,ES-05,130.9,98,2876.0
2026-08-10,早班,ES-06,131.8,56,1803.0
2026-08-10,早班,ES-07,145.2,111,3385.0
2026-08-10,中班,ES-01,129.1,71,2053.0
2026-08-10,中班,ES-02,131.4,99,3264.0
2026-08-10,中班,ES-03,105.9,73,2228.0
2026-08-10,中班,ES-04,170.9,103,2998.0
2026-08-10,中班,ES-06,123.3,95,2783.0
2026-08-10,中班,ES-08,123.3,125,3890.0
2026-08-10,夜班,ES-01,121.6,81,2419.0
2026-08-10,夜班,ES-02,139.5,83,2364.0
2026-08-10,夜班,ES-03,113.2,90,2796.0
2026-08-10,夜班,ES-04,176.3,91,2710.0
2026-08-10,夜班,ES-05,114.4,119,3333.0
2026-08-10,夜班,ES-07,147.8,84,2430.0
2026-08-10,夜班,ES-08,133.1,90,2721.0
2026-08-11,早班,ES-01,118.7,91,2637.0
2026-08-11,早班,ES-04,169.6,100,2849.0
2026-08-11,早班,ES-05,134.7,104,3201.0
2026-08-11,早班,ES-08,122.7,100,3222.0
2026-08-11,中班,ES-01,129.5,72,2142.0
2026-08-11,中班,ES-03,116.2,79,2285.0
2026-08-11,中班,ES-04,177.4,77,2296.0
2026-08-11,中班,ES-05,126.0,72,2292.0
2026-08-11,中班,ES-07,155.3,117,3573.0
2026-08-11,中班,ES-08,113.0,95,3083.0
2026-08-11,夜班,ES-01,123.4,118,3521.0
2026-08-11,夜班,ES-02,139.2,76,2145.0
2026-08-11,夜班,ES-03,119.6,97,2774.0
2026-08-11,夜班,ES-04,170.6,136,3836.0
2026-08-11,夜班,ES-05,123.2,62,1852.0
2026-08-11,夜班,ES-06,143.1,104,2953.0
2026-08-11,夜班,ES-07,150.0,100,3253.0
2026-08-11,夜班,ES-08,122.2,89,2793.0
2026-08-12,早班,ES-01,105.5,56,1667.0
2026-08-12,早班,ES-02,125.0,106,3251.0
2026-08-12,早班,ES-03,98.3,79,2391.0
2026-08-12,早班,ES-05,119.6,109,3274.0
2026-08-12,早班,ES-07,147.5,88,2707.0
2026-08-12,早班,ES-08,130.9,83,2356.0
2026-08-12,中班,ES-01,122.0,102,2867.0
2026-08-12,中班,ES-02,125.8,74,2416.0
2026-08-12,中班,ES-03,115.1,95,2901.0
2026-08-12,中班,ES-04,226.7,97,3125.0
2026-08-12,中班,ES-06,127.8,77,2373.0
2026-08-12,中班,ES-07,152.3,72,2196.0
2026-08-12,中班,ES-08,123.5,67,2001.0
2026-08-12,夜班,ES-01,92.3,101,2897.0
2026-08-12,夜班,ES-02,131.3,109,3588.0
2026-08-12,夜班,ES-04,167.2,98,3147.0
2026-08-12,夜班,ES-05,131.9,92,2735.0
2026-08-12,夜班,ES-06,130.7,91,2938.0
2026-08-13,早班,ES-01,116.2,71,2112.0
2026-08-13,早班,ES-03,109.2,96,2887.0
2026-08-13,早班,ES-04,181.3,90,2802.0
2026-08-13,早班,ES-05,124.0,108,3395.0
2026-08-13,早班,ES-06,121.6,116,3635.0
2026-08-13,早班,ES-07,146.6,101,3242.0
2026-08-13,早班,ES-08,142.9,93,2720.0
2026-08-13,中班,ES-02,124.5,97,2872.0
2026-08-13,中班,ES-03,107.2,91,2929.0
2026-08-13,中班,ES-04,180.1,74,2148.0
2026-08-13,中班,ES-05,114.6,52,1485.0
2026-08-13,中班,ES-06,131.1,94,3074.0
2026-08-13,中班,ES-08,111.4,78,2296.0
2026-08-13,夜班,ES-01,113.6,96,2851.0
2026-08-13,夜班,ES-02,123.9,108,3555.0
2026-08-13,夜班,ES-03,116.7,79,2295.0
2026-08-13,夜班,ES-04,172.9,134,4289.0
2026-08-13,夜班,ES-05,141.5,89,2707.0
2026-08-13,夜班,ES-07,156.7,111,3548.0
2026-08-14,早班,ES-02,185.4,77,2525.0
2026-08-14,早班,ES-04,165.6,137,4213.0
2026-08-14,早班,ES-05,134.9,52,1616.0
2026-08-14,早班,ES-06,117.4,109,3090.0
2026-08-14,早班,ES-07,148.0,63,1795.0
2026-08-14,早班,ES-08,126.6,71,2103.0
2026-08-14,中班,ES-02,131.2,98,3045.0
2026-08-14,中班,ES-05,121.3,96,2872.0
2026-08-14,中班,ES-06,129.0,98,3196.0
2026-08-14,中班,ES-08,128.0,115,3641.0
2026-08-14,夜班,ES-01,122.2,82,2681.0
2026-08-14,夜班,ES-02,126.9,108,3524.0
2026-08-14,夜班,ES-04,206.9,93,2739.0
2026-08-14,夜班,ES-06,119.4,94,2687.0
2026-08-14,夜班,ES-07,163.5,98,3001.0
2026-08-14,夜班,ES-08,141.2,132,3815.0
2026-08-15,早班,ES-01,141.7,80,2476.0
2026-08-15,早班,ES-03,103.9,79,2435.0
2026-08-15,早班,ES-04,179.9,110,3083.0
2026-08-15,早班,ES-05,120.2,94,2921.0
2026-08-15,早班,ES-06,132.0,86,2685.0
2026-08-15,早班,ES-07,133.4,76,2206.0
2026-08-15,早班,ES-08,125.3,90,2629.0
2026-08-15,中班,ES-03,93.5,86,2443.0
2026-08-15,中班,ES-04,175.6,126,4148.0
2026-08-15,中班,ES-05,127.0,128,4101.0
2026-08-15,中班,ES-06,136.3,82,2678.0
2026-08-15,中班,ES-07,159.1,73,2130.0
2026-08-15,中班,ES-08,106.0,59,1748.0
2026-08-15,夜班,ES-01,122.2,70,2127.0
2026-08-15,夜班,ES-02,123.6,81,2434.0
2026-08-15,夜班,ES-03,116.4,101,3079.0
2026-08-15,夜班,ES-05,136.2,70,2001.0
2026-08-15,夜班,ES-06,118.3,96,3087.0
2026-08-15,夜班,ES-07,153.6,78,2471.0
2026-08-15,夜班,ES-08,111.5,89,2886.0
2026-08-16,早班,ES-01,129.0,86,2761.0
2026-08-16,早班,ES-03,111.9,101,3049.0
2026-08-16,早班,ES-04,178.4,69,1947.0
2026-08-16,早班,ES-05,143.4,92,2771.0
2026-08-16,早班,ES-06,141.2,64,2079.0
2026-08-16,早班,ES-07,167.0,123,3737.0
2026-08-16,早班,ES-08,143.4,105,3253.0
2026-08-16,中班,ES-01,120.9,133,3778.0
2026-08-16,中班,ES-03,164.0,102,3193.0
2026-08-16,中班,ES-04,184.5,96,3052.0
2026-08-16,中班,ES-05,130.3,65,1841.0
2026-08-16,中班,ES-07,159.7,66,1877.0
2026-08-16,中班,ES-08,129.0,57,1867.0
2026-08-16,夜班,ES-01,119.7,80,2476.0
2026-08-16,夜班,ES-02,183.3,132,3955.0
2026-08-16,夜班,ES-04,183.5,144,4432.0
2026-08-16,夜班,ES-06,117.2,77,2158.0
2026-08-16,夜班,ES-07,151.0,109,3102.0
2026-08-16,夜班,ES-08,133.2,103,3294.0
2026-08-17,早班,ES-01,113.1,71,2034.0
2026-08-17,早班,ES-02,122.6,107,3111.0
2026-08-17,早班,ES-03,105.4,78,2460.0
2026-08-17,早班,ES-05,131.9,90,2769.0
2026-08-17,早班,ES-06,111.2,145,4698.0
2026-08-17,早班,ES-07,158.1,77,2301.0
2026-08-17,早班,ES-08,111.5,98,2754.0
2026-08-17,中班,ES-02,128.8,108,3305.0
2026-08-17,中班,ES-03,100.6,118,3697.0
2026-08-17,中班,ES-04,180.9,74,2378.0
2026-08-17,中班,ES-05,113.7,123,3625.0
2026-08-17,中班,ES-06,139.7,101,3185.0
2026-08-17,中班,ES-07,148.2,105,2987.0
2026-08-17,中班,ES-08,126.3,92,2693.0
2026-08-17,夜班,ES-01,122.3,97,2874.0
2026-08-17,夜班,ES-03,105.7,103,2922.0
2026-08-17,夜班,ES-04,178.2,92,2992.0
2026-08-17,夜班,ES-05,120.6,94,2669.0
2026-08-17,夜班,ES-06,123.4,76,2355.0
2026-08-17,夜班,ES-08,120.8,71,2188.0
2026-08-18,早班,ES-01,120.1,75,2115.0
2026-08-18,早班,ES-02,128.7,107,3529.0
2026-08-18,早班,ES-04,171.5,54,1659.0
2026-08-18,早班,ES-06,123.3,63,2077.0
2026-08-18,早班,ES-07,133.4,119,3709.0
2026-08-18,早班,ES-08,124.4,83,2361.0
2026-08-18,中班,ES-01,189.1,72,2184.0
2026-08-18,中班,ES-02,143.6,100,2966.0
2026-08-18,中班,ES-03,99.2,63,2054.0
2026-08-18,中班,ES-04,175.1,124,3624.0
2026-08-18,中班,ES-05,128.0,69,2241.0
2026-08-18,中班,ES-06,125.6,113,3318.0
2026-08-18,中班,ES-07,156.6,47,1516.0
2026-08-18,夜班,ES-01,107.6,120,3525.0
2026-08-18,夜班,ES-02,131.4,95,2844.0
2026-08-18,夜班,ES-03,117.1,93,2690.0
2026-08-18,夜班,ES-04,181.8,129,3818.0
2026-08-18,夜班,ES-05,190.2,93,2887.0
2026-08-18,夜班,ES-06,129.6,92,2746.0
2026-08-18,夜班,ES-08,131.7,93,2626.0
2026-08-19,早班,ES-03,124.5,122,3430.0
2026-08-19,早班,ES-04,170.6,102,2956.0
2026-08-19,早班,ES-05,130.8,101,2971.0
2026-08-19,早班,ES-06,124.8,97,2729.0
2026-08-19,早班,ES-07,165.1,82,2514.0
2026-08-19,早班,ES-08,116.3,102,2932.0
2026-08-19,中班,ES-01,130.0,95,2930.0
2026-08-19,中班,ES-05,186.8,86,2724.0
2026-08-19,中班,ES-06,132.0,87,2681.0
2026-08-19,中班,ES-07,151.3,65,2008.0
2026-08-19,夜班,ES-02,137.4,119,3850.0
2026-08-19,夜班,ES-03,118.4,104,3027.0
2026-08-19,夜班,ES-04,173.4,111,3381.0
2026-08-19,夜班,ES-05,133.7,86,2778.0
2026-08-19,夜班,ES-06,129.7,119,3695.0
2026-08-19,夜班,ES-07,146.3,60,1714.0
2026-08-19,夜班,ES-08,206.1,94,2958.0
2026-08-20,早班,ES-01,115.2,53,1552.0
2026-08-20,早班,ES-02,126.0,86,2685.0
2026-08-20,早班,ES-03,108.1,84,2695.0
2026-08-20,早班,ES-04,186.3,77,2400.0
2026-08-20,早班,ES-05,126.0,67,2150.0
2026-08-20,早班,ES-06,126.6,93,2771.0
2026-08-20,早班,ES-08,129.4,81,2557.0
2026-08-20,中班,ES-01,108.3,98,2897.0
2026-08-20,中班,ES-02,129.2,89,2605.0
2026-08-20,中班,ES-03,96.8,109,3481.0
2026-08-20,中班,ES-04,170.5,113,3250.0
2026-08-20,中班,ES-05,129.4,97,3067.0
2026-08-20,中班,ES-07,144.2,103,3028.0
2026-08-20,中班,ES-08,126.7,96,2957.0
2026-08-20,夜班,ES-01,122.4,100,3031.0
2026-08-20,夜班,ES-02,129.9,74,2325.0
2026-08-20,夜班,ES-03,96.4,106,3425.0
2026-08-20,夜班,ES-04,163.4,118,3575.0
2026-08-20,夜班,ES-05,125.3,110,3088.0
2026-08-20,夜班,ES-06,133.6,92,2827.0
2026-08-20,夜班,ES-08,113.7,89,2886.0
2026-08-21,早班,ES-01,118.8,116,3309.0
2026-08-21,早班,ES-02,117.9,123,3582.0
2026-08-21,早班,ES-04,174.3,112,3267.0
2026-08-21,早班,ES-05,118.0,83,2387.0
2026-08-21,早班,ES-06,130.1,77,2421.0
2026-08-21,早班,ES-07,132.2,73,2242.0
2026-08-21,早班,ES-08,131.3,97,2822.0
2026-08-21,中班,ES-01,109.9,83,2712.0
2026-08-21,中班,ES-02,136.7,124,3569.0
2026-08-21,中班,ES-03,99.8,102,3359.0
2026-08-21,中班,ES-06,134.3,96,2795.0
2026-08-21,中班,ES-07,146.8,88,2585.0
2026-08-21,夜班,ES-01,129.2,76,2505.0
2026-08-21,夜班,ES-02,127.2,104,3030.0
2026-08-21,夜班,ES-03,117.6,103,3258.0
2026-08-21,夜班,ES-04,184.1,86,2731.0
2026-08-21,夜班,ES-05,124.7,97,3110.0
2026-08-21,夜班,ES-07,151.4,85,2532.0
2026-08-22,早班,ES-01,117.0,81,2419.0
2026-08-22,早班,ES-02,127.7,78,2352.0
2026-08-22,早班,ES-03,116.2,104,3159.0
2026-08-22,早班,ES-04,177.0,95,2962.0
2026-08-22,早班,ES-05,111.9,99,3040.0
2026-08-22,早班,ES-06,129.5,107,3118.0
2026-08-22,早班,ES-07,147.1,99,2883.0
2026-08-22,早班,ES-08,110.4,111,3658.0
2026-08-22,中班,ES-01,118.1,112,3150.0
2026-08-22,中班,ES-02,116.8,131,4058.0
2026-08-22,中班,ES-03,181.4,135,4431.0
2026-08-22,中班,ES-05,125.9,114,3759.0
2026-08-22,中班,ES-06,138.1,104,3091.0
2026-08-22,中班,ES-08,126.0,105,3011.0
2026-08-22,夜班,ES-02,121.2,117,3458.0
2026-08-22,夜班,ES-04,161.3,75,2407.0
2026-08-22,夜班,ES-05,131.6,90,2671.0
2026-08-22,夜班,ES-06,124.1,104,3076.0
2026-08-22,夜班,ES-07,152.8,105,3302.0
2026-08-22,夜班,ES-08,131.0,71,2240.0
2026-08-23,早班,ES-01,112.8,114,3485.0
2026-08-23,早班,ES-03,112.9,98,2826.0
2026-08-23,早班,ES-04,165.9,107,3204.0
2026-08-23,早班,ES-06,125.4,126,4103.0
2026-08-23,早班,ES-07,176.7,64,2075.0
2026-08-23,早班,ES-08,122.6,86,2473.0
2026-08-23,中班,ES-02,118.5,76,2342.0
2026-08-23,中班,ES-03,102.5,88,2769.0
2026-08-23,中班,ES-06,134.8,36,1185.0
2026-08-23,中班,ES-07,144.0,126,4020.0
2026-08-23,中班,ES-08,110.9,100,2809.0
2026-08-23,夜班,ES-02,145.4,76,2186.0
2026-08-23,夜班,ES-03,108.5,112,3687.0
2026-08-23,夜班,ES-04,194.5,33,1032.0
2026-08-23,夜班,ES-06,144.2,84,2374.0
2026-08-23,夜班,ES-07,148.7,103,3117.0
2026-08-23,夜班,ES-08,122.3,92,2828.0
2026-08-24,早班,ES-02,129.5,92,2860.0
2026-08-24,早班,ES-03,98.9,66,2057.0
2026-08-24,早班,ES-05,114.2,140,4558.0
2026-08-24,早班,ES-06,138.5,101,2986.0
2026-08-24,早班,ES-07,138.2,63,1997.0
2026-08-24,早班,ES-08,119.9,73,2123.0
2026-08-24,中班,ES-02,127.9,125,3695.0
2026-08-24,中班,ES-03,105.4,120,3857.0
2026-08-24,中班,ES-04,176.1,111,3354.0
2026-08-24,中班,ES-05,125.4,71,2289.0
2026-08-24,中班,ES-06,120.7,82,2451.0
2026-08-24,中班,ES-07,155.8,119,3858.0
2026-08-24,中班,ES-08,131.4,109,3149.0
2026-08-24,夜班,ES-01,116.6,71,2174.0
2026-08-24,夜班,ES-02,124.5,109,3118.0
2026-08-24,夜班,ES-05,131.1,122,3832.0
2026-08-24,夜班,ES-06,133.4,83,2525.0
2026-08-24,夜班,ES-07,144.8,89,2561.0
2026-08-24,夜班,ES-08,129.5,113,3359.0
2026-08-25,早班,ES-02,136.1,125,4098.0
2026-08-25,早班,ES-05,139.8,79,2246.0
2026-08-25,早班,ES-07,206.4,119,3777.0
2026-08-25,早班,ES-08,124.8,89,2844.0
2026-08-25,中班,ES-01,102.8,97,2853.0
2026-08-25,中班,ES-03,104.7,72,2030.0
2026-08-25,中班,ES-04,190.8,70,2310.0
2026-08-25,中班,ES-06,119.8,70,2126.0
2026-08-25,中班,ES-07,144.9,101,3053.0
2026-08-25,中班,ES-08,127.9,108,3043.0
2026-08-25,夜班,ES-01,116.8,83,2563.0
2026-08-25,夜班,ES-02,121.3,77,2458.0
2026-08-25,夜班,ES-03,115.9,100,3008.0
2026-08-25,夜班,ES-05,121.3,76,2472.0
2026-08-25,夜班,ES-06,137.3,129,3772.0
2026-08-25,夜班,ES-07,151.0,87,2442.0
2026-08-26,早班,ES-01,112.3,101,3121.0
2026-08-26,早班,ES-02,128.3,106,3457.0
2026-08-26,早班,ES-03,106.3,70,2113.0
2026-08-26,早班,ES-04,180.8,100,3217.0
2026-08-26,早班,ES-05,131.2,119,3557.0
2026-08-26,早班,ES-06,129.1,94,2656.0
2026-08-26,早班,ES-07,141.0,90,2923.0
2026-08-26,中班,ES-01,109.0,115,3499.0
2026-08-26,中班,ES-02,112.3,83,2637.0
2026-08-26,中班,ES-03,117.8,66,2031.0
2026-08-26,中班,ES-05,130.8,60,1935.0
2026-08-26,中班,ES-06,128.4,72,2253.0
2026-08-26,中班,ES-07,145.4,85,2440.0
2026-08-26,中班,ES-08,120.7,106,3033.0
2026-08-26,夜班,ES-01,115.8,109,3138.0
2026-08-26,夜班,ES-02,109.8,114,3347.0
2026-08-26,夜班,ES-03,109.4,124,3821.0
2026-08-26,夜班,ES-05,125.4,104,3010.0
2026-08-26,夜班,ES-06,166.5,98,3196.0
2026-08-26,夜班,ES-08,127.4,93,2906.0
2026-08-27,早班,ES-01,107.1,76,2401.0
2026-08-27,早班,ES-03,115.8,110,3131.0
2026-08-27,早班,ES-04,163.3,75,2220.0
2026-08-27,早班,ES-05,134.8,67,2185.0
2026-08-27,早班,ES-06,138.3,79,2263.0
2026-08-27,早班,ES-07,149.3,82,2346.0
2026-08-27,早班,ES-08,125.6,121,3695.0
2026-08-27,中班,ES-01,117.1,117,3798.0
2026-08-27,中班,ES-02,132.4,98,3152.0
2026-08-27,中班,ES-03,109.5,94,2729.0
2026-08-27,中班,ES-04,182.5,97,2776.0
2026-08-27,中班,ES-06,133.5,89,2891.0
2026-08-27,中班,ES-07,151.3,93,3035.0
2026-08-27,中班,ES-08,111.8,82,2387.0
2026-08-27,夜班,ES-01,114.3,98,3180.0
2026-08-27,夜班,ES-02,123.8,114,3392.0
2026-08-27,夜班,ES-04,196.3,83,2469.0
2026-08-27,夜班,ES-05,117.8,99,2904.0
2026-08-27,夜班,ES-06,118.6,124,4003.0
2026-08-27,夜班,ES-07,132.5,90,2931.0
2026-08-27,夜班,ES-08,116.1,79,2538.0
2026-08-28,早班,ES-02,131.1,115,3604.0
2026-08-28,早班,ES-04,173.0,68,2094.0
2026-08-28,早班,ES-05,124.7,98,3179.0
2026-08-28,早班,ES-06,112.9,91,2915.0
2026-08-28,早班,ES-08,124.2,105,3368.0
2026-08-28,中班,ES-01,114.9,114,3631.0
2026-08-28,中班,ES-02,131.9,115,3303.0
2026-08-28,中班,ES-03,102.6,101,3256.0
2026-08-28,中班,ES-04,173.1,88,2581.0
2026-08-28,中班,ES-05,129.2,77,2384.0
2026-08-28,中班,ES-07,159.3,109,3581.0
2026-08-28,中班,ES-08,130.8,119,3620.0
2026-08-28,夜班,ES-01,163.4,86,2753.0
2026-08-28,夜班,ES-03,108.8,70,2030.0
2026-08-28,夜班,ES-05,149.8,109,3105.0
2026-08-28,夜班,ES-06,138.0,114,3730.0
2026-08-28,夜班,ES-07,188.4,63,2022.0
2026-08-28,夜班,ES-08,117.7,84,2394.0
2026-08-29,早班,ES-02,127.7,73,2303.0
2026-08-29,早班,ES-03,94.1,116,3771.0
2026-08-29,早班,ES-06,128.3,161,5102.0
2026-08-29,早班,ES-07,141.9,93,2919.0
2026-08-29,早班,ES-08,109.9,86,2678.0
2026-08-29,中班,ES-02,115.8,93,2903.0
2026-08-29,中班,ES-03,108.8,94,2711.0
2026-08-29,中班,ES-04,187.5,112,3690.0
2026-08-29,中班,ES-06,123.3,113,3645.0
2026-08-29,中班,ES-07,135.9,115,3770.0
2026-08-29,中班,ES-08,129.7,95,3101.0
2026-08-29,夜班,ES-02,121.2,107,3482.0
2026-08-29,夜班,ES-05,141.1,76,2402.0
2026-08-29,夜班,ES-06,135.0,83,2343.0
2026-08-29,夜班,ES-07,201.0,69,2053.0
2026-08-29,夜班,ES-08,128.0,74,2300.0
2026-08-30,早班,ES-03,102.6,91,2548.0
2026-08-30,早班,ES-04,177.2,122,3622.0
2026-08-30,早班,ES-05,125.9,73,2341.0
2026-08-30,早班,ES-06,142.3,82,2591.0
2026-08-30,中班,ES-01,118.7,112,3317.0
2026-08-30,中班,ES-02,129.0,82,2636.0
2026-08-30,中班,ES-03,100.7,54,1676.0
2026-08-30,中班,ES-05,129.2,86,2626.0
2026-08-30,中班,ES-06,122.9,66,2105.0
2026-08-30,中班,ES-07,141.8,85,2756.0
2026-08-30,中班,ES-08,126.2,64,2097.0
2026-08-30,夜班,ES-01,123.1,82,2650.0
2026-08-30,夜班,ES-04,175.5,101,2902.0
2026-08-30,夜班,ES-05,121.8,98,2993.0
2026-08-30,夜班,ES-06,125.9,84,2718.0
2026-08-30,夜班,ES-07,133.4,113,3278.0
2026-08-30,夜班,ES-08,137.7,120,3753.0
2026-08-31,早班,ES-01,101.7,88,2813.0
2026-08-31,早班,ES-02,118.5,92,2873.0
2026-08-31,早班,ES-03,108.3,112,3337.0
2026-08-31,早班,ES-04,174.1,99,2793.0
2026-08-31,早班,ES-05,127.5,60,1957.0
2026-08-31,早班,ES-06,137.1,75,2351.0
2026-08-31,早班,ES-08,123.7,114,3300.0
2026-08-31,中班,ES-03,106.3,127,4107.0
2026-08-31,中班,ES-05,131.7,96,2850.0
2026-08-31,中班,ES-06,121.9,111,3252.0
2026-08-31,中班,ES-07,157.5,92,3022.0
2026-08-31,中班,ES-08,140.3,89,2920.0
2026-08-31,夜班,ES-01,118.6,89,2925.0
2026-08-31,夜班,ES-02,117.6,97,3162.0
2026-08-31,夜班,ES-03,118.4,123,3478.0
2026-08-31,夜班,ES-04,181.0,111,3302.0
2026-08-31,夜班,ES-05,116.6,76,2493.0
2026-08-31,夜班,ES-06,125.9,100,3080.0
2026-08-31,夜班,ES-07,142.2,119,3388.0
2026-09-01,早班,ES-01,115.5,96,2857.0
2026-09-01,早班,ES-03,119.4,106,3484.0
2026-09-01,早班,ES-04,176.0,94,2832.0
2026-09-01,早班,ES-06,120.6,95,2702.0
2026-09-01,早班,ES-07,153.1,119,3927.0
2026-09-01,早班,ES-08,121.4,106,3127.0
2026-09-01,中班,ES-02,157.3,95,2780.0
2026-09-01,中班,ES-03,100.7,97,2987.0
2026-09-01,中班,ES-04,188.4,71,2133.0
2026-09-01,中班,ES-05,114.7,99,2816.0
2026-09-01,中班,ES-06,130.6,125,3956.0
2026-09-01,中班,ES-07,157.8,76,2494.0
2026-09-01,中班,ES-08,119.7,105,3420.0
2026-09-01,夜班,ES-01,114.5,96,2816.0
2026-09-01,夜班,ES-02,125.9,95,2969.0
2026-09-01,夜班,ES-03,109.2,97,2723.0
2026-09-01,夜班,ES-04,178.3,79,2342.0
2026-09-01,夜班,ES-05,118.7,116,3760.0
2026-09-01,夜班,ES-06,130.5,95,2919.0
2026-09-01,夜班,ES-07,157.7,105,3290.0
2026-09-01,夜班,ES-08,115.6,106,3376.0
2026-09-02,早班,ES-01,118.0,97,2901.0
2026-09-02,早班,ES-02,124.6,90,2644.0
2026-09-02,早班,ES-03,103.4,100,2828.0
2026-09-02,早班,ES-05,117.9,75,2425.0
2026-09-02,早班,ES-06,190.2,94,3061.0
2026-09-02,早班,ES-07,155.9,61,1713.0
2026-09-02,早班,ES-08,205.6,109,3181.0
2026-09-02,中班,ES-03,112.1,81,2549.0
2026-09-02,中班,ES-04,169.0,111,3625.0
2026-09-02,中班,ES-07,150.0,107,3464.0
2026-09-02,夜班,ES-01,125.1,88,2644.0
2026-09-02,夜班,ES-02,121.1,93,3028.0
2026-09-02,夜班,ES-03,114.2,88,2823.0
2026-09-02,夜班,ES-04,238.2,118,3871.0
2026-09-02,夜班,ES-05,126.5,79,2391.0
2026-09-02,夜班,ES-07,142.0,67,2170.0
2026-09-02,夜班,ES-08,130.6,96,2763.0
2026-09-03,早班,ES-01,109.6,65,1972.0
2026-09-03,早班,ES-02,121.4,109,3514.0
2026-09-03,早班,ES-03,104.9,118,3382.0
2026-09-03,早班,ES-07,148.0,79,2428.0
2026-09-03,中班,ES-01,110.3,85,2787.0
2026-09-03,中班,ES-03,122.0,120,3634.0
2026-09-03,中班,ES-04,167.9,82,2406.0
2026-09-03,中班,ES-05,123.0,64,2006.0
2026-09-03,中班,ES-06,120.4,77,2412.0
2026-09-03,夜班,ES-02,142.1,79,2419.0
2026-09-03,夜班,ES-03,106.2,65,2007.0
2026-09-03,夜班,ES-04,185.1,119,3339.0
2026-09-03,夜班,ES-05,133.1,86,2684.0
2026-09-03,夜班,ES-06,129.5,115,3402.0
2026-09-03,夜班,ES-07,153.0,109,3506.0
2026-09-03,夜班,ES-08,119.2,99,3081.0
2026-09-04,早班,ES-01,119.7,76,2496.0
2026-09-04,早班,ES-03,118.3,77,2235.0
2026-09-04,早班,ES-04,192.7,79,2599.0
2026-09-04,早班,ES-06,137.9,61,1800.0
2026-09-04,早班,ES-07,143.8,124,4024.0
2026-09-04,早班,ES-08,124.0,103,2929.0
2026-09-04,中班,ES-01,114.3,93,3016.0
2026-09-04,中班,ES-02,140.1,100,2914.0
2026-09-04,中班,ES-03,108.2,94,2860.0
2026-09-04,中班,ES-05,127.7,80,2479.0
2026-09-04,中班,ES-06,125.4,91,2906.0
2026-09-04,中班,ES-08,130.4,127,3717.0
2026-09-04,夜班,ES-01,116.6,97,2936.0
2026-09-04,夜班,ES-04,221.3,79,2459.0
2026-09-04,夜班,ES-05,129.8,93,2948.0
2026-09-04,夜班,ES-06,141.0,87,2785.0
2026-09-04,夜班,ES-07,151.6,93,3028.0
2026-09-04,夜班,ES-08,129.6,113,3677.0
2026-09-05,早班,ES-01,127.7,116,3554.0
2026-09-05,早班,ES-02,175.8,70,2262.0
2026-09-05,早班,ES-03,119.9,57,1835.0
2026-09-05,早班,ES-04,174.4,81,2499.0
2026-09-05,早班,ES-05,141.1,95,2943.0
2026-09-05,中班,ES-01,114.9,50,1621.0
2026-09-05,中班,ES-02,116.0,118,3871.0
2026-09-05,中班,ES-03,116.3,74,2431.0
2026-09-05,中班,ES-04,170.9,74,2309.0
2026-09-05,夜班,ES-01,108.4,94,2731.0
2026-09-05,夜班,ES-02,129.7,88,2624.0
2026-09-05,夜班,ES-03,112.5,98,2921.0
2026-09-05,夜班,ES-05,123.6,89,2582.0
2026-09-05,夜班,ES-07,143.2,70,2306.0
2026-09-05,夜班,ES-08,112.4,107,3426.0
2026-09-06,早班,ES-01,107.1,119,3490.0
2026-09-06,早班,ES-03,109.5,86,2445.0
2026-09-06,早班,ES-04,192.4,119,3853.0
2026-09-06,早班,ES-05,121.9,82,2530.0
2026-09-06,早班,ES-07,170.9,88,2897.0
2026-09-06,中班,ES-01,115.3,86,2458.0
2026-09-06,中班,ES-02,132.9,91,2747.0
2026-09-06,中班,ES-03,120.5,88,2660.0
2026-09-06,中班,ES-04,171.8,104,3037.0
2026-09-06,中班,ES-05,118.3,75,2331.0
2026-09-06,中班,ES-06,126.3,103,2930.0
2026-09-06,中班,ES-08,136.4,102,3259.0
2026-09-06,夜班,ES-01,122.7,101,3025.0
2026-09-06,夜班,ES-03,122.1,127,3720.0
2026-09-06,夜班,ES-04,176.9,77,2519.0
2026-09-06,夜班,ES-05,131.1,69,2195.0
2026-09-06,夜班,ES-06,138.1,90,2944.0
2026-09-07,早班,ES-01,112.1,111,3391.0
2026-09-07,早班,ES-02,137.4,90,2721.0
2026-09-07,早班,ES-04,189.2,103,3186.0
2026-09-07,早班,ES-05,141.0,127,3720.0
2026-09-07,早班,ES-06,125.5,93,2626.0
2026-09-07,早班,ES-08,123.9,89,2777.0
2026-09-07,中班,ES-01,128.9,56,1797.0
2026-09-07,中班,ES-04,182.2,86,2530.0
2026-09-07,中班,ES-05,122.1,57,1829.0
2026-09-07,中班,ES-06,132.9,76,2240.0
2026-09-07,中班,ES-07,147.4,81,2517.0
2026-09-07,夜班,ES-01,124.2,129,3773.0
2026-09-07,夜班,ES-02,137.7,76,2364.0
2026-09-07,夜班,ES-04,170.0,88,2666.0
2026-09-07,夜班,ES-05,118.1,98,2829.0
2026-09-07,夜班,ES-08,126.0,71,2286.0
2026-09-08,早班,ES-01,121.9,99,2986.0
2026-09-08,早班,ES-04,170.0,78,2562.0
2026-09-08,早班,ES-05,124.1,70,1964.0
2026-09-08,早班,ES-08,130.8,104,2915.0
2026-09-08,中班,ES-01,110.0,71,2014.0
2026-09-08,中班,ES-03,113.5,67,2195.0
2026-09-08,中班,ES-04,178.6,97,3034.0
2026-09-08,中班,ES-05,124.0,73,2269.0
2026-09-08,中班,ES-06,153.6,110,3123.0
2026-09-08,中班,ES-07,161.8,114,3346.0
2026-09-08,中班,ES-08,134.7,100,3053.0
2026-09-08,夜班,ES-01,124.6,93,2770.0
2026-09-08,夜班,ES-03,110.8,85,2429.0
2026-09-08,夜班,ES-04,181.4,105,2952.0
2026-09-08,夜班,ES-05,132.0,105,3369.0
2026-09-08,夜班,ES-06,129.6,93,2968.0
2026-09-08,夜班,ES-08,111.2,101,3318.0
2026-09-09,早班,ES-01,130.6,78,2277.0
2026-09-09,早班,ES-02,130.9,84,2507.0
2026-09-09,早班,ES-03,120.0,81,2553.0
2026-09-09,早班,ES-04,186.4,74,2440.0
2026-09-09,早班,ES-05,139.5,104,3069.0
2026-09-09,早班,ES-06,133.8,129,3975.0
2026-09-09,早班,ES-07,162.7,105,3440.0
2026-09-09,早班,ES-08,136.3,65,2084.0
2026-09-09,中班,ES-02,121.2,79,2336.0
2026-09-09,中班,ES-03,107.4,98,3201.0
2026-09-09,中班,ES-04,188.5,76,2477.0
2026-09-09,中班,ES-05,131.4,89,2924.0
2026-09-09,中班,ES-07,148.7,116,3520.0
2026-09-09,中班,ES-08,112.6,95,2836.0
2026-09-09,夜班,ES-01,178.2,89,2930.0
2026-09-09,夜班,ES-02,132.8,80,2531.0
2026-09-09,夜班,ES-04,167.0,122,4015.0
2026-09-09,夜班,ES-05,128.8,44,1326.0
2026-09-09,夜班,ES-06,147.6,121,3620.0
2026-09-09,夜班,ES-07,142.2,74,2271.0
2026-09-09,夜班,ES-08,118.1,106,3364.0
2026-09-10,早班,ES-01,112.4,61,1761.0
2026-09-10,早班,ES-02,122.5,91,2717.0
2026-09-10,早班,ES-04,180.1,90,2559.0
2026-09-10,早班,ES-05,125.6,73,2178.0
2026-09-10,早班,ES-06,132.1,116,3351.0
2026-09-10,早班,ES-08,113.3,67,2192.0
2026-09-10,中班,ES-01,117.5,112,3448.0
2026-09-10,中班,ES-02,142.1,58,1782.0
2026-09-10,中班,ES-03,107.6,104,3140.0
2026-09-10,中班,ES-06,129.0,69,2189.0
2026-09-10,中班,ES-07,148.9,74,2395.0
2026-09-10,中班,ES-08,131.7,116,3609.0
2026-09-10,夜班,ES-01,110.7,112,3263.0
2026-09-10,夜班,ES-03,100.7,68,2194.0
2026-09-10,夜班,ES-04,161.4,117,3352.0
2026-09-10,夜班,ES-05,127.5,71,2087.0
2026-09-10,夜班,ES-07,138.3,90,2660.0
2026-09-10,夜班,ES-08,114.7,88,2598.0
2026-09-11,早班,ES-01,110.5,73,2360.0
2026-09-11,早班,ES-02,119.7,107,3511.0
2026-09-11,早班,ES-03,119.9,105,2964.0
2026-09-11,早班,ES-04,232.5,107,3388.0
2026-09-11,早班,ES-05,134.4,73,2298.0
2026-09-11,早班,ES-06,129.8,101,3293.0
2026-09-11,早班,ES-08,112.1,72,2156.0
2026-09-11,中班,ES-01,128.5,93,2643.0
2026-09-11,中班,ES-02,119.4,100,3270.0
2026-09-11,中班,ES-03,124.7,102,2982.0
2026-09-11,中班,ES-04,184.7,91,2828.0
2026-09-11,中班,ES-05,124.1,107,3395.0
2026-09-11,中班,ES-06,124.4,99,2959.0
2026-09-11,中班,ES-07,154.9,77,2301.0
2026-09-11,中班,ES-08,124.1,103,3039.0
2026-09-11,夜班,ES-03,184.5,90,2645.0
2026-09-11,夜班,ES-04,179.9,112,3406.0
2026-09-11,夜班,ES-05,123.8,109,3192.0
2026-09-11,夜班,ES-06,122.8,105,3145.0
2026-09-12,早班,ES-02,120.3,95,2870.0
2026-09-12,早班,ES-03,116.2,80,2305.0
2026-09-12,早班,ES-04,177.8,79,2472.0
2026-09-12,早班,ES-05,128.1,65,1873.0
2026-09-12,早班,ES-06,129.4,144,4088.0
2026-09-12,早班,ES-07,149.4,98,3105.0
2026-09-12,早班,ES-08,128.6,95,3128.0
2026-09-12,中班,ES-01,132.4,105,3353.0
2026-09-12,中班,ES-02,133.4,92,2687.0
2026-09-12,中班,ES-03,117.9,89,2808.0
2026-09-12,中班,ES-05,121.4,98,3031.0
2026-09-12,中班,ES-06,141.1,88,2493.0
2026-09-12,中班,ES-07,157.9,43,1343.0
2026-09-12,夜班,ES-05,120.0,115,3717.0
2026-09-12,夜班,ES-06,127.1,117,3380.0
2026-09-12,夜班,ES-07,142.1,94,3059.0
2026-09-12,夜班,ES-08,117.8,97,2948.0
2026-09-13,早班,ES-03,106.5,118,3788.0
2026-09-13,早班,ES-05,132.7,100,2966.0
2026-09-13,早班,ES-06,122.0,90,2822.0
2026-09-13,早班,ES-07,133.5,91,2876.0
2026-09-13,早班,ES-08,126.4,89,2910.0
2026-09-13,中班,ES-01,124.3,71,2067.0
2026-09-13,中班,ES-02,121.9,104,3303.0
2026-09-13,中班,ES-03,104.1,120,3648.0
2026-09-13,中班,ES-05,131.3,76,2316.0
2026-09-13,中班,ES-06,128.7,84,2395.0
2026-09-13,中班,ES-07,163.9,75,2123.0
2026-09-13,中班,ES-08,134.8,89,2855.0
2026-09-13,夜班,ES-01,109.4,98,2906.0
2026-09-13,夜班,ES-02,128.6,104,3087.0
2026-09-13,夜班,ES-03,109.3,96,2784.0
2026-09-13,夜班,ES-04,182.4,125,3513.0
2026-09-13,夜班,ES-06,135.4,80,2511.0
2026-09-13,夜班,ES-07,198.1,90,2800.0
2026-09-14,早班,ES-02,117.7,71,2018.0
2026-09-14,早班,ES-03,106.6,122,3923.0
2026-09-14,早班,ES-05,136.1,74,2095.0
2026-09-14,早班,ES-06,127.5,109,3486.0
2026-09-14,早班,ES-07,179.1,81,2619.0
2026-09-14,早班,ES-08,174.4,81,2373.0
2026-09-14,中班,ES-01,120.9,77,2220.0
2026-09-14,中班,ES-02,201.7,107,3184.0
2026-09-14,中班,ES-03,103.6,106,3471.0
2026-09-14,中班,ES-04,165.3,87,2657.0
2026-09-14,中班,ES-05,122.0,79,2399.0
2026-09-14,中班,ES-07,152.3,108,3356.0
2026-09-14,中班,ES-08,164.4,71,2018.0
2026-09-14,夜班,ES-01,119.2,138,4131.0
2026-09-14,夜班,ES-02,126.5,99,2993.0
2026-09-14,夜班,ES-03,194.2,80,2635.0
2026-09-14,夜班,ES-06,132.2,91,2917.0
2026-09-14,夜班,ES-08,116.9,80,2344.0
2026-09-15,早班,ES-01,118.9,79,2605.0
2026-09-15,早班,ES-03,113.0,101,2889.0
2026-09-15,早班,ES-04,186.8,97,2819.0
2026-09-15,早班,ES-05,126.3,124,3637.0
2026-09-15,早班,ES-06,127.2,96,2861.0
2026-09-15,早班,ES-07,151.8,56,1820.0
2026-09-15,早班,ES-08,123.1,96,2723.0
2026-09-15,中班,ES-01,115.2,69,2193.0
2026-09-15,中班,ES-02,135.8,115,3606.0
2026-09-15,中班,ES-03,98.5,93,2734.0
2026-09-15,中班,ES-04,188.1,65,2076.0
2026-09-15,中班,ES-06,120.8,107,3305.0
2026-09-15,夜班,ES-02,118.4,82,2354.0
2026-09-15,夜班,ES-03,112.5,96,2737.0
2026-09-15,夜班,ES-04,146.6,93,3014.0
2026-09-15,夜班,ES-06,127.5,98,3153.0
2026-09-15,夜班,ES-07,156.0,102,2899.0
2026-09-15,夜班,ES-08,136.5,67,1903.0
2026-09-16,早班,ES-01,112.4,84,2365.0
2026-09-16,早班,ES-03,106.5,100,3012.0
2026-09-16,早班,ES-04,179.5,92,2706.0
2026-09-16,早班,ES-05,123.2,66,2119.0
2026-09-16,早班,ES-06,165.8,86,2486.0
2026-09-16,早班,ES-07,158.3,67,2155.0
2026-09-16,早班,ES-08,130.3,89,2792.0
2026-09-16,中班,ES-03,114.0,85,2695.0
2026-09-16,中班,ES-04,187.5,70,2047.0
2026-09-16,中班,ES-07,151.3,104,2916.0
2026-09-16,中班,ES-08,124.8,85,2698.0
2026-09-16,夜班,ES-01,101.2,95,2707.0
2026-09-16,夜班,ES-02,121.5,80,2451.0
2026-09-16,夜班,ES-03,101.0,123,3843.0
2026-09-16,夜班,ES-06,120.9,103,3182.0
2026-09-16,夜班,ES-07,156.2,119,3467.0
2026-09-16,夜班,ES-08,179.3,96,2859.0
2026-09-17,早班,ES-01,116.0,116,3374.0
2026-09-17,早班,ES-02,105.7,70,2282.0
2026-09-17,早班,ES-03,107.4,117,3716.0
2026-09-17,早班,ES-04,169.8,87,2539.0
2026-09-17,早班,ES-05,128.7,84,2504.0
2026-09-17,早班,ES-06,126.5,98,3013.0
2026-09-17,早班,ES-07,156.5,104,3404.0
2026-09-17,早班,ES-08,110.7,99,3063.0
2026-09-17,中班,ES-01,109.0,110,3199.0
2026-09-17,中班,ES-03,111.9,74,2324.0
2026-09-17,中班,ES-04,173.5,111,3439.0
2026-09-17,中班,ES-06,127.4,108,3492.0
2026-09-17,中班,ES-07,142.2,106,3217.0
2026-09-17,中班,ES-08,119.6,101,3051.0
2026-09-17,夜班,ES-01,135.5,123,3791.0
2026-09-17,夜班,ES-02,139.5,87,2466.0
2026-09-17,夜班,ES-03,158.4,88,2893.0
2026-09-17,夜班,ES-04,208.7,122,3501.0
2026-09-17,夜班,ES-05,123.3,100,3087.0
2026-09-17,夜班,ES-06,115.8,91,2840.0
2026-09-17,夜班,ES-07,148.0,101,2874.0
2026-09-17,夜班,ES-08,123.1,127,4188.0
2026-09-18,早班,ES-02,119.2,86,2723.0
2026-09-18,早班,ES-03,97.7,127,3913.0
2026-09-18,早班,ES-04,183.8,69,2136.0
2026-09-18,早班,ES-06,126.0,116,3416.0
2026-09-18,早班,ES-08,128.7,78,2343.0
2026-09-18,中班,ES-02,125.4,83,2394.0
2026-09-18,中班,ES-03,99.3,74,2132.0
2026-09-18,中班,ES-04,172.2,93,2934.0
2026-09-18,中班,ES-05,139.3,89,2892.0
2026-09-18,中班,ES-07,146.7,56,1757.0
2026-09-18,中班,ES-08,130.1,69,1987.0
2026-09-18,夜班,ES-01,123.8,134,4076.0
2026-09-18,夜班,ES-03,117.9,87,2581.0
2026-09-18,夜班,ES-04,186.0,96,2866.0
2026-09-18,夜班,ES-06,127.0,117,3361.0
2026-09-18,夜班,ES-07,139.5,91,2807.0
2026-09-18,夜班,ES-08,133.8,98,2922.0
2026-09-19,早班,ES-01,132.6,104,3181.0
2026-09-19,早班,ES-02,126.2,79,2467.0
2026-09-19,早班,ES-03,105.1,123,3737.0
2026-09-19,早班,ES-05,117.7,80,2548.0
2026-09-19,早班,ES-07,134.4,69,2170.0
2026-09-19,早班,ES-08,193.6,112,3447.0
2026-09-19,中班,ES-01,125.1,90,2695.0
2026-09-19,中班,ES-02,112.1,77,2171.0
2026-09-19,中班,ES-03,117.1,87,2842.0
2026-09-19,中班,ES-04,184.7,67,2165.0
2026-09-19,中班,ES-05,116.1,94,2820.0
2026-09-19,中班,ES-06,128.1,87,2531.0
2026-09-19,中班,ES-07,152.3,94,2758.0
2026-09-19,夜班,ES-01,128.1,124,3970.0
2026-09-19,夜班,ES-02,137.4,96,3046.0
2026-09-19,夜班,ES-03,123.9,94,2742.0
2026-09-19,夜班,ES-04,170.0,105,3009.0
2026-09-19,夜班,ES-07,157.4,113,3254.0
2026-09-19,夜班,ES-08,116.7,85,2411.0
