date,ore_plan_t,waste_plan_t,total_plan_t,ore_actual_t,waste_actual_t,total_actual_t,completion_rate,stripping_ratio
2023-01-01,43595.8,108989.5,152585.2,43430.7,109620.2,153050.9,100.31,2.524
2023-01-02,43609.7,109024.2,152633.9,43933.6,112219.9,156153.5,102.31,2.554
2023-01-03,43624.2,109060.5,152684.7,42611.9,111565.6,154177.5,100.98,2.618
2023-01-04,43639.4,109098.4,152737.8,42994.9,105379.0,148373.9,97.14,2.451
2023-01-05,43655.2,109137.9,152793.1,41687.2,104623.4,146310.6,95.76,2.51
2023-01-06,43671.6,109178.9,152850.5,40663.9,104478.7,145142.6,94.96,2.569
2023-01-07,43688.6,109221.4,152910.0,45544.2,112213.0,157757.2,103.17,2.464
2023-01-08,43706.2,109265.4,152971.6,43579.8,111525.7,155105.5,101.39,2.559
2023-01-09,43724.3,109310.8,153035.2,45582.3,119184.1,164766.4,107.67,2.615
2023-01-10,43743.1,109357.6,153100.7,44719.1,112474.4,157193.5,102.67,2.515
2023-01-11,43762.3,109405.8,153168.1,43446.5,108398.3,151844.9,99.14,2.495
2023-01-12,43782.1,109455.2,153237.3,47109.5,117272.1,164381.6,107.27,2.489
2023-01-13,43802.4,109505.9,153308.3,43867.1,114170.0,158037.1,103.08,2.603
2023-01-14,43823.1,109557.8,153380.9,46620.9,117173.1,163794.0,106.79,2.513
2023-01-15,43844.3,109610.8,153455.1,45649.8,115458.1,161107.9,104.99,2.529
2023-01-16,43865.9,109664.9,153530.8,44832.9,113557.1,158390.1,103.16,2.533
2023-01-17,43888.0,109719.9,153607.9,44686.8,110544.2,155231.0,101.06,2.474
2023-01-18,43910.4,109776.0,153686.3,42272.5,110580.2,152852.6,99.46,2.616
2023-01-19,43933.1,109832.8,153766.0,42500.2,106587.8,149088.0,96.96,2.508
2023-01-20,43956.2,109890.5,153846.7,46017.6,119454.9,165472.4,107.56,2.596
2023-01-21,43979.6,109948.9,153928.4,44488.0,113500.1,157988.2,102.64,2.551
2023-01-22,44003.2,110007.9,154011.0,46716.9,116274.9,162991.8,105.83,2.489
2023-01-23,44027.0,110067.5,154094.4,45071.9,115243.3,160315.2,104.04,2.557
2023-01-24,44051.0,110127.5,154178.5,45145.4,116605.5,161750.9,104.91,2.583
2023-01-25,44075.2,110187.9,154263.0,44816.5,115230.2,160046.7,103.75,2.571
2023-01-26,44099.4,110248.6,154348.0,43766.2,107140.7,150906.9,97.77,2.448
2023-01-27,44123.8,110309.5,154433.3,46160.0,115259.9,161419.9,104.52,2.497
2023-01-28,44148.2,110370.5,154518.6,46370.4,117528.7,163899.1,106.07,2.535
2023-01-29,44172.6,110431.5,154604.0,42827.1,106347.4,149174.6,96.49,2.483
2023-01-30,44196.9,110492.4,154689.3,47229.0,117815.2,165044.2,106.69,2.495
2023-01-31,44221.2,110553.1,154774.3,45654.8,111376.1,157030.9,101.46,2.44
2023-02-01,44245.4,110613.5,154858.9,46612.1,111125.4,157737.5,101.86,2.384
2023-02-02,44269.4,110673.5,154942.9,45930.1,111620.1,157550.3,101.68,2.43
2023-02-03,44293.2,110733.0,155026.2,45900.6,121936.6,167837.3,108.26,2.657
2023-02-04,44316.8,110791.9,155108.7,46388.5,117023.3,163411.8,105.35,2.523
2023-02-05,44340.1,110850.1,155190.2,48907.8,119882.5,168790.4,108.76,2.451
2023-02-06,44363.0,110907.5,155270.5,44456.8,107914.0,152370.7,98.13,2.427
2023-02-07,44385.6,110963.9,155349.5,44265.6,107236.8,151502.4,97.52,2.423
2023-02-08,44407.7,111019.3,155427.1,45593.6,112894.3,158487.9,101.97,2.476
2023-02-09,44429.4,111073.6,155503.0,44931.7,106583.7,151515.4,97.44,2.372
2023-02-10,44450.6,111126.6,155577.2,45271.2,112904.1,158175.3,101.67,2.494
2023-02-11,44471.3,111178.2,155649.5,44609.1,115687.9,160297.0,102.99,2.593
2023-02-12,44491.3,111228.3,155719.7,43910.0,112206.2,156116.3,100.25,2.555
2023-02-13,44510.7,111276.9,155787.6,46266.1,117206.8,163472.9,104.93,2.533
2023-02-14,44529.5,111323.7,155853.2,45756.4,113243.1,158999.4,102.02,2.475
2023-02-15,44547.5,111368.7,155916.2,43343.1,115346.8,158689.9,101.78,2.661
2023-02-16,44564.7,111411.8,155976.6,44182.0,112524.0,156706.0,100.47,2.547
2023-02-17,44581.2,111452.9,156034.1,48385.5,116462.3,164847.8,105.65,2.407
2023-02-18,44596.7,111491.8,156088.6,45751.8,112002.8,157754.6,101.07,2.448
2023-02-19,44611.4,111528.5,156139.9,44610.7,110324.5,154935.2,99.23,2.473
2023-02-20,44625.1,111562.8,156188.0,46724.6,113290.8,160015.4,102.45,2.425
2023-02-21,44637.9,111594.7,156232.6,49934.9,122022.1,171957.0,110.06,2.444
2023-02-22,44649.6,111624.0,156273.6,48584.4,123323.6,171908.0,110.0,2.538
2023-02-23,44660.3,111650.6,156310.9,47259.1,118123.5,165382.6,105.8,2.499
2023-02-24,44669.8,111674.5,156344.3,46380.7,111367.9,157748.6,100.9,2.401
2023-02-25,44678.2,111695.5,156373.7,45941.5,113186.2,159127.7,101.76,2.464
2023-02-26,44685.4,111713.5,156399.0,44712.5,116536.9,161249.4,103.1,2.606
2023-02-27,44691.4,111728.5,156419.9,44401.1,113794.6,158195.7,101.14,2.563
2023-02-28,44696.1,111740.4,156436.5,43134.2,106236.5,149370.7,95.48,2.463
2023-03-01,44699.6,111748.9,156448.5,42829.3,116211.6,159040.9,101.66,2.713
2023-03-02,44701.7,111754.2,156455.9,44291.8,113439.6,157731.3,100.82,2.561
2023-03-03,44702.4,111756.0,156458.5,46239.2,109803.9,156043.1,99.73,2.375
2023-03-04,44701.8,111754.4,156456.2,42236.0,103877.6,146113.6,93.39,2.459
2023-03-05,44699.7,111749.2,156448.8,42058.7,102916.2,144974.9,92.67,2.447
2023-03-06,44696.1,111740.3,156436.4,43037.9,109439.1,152477.0,97.47,2.543
2023-03-07,44691.1,111727.7,156418.7,38333.9,100428.3,138762.2,88.71,2.62
2023-03-08,44684.5,111711.2,156395.7,35624.1,90653.8,126277.9,80.74,2.545
2023-03-09,44676.4,111691.0,156367.3,37998.0,98994.2,136992.2,87.61,2.605
2023-03-10,44666.7,111666.7,156333.4,41534.6,103011.6,144546.2,92.46,2.48
2023-03-11,44655.4,111638.5,156293.9,42520.2,108815.5,151335.7,96.83,2.559
2023-03-12,44642.5,111606.3,156248.8,43163.9,109147.5,152311.4,97.48,2.529
2023-03-13,44628.0,111569.9,156197.8,43514.3,112692.8,156207.1,100.01,2.59
2023-03-14,44611.7,111529.4,156141.1,43984.5,109938.2,153922.7,98.58,2.499
2023-03-15,44593.9,111484.6,156078.5,42561.4,106462.5,149023.9,95.48,2.501
2023-03-16,44574.3,111435.7,156010.0,42198.8,104283.1,146481.9,93.89,2.471
2023-03-17,44553.0,111382.4,155935.4,43261.2,102213.9,145475.1,93.29,2.363
2023-03-18,44530.0,111324.9,155854.8,41204.8,105054.5,146259.3,93.84,2.55
2023-03-19,44505.2,111263.0,155768.2,45938.2,109638.4,155576.6,99.88,2.387
2023-03-20,44478.7,111196.7,155675.4,42135.9,105179.4,147315.3,94.63,2.496
2023-03-21,44450.4,111126.0,155576.5,43849.4,111960.2,155809.6,100.15,2.553
2023-03-22,44420.4,111051.0,155471.4,43602.5,106423.8,150026.3,96.5,2.441
2023-03-23,44388.6,110971.5,155360.1,42230.0,102365.7,144595.8,93.07,2.424
2023-03-24,44355.0,110887.6,155242.6,39763.2,96460.5,136223.8,87.75,2.426
2023-03-25,44319.7,110799.2,155118.9,40603.0,104289.5,144892.5,93.41,2.569
2023-03-26,44282.6,110706.4,154989.0,46046.1,113322.7,159368.8,102.83,2.461
2023-03-27,44243.7,110609.2,154852.9,45691.0,117637.9,163328.9,105.47,2.575
2023-03-28,44203.0,110507.6,154710.6,44043.1,110571.6,154614.7,99.94,2.511
2023-03-29,44160.6,110401.6,154562.2,40458.2,104918.4,145376.6,94.06,2.593
2023-03-30,44116.5,110291.2,154407.6,41995.5,108026.2,150021.8,97.16,2.572
2023-03-31,44070.6,110176.4,154247.0,42593.1,107585.2,150178.3,97.36,2.526
2023-04-01,44022.9,110057.3,154080.2,40045.0,103688.7,143733.7,93.28,2.589
2023-04-02,43973.6,109933.9,153907.5,41881.1,101810.0,143691.1,93.36,2.431
2023-04-03,43922.5,109806.2,153728.7,43142.9,107756.5,150899.4,98.16,2.498
2023-04-04,43869.7,109674.4,153544.1,42403.2,105587.0,147990.2,96.38,2.49
2023-04-05,43815.3,109538.3,153353.6,44734.5,109979.4,154713.9,100.89,2.458
2023-04-06,43759.3,109398.1,153157.4,43691.3,114526.3,158217.6,103.3,2.621
2023-04-07,43701.6,109253.9,152955.4,39852.0,102391.5,142243.4,93.0,2.569
2023-04-08,43642.3,109105.6,152747.9,39883.1,106422.0,146305.0,95.78,2.668
2023-04-09,43581.4,108953.5,152534.8,44237.2,111194.3,155431.5,101.9,2.514
2023-04-10,43519.0,108797.4,152316.4,44640.7,104291.6,148932.2,97.78,2.336
2023-04-11,43455.0,108637.5,152092.6,46106.6,109975.2,156081.9,102.62,2.385
2023-04-12,43389.6,108474.0,151863.5,44991.4,117475.7,162467.1,106.98,2.611
2023-04-13,43322.7,108306.7,151629.4,43396.0,113016.7,156412.7,103.15,2.604
2023-04-14,43254.4,108136.0,151390.4,43230.5,105928.3,149158.8,98.53,2.45
2023-04-15,43184.7,107961.7,151146.4,42814.0,102520.4,145334.4,96.15,2.395
2023-04-16,43113.6,107784.1,150897.8,44213.2,111027.8,155241.0,102.88,2.511
2023-04-17,43041.3,107603.2,150644.5,43769.4,109151.4,152920.7,101.51,2.494
2023-04-18,42967.7,107419.2,150386.9,44272.5,108140.5,152413.0,101.35,2.443
2023-04-19,42892.8,107232.1,150124.9,42178.4,110673.0,152851.4,101.82,2.624
2023-04-20,42816.8,107042.0,149858.8,40020.8,100546.8,140567.6,93.8,2.512
2023-04-21,42739.6,106849.1,149588.8,42043.7,108101.7,150145.5,100.37,2.571
2023-04-22,42661.4,106653.5,149314.9,25032.7,62523.7,87556.4,58.64,2.498
2023-04-23,42582.1,106455.2,149037.3,45044.0,104733.1,149777.0,100.5,2.325
2023-04-24,42501.8,106254.5,148756.3,42217.7,110409.2,152626.8,102.6,2.615
2023-04-25,42420.6,106051.4,148472.0,42527.4,102556.5,145083.9,97.72,2.412
2023-04-26,42338.5,105846.1,148184.6,44003.0,112001.3,156004.3,105.28,2.545
2023-04-27,42255.5,105638.7,147894.2,42114.7,102953.7,145068.4,98.09,2.445
2023-04-28,42171.8,105429.4,147601.1,42312.5,105443.7,147756.1,100.11,2.492
2023-04-29,42087.3,105218.2,147305.5,42862.3,110909.0,153771.3,104.39,2.588
2023-04-30,42002.1,105005.3,147007.5,41961.1,104451.5,146412.6,99.6,2.489
2023-05-01,41916.4,104790.9,146707.3,42392.1,110625.0,153017.1,104.3,2.61
2023-05-02,41830.1,104575.2,146405.2,41749.3,101861.9,143611.1,98.09,2.44
2023-05-03,41743.2,104358.1,146101.4,41830.8,105246.7,147077.5,100.67,2.516
2023-05-04,41656.0,104140.0,145796.0,40921.6,105843.8,146765.4,100.66,2.586
2023-05-05,41568.4,103920.9,145489.3,39863.2,101816.8,141680.0,97.38,2.554
2023-05-06,41480.4,103701.0,145181.4,42004.4,103048.5,145052.9,99.91,2.453
2023-05-07,41392.2,103480.5,144872.7,41427.9,96273.8,137701.7,95.05,2.324
2023-05-08,41303.8,103259.5,144563.3,36844.4,92838.6,129683.0,89.71,2.52
2023-05-09,41215.3,103038.2,144253.5,38793.1,101382.7,140175.9,97.17,2.613
2023-05-10,41126.7,102816.7,143943.4,41996.2,104196.5,146192.7,101.56,2.481
2023-05-11,41038.1,102595.2,143633.3,41906.5,107424.2,149330.7,103.97,2.563
2023-05-12,40949.5,102373.9,143323.4,42691.7,106114.4,148806.1,103.83,2.486
2023-05-13,40861.1,102152.8,143013.9,40770.0,105927.2,146697.3,102.58,2.598
2023-05-14,40772.9,101932.2,142705.1,41005.1,103039.2,144044.3,100.94,2.513
2023-05-15,40684.9,101712.3,142397.2,39759.4,92987.7,132747.0,93.22,2.339
2023-05-16,40597.3,101493.2,142090.4,38252.8,101938.9,140191.7,98.66,2.665
2023-05-17,40510.0,101275.0,141785.0,40487.9,99476.0,139963.9,98.72,2.457
2023-05-18,40423.2,101057.9,141481.1,41369.5,104098.6,145468.1,102.82,2.516
2023-05-19,40336.8,100842.1,141179.0,40533.5,103382.5,143916.0,101.94,2.551
2023-05-20,40251.1,100627.8,140878.9,37436.1,95521.9,132958.0,94.38,2.552
2023-05-21,40166.0,100415.0,140581.0,37475.5,92929.9,130405.4,92.76,2.48
2023-05-22,40081.6,100204.0,140285.6,36401.2,96699.7,133100.9,94.88,2.656
2023-05-23,39998.0,99994.9,139992.8,38233.2,99866.0,138099.2,98.65,2.612
2023-05-24,39915.1,99787.9,139703.0,37808.2,95669.5,133477.7,95.54,2.53
2023-05-25,39833.2,99583.1,139416.3,39476.5,102043.2,141519.7,101.51,2.585
2023-05-26,39752.3,99380.6,139132.9,37772.1,97772.6,135544.7,97.42,2.588
2023-05-27,39672.3,99180.7,138853.0,40383.7,97526.7,137910.5,99.32,2.415
2023-05-28,39593.4,98983.5,138576.9,39308.3,102622.3,141930.5,102.42,2.611
2023-05-29,39515.7,98789.1,138304.8,39849.5,96280.1,136129.6,98.43,2.416
2023-05-30,39439.1,98597.7,138036.8,42025.2,106094.5,148119.7,107.3,2.525
2023-05-31,39363.8,98409.5,137773.2,39626.1,103043.4,142669.6,103.55,2.6
2023-06-01,39289.8,98224.4,137514.2,38890.8,94699.9,133590.7,97.15,2.435
2023-06-02,39217.1,98042.8,137259.9,38254.6,92282.9,130537.5,95.1,2.412
2023-06-03,39145.9,97864.7,137010.6,39009.2,98856.9,137866.1,100.62,2.534
2023-06-04,39076.1,97690.3,136766.4,36344.2,94406.6,130750.8,95.6,2.598
2023-06-05,39007.9,97519.7,136527.6,37213.0,91812.8,129025.8,94.51,2.467
2023-06-06,38941.2,97353.0,136294.2,36451.4,87983.2,124434.5,91.3,2.414
2023-06-07,38876.1,97190.4,136066.5,39024.0,96962.8,135986.8,99.94,2.485
2023-06-08,38812.8,97031.9,135844.7,40203.8,102061.6,142265.4,104.73,2.539
2023-06-09,38751.1,96877.8,135628.9,39917.7,100431.3,140349.0,103.48,2.516
2023-06-10,38691.2,96728.0,135419.2,41616.0,103414.3,145030.3,107.1,2.485
2023-06-11,38633.1,96582.8,135215.9,41366.6,99303.4,140670.0,104.03,2.401
2023-06-12,38576.9,96442.2,135019.0,42002.6,103711.4,145714.0,107.92,2.469
2023-06-13,38522.5,96306.3,134828.8,40494.4,104857.1,145351.5,107.8,2.589
2023-06-14,38470.1,96175.2,134645.3,39595.2,100233.3,139828.5,103.85,2.531
2023-06-15,38419.6,96049.1,134468.7,38258.0,98169.5,136427.5,101.46,2.566
2023-06-16,38371.2,95928.0,134299.2,39087.6,102139.8,141227.5,105.16,2.613
2023-06-17,38324.8,95811.9,134136.7,42333.3,99941.6,142274.9,106.07,2.361
2023-06-18,38280.4,95701.1,133981.5,38392.9,95439.1,133832.1,99.89,2.486
2023-06-19,38238.2,95595.5,133833.7,41062.6,108264.4,149327.0,111.58,2.637
2023-06-20,38198.1,95495.3,133693.4,44700.9,106458.5,151159.4,113.06,2.382
2023-06-21,38160.2,95400.4,133560.6,42515.7,109512.3,152028.0,113.83,2.576
2023-06-22,38124.4,95311.0,133435.4,42570.6,101159.1,143729.7,107.71,2.376
2023-06-23,38090.9,95227.2,133318.0,40190.7,96785.1,136975.8,102.74,2.408
2023-06-24,38059.6,95148.9,133208.4,36705.0,90231.5,126936.6,95.29,2.458
2023-06-25,38030.5,95076.2,133106.7,38755.9,96609.9,135365.8,101.7,2.493
2023-06-26,38003.7,95009.2,133012.9,35514.1,96941.8,132455.9,99.58,2.73
2023-06-27,37979.2,94948.0,132927.1,34115.2,82089.2,116204.3,87.42,2.406
2023-06-28,37957.0,94892.4,132849.4,35669.2,87762.7,123431.9,92.91,2.46
2023-06-29,37937.1,94842.7,132779.7,38891.6,94333.2,133224.8,100.34,2.426
2023-06-30,37919.5,94798.7,132718.2,38267.4,96532.0,134799.3,101.57,2.523
2023-07-01,37904.2,94760.6,132664.8,38070.4,95756.2,133826.6,100.88,2.515
2023-07-02,37891.3,94728.2,132619.5,37036.6,90619.7,127656.3,96.26,2.447
2023-07-03,37880.7,94701.8,132582.5,35381.7,88854.8,124236.5,93.71,2.511
2023-07-04,37872.5,94681.2,132553.6,36022.6,93278.3,129300.9,97.55,2.589
2023-07-05,37866.6,94666.4,132533.0,37264.1,93097.8,130361.9,98.36,2.498
2023-07-06,37863.0,94657.5,132520.5,37459.1,92458.0,129917.1,98.04,2.468
2023-07-07,37861.7,94654.4,132516.1,36908.0,89858.8,126766.8,95.66,2.435
2023-07-08,37862.8,94657.1,132519.9,35875.3,91091.0,126966.3,95.81,2.539
2023-07-09,37866.2,94665.6,132531.8,37531.1,96120.8,133652.0,100.85,2.561
2023-07-10,37872.0,94679.9,132551.8,33723.6,86642.9,120366.5,90.81,2.569
2023-07-11,37880.0,94699.9,132579.9,39204.6,92981.6,132186.2,99.7,2.372
2023-07-12,37890.3,94725.6,132615.9,35391.7,90356.1,125747.9,94.82,2.553
2023-07-13,37902.8,94757.0,132659.8,35843.2,87904.6,123747.8,93.28,2.452
2023-07-14,37917.6,94794.0,132711.6,32702.2,84707.3,117409.5,88.47,2.59
2023-07-15,37934.6,94836.6,132771.2,35055.1,90789.3,125844.4,94.78,2.59
2023-07-16,37953.9,94884.7,132838.6,38285.5,91019.7,129305.2,97.34,2.377
2023-07-17,37975.3,94938.2,132913.5,35679.4,93477.7,129157.1,97.17,2.62
2023-07-18,37998.9,94997.2,132996.1,36023.3,90224.7,126247.9,94.93,2.505
2023-07-19,38024.6,95061.4,133086.0,35878.3,96546.0,132424.3,99.5,2.691
2023-07-20,38052.4,95131.0,133183.3,36386.2,89083.9,125470.1,94.21,2.448
2023-07-21,38082.3,95205.7,133287.9,36374.0,93721.5,130095.5,97.6,2.577
2023-07-22,38114.2,95285.4,133399.6,36793.5,94623.7,131417.1,98.51,2.572
2023-07-23,38148.1,95370.2,133518.3,37133.4,90110.8,127244.2,95.3,2.427
2023-07-24,38184.0,95460.0,133643.9,35360.6,90747.5,126108.1,94.36,2.566
2023-07-25,38221.8,95554.5,133776.3,39405.7,97244.9,136650.6,102.15,2.468
2023-07-26,38261.5,95653.8,133915.3,38522.2,93788.9,132311.1,98.8,2.435
2023-07-27,38303.1,95757.7,134060.7,39033.9,93178.5,132212.4,98.62,2.387
2023-07-28,38346.4,95866.1,134212.6,37018.1,90955.3,127973.4,95.35,2.457
2023-07-29,38391.6,95979.0,134370.5,37166.7,88798.3,125965.0,93.74,2.389
2023-07-30,38438.5,96096.1,134534.6,37648.1,89259.0,126907.1,94.33,2.371
2023-07-31,38487.0,96217.5,134704.5,37003.9,89076.3,126080.2,93.6,2.407
2023-08-01,38537.2,96342.9,134880.1,36836.1,93099.8,129935.9,96.33,2.527
2023-08-02,38588.9,96472.3,135061.2,37794.8,96416.4,134211.2,99.37,2.551
2023-08-03,38642.2,96605.5,135247.8,39175.9,94537.5,133713.4,98.87,2.413
2023-08-04,38697.0,96742.5,135439.5,37415.2,97557.1,134972.2,99.66,2.607
2023-08-05,38753.2,96883.0,135636.2,36815.5,91091.1,127906.6,94.3,2.474
2023-08-06,38810.8,97027.0,135837.8,34980.8,87329.0,122309.8,90.04,2.496
2023-08-07,38869.7,97174.3,136044.0,38218.0,97015.5,135233.5,99.4,2.538
2023-08-08,38929.9,97324.7,136254.6,38096.5,102683.7,140780.3,103.32,2.695
2023-08-09,38991.3,97478.3,136469.6,39741.1,100524.8,140265.9,102.78,2.529
2023-08-10,39053.9,97634.7,136688.6,40131.3,98272.0,138403.3,101.25,2.449
2023-08-11,39117.6,97793.9,136911.5,40626.2,101314.4,141940.5,103.67,2.494
2023-08-12,39182.3,97955.7,137138.0,38186.7,103242.0,141428.7,103.13,2.704
2023-08-13,39248.0,98120.0,137368.1,38819.4,97761.5,136580.8,99.43,2.518
2023-08-14,39314.7,98286.7,137601.4,39271.0,104202.5,143473.5,104.27,2.653
2023-08-15,39382.2,98455.5,137837.8,39051.3,95792.6,134843.9,97.83,2.453
2023-08-16,39450.6,98626.4,138077.0,40212.6,102328.7,142541.3,103.23,2.545
2023-08-17,39519.7,98799.2,138318.9,40316.9,102699.9,143016.8,103.4,2.547
2023-08-18,39589.5,98973.8,138563.3,38710.4,99065.7,137776.1,99.43,2.559
2023-08-19,39660.0,99149.9,138809.9,36745.2,90790.9,127536.1,91.88,2.471
2023-08-20,39731.0,99327.5,139058.6,40381.5,94296.0,134677.6,96.85,2.335
2023-08-21,39802.6,99506.5,139309.0,39094.8,98969.5,138064.3,99.11,2.532
2023-08-22,39874.6,99686.5,139561.1,44500.1,105744.3,150244.4,107.65,2.376
2023-08-23,39947.0,99867.6,139814.7,41198.4,96195.4,137393.9,98.27,2.335
2023-08-24,40019.8,100049.6,140069.4,41441.5,105599.5,147041.1,104.98,2.548
2023-08-25,40092.9,100232.2,140325.1,40961.4,100163.8,141125.2,100.57,2.445
2023-08-26,40166.2,100415.5,140581.7,40132.6,98065.6,138198.2,98.3,2.444
2023-08-27,40239.7,100599.2,140838.8,41698.3,106102.3,147800.6,104.94,2.545
2023-08-28,40313.2,100783.1,141096.3,42496.8,107589.2,150086.1,106.37,2.532
2023-08-29,40386.9,100967.2,141354.0,43116.6,104842.5,147959.1,104.67,2.432
2023-08-30,40460.5,101151.3,141611.8,41079.9,98261.3,139341.3,98.4,2.392
2023-08-31,40534.1,101335.2,141869.3,41346.8,102150.1,143496.8,101.15,2.471
2023-09-01,40607.5,101518.8,142126.4,41928.2,104911.5,146839.7,103.32,2.502
2023-09-02,40680.8,101702.0,142382.9,42178.0,104892.8,147070.8,103.29,2.487
2023-09-03,40753.9,101884.7,142638.6,39977.9,103065.9,143043.7,100.28,2.578
2023-09-04,40826.7,102066.7,142893.3,40391.1,104995.5,145386.6,101.74,2.599
2023-09-05,40899.1,102247.8,143146.9,39627.2,95496.9,135124.1,94.4,2.41
2023-09-06,40971.2,102428.0,143399.2,38459.2,95998.7,134458.0,93.76,2.496
2023-09-07,41042.8,102607.1,143650.0,40232.4,101819.2,142051.6,98.89,2.531
2023-09-08,41114.0,102785.0,143899.0,39995.9,101047.6,141043.5,98.02,2.526
2023-09-09,41184.6,102961.6,144146.2,41295.6,100502.0,141797.6,98.37,2.434
2023-09-10,41254.7,103136.7,144391.4,40703.9,101086.7,141790.6,98.2,2.483
2023-09-11,41324.1,103310.3,144634.4,40991.0,103985.0,144975.9,100.24,2.537
2023-09-12,41392.9,103482.2,144875.0,38883.6,92516.5,131400.1,90.7,2.379
2023-09-13,41460.9,103652.3,145113.2,40660.6,99367.4,140028.0,96.5,2.444
2023-09-14,41528.2,103820.5,145348.6,42102.8,105792.3,147895.2,101.75,2.513
2023-09-15,41594.7,103986.7,145581.3,42443.3,105147.9,147591.2,101.38,2.477
2023-09-16,41660.3,104150.8,145811.1,42882.8,105635.2,148518.0,101.86,2.463
2023-09-17,41725.1,104312.7,146037.8,39519.6,97700.0,137219.6,93.96,2.472
2023-09-18,41788.9,104472.3,146261.3,40281.2,107948.6,148229.8,101.35,2.68
2023-09-19,41851.8,104629.6,146481.4,43256.2,110942.2,154198.4,105.27,2.565
2023-09-20,41913.7,104784.4,146698.1,44350.4,109790.8,154141.2,105.07,2.476
2023-09-21,41974.6,104936.6,146911.2,44389.2,110307.7,154696.9,105.3,2.485
2023-09-22,42034.5,105086.2,147120.7,44832.2,116074.1,160906.3,109.37,2.589
2023-09-23,42093.2,105233.1,147326.4,43085.0,105166.8,148251.9,100.63,2.441
2023-09-24,42150.9,105377.3,147528.2,42078.6,112868.9,154947.5,105.03,2.682
2023-09-25,42207.4,105518.6,147726.0,42428.8,102734.5,145163.4,98.27,2.421
2023-09-26,42262.8,105657.0,147919.8,45079.8,103047.3,148127.1,100.14,2.286
2023-09-27,42317.0,105792.4,148109.4,46253.0,117139.3,163392.3,110.32,2.533
2023-09-28,42369.9,105924.9,148294.8,43809.2,113130.1,156939.3,105.83,2.582
2023-09-29,42421.7,106054.2,148475.9,42686.9,104450.0,147136.9,99.1,2.447
2023-09-30,42472.2,106180.5,148652.7,44453.0,109786.9,154239.9,103.76,2.47
2023-10-01,42521.5,106303.6,148825.1,44064.8,113802.5,157867.3,106.08,2.583
2023-10-02,42569.4,106423.6,148993.0,41692.6,104708.2,146400.9,98.26,2.511
2023-10-03,42616.1,106540.3,149156.4,42498.8,108785.9,151284.6,101.43,2.56
2023-10-04,42661.5,106653.8,149315.3,45145.8,108111.2,153257.0,102.64,2.395
2023-10-05,42705.6,106764.0,149469.5,44904.4,117160.1,162064.5,108.43,2.609
2023-10-06,42748.3,106870.9,149619.2,45229.9,112796.1,158026.0,105.62,2.494
2023-10-07,42789.8,106974.4,149764.2,43730.7,107516.1,151246.8,100.99,2.459
2023-10-08,42829.9,107074.7,149904.6,45256.9,105515.0,150771.9,100.58,2.331
2023-10-09,42868.7,107171.7,150040.3,43416.7,106625.5,150042.2,100.0,2.456
2023-10-10,42906.1,107265.3,150171.4,26140.2,66343.7,92483.9,61.59,2.538
2023-10-11,42942.2,107355.6,150297.8,45754.7,109088.7,154843.4,103.02,2.384
2023-10-12,42977.0,107442.5,150419.5,43310.7,109902.5,153213.2,101.86,2.538
2023-10-13,43010.5,107526.2,150536.6,40167.5,100106.8,140274.3,93.18,2.492
2023-10-14,43042.6,107606.5,150649.1,39652.9,102421.5,142074.4,94.31,2.583
2023-10-15,43073.4,107683.6,150757.0,42993.1,104113.1,147106.2,97.58,2.422
2023-10-16,43102.9,107757.3,150860.3,44296.5,109469.0,153765.5,101.93,2.471
2023-10-17,43131.2,107827.9,150959.1,43710.7,105555.6,149266.3,98.88,2.415
2023-10-18,43158.1,107895.2,151053.3,41661.3,107196.9,148858.2,98.55,2.573
2023-10-19,43183.8,107959.4,151143.2,40190.3,102278.9,142469.3,94.26,2.545
2023-10-20,43208.2,108020.4,151228.6,39375.2,101192.2,140567.4,92.95,2.57
2023-10-21,43231.3,108078.3,151309.7,38167.2,92894.8,131062.0,86.62,2.434
2023-10-22,43253.3,108133.2,151386.5,39203.8,101298.4,140502.2,92.81,2.584
2023-10-23,43274.0,108185.0,151459.0,39370.5,105702.1,145072.7,95.78,2.685
2023-10-24,43293.6,108233.9,151527.5,42458.5,107970.4,150428.9,99.28,2.543
2023-10-25,43312.0,108279.9,151591.8,42794.3,108836.5,151630.8,100.03,2.543
2023-10-26,43329.2,108323.0,151652.2,43388.5,105229.0,148617.4,98.0,2.425
2023-10-27,43345.3,108363.3,151708.7,42193.3,106014.3,148207.7,97.69,2.513
2023-10-28,43360.4,108400.9,151761.3,43279.1,110828.8,154107.8,101.55,2.561
2023-10-29,43374.4,108435.9,151810.2,43841.5,108460.0,152301.5,100.32,2.474
2023-10-30,43387.3,108468.2,151855.5,43904.3,111794.3,155698.5,102.53,2.546
2023-10-31,43399.2,108498.0,151897.3,42986.6,107333.4,150320.1,98.96,2.497
2023-11-01,43410.2,108525.4,151935.6,43599.6,106578.6,150178.2,98.84,2.444
2023-11-02,43420.2,108550.4,151970.6,43723.9,106010.5,149734.3,98.53,2.425
2023-11-03,43429.2,108573.1,152002.3,45315.3,111966.2,157281.5,103.47,2.471
2023-11-04,43437.4,108593.6,152031.0,44234.8,106302.9,150537.7,99.02,2.403
2023-11-05,43444.8,108611.9,152056.7,44847.2,108674.6,153521.8,100.96,2.423
2023-11-06,43451.3,108628.2,152079.5,45076.5,118925.5,164001.9,107.84,2.638
2023-11-07,43457.0,108642.6,152099.6,46403.4,117372.4,163775.8,107.68,2.529
2023-11-08,43462.0,108655.0,152117.0,47100.2,115556.2,162656.4,106.93,2.453
2023-11-09,43466.3,108665.7,152132.0,42277.0,112370.8,154647.8,101.65,2.658
2023-11-10,43469.9,108674.7,152144.6,44702.5,114519.0,159221.6,104.65,2.562
2023-11-11,43472.8,108682.1,152154.9,44012.1,109127.3,153139.4,100.65,2.479
2023-11-12,43475.2,108687.9,152163.1,40535.6,101169.4,141705.0,93.13,2.496
2023-11-13,43476.9,108692.4,152169.3,40002.4,104119.9,144122.3,94.71,2.603
2023-11-14,43478.2,108695.5,152173.7,41451.8,101022.6,142474.4,93.63,2.437
2023-11-15,43479.0,108697.4,152176.3,41392.4,100863.9,142256.3,93.48,2.437
2023-11-16,43479.3,108698.2,152177.4,43099.4,103100.4,146199.9,96.07,2.392
2023-11-17,43479.2,108697.9,152177.0,41291.3,100569.5,141860.8,93.22,2.436
2023-11-18,43478.7,108696.7,152175.3,42101.9,108984.8,151086.7,99.28,2.589
2023-11-19,43477.8,108694.6,152172.5,40143.3,101464.0,141607.3,93.06,2.528
2023-11-20,43476.7,108691.8,152168.5,40113.0,108400.4,148513.3,97.6,2.702
2023-11-21,43475.3,108688.4,152163.7,42203.1,102595.3,144798.3,95.16,2.431
2023-11-22,43473.7,108684.4,152158.1,44357.8,115539.9,159897.7,105.09,2.605
2023-11-23,43472.0,108679.9,152151.9,44450.6,104055.9,148506.6,97.6,2.341
2023-11-24,43470.0,108675.1,152145.1,42971.6,110312.2,153283.8,100.75,2.567
2023-11-25,43468.0,108670.0,152138.0,46822.9,111025.5,157848.4,103.75,2.371
2023-11-26,43465.9,108664.7,152130.6,45921.6,102102.5,148024.1,97.3,2.223
2023-11-27,43463.7,108659.4,152123.1,44860.3,113080.4,157940.7,103.82,2.521
2023-11-28,43461.6,108654.0,152115.6,42388.9,108637.5,151026.4,99.28,2.563
2023-11-29,43459.5,108648.7,152108.2,42721.3,103943.9,146665.2,96.42,2.433
2023-11-30,43457.5,108643.7,152101.1,39120.2,97195.5,136315.7,89.62,2.485
2023-12-01,43455.6,108638.9,152094.4,42436.8,109128.7,151565.5,99.65,2.572
2023-12-02,43453.8,108634.4,152088.2,44236.1,112286.8,156522.8,102.92,2.538
2023-12-03,43452.2,108630.4,152082.6,42054.2,109452.9,151507.2,99.62,2.603
2023-12-04,43450.8,108627.0,152077.7,42102.7,105346.7,147449.5,96.96,2.502
2023-12-05,43449.6,108624.1,152073.7,42977.8,111672.6,154650.4,101.69,2.598
2023-12-06,43448.7,108621.9,152070.6,44319.3,109573.3,153892.6,101.2,2.472
2023-12-07,43448.2,108620.4,152068.6,40985.3,105325.9,146311.2,96.21,2.57
2023-12-08,43447.9,108619.8,152067.7,43707.5,115772.7,159480.2,104.87,2.649
2023-12-09,43448.0,108620.1,152068.1,45127.1,109054.0,154181.2,101.39,2.417
2023-12-10,43448.5,108621.3,152069.8,40449.7,102282.2,142731.9,93.86,2.529
2023-12-11,43449.4,108623.5,152073.0,41074.5,106596.6,147671.2,97.11,2.595
2023-12-12,43450.8,108626.9,152077.6,40383.3,107818.1,148201.4,97.45,2.67
2023-12-13,43452.6,108631.4,152083.9,39152.1,97988.3,137140.4,90.17,2.503
2023-12-14,43454.8,108637.1,152091.9,39870.7,103185.7,143056.5,94.06,2.588
2023-12-15,43457.6,108644.0,152101.6,42730.3,103251.8,145982.1,95.98,2.416
2023-12-16,43460.9,108652.3,152113.2,42812.3,107230.9,150043.2,98.64,2.505
2023-12-17,43464.8,108661.9,152126.6,42123.3,106334.0,148457.3,97.59,2.524
2023-12-18,43469.2,108672.9,152142.0,42000.9,106077.9,148078.8,97.33,2.526
2023-12-19,43474.1,108685.3,152159.5,42428.3,109718.6,152146.9,99.99,2.586
2023-12-20,43479.7,108699.2,152178.9,40713.4,105733.6,146447.0,96.23,2.597
2023-12-21,43485.9,108714.7,152200.5,42883.2,108554.2,151437.4,99.5,2.531
2023-12-22,43492.6,108731.6,152224.3,42555.4,105670.0,148225.4,97.37,2.483
2023-12-23,43500.1,108750.1,152250.2,42177.2,106197.4,148374.6,97.45,2.518
2023-12-24,43508.1,108770.2,152278.3,41541.5,102076.0,143617.4,94.31,2.457
2023-12-25,43516.8,108791.9,152308.7,43594.3,104969.8,148564.1,97.54,2.408
2023-12-26,43526.1,108815.2,152341.3,43487.8,113847.5,157335.4,103.28,2.618
2023-12-27,43536.1,108840.2,152376.3,44206.6,109818.8,154025.4,101.08,2.484
2023-12-28,43546.7,108866.8,152413.5,41957.8,101969.5,143927.3,94.43,2.43
2023-12-29,43558.0,108895.0,152453.0,44655.2,111955.4,156610.6,102.73,2.507
2023-12-30,43569.9,108924.8,152494.8,44409.1,112641.6,157050.8,102.99,2.536
2023-12-31,43582.5,108956.3,152538.9,41961.7,107529.8,149491.5,98.0,2.563
2024-01-01,45775.6,114438.9,160214.5,44093.6,105850.0,149943.7,93.59,2.401
2024-01-02,45790.2,114475.4,160265.6,43412.2,111449.5,154861.7,96.63,2.567
2024-01-03,45805.4,114513.6,160319.0,42444.6,110780.4,153225.0,95.58,2.61
2024-01-04,45821.3,114553.4,160374.7,43884.8,108431.9,152316.7,94.98,2.471
2024-01-05,45837.9,114594.8,160432.7,45757.4,117776.2,163533.6,101.93,2.574
2024-01-06,45855.2,114637.9,160493.0,44192.2,112164.2,156356.3,97.42,2.538
2024-01-07,45873.0,114682.5,160555.5,44046.0,109749.9,153795.9,95.79,2.492
2024-01-08,45891.5,114728.7,160620.2,47311.0,115482.1,162793.1,101.35,2.441
2024-01-09,45910.6,114776.4,160686.9,46140.1,115814.2,161954.2,100.79,2.51
2024-01-10,45930.2,114825.5,160755.7,51122.6,126063.6,177186.1,110.22,2.466
2024-01-11,45950.4,114876.1,160826.5,51792.7,123949.5,175742.2,109.27,2.393
2024-01-12,45971.2,114928.0,160899.2,49834.6,123478.5,173313.1,107.72,2.478
2024-01-13,45992.5,114981.2,160973.7,51254.5,126934.2,178188.6,110.69,2.477
2024-01-14,46014.3,115035.7,161049.9,48564.1,120474.9,169038.9,104.96,2.481
2024-01-15,46036.5,115091.3,161127.9,49210.8,123222.3,172433.1,107.02,2.504
2024-01-16,46059.2,115148.1,161207.4,48460.6,121024.5,169485.1,105.13,2.497
2024-01-17,46082.4,115205.9,161288.3,47553.7,115112.7,162666.4,100.85,2.421
2024-01-18,46105.9,115264.8,161370.7,51175.9,123691.7,174867.6,108.36,2.417
2024-01-19,46129.8,115324.5,161454.3,49990.9,120241.8,170232.7,105.44,2.405
2024-01-20,46154.0,115385.0,161539.0,48333.4,119755.0,168088.4,104.05,2.478
2024-01-21,46178.5,115446.3,161624.8,47044.3,116881.2,163925.5,101.42,2.484
2024-01-22,46203.3,115508.3,161711.6,47513.3,116777.7,164291.0,101.6,2.458
2024-01-23,46228.3,115570.8,161799.2,46695.3,119655.5,166350.9,102.81,2.562
2024-01-24,46253.5,115633.9,161887.4,49699.5,123509.7,173209.2,106.99,2.485
2024-01-25,46278.9,115697.3,161976.2,47533.3,119607.3,167140.6,103.19,2.516
2024-01-26,46304.4,115761.0,162065.4,48307.7,120622.0,168929.7,104.24,2.497
2024-01-27,46330.0,115824.9,162154.9,49364.2,119757.5,169121.7,104.3,2.426
2024-01-28,46355.6,115889.0,162244.6,47757.8,119820.9,167578.7,103.29,2.509
2024-01-29,46381.2,115953.0,162334.2,43862.2,110418.0,154280.1,95.04,2.517
2024-01-30,46406.8,116017.0,162423.8,43412.0,111069.6,154481.6,95.11,2.558
2024-01-31,46432.3,116080.7,162513.0,48102.6,116197.0,164299.6,101.1,2.416
2024-02-01,46457.7,116144.2,162601.8,47893.1,123995.3,171888.4,105.71,2.589
2024-02-02,46482.9,116207.2,162690.1,49448.9,125935.8,175384.7,107.8,2.547
2024-02-03,46507.9,116269.7,162777.5,48696.0,123719.7,172415.7,105.92,2.541
2024-02-04,46532.6,116331.5,162864.1,48663.0,124317.5,172980.5,106.21,2.555
2024-02-05,46557.1,116392.6,162949.7,52277.1,130306.8,182583.9,112.05,2.493
2024-02-06,46581.1,116452.9,163034.0,50522.5,133113.5,183636.0,112.64,2.635
2024-02-07,46604.9,116512.1,163117.0,49144.5,127186.8,176331.3,108.1,2.588
2024-02-08,46628.1,116570.3,163198.4,47163.4,117288.6,164452.1,100.77,2.487
2024-02-09,46650.9,116627.3,163278.2,47344.2,118491.2,165835.3,101.57,2.503
2024-02-10,46673.2,116682.9,163356.1,44407.5,115837.4,160244.9,98.1,2.609
2024-02-11,46694.8,116737.1,163431.9,46989.7,114289.6,161279.3,98.68,2.432
2024-02-12,46715.9,116789.7,163505.6,45821.7,112639.6,158461.4,96.91,2.458
2024-02-13,46736.3,116840.7,163577.0,47881.3,113894.8,161776.1,98.9,2.379
2024-02-14,46756.0,116889.9,163645.8,50521.0,122982.6,173503.6,106.02,2.434
2024-02-15,46774.9,116937.2,163712.0,47207.1,124738.9,171946.0,105.03,2.642
2024-02-16,46793.0,116982.4,163775.4,48690.6,124405.8,173096.4,105.69,2.555
2024-02-17,46810.2,117025.5,163835.8,46161.9,109538.3,155700.2,95.03,2.373
2024-02-18,46826.6,117066.4,163893.0,42094.7,104942.9,147037.5,89.72,2.493
2024-02-19,46842.0,117104.9,163946.9,45638.9,109217.0,154855.8,94.45,2.393
2024-02-20,46856.4,117141.0,163997.4,43281.6,108087.1,151368.6,92.3,2.497
2024-02-21,46869.8,117174.4,164044.2,45490.0,113237.2,158727.2,96.76,2.489
2024-02-22,46882.1,117205.2,164087.3,43709.6,102716.6,146426.1,89.24,2.35
2024-02-23,46893.3,117233.2,164126.4,46773.0,110221.8,156994.8,95.65,2.357
2024-02-24,46903.3,117258.2,164161.5,46597.1,112519.5,159116.6,96.93,2.415
2024-02-25,46912.1,117280.3,164192.4,47676.4,121699.1,169375.5,103.16,2.553
2024-02-26,46919.7,117299.2,164218.9,42484.5,113194.8,155679.3,94.8,2.664
2024-02-27,46926.0,117315.0,164240.9,47555.5,111311.4,158866.8,96.73,2.341
2024-02-28,46930.9,117327.4,164258.3,46985.3,114294.1,161279.4,98.19,2.433
2024-02-29,46934.6,117336.4,164270.9,44022.1,105102.6,149124.8,90.78,2.387
2024-03-01,46936.8,117341.9,164278.7,45391.3,114420.8,159812.1,97.28,2.521
2024-03-02,46937.5,117343.9,164281.4,46113.3,118164.9,164278.2,100.0,2.562
2024-03-03,46936.8,117342.1,164279.0,48189.5,119532.8,167722.4,102.1,2.48
2024-03-04,46934.6,117336.6,164271.3,46315.5,113356.8,159672.3,97.2,2.447
2024-03-05,46930.9,117327.3,164258.2,45076.9,114925.1,160002.0,97.41,2.55
2024-03-06,46925.6,117314.0,164239.7,21680.6,66411.5,88092.1,53.64,3.063
2024-03-07,46918.7,117296.8,164215.5,49292.9,119110.6,168403.4,102.55,2.416
2024-03-08,46910.2,117275.5,164185.7,48085.3,121251.3,169336.6,103.14,2.522
2024-03-09,46900.0,117250.1,164150.1,48682.6,118269.5,166952.1,101.71,2.429
2024-03-10,46888.2,117220.4,164108.6,44169.5,108382.6,152552.0,92.96,2.454
2024-03-11,46874.6,117186.6,164061.2,47289.5,116882.8,164172.4,100.07,2.472
2024-03-12,46859.4,117148.4,164007.7,48835.6,124662.6,173498.1,105.79,2.553
2024-03-13,46842.3,117105.8,163948.2,49519.4,130137.8,179657.2,109.58,2.628
2024-03-14,46823.6,117058.9,163882.4,48673.2,126115.5,174788.7,106.65,2.591
2024-03-15,46803.0,117007.5,163810.5,52452.7,128290.6,180743.4,110.34,2.446
2024-03-16,46780.6,116951.6,163732.2,50941.0,129874.7,180815.7,110.43,2.55
2024-03-17,46756.5,116891.1,163647.6,48803.9,125097.4,173901.3,106.27,2.563
2024-03-18,46730.5,116826.1,163556.6,46746.8,113951.8,160698.7,98.25,2.438
2024-03-19,46702.6,116756.5,163459.2,45541.8,121428.2,166970.0,102.15,2.666
2024-03-20,46672.9,116682.4,163355.3,44879.8,116738.6,161618.4,98.94,2.601
2024-03-21,46641.4,116603.5,163244.9,49184.7,121210.5,170395.2,104.38,2.464
2024-03-22,46608.0,116520.1,163128.1,49074.1,118837.5,167911.6,102.93,2.422
2024-03-23,46572.8,116432.0,163004.7,48145.2,117157.6,165302.8,101.41,2.433
2024-03-24,46535.7,116339.2,162874.9,48982.4,122277.6,171260.0,105.15,2.496
2024-03-25,46496.7,116241.8,162738.5,45440.5,118904.1,164344.5,100.99,2.617
2024-03-26,46455.9,116139.7,162595.6,47558.4,122406.6,169965.0,104.53,2.574
2024-03-27,46413.2,116033.0,162446.2,47762.7,112712.9,160475.6,98.79,2.36
2024-03-28,46368.7,115921.7,162290.3,46832.3,116178.8,163011.1,100.44,2.481
2024-03-29,46322.3,115805.7,162128.0,44433.7,117000.7,161434.4,99.57,2.633
2024-03-30,46274.1,115685.2,161959.3,46693.8,114314.8,161008.6,99.41,2.448
2024-03-31,46224.1,115560.2,161784.2,46100.4,123463.6,169564.0,104.81,2.678
2024-04-01,46172.2,115430.6,161602.8,48793.0,120698.6,169491.6,104.88,2.474
2024-04-02,46118.6,115296.5,161415.2,48209.7,118810.0,167019.7,103.47,2.464
2024-04-03,46063.2,115158.1,161221.3,49549.6,121153.8,170703.5,105.88,2.445
2024-04-04,46006.1,115015.2,161021.3,48099.8,119342.8,167442.7,103.99,2.481
2024-04-05,45947.2,114868.0,160815.2,46646.2,121684.3,168330.6,104.67,2.609
2024-04-06,45886.6,114716.6,160603.2,46960.4,120766.2,167726.6,104.44,2.572
2024-04-07,45824.4,114560.9,160385.3,45282.7,110425.6,155708.3,97.08,2.439
2024-04-08,45760.5,114401.1,160161.6,47268.3,114872.5,162140.8,101.24,2.43
2024-04-09,45694.9,114237.3,159932.2,46763.2,113427.0,160190.3,100.16,2.426
2024-04-10,45627.8,114069.4,159697.2,41656.5,110918.1,152574.6,95.54,2.663
2024-04-11,45559.1,113897.7,159456.7,40777.3,101833.2,142610.6,89.44,2.497
2024-04-12,45488.8,113722.1,159210.9,40049.5,104877.6,144927.2,91.03,2.619
2024-04-13,45417.1,113542.8,158959.9,42411.2,103494.7,145905.9,91.79,2.44
2024-04-14,45343.9,113359.8,158703.7,46365.7,115655.6,162021.3,102.09,2.494
2024-04-15,45269.3,113173.3,158442.7,43126.4,112415.0,155541.4,98.17,2.607
2024-04-16,45193.4,112983.4,158176.8,47715.0,121453.5,169168.5,106.95,2.545
2024-04-17,45116.1,112790.2,157906.2,43518.1,112434.0,155952.1,98.76,2.584
2024-04-18,45037.5,112593.7,157631.2,44581.2,105984.6,150565.9,95.52,2.377
2024-04-19,44957.6,112394.1,157351.8,43562.4,107530.1,151092.5,96.02,2.468
2024-04-20,44876.6,112191.6,157068.2,46099.4,115511.0,161610.3,102.89,2.506
2024-04-21,44794.5,111986.1,156780.6,46028.4,117848.4,163876.8,104.53,2.56
2024-04-22,44711.2,111778.0,156489.2,44847.1,112393.6,157240.7,100.48,2.506
2024-04-23,44626.9,111567.2,156194.1,45706.3,119954.0,165660.4,106.06,2.624
2024-04-24,44541.6,111354.0,155895.6,44047.9,112104.6,156152.5,100.16,2.545
2024-04-25,44455.4,111138.4,155593.8,42906.3,108661.3,151567.5,97.41,2.533
2024-04-26,44368.3,110920.7,155288.9,41457.0,99187.6,140644.6,90.57,2.393
2024-04-27,44280.3,110700.9,154981.2,40744.2,98798.3,139542.5,90.04,2.425
2024-04-28,44191.6,110479.1,154670.8,38888.5,100781.6,139670.0,90.3,2.592
2024-04-29,44102.2,110255.6,154357.9,39981.5,105286.9,145268.4,94.11,2.633
2024-04-30,44012.2,110030.5,154042.7,43130.1,108317.1,151447.2,98.32,2.511
2024-05-01,43921.6,109803.9,153725.5,40157.1,106209.2,146366.4,95.21,2.645
2024-05-02,43830.4,109576.0,153406.4,41848.5,105321.8,147170.2,95.93,2.517
2024-05-03,43738.8,109347.0,153085.8,40403.2,97012.0,137415.3,89.76,2.401
2024-05-04,43646.8,109116.9,152763.7,40047.1,107961.9,148009.0,96.89,2.696
2024-05-05,43554.4,108886.1,152440.5,43064.8,110433.9,153498.8,100.69,2.564
2024-05-06,43461.8,108654.5,152116.4,41730.3,107759.8,149490.0,98.27,2.582
2024-05-07,43369.0,108422.5,151791.5,42876.1,107232.5,150108.6,98.89,2.501
2024-05-08,43276.0,108190.1,151466.2,42563.7,98656.5,141220.2,93.24,2.318
2024-05-09,43183.0,107957.5,151140.6,42892.3,102269.9,145162.2,96.04,2.384
2024-05-10,43090.0,107725.0,150815.0,41724.2,102248.2,143972.3,95.46,2.451
2024-05-11,42997.0,107492.5,150489.6,44390.8,106414.9,150805.7,100.21,2.397
2024-05-12,42904.2,107260.5,150164.6,44650.7,110735.7,155386.3,103.48,2.48
2024-05-13,42811.5,107028.9,149840.4,44802.6,111181.9,155984.5,104.1,2.482
2024-05-14,42719.2,106797.9,149517.1,43723.5,108880.3,152603.9,102.06,2.49
2024-05-15,42627.1,106567.8,149195.0,44269.3,108945.5,153214.9,102.69,2.461
2024-05-16,42535.5,106338.7,148874.2,43247.7,108039.4,151287.1,101.62,2.498
2024-05-17,42444.3,106110.8,148555.1,41469.7,105456.5,146926.3,98.9,2.543
2024-05-18,42353.7,105884.2,148237.9,38987.7,98416.8,137404.6,92.69,2.524
2024-05-19,42263.7,105659.1,147922.8,39772.5,104462.5,144235.1,97.51,2.626
2024-05-20,42174.3,105435.7,147610.0,42610.6,109417.6,152028.2,102.99,2.568
2024-05-21,42085.7,105214.2,147299.9,41615.8,104109.3,145725.1,98.93,2.502
2024-05-22,41997.9,104994.6,146992.5,43288.5,105953.9,149242.3,101.53,2.448
2024-05-23,41910.9,104777.3,146688.2,44661.4,113738.8,158400.2,107.98,2.547
2024-05-24,41824.9,104562.2,146387.1,44408.9,107493.4,151902.3,103.77,2.421
2024-05-25,41739.9,104349.7,146089.5,44842.7,111539.6,156382.3,107.05,2.487
2024-05-26,41655.9,104139.8,145795.7,41623.7,107774.0,149397.8,102.47,2.589
2024-05-27,41573.1,103932.7,145505.8,44797.3,113877.6,158675.0,109.05,2.542
2024-05-28,41491.4,103728.6,145220.0,41360.1,99978.9,141339.0,97.33,2.417
2024-05-29,41411.1,103527.6,144938.7,41019.3,103098.9,144118.2,99.43,2.513
2024-05-30,41332.0,103329.9,144661.9,41679.1,105765.0,147444.1,101.92,2.538
2024-05-31,41254.3,103135.6,144389.9,41673.6,96568.6,138242.2,95.74,2.317
2024-06-01,41178.0,102944.9,144122.9,41445.3,96540.8,137986.1,95.74,2.329
2024-06-02,41103.2,102757.9,143861.1,38807.3,98154.1,136961.4,95.2,2.529
2024-06-03,41029.9,102574.8,143604.7,38623.8,104477.3,143101.2,99.65,2.705
2024-06-04,40958.3,102395.7,143353.9,39417.2,96128.9,135546.2,94.55,2.439
2024-06-05,40888.3,102220.6,143108.9,39109.4,93607.1,132716.4,92.74,2.393
2024-06-06,40820.0,102049.9,142869.8,38672.8,99797.7,138470.5,96.92,2.581
2024-06-07,40753.4,101883.5,142636.9,41828.2,110514.6,152342.8,106.8,2.642
2024-06-08,40688.7,101721.6,142410.3,40763.7,106227.2,146990.9,103.22,2.606
2024-06-09,40625.8,101564.4,142190.2,41298.4,102989.8,144288.2,101.48,2.494
2024-06-10,40564.8,101411.9,141976.7,40658.3,101242.4,141900.8,99.95,2.49
2024-06-11,40505.7,101264.3,141770.0,38798.1,94302.8,133100.9,93.89,2.431
2024-06-12,40448.6,101121.6,141570.2,36898.5,93580.9,130479.4,92.17,2.536
2024-06-13,40393.6,100984.0,141377.6,40254.7,97747.7,138002.4,97.61,2.428
2024-06-14,40340.6,100851.5,141192.2,42018.1,104433.8,146452.0,103.73,2.485
2024-06-15,40289.7,100724.4,141014.1,40339.1,97590.6,137929.6,97.81,2.419
2024-06-16,40241.0,100602.5,140843.6,41913.5,105730.8,147644.4,104.83,2.523
2024-06-17,40194.5,100486.2,140680.6,39367.5,97300.6,136668.2,97.15,2.472
2024-06-18,40150.1,100375.3,140525.4,37324.7,93659.8,130984.5,93.21,2.509
2024-06-19,40108.0,100270.0,140378.0,37114.8,95346.2,132461.1,94.36,2.569
2024-06-20,40068.2,100170.4,140238.6,39018.3,98441.2,137459.5,98.02,2.523
2024-06-21,40030.6,100076.6,140107.2,41282.2,98735.2,140017.4,99.94,2.392
2024-06-22,39995.4,99988.5,139983.9,42984.6,104748.7,147733.3,105.54,2.437
2024-06-23,39962.5,99906.3,139868.9,41745.9,110471.6,152217.5,108.83,2.646
2024-06-24,39932.0,99830.0,139762.0,38930.9,96702.0,135632.9,97.05,2.484
2024-06-25,39903.9,99759.7,139663.6,40325.6,104931.9,145257.5,104.01,2.602
2024-06-26,39878.1,99695.3,139573.5,42771.1,111594.0,154365.2,110.6,2.609
2024-06-27,39854.8,99637.0,139491.9,39895.8,100799.9,140695.6,100.86,2.527
2024-06-28,39833.9,99584.8,139418.7,37919.1,91701.1,129620.2,92.97,2.418
2024-06-29,39815.5,99538.6,139354.1,40317.5,97263.3,137580.8,98.73,2.412
2024-06-30,39799.4,99498.6,139298.0,41475.3,103353.3,144828.6,103.97,2.492
2024-07-01,39785.9,99464.7,139250.5,42457.4,98781.0,141238.3,101.43,2.327
2024-07-02,39774.7,99436.9,139211.6,43648.8,111947.1,155595.9,111.77,2.565
2024-07-03,39766.1,99415.2,139181.3,39997.8,99098.1,139095.9,99.94,2.478
2024-07-04,39759.9,99399.7,139159.6,42606.3,111571.5,154177.8,110.79,2.619
2024-07-05,39756.1,99390.3,139146.5,39720.5,96251.7,135972.1,97.72,2.423
2024-07-06,39754.8,99387.1,139141.9,41337.9,107917.0,149254.8,107.27,2.611
2024-07-07,39756.0,99389.9,139145.9,42285.1,104935.4,147220.6,105.8,2.482
2024-07-08,39759.6,99398.9,139158.4,41954.1,101884.2,143838.4,103.36,2.428
2024-07-09,39765.6,99413.9,139179.4,41020.4,103597.6,144618.0,103.91,2.526
2024-07-10,39774.0,99434.9,139208.9,41456.5,105161.8,146618.3,105.32,2.537
2024-07-11,39784.8,99461.9,139246.7,41929.0,108104.9,150033.9,107.75,2.578
2024-07-12,39797.9,99494.9,139292.8,39488.1,96773.2,136261.3,97.82,2.451
2024-07-13,39813.5,99533.7,139347.2,42108.2,104124.1,146232.3,104.94,2.473
2024-07-14,39831.4,99578.4,139409.8,40856.5,105482.1,146338.6,104.97,2.582
2024-07-15,39851.6,99628.9,139480.5,43351.2,113306.5,156657.6,112.32,2.614
2024-07-16,39874.1,99685.2,139559.2,43121.6,106950.6,150072.2,107.53,2.48
2024-07-17,39898.8,99747.0,139645.9,43683.3,110471.2,154154.5,110.39,2.529
2024-07-18,39925.8,99814.5,139740.3,44029.0,112203.7,156232.7,111.8,2.548
2024-07-19,39955.0,99887.5,139842.5,40885.8,104232.5,145118.3,103.77,2.549
2024-07-20,39986.4,99965.9,139952.3,41449.5,103930.6,145380.1,103.88,2.507
2024-07-21,40019.9,100049.7,140069.6,39403.1,99550.1,138953.2,99.2,2.526
2024-07-22,40055.5,100138.7,140194.2,38562.5,102199.0,140761.5,100.4,2.65
2024-07-23,40093.2,100232.9,140326.1,41304.5,97981.7,139286.2,99.26,2.372
2024-07-24,40132.9,100332.2,140465.1,39691.3,101042.1,140733.4,100.19,2.546
2024-07-25,40174.6,100436.5,140611.0,42029.8,103087.7,145117.5,103.2,2.453
2024-07-26,40218.2,100545.6,140763.8,38187.2,103808.4,141995.6,100.88,2.718
2024-07-27,40263.8,100659.4,140923.2,39276.9,96083.7,135360.6,96.05,2.446
2024-07-28,40311.2,100777.9,141089.1,41068.3,99394.4,140462.7,99.56,2.42
2024-07-29,40360.4,100900.9,141261.3,42514.8,112138.4,154653.2,109.48,2.638
2024-07-30,40411.3,101028.4,141439.7,43026.9,108413.3,151440.2,107.07,2.52
2024-07-31,40464.0,101160.1,141624.1,43065.7,106235.6,149301.3,105.42,2.467
2024-08-01,40518.4,101295.9,141814.3,45337.7,107173.6,152511.3,107.54,2.364
2024-08-02,40574.3,101435.8,142010.1,42865.1,109238.6,152103.8,107.11,2.548
2024-08-03,40631.8,101579.6,142211.4,43133.8,110227.2,153361.1,107.84,2.555
2024-08-04,40690.9,101727.2,142418.0,45596.1,112530.5,158126.5,111.03,2.468
2024-08-05,40751.3,101878.3,142629.7,45182.5,119572.0,164754.5,115.51,2.646
2024-08-06,40813.2,102033.0,142846.2,44690.0,112827.6,157517.6,110.27,2.525
2024-08-07,40876.4,102191.0,143067.4,41447.0,107635.2,149082.2,104.2,2.597
2024-08-08,40940.9,102352.2,143293.1,42894.5,107884.2,150778.7,105.22,2.515
2024-08-09,41006.6,102516.4,143523.0,41853.5,102078.8,143932.2,100.29,2.439
2024-08-10,41073.4,102683.6,143757.0,41556.4,103660.2,145216.6,101.02,2.494
2024-08-11,41141.4,102853.5,143994.9,40999.3,107720.9,148720.2,103.28,2.627
2024-08-12,41210.4,103026.0,144236.5,41637.7,107992.2,149629.9,103.74,2.594
2024-08-13,41280.4,103201.0,144481.4,40784.8,100818.6,141603.4,98.01,2.472
2024-08-14,41351.3,103378.3,144729.6,38919.5,96711.7,135631.2,93.71,2.485
2024-08-15,41423.1,103557.8,144980.9,38320.6,95838.8,134159.4,92.54,2.501
2024-08-16,41495.7,103739.2,145234.9,37455.7,96047.5,133503.2,91.92,2.564
2024-08-17,41569.0,103922.5,145491.5,38983.7,99530.3,138514.0,95.2,2.553
2024-08-18,41643.0,104107.4,145750.4,42461.2,110857.2,153318.4,105.19,2.611
2024-08-19,41717.6,104293.9,146011.5,43244.8,111958.5,155203.3,106.3,2.589
2024-08-20,41792.7,104481.8,146274.5,42790.2,107038.9,149829.0,102.43,2.501
2024-08-21,41868.3,104670.9,146539.2,41025.0,104048.0,145073.0,99.0,2.536
2024-08-22,41944.4,104861.0,146805.4,39190.5,102661.7,141852.2,96.63,2.62
2024-08-23,42020.8,105052.1,147072.9,44520.1,106922.9,151443.0,102.97,2.402
2024-08-24,42097.5,105243.9,147341.4,43532.3,112836.2,156368.5,106.13,2.592
2024-08-25,42174.5,105436.3,147610.8,40492.3,101020.1,141512.4,95.87,2.495
2024-08-26,42251.6,105629.1,147880.8,40799.6,103012.5,143812.1,97.25,2.525
2024-08-27,42328.9,105822.3,148151.2,41089.7,105321.9,146411.6,98.83,2.563
2024-08-28,42406.2,106015.5,148421.8,39742.9,105571.7,145314.6,97.91,2.656
2024-08-29,42483.5,106208.8,148692.3,37367.2,92859.0,130226.3,87.58,2.485
2024-08-30,42560.8,106401.9,148962.7,42194.6,106090.5,148285.0,99.55,2.514
2024-08-31,42637.9,106594.8,149232.7,44544.4,109056.7,153601.1,102.93,2.448
2024-09-01,42714.9,106787.1,149502.0,43044.6,113365.4,156410.1,104.62,2.634
2024-09-02,42791.6,106978.9,149770.5,44508.0,110299.2,154807.3,103.36,2.478
2024-09-03,42868.0,107170.0,150038.0,42440.2,105605.9,148046.1,98.67,2.488
2024-09-04,42944.1,107360.2,150304.3,44199.7,111065.0,155264.7,103.3,2.513
2024-09-05,43019.8,107549.4,150569.2,43089.2,103677.1,146766.3,97.47,2.406
2024-09-06,43095.0,107737.5,150832.5,42495.3,105847.2,148342.6,98.35,2.491
2024-09-07,43169.7,107924.3,151094.0,43134.0,104769.8,147903.8,97.89,2.429
2024-09-08,43243.9,108109.7,151353.5,45549.6,108495.1,154044.7,101.78,2.382
2024-09-09,43317.4,108293.5,151611.0,42015.0,103599.0,145614.0,96.04,2.466
2024-09-10,43390.3,108475.8,151866.1,44589.8,114021.1,158610.9,104.44,2.557
2024-09-11,43462.5,108656.3,152118.8,45982.1,113182.8,159164.9,104.63,2.461
2024-09-12,43533.9,108834.9,152368.8,44778.5,116812.1,161590.6,106.05,2.609
2024-09-13,43604.6,109011.5,152616.1,43384.5,108510.9,151895.4,99.53,2.501
2024-09-14,43674.4,109186.0,152860.4,46817.3,117050.5,163867.8,107.2,2.5
2024-09-15,43743.3,109358.3,153101.6,44582.6,106794.5,151377.0,98.87,2.395
2024-09-16,43811.3,109528.3,153339.7,43722.4,109993.6,153716.1,100.25,2.516
2024-09-17,43878.4,109695.9,153574.3,43483.9,111514.2,154998.1,100.93,2.564
2024-09-18,43944.4,109861.0,153805.5,43272.9,106391.6,149664.5,97.31,2.459
2024-09-19,44009.4,110023.6,154033.0,42124.7,102761.7,144886.4,94.06,2.439
2024-09-20,44073.4,110183.4,154256.8,43875.2,106247.2,150122.4,97.32,2.422
2024-09-21,44136.2,110340.5,154476.7,41519.5,108959.6,150479.1,97.41,2.624
2024-09-22,44197.9,110494.8,154692.7,44984.4,110502.2,155486.5,100.51,2.456
2024-09-23,44258.5,110646.1,154904.6,46937.4,118327.0,165264.4,106.69,2.521
2024-09-24,44317.8,110794.5,155112.3,47353.2,114218.6,161571.8,104.16,2.412
2024-09-25,44375.9,110939.8,155315.8,45051.6,117481.6,162533.2,104.65,2.608
2024-09-26,44432.8,111082.0,155514.9,44757.8,111978.7,156736.5,100.79,2.502
2024-09-27,44488.4,111221.1,155709.6,45423.7,108811.1,154234.7,99.05,2.395
2024-09-28,44542.8,111357.0,155899.7,44274.0,110294.6,154568.6,99.15,2.491
2024-09-29,44595.8,111489.5,156085.4,45145.1,115138.6,160283.6,102.69,2.55
2024-09-30,44647.5,111618.8,156266.3,48560.9,119766.8,168327.7,107.72,2.466
2024-10-01,44697.9,111744.8,156442.7,48661.2,116972.2,165633.4,105.87,2.404
2024-10-02,44746.9,111867.3,156614.2,48941.8,119514.1,168456.0,107.56,2.442
2024-10-03,44794.6,111986.4,156781.0,47786.5,122343.6,170130.1,108.51,2.56
2024-10-04,44840.9,112102.1,156943.0,44110.6,114545.1,158655.7,101.09,2.597
2024-10-05,44885.8,112214.4,157100.2,43729.2,107411.6,151140.8,96.21,2.456
2024-10-06,44929.3,112323.2,157252.4,43215.4,113360.0,156575.4,99.57,2.623
2024-10-07,44971.4,112428.5,157399.8,42887.1,109727.8,152614.9,96.96,2.559
2024-10-08,45012.1,112530.3,157542.4,44789.8,106013.1,150802.8,95.72,2.367
2024-10-09,45051.4,112628.5,157680.0,41464.3,104273.8,145738.0,92.43,2.515
2024-10-10,45089.3,112723.3,157812.7,42999.9,108425.1,151425.1,95.95,2.522
2024-10-11,45125.9,112814.7,157940.5,43264.0,105232.4,148496.4,94.02,2.432
2024-10-12,45161.0,112902.5,158063.5,44399.4,112395.2,156794.6,99.2,2.531
2024-10-13,45194.7,112986.8,158181.6,44193.7,108176.0,152369.7,96.33,2.448
2024-10-14,45227.1,113067.7,158294.8,46011.1,108796.9,154808.0,97.8,2.365
2024-10-15,45258.1,113145.2,158403.3,46549.4,118854.7,165404.0,104.42,2.553
2024-10-16,45287.7,113219.3,158507.0,42172.9,110032.6,152205.5,96.02,2.609
2024-10-17,45316.0,113290.0,158606.0,43671.1,108155.3,151826.4,95.73,2.477
2024-10-18,45342.9,113357.4,158700.3,41496.7,104617.5,146114.2,92.07,2.521
2024-10-19,45368.6,113421.4,158790.0,47004.5,114182.1,161186.6,101.51,2.429
2024-10-20,45392.9,113482.2,158875.1,43755.0,107848.0,151603.0,95.42,2.465
2024-10-21,45415.9,113539.8,158955.8,46059.3,114387.1,160446.4,100.94,2.483
2024-10-22,45437.7,113594.3,159032.0,42141.9,107270.3,149412.2,93.95,2.545
2024-10-23,45458.2,113645.6,159103.8,46986.7,116536.3,163523.0,102.78,2.48
2024-10-24,45477.5,113693.9,159171.4,47341.4,119393.7,166735.0,104.75,2.522
2024-10-25,45495.7,113739.2,159234.8,48049.9,115999.6,164049.5,103.02,2.414
2024-10-26,45512.6,113781.5,159294.1,46805.0,109450.0,156255.0,98.09,2.338
2024-10-27,45528.4,113821.0,159349.4,44683.2,107470.9,152154.1,95.48,2.405
2024-10-28,45543.1,113857.7,159400.7,43460.3,110020.7,153481.1,96.29,2.532
2024-10-29,45556.7,113891.6,159448.3,46500.3,118327.2,164827.5,103.37,2.545
2024-10-30,45569.2,113922.9,159492.1,45458.0,114566.4,160024.5,100.33,2.52
2024-10-31,45580.7,113951.7,159532.4,46742.1,117161.9,163904.0,102.74,2.507
2024-11-01,45591.2,113977.9,159569.1,44139.4,115514.0,159653.4,100.05,2.617
2024-11-02,45600.7,114001.8,159602.5,46541.4,116952.8,163494.1,102.44,2.513
2024-11-03,45609.3,114023.3,159632.6,48574.4,122022.3,170596.7,106.87,2.512
2024-11-04,45617.0,114042.5,159659.5,48854.0,116899.3,165753.3,103.82,2.393
2024-11-05,45623.9,114059.6,159683.5,43714.7,105445.7,149160.4,93.41,2.412
2024-11-06,45629.9,114074.7,159704.6,44797.6,114541.6,159339.2,99.77,2.557
2024-11-07,45635.1,114087.8,159722.9,42284.4,110388.6,152673.0,95.59,2.611
2024-11-08,45639.6,114099.0,159738.6,43390.9,112858.1,156249.0,97.82,2.601
2024-11-09,45643.4,114108.4,159751.8,44783.3,113758.6,158541.9,99.24,2.54
2024-11-10,45646.5,114116.2,159762.6,45365.1,115909.5,161274.6,100.95,2.555
2024-11-11,45648.9,114122.3,159771.2,51008.7,117055.8,168064.4,105.19,2.295
2024-11-12,45650.8,114127.0,159777.8,50118.1,124737.2,174855.2,109.44,2.489
2024-11-13,45652.1,114130.3,159782.4,49762.3,123837.8,173600.1,108.65,2.489
2024-11-14,45652.9,114132.3,159785.2,48068.7,123185.9,171254.7,107.18,2.563
2024-11-15,45653.2,114133.1,159786.3,46672.2,121782.0,168454.1,105.42,2.609
2024-11-16,45653.1,114132.8,159785.9,46996.6,121548.6,168545.1,105.48,2.586
2024-11-17,45652.6,114131.5,159784.1,48371.9,117900.8,166272.7,104.06,2.437
2024-11-18,45651.7,114129.3,159781.1,47608.5,123125.5,170734.0,106.85,2.586
2024-11-19,45650.6,114126.4,159777.0,51915.1,130798.5,182713.6,114.36,2.519
2024-11-20,45649.1,114122.8,159771.9,48315.3,124500.7,172816.0,108.16,2.577
2024-11-21,45647.4,114118.6,159766.0,49252.0,126669.4,175921.5,110.11,2.572
2024-11-22,45645.6,114113.9,159759.5,52776.8,125628.3,178405.1,111.67,2.38
2024-11-23,45643.5,114108.8,159752.4,46735.6,121906.9,168642.5,105.56,2.608
2024-11-24,45641.4,114103.5,159744.9,46945.0,112310.2,159255.2,99.69,2.392
2024-11-25,45639.2,114097.9,159737.1,43996.3,113727.6,157723.9,98.74,2.585
2024-11-26,45636.9,114092.3,159729.2,43609.8,106093.1,149702.9,93.72,2.433
2024-11-27,45634.7,114086.7,159721.4,45334.1,115138.0,160472.1,100.47,2.54
2024-11-28,45632.5,114081.2,159713.7,44295.1,110694.4,154989.5,97.04,2.499
2024-11-29,45630.3,114075.9,159706.2,47255.1,117322.4,164577.5,103.05,2.483
2024-11-30,45628.3,114070.8,159699.2,47200.0,116974.8,164174.7,102.8,2.478
2024-12-01,45626.5,114066.2,159692.6,50350.7,125134.4,175485.2,109.89,2.485
2024-12-02,45624.8,114062.0,159686.7,48387.3,118482.5,166869.8,104.5,2.449
2024-12-03,45623.3,114058.3,159681.6,46176.2,118723.0,164899.2,103.27,2.571
2024-12-04,45622.1,114055.3,159677.4,46341.6,120340.4,166682.0,104.39,2.597
2024-12-05,45621.2,114053.0,159674.1,43346.9,111896.5,155243.4,97.23,2.581
2024-12-06,45620.6,114051.4,159672.0,44879.4,111545.3,156424.7,97.97,2.485
2024-12-07,45620.3,114050.8,159671.1,48343.2,119476.5,167819.7,105.1,2.471
2024-12-08,45620.4,114051.1,159671.5,46004.7,111655.7,157660.3,98.74,2.427
2024-12-09,45620.9,114052.3,159673.3,44447.1,117343.1,161790.2,101.33,2.64
2024-12-10,45621.9,114054.7,159676.6,42999.9,112982.5,155982.4,97.69,2.628
2024-12-11,45623.3,114058.2,159681.5,41473.9,102063.3,143537.1,89.89,2.461
2024-12-12,45625.2,114062.9,159688.1,42242.1,108950.1,151192.2,94.68,2.579
2024-12-13,45627.6,114068.9,159696.5,39654.5,109200.8,148855.3,93.21,2.754
2024-12-14,45630.5,114076.2,159706.7,43433.7,108517.2,151950.9,95.14,2.498
2024-12-15,45634.0,114084.9,159718.8,46880.5,116355.9,163236.4,102.2,2.482
2024-12-16,45638.0,114095.0,159733.0,45305.9,120651.8,165957.7,103.9,2.663
2024-12-17,45642.6,114106.5,159749.1,46731.5,115831.7,162563.2,101.76,2.479
2024-12-18,45647.8,114119.6,159767.4,46621.8,120394.6,167016.3,104.54,2.582
2024-12-19,45653.7,114134.2,159787.9,44256.9,112582.5,156839.4,98.15,2.544
2024-12-20,45660.2,114150.4,159810.6,42108.4,104776.7,146885.1,91.91,2.488
2024-12-21,45667.3,114168.2,159835.5,42356.0,98863.0,141219.0,88.35,2.334
2024-12-22,45675.1,114187.6,159862.7,42693.6,107017.7,149711.3,93.65,2.507
2024-12-23,45683.5,114208.7,159892.2,46442.9,116799.8,163242.7,102.1,2.515
2024-12-24,45692.6,114231.5,159924.1,44350.9,112443.2,156794.1,98.04,2.535
2024-12-25,45702.4,114256.0,159958.4,42678.9,106578.5,149257.4,93.31,2.497
2024-12-26,45712.9,114282.2,159995.1,41279.6,106254.3,147533.9,92.21,2.574
2024-12-27,45724.0,114310.1,160034.1,23222.9,61160.5,84383.3,52.73,2.634
2024-12-28,45735.9,114339.7,160075.6,46000.8,115131.3,161132.1,100.66,2.503
2024-12-29,45748.4,114371.1,160119.5,49341.2,123695.1,173036.3,108.07,2.507
2024-12-30,45761.7,114404.1,160165.8,49516.2,130763.2,180279.4,112.56,2.641
2024-12-31,45775.6,114438.9,160214.5,50127.9,122542.3,172670.2,107.77,2.445
2025-01-01,48064.3,120160.9,168225.2,49805.0,122502.5,172307.5,102.43,2.46
2025-01-02,48079.7,120199.2,168278.8,50028.1,125363.5,175391.6,104.23,2.506
2025-01-03,48095.7,120239.2,168334.9,51896.7,133331.8,185228.5,110.04,2.569
2025-01-04,48112.4,120281.0,168393.5,49667.6,129383.9,179051.4,106.33,2.605
2025-01-05,48129.8,120324.6,168454.4,48691.9,117660.4,166352.3,98.75,2.416
2025-01-06,48147.9,120369.8,168517.7,50011.2,129784.4,179795.6,106.69,2.595
2025-01-07,48166.7,120416.6,168583.3,52063.1,132419.5,184482.6,109.43,2.543
2025-01-08,48186.1,120465.1,168651.2,51496.2,127940.8,179436.9,106.4,2.484
2025-01-09,48206.1,120515.2,168721.3,55553.4,134740.9,190294.3,112.79,2.425
2025-01-10,48226.7,120566.8,168793.5,48488.2,120923.9,169412.1,100.37,2.494
2025-01-11,48248.0,120619.9,168867.8,46356.1,117630.6,163986.7,97.11,2.538
2025-01-12,48269.8,120674.4,168944.1,48903.0,123557.6,172460.7,102.08,2.527
2025-01-13,48292.1,120730.3,169022.4,48998.5,118702.9,167701.4,99.22,2.423
2025-01-14,48315.0,120787.5,169102.4,47479.0,119464.6,166943.6,98.72,2.516
2025-01-15,48338.4,120845.9,169184.3,51209.4,126924.1,178133.6,105.29,2.479
2025-01-16,48362.2,120905.5,169267.7,49158.4,126042.2,175200.7,103.51,2.564
2025-01-17,48386.5,120966.2,169352.7,49769.3,117159.3,166928.6,98.57,2.354
2025-01-18,48411.2,121028.0,169439.2,51422.2,130933.7,182355.9,107.62,2.546
2025-01-19,48436.3,121090.7,169527.0,49707.7,125404.2,175111.9,103.29,2.523
2025-01-20,48461.7,121154.3,169616.0,50013.2,125642.8,175656.0,103.56,2.512
2025-01-21,48487.5,121218.6,169706.1,51006.1,129039.5,180045.7,106.09,2.53
2025-01-22,48513.5,121283.7,169797.2,52958.6,134413.5,187372.1,110.35,2.538
2025-01-23,48539.7,121349.4,169889.1,45683.1,118549.2,164232.2,96.67,2.595
2025-01-24,48566.2,121415.5,169981.8,48522.5,119386.9,167909.4,98.78,2.46
2025-01-25,48592.9,121482.1,170075.0,49481.2,126028.4,175509.5,103.2,2.547
2025-01-26,48619.6,121549.1,170168.7,52715.6,131140.7,183856.3,108.04,2.488
2025-01-27,48646.5,121616.2,170262.7,54684.1,134641.7,189325.8,111.2,2.462
2025-01-28,48673.4,121683.4,170356.8,53841.1,128133.7,181974.8,106.82,2.38
2025-01-29,48700.3,121750.7,170451.0,53707.5,133977.1,187684.6,110.11,2.495
2025-01-30,48727.1,121817.8,170545.0,52561.7,128147.0,180708.7,105.96,2.438
2025-01-31,48753.9,121884.8,170638.7,51267.6,127431.8,178699.4,104.72,2.486
2025-02-01,48780.5,121951.4,170731.9,50996.0,129319.6,180315.6,105.61,2.536
2025-02-02,48807.0,122017.5,170824.6,47211.8,124266.2,171478.0,100.38,2.632
2025-02-03,48833.3,122083.2,170916.4,51124.4,123171.5,174295.9,101.98,2.409
2025-02-04,48859.2,122148.1,171007.3,51256.2,131044.4,182300.6,106.6,2.557
2025-02-05,48884.9,122212.3,171097.2,49379.8,131428.4,180808.2,105.68,2.662
2025-02-06,48910.2,122275.5,171185.7,50141.4,122735.0,172876.5,100.99,2.448
2025-02-07,48935.1,122337.7,171272.8,52742.5,130743.7,183486.2,107.13,2.479
2025-02-08,48959.5,122398.8,171358.3,49865.8,122490.7,172356.5,100.58,2.456
2025-02-09,48983.5,122458.6,171442.1,52290.8,132638.4,184929.2,107.87,2.537
2025-02-10,49006.8,122517.0,171523.9,52411.4,135249.8,187661.2,109.41,2.581
2025-02-11,49029.6,122574.0,171603.5,47310.8,125987.6,173298.4,100.99,2.663
2025-02-12,49051.7,122629.2,171680.9,48890.3,125323.1,174213.4,101.48,2.563
2025-02-13,49073.1,122682.7,171755.8,51023.4,122085.6,173109.0,100.79,2.393
2025-02-14,49093.8,122734.4,171828.1,49851.3,123215.3,173066.6,100.72,2.472
2025-02-15,49113.6,122784.0,171897.6,48910.3,115951.3,164861.5,95.91,2.371
2025-02-16,49132.6,122831.5,171964.2,52509.8,128775.0,181284.8,105.42,2.452
2025-02-17,49150.7,122876.8,172027.6,49066.2,125567.9,174634.1,101.52,2.559
2025-02-18,49167.9,122919.7,172087.6,51119.8,122006.1,173125.9,100.6,2.387
2025-02-19,49184.1,122960.2,172144.3,45182.5,124320.5,169503.0,98.47,2.752
2025-02-20,49199.2,122998.0,172197.2,49993.5,130617.2,180610.7,104.89,2.613
2025-02-21,49213.3,123033.2,172246.4,49636.7,128224.1,177860.7,103.26,2.583
2025-02-22,49226.2,123065.5,172291.6,47602.6,116998.2,164600.8,95.54,2.458
2025-02-23,49237.9,123094.8,172332.8,46075.6,117076.5,163152.1,94.67,2.541
2025-02-24,49248.5,123121.1,172369.6,47380.7,114399.6,161780.3,93.86,2.414
2025-02-25,49257.7,123144.3,172402.0,49828.7,126192.9,176021.7,102.1,2.533
2025-02-26,49265.7,123164.2,172429.9,52343.2,130776.9,183120.1,106.2,2.498
2025-02-27,49272.3,123180.7,172453.0,47840.1,122448.8,170288.9,98.75,2.56
2025-02-28,49277.5,123193.7,172471.2,47813.9,119446.2,167260.2,96.98,2.498
2025-03-01,49281.3,123203.2,172484.5,49724.5,121867.7,171592.2,99.48,2.451
2025-03-02,49283.6,123209.0,172492.6,47891.7,120720.2,168611.9,97.75,2.521
2025-03-03,49284.4,123211.0,172495.5,50804.6,126047.8,176852.4,102.53,2.481
2025-03-04,49283.7,123209.2,172492.9,51793.6,131833.0,183626.6,106.45,2.545
2025-03-05,49281.4,123203.4,172484.8,50715.3,126912.5,177627.8,102.98,2.502
2025-03-06,49277.5,123193.7,172471.1,49243.8,130088.3,179332.2,103.98,2.642
2025-03-07,49271.9,123179.7,172451.6,49533.7,126478.2,176011.9,102.06,2.553
2025-03-08,49264.7,123161.6,172426.3,49329.5,126562.7,175892.2,102.01,2.566
2025-03-09,49255.7,123139.3,172395.0,53442.3,130054.6,183496.9,106.44,2.434
2025-03-10,49245.0,123112.6,172357.6,51174.0,128058.5,179232.4,103.99,2.502
2025-03-11,49232.6,123081.5,172314.1,50892.2,124179.2,175071.4,101.6,2.44
2025-03-12,49218.4,123045.9,172264.3,49091.5,123718.7,172810.2,100.32,2.52
2025-03-13,49202.3,123005.8,172208.1,50425.1,122613.4,173038.5,100.48,2.432
2025-03-14,49184.5,122961.1,172145.6,52168.3,127395.3,179563.6,104.31,2.442
2025-03-15,49164.7,122911.8,172076.6,53621.7,138707.0,192328.7,111.77,2.587
2025-03-16,49143.1,122857.8,172001.0,48574.1,124772.5,173346.7,100.78,2.569
2025-03-17,49119.7,122799.1,171918.8,51567.0,126103.2,177670.2,103.35,2.445
2025-03-18,49094.3,122735.7,171830.0,50840.6,128721.7,179562.3,104.5,2.532
2025-03-19,49067.0,122667.4,171734.4,49374.2,120344.7,169718.9,98.83,2.437
2025-03-20,49037.7,122594.4,171632.1,48764.8,126705.5,175470.3,102.24,2.598
2025-03-21,49006.6,122516.5,171523.1,47452.3,125579.1,173031.4,100.88,2.646
2025-03-22,48973.5,122433.7,171407.2,49639.1,124565.9,174205.0,101.63,2.509
2025-03-23,48938.4,122346.1,171284.5,49372.0,126350.1,175722.1,102.59,2.559
2025-03-24,48901.4,122253.5,171155.0,48404.2,121693.5,170097.7,99.38,2.514
2025-03-25,48862.5,122156.1,171018.6,45497.2,123564.7,169061.9,98.86,2.716
2025-03-26,48821.5,122053.8,170875.4,46203.9,110922.1,157126.1,91.95,2.401
2025-03-27,48778.7,121946.7,170725.3,44738.8,115649.4,160388.2,93.95,2.585
2025-03-28,48733.9,121834.6,170568.5,46562.6,114399.2,160961.8,94.37,2.457
2025-03-29,48687.1,121717.7,170404.8,48375.9,119807.6,168183.5,98.7,2.477
2025-03-30,48638.4,121596.0,170234.4,49879.9,122056.9,171936.8,101.0,2.447
2025-03-31,48587.8,121469.5,170057.3,50750.2,126386.4,177136.6,104.16,2.49
2025-04-01,48535.3,121338.2,169873.4,48654.1,121198.6,169852.7,99.99,2.491
2025-04-02,48480.8,121202.1,169683.0,48396.6,117409.5,165806.2,97.72,2.426
2025-04-03,48424.5,121061.4,169485.9,47302.0,113920.8,161222.8,95.12,2.408
2025-04-04,48366.4,120916.0,169282.4,49282.9,121548.0,170830.8,100.91,2.466
2025-04-05,48306.4,120766.0,169072.4,47579.7,116156.8,163736.5,96.84,2.441
2025-04-06,48244.6,120611.4,168856.0,47689.4,116181.1,163870.5,97.05,2.436
2025-04-07,48181.0,120452.4,168633.4,46968.4,112095.5,159063.9,94.33,2.387
2025-04-08,48115.6,120289.0,168404.6,44876.2,115172.9,160049.1,95.04,2.566
2025-04-09,48048.5,120121.2,168169.7,46705.1,122365.5,169070.7,100.54,2.62
2025-04-10,47979.7,119949.1,167928.8,49493.1,120366.9,169860.0,101.15,2.432
2025-04-11,47909.2,119772.9,167682.0,49042.2,124242.8,173285.0,103.34,2.533
2025-04-12,47837.0,119592.5,167429.6,49609.2,117778.5,167387.7,99.97,2.374
2025-04-13,47763.3,119408.2,167171.5,48825.7,122567.6,171393.3,102.53,2.51
2025-04-14,47688.0,119219.9,166907.9,49873.6,122458.2,172331.8,103.25,2.455
2025-04-15,47611.1,119027.8,166638.9,47270.9,121266.4,168537.3,101.14,2.565
2025-04-16,47532.8,118832.0,166364.8,50710.7,128024.1,178734.7,107.44,2.525
2025-04-17,47453.0,118632.6,166085.6,50004.4,126125.0,176129.3,106.05,2.522
2025-04-18,47371.9,118429.7,165801.5,49125.9,125035.4,174161.3,105.04,2.545
2025-04-19,47289.3,118223.4,165512.7,49693.9,119262.9,168956.8,102.08,2.4
2025-04-20,47205.5,118013.8,165219.4,46929.4,123755.0,170684.4,103.31,2.637
2025-04-21,47120.5,117801.1,164921.6,45414.2,118652.3,164066.5,99.48,2.613
2025-04-22,47034.2,117585.5,164619.6,47564.2,117788.5,165352.7,100.45,2.476
2025-04-23,46946.8,117366.9,164313.7,43967.1,108263.8,152230.9,92.65,2.462
2025-04-24,46858.2,117145.6,164003.8,43363.8,107692.0,151055.8,92.11,2.483
2025-04-25,46768.7,116921.7,163690.4,46815.9,112915.8,159731.7,97.58,2.412
2025-04-26,46678.1,116695.4,163373.5,45704.8,109926.2,155630.9,95.26,2.405
2025-04-27,46586.7,116466.7,163053.4,47179.8,114589.8,161769.5,99.21,2.429
2025-04-28,46494.4,116235.9,162730.2,47620.6,121372.6,168993.2,103.85,2.549
2025-04-29,46401.2,116003.1,162404.3,49273.1,121985.8,171259.0,105.45,2.476
2025-04-30,46307.4,115768.4,162075.7,44452.7,113962.5,158415.1,97.74,2.564
2025-05-01,46212.8,115532.0,161744.8,45273.7,114336.3,159610.1,98.68,2.525
2025-05-02,46117.6,115294.1,161411.8,47713.5,120032.5,167746.1,103.92,2.516
2025-05-03,46021.9,115054.8,161076.8,46276.3,120428.6,166704.9,103.49,2.602
2025-05-04,45925.7,114814.3,160740.1,47399.5,117238.2,164637.7,102.42,2.473
2025-05-05,45829.1,114572.8,160401.9,49688.7,116184.0,165872.7,103.41,2.338
2025-05-06,45732.2,114330.4,160062.5,45140.8,109105.3,154246.1,96.37,2.417
2025-05-07,45634.9,114087.3,159722.2,47642.9,116798.5,164441.4,102.95,2.452
2025-05-08,45537.4,113843.6,159381.1,46295.9,115132.4,161428.3,101.28,2.487
2025-05-09,45439.8,113599.6,159039.5,48635.9,115653.2,164289.0,103.3,2.378
2025-05-10,45342.2,113355.4,158697.6,47432.7,123308.6,170741.3,107.59,2.6
2025-05-11,45244.5,113111.2,158355.7,46116.6,108696.2,154812.9,97.76,2.357
2025-05-12,45146.9,112867.2,158014.0,48265.3,115129.2,163394.5,103.41,2.385
2025-05-13,45049.4,112623.5,157672.9,44818.4,109440.2,154258.5,97.83,2.442
2025-05-14,44952.1,112380.3,157332.4,42510.2,112903.7,155413.9,98.78,2.656
2025-05-15,44855.1,112137.8,156993.0,45150.7,112738.0,157888.7,100.57,2.497
2025-05-16,44758.5,111896.2,156654.7,43714.3,107692.4,151406.7,96.65,2.464
2025-05-17,44662.3,111655.7,156317.9,42577.8,104926.5,147504.3,94.36,2.464
2025-05-18,44566.5,111416.3,155982.9,42199.2,109908.6,152107.8,97.52,2.605
2025-05-19,44471.4,111178.4,155649.8,43281.5,106820.1,150101.6,96.44,2.468
2025-05-20,44376.8,110942.1,155318.9,43757.4,111215.2,154972.6,99.78,2.542
2025-05-21,44283.0,110707.5,154990.5,43557.9,111653.7,155211.6,100.14,2.563
2025-05-22,44190.0,110474.9,154664.8,41202.3,109134.9,150337.2,97.2,2.649
2025-05-23,44097.7,110244.4,154342.1,42352.7,106277.5,148630.2,96.3,2.509
2025-05-24,44006.4,110016.1,154022.6,43093.7,106279.9,149373.6,96.98,2.466
2025-05-25,43916.1,109790.3,153706.5,43867.2,108740.6,152607.8,99.29,2.479
2025-05-26,43826.9,109567.2,153394.0,40559.0,103871.8,144430.9,94.16,2.561
2025-05-27,43738.7,109346.8,153085.5,41500.0,105426.3,146926.4,95.98,2.54
2025-05-28,43651.7,109129.3,152781.1,20380.6,48662.1,69042.6,45.19,2.388
2025-05-29,43566.0,108915.0,152481.1,41685.3,106507.7,148193.0,97.19,2.555
2025-05-30,43481.6,108704.0,152185.6,42012.0,103427.8,145439.8,95.57,2.462
2025-05-31,43398.6,108496.4,151895.0,44432.2,112374.5,156806.6,103.23,2.529
2025-06-01,43317.0,108292.4,151609.4,42293.4,106873.1,149166.5,98.39,2.527
2025-06-02,43236.9,108092.2,151329.1,42340.6,107810.4,150151.0,99.22,2.546
2025-06-03,43158.3,107895.8,151054.2,42791.5,102109.2,144900.7,95.93,2.386
2025-06-04,43081.4,107703.6,150785.0,41715.4,99526.2,141241.6,93.67,2.386
2025-06-05,43006.2,107515.4,150521.6,43982.9,113538.0,157520.9,104.65,2.581
2025-06-06,42932.7,107331.7,150264.4,42475.6,105537.0,148012.6,98.5,2.485
2025-06-07,42861.0,107152.4,150013.3,44007.7,112304.6,156312.3,104.2,2.552
2025-06-08,42791.1,106977.7,149768.8,42007.0,104456.5,146463.5,97.79,2.487
2025-06-09,42723.1,106807.7,149530.8,40637.1,103044.8,143681.9,96.09,2.536
2025-06-10,42657.0,106642.6,149299.7,40930.7,106201.0,147131.7,98.55,2.595
2025-06-11,42593.0,106482.5,149075.5,40297.8,103475.7,143773.5,96.44,2.568
2025-06-12,42531.0,106327.5,148858.5,43036.3,103481.3,146517.6,98.43,2.405
2025-06-13,42471.1,106177.7,148648.7,44510.9,112181.2,156692.0,105.41,2.52
2025-06-14,42413.3,106033.2,148446.4,44608.2,112012.8,156621.0,105.51,2.511
2025-06-15,42357.6,105894.1,148251.8,45289.0,104894.0,150182.9,101.3,2.316
2025-06-16,42304.2,105760.6,148064.8,43027.0,103056.1,146083.1,98.66,2.395
2025-06-17,42253.1,105632.7,147885.7,44635.3,111652.3,156287.5,105.68,2.501
2025-06-18,42204.2,105510.5,147714.7,43046.3,111351.3,154397.6,104.52,2.587
2025-06-19,42157.6,105394.1,147551.7,44170.8,112951.0,157121.9,106.49,2.557
2025-06-20,42113.4,105283.5,147397.0,41867.0,107095.7,148962.7,101.06,2.558
2025-06-21,42071.6,105179.0,147250.5,39739.7,106884.7,146624.4,99.57,2.69
2025-06-22,42032.2,105080.4,147112.6,42291.8,103774.8,146066.6,99.29,2.454
2025-06-23,41995.2,104988.0,146983.1,41137.4,105256.5,146393.9,99.6,2.559
2025-06-24,41960.7,104901.6,146862.3,43165.2,106400.5,149565.7,101.84,2.465
2025-06-25,41928.6,104821.5,146750.1,44917.4,107293.6,152211.0,103.72,2.389
2025-06-26,41899.1,104747.7,146646.7,42976.9,108432.0,151408.9,103.25,2.523
2025-06-27,41872.0,104680.1,146552.2,44427.9,102717.2,147145.2,100.4,2.312
2025-06-28,41847.6,104618.9,146466.4,43948.8,108500.5,152449.3,104.08,2.469
2025-06-29,41825.6,104564.0,146389.6,40476.7,100932.4,141409.1,96.6,2.494
2025-06-30,41806.2,104515.6,146321.8,39553.2,95987.7,135540.9,92.63,2.427
2025-07-01,41789.4,104473.5,146262.9,40512.7,102567.7,143080.5,97.82,2.532
2025-07-02,41775.2,104437.9,146213.0,39590.9,101011.3,140602.2,96.16,2.551
2025-07-03,41763.5,104408.7,146172.2,44524.6,109532.4,154057.1,105.39,2.46
2025-07-04,41754.4,104386.0,146140.4,44481.8,110410.6,154892.5,105.99,2.482
2025-07-05,41747.9,104369.7,146117.6,42557.6,109534.3,152091.9,104.09,2.574
2025-07-06,41743.9,104359.9,146103.8,41025.5,109138.9,150164.3,102.78,2.66
2025-07-07,41742.6,104356.4,146099.0,39798.5,105400.5,145199.0,99.38,2.648
2025-07-08,41743.8,104359.4,146103.2,41350.9,98188.2,139539.1,95.51,2.375
2025-07-09,41747.5,104368.8,146116.4,41735.3,104185.2,145920.5,99.87,2.496
2025-07-10,41753.8,104384.6,146138.4,39554.9,98439.8,137994.6,94.43,2.489
2025-07-11,41762.7,104406.6,146169.3,36034.1,90815.6,126849.7,86.78,2.52
2025-07-12,41774.0,104435.0,146209.0,39152.2,100861.3,140013.6,95.76,2.576
2025-07-13,41787.8,104469.6,146257.5,37044.8,95061.2,132106.0,90.32,2.566
2025-07-14,41804.2,104510.4,146314.6,40585.6,96356.3,136941.9,93.59,2.374
2025-07-15,41822.9,104557.4,146380.3,37664.9,98410.0,136074.9,92.96,2.613
2025-07-16,41844.2,104610.4,146454.5,41480.3,109313.6,150793.9,102.96,2.635
2025-07-17,41867.8,104669.4,146537.2,41634.4,107087.9,148722.2,101.49,2.572
2025-07-18,41893.8,104734.4,146628.2,42191.0,107682.2,149873.2,102.21,2.552
2025-07-19,41922.1,104805.2,146727.3,42888.1,108295.3,151183.3,103.04,2.525
2025-07-20,41952.8,104881.9,146834.6,41514.2,96812.6,138326.8,94.21,2.332
2025-07-21,41985.7,104964.2,146949.9,41420.1,104817.2,146237.3,99.52,2.531
2025-07-22,42020.9,105052.2,147073.1,43796.7,105865.5,149662.2,101.76,2.417
2025-07-23,42058.3,105145.7,147204.0,42230.4,107273.8,149504.2,101.56,2.54
2025-07-24,42097.8,105244.6,147342.4,42229.0,105147.0,147376.0,100.02,2.49
2025-07-25,42139.5,105348.8,147488.4,40844.9,105463.9,146308.8,99.2,2.582
2025-07-26,42183.3,105458.3,147641.6,40941.3,107067.9,148009.2,100.25,2.615
2025-07-27,42229.1,105572.8,147802.0,43065.8,109948.7,153014.5,103.53,2.553
2025-07-28,42277.0,105692.4,147969.3,43436.5,109615.7,153052.2,103.44,2.524
2025-07-29,42326.7,105816.8,148143.5,43409.5,111374.6,154784.1,104.48,2.566
2025-07-30,42378.4,105946.0,148324.4,42865.6,103355.5,146221.1,98.58,2.411
2025-07-31,42431.9,106079.8,148511.7,41382.9,108109.9,149492.8,100.66,2.612
2025-08-01,42487.2,106218.1,148705.3,43093.6,103680.8,146774.5,98.7,2.406
2025-08-02,42544.3,106360.7,148905.0,39922.0,105338.4,145260.4,97.55,2.639
2025-08-03,42603.0,106507.6,149110.7,45745.5,113090.8,158836.3,106.52,2.472
2025-08-04,42663.4,106658.6,149322.0,46124.6,115909.1,162033.7,108.51,2.513
2025-08-05,42725.4,106813.5,149538.9,45486.9,112317.0,157803.9,105.53,2.469
2025-08-06,42788.9,106972.2,149761.1,46520.7,115806.6,162327.3,108.39,2.489
2025-08-07,42853.9,107134.6,149988.5,46660.5,119701.0,166361.6,110.92,2.565
2025-08-08,42920.2,107300.5,150220.7,43350.8,115736.7,159087.5,105.9,2.67
2025-08-09,42987.9,107469.8,150457.7,43132.8,106952.0,150084.8,99.75,2.48
2025-08-10,43056.9,107642.3,150699.2,43181.8,114007.6,157189.3,104.31,2.64
2025-08-11,43127.1,107817.8,150944.9,41828.2,99487.5,141315.7,93.62,2.378
2025-08-12,43198.5,107996.2,151194.7,42130.1,108444.7,150574.8,99.59,2.574
2025-08-13,43270.9,108177.4,151448.3,43441.5,103281.6,146723.1,96.88,2.377
2025-08-14,43344.4,108361.1,151705.5,44069.4,112875.4,156944.8,103.45,2.561
2025-08-15,43418.9,108547.2,151966.1,40441.2,103617.4,144058.6,94.8,2.562
2025-08-16,43494.3,108735.6,152229.9,40336.1,100515.0,140851.1,92.53,2.492
2025-08-17,43570.5,108926.2,152496.6,41721.4,101487.7,143209.0,93.91,2.433
2025-08-18,43647.4,109118.6,152766.0,44321.7,107967.4,152289.1,99.69,2.436
2025-08-19,43725.1,109312.8,153037.9,41803.1,105286.7,147089.8,96.11,2.519
2025-08-20,43803.4,109508.6,153312.1,43289.0,106544.3,149833.2,97.73,2.461
2025-08-21,43882.3,109705.9,153588.2,40195.9,101875.4,142071.3,92.5,2.534
2025-08-22,43961.8,109904.4,153866.2,42596.7,110292.9,152889.6,99.37,2.589
2025-08-23,44041.6,110104.1,154145.7,45949.8,112830.5,158780.3,103.01,2.456
2025-08-24,44121.9,110304.7,154426.5,47427.3,120132.1,167559.4,108.5,2.533
2025-08-25,44202.4,110506.0,154708.5,46366.7,113504.1,159870.8,103.34,2.448
2025-08-26,44283.2,110708.1,154991.3,46519.5,115426.7,161946.2,104.49,2.481
2025-08-27,44364.2,110910.6,155274.8,45448.2,107643.9,153092.1,98.59,2.368
2025-08-28,44445.3,111113.4,155558.7,43842.5,107421.3,151263.8,97.24,2.45
2025-08-29,44526.5,111316.3,155842.8,44326.7,111599.2,155925.9,100.05,2.518
2025-08-30,44607.7,111519.3,156127.0,44525.9,110995.2,155521.1,99.61,2.493
2025-08-31,44688.8,111722.0,156410.9,46104.5,114336.9,160441.3,102.58,2.48
2025-09-01,44769.8,111924.5,156694.3,46405.7,111569.8,157975.5,100.82,2.404
2025-09-02,44850.6,112126.5,156977.1,46434.3,118156.3,164590.6,104.85,2.545
2025-09-03,44931.2,112327.9,157259.0,47830.3,119190.4,167020.7,106.21,2.492
2025-09-04,45011.4,112528.5,157539.9,43617.5,106142.9,149760.5,95.06,2.433
2025-09-05,45091.3,112728.2,157819.5,47551.5,111401.3,158952.8,100.72,2.343
2025-09-06,45170.8,112926.9,158097.6,45794.5,112872.3,158666.9,100.36,2.465
2025-09-07,45249.7,113124.3,158374.1,43284.9,112412.7,155697.6,98.31,2.597
2025-09-08,45328.2,113320.5,158648.7,44849.5,103013.7,147863.2,93.2,2.297
2025-09-09,45406.1,113515.1,158921.2,46329.1,121554.9,167884.0,105.64,2.624
2025-09-10,45483.3,113708.2,159191.5,48392.1,122381.7,170773.7,107.28,2.529
2025-09-11,45559.8,113899.6,159459.4,47587.3,114851.3,162438.6,101.87,2.413
2025-09-12,45635.6,114089.1,159724.7,45840.6,112738.4,158579.0,99.28,2.459
2025-09-13,45710.6,114276.6,159987.3,47234.6,111121.8,158356.4,98.98,2.353
2025-09-14,45784.8,114462.1,160246.9,42521.0,106635.4,149156.4,93.08,2.508
2025-09-15,45858.1,114645.3,160503.4,42705.9,105396.6,148102.5,92.27,2.468
2025-09-16,45930.5,114826.2,160756.7,45000.3,118640.1,163640.4,101.79,2.636
2025-09-17,46001.9,115004.7,161006.6,46100.2,113981.2,160081.3,99.43,2.472
2025-09-18,46072.3,115180.7,161253.0,46356.0,110936.2,157292.3,97.54,2.393
2025-09-19,46141.6,115354.1,161495.7,49712.4,119820.0,169532.4,104.98,2.41
2025-09-20,46209.9,115524.8,161734.7,45476.6,112463.6,157940.2,97.65,2.473
2025-09-21,46277.0,115692.6,161969.6,46406.9,115094.6,161501.5,99.71,2.48
2025-09-22,46343.0,115857.5,162200.6,47742.6,116428.2,164170.8,101.21,2.439
2025-09-23,46407.8,116019.5,162427.3,42361.7,113472.7,155834.5,95.94,2.679
2025-09-24,46471.4,116178.4,162649.8,49044.1,123843.1,172887.2,106.29,2.525
2025-09-25,46533.7,116334.2,162867.9,50724.4,127913.8,178638.1,109.68,2.522
2025-09-26,46594.7,116486.8,163081.5,49042.2,120387.3,169429.5,103.89,2.455
2025-09-27,46654.5,116636.2,163290.6,44791.5,111224.9,156016.4,95.55,2.483
2025-09-28,46712.9,116782.2,163495.0,46246.6,114695.3,160941.9,98.44,2.48
2025-09-29,46769.9,116924.8,163694.7,47092.8,112175.4,159268.3,97.3,2.382
2025-09-30,46825.6,117064.0,163889.6,46125.3,119612.2,165737.5,101.13,2.593
2025-10-01,46879.9,117199.8,164079.7,47538.0,117309.2,164847.2,100.47,2.468
2025-10-02,46932.8,117332.0,164264.8,47332.9,119237.4,166570.4,101.4,2.519
2025-10-03,46984.3,117460.7,164444.9,48463.6,120519.9,168983.5,102.76,2.487
2025-10-04,47034.3,117585.8,164620.1,47457.2,117780.8,165238.0,100.38,2.482
2025-10-05,47082.9,117707.3,164790.2,46650.0,116123.5,162773.5,98.78,2.489
2025-10-06,47130.0,117825.1,164955.2,50415.4,126361.4,176776.8,107.17,2.506
2025-10-07,47175.7,117939.3,165115.1,50059.0,129895.8,179954.9,108.99,2.595
2025-10-08,47220.0,118049.9,165269.8,49075.3,122299.3,171374.6,103.69,2.492
2025-10-09,47262.7,118156.8,165419.5,47830.3,124953.9,172784.3,104.45,2.612
2025-10-10,47304.0,118260.0,165564.0,46755.9,121634.8,168390.7,101.71,2.601
2025-10-11,47343.8,118359.5,165703.3,46737.9,116016.8,162754.7,98.22,2.482
2025-10-12,47382.2,118455.4,165837.5,46923.8,109310.7,156234.5,94.21,2.33
2025-10-13,47419.0,118547.6,165966.6,45050.1,119033.5,164083.6,98.87,2.642
2025-10-14,47454.5,118636.2,166090.6,46735.8,114510.4,161246.2,97.08,2.45
2025-10-15,47488.5,118721.1,166209.6,48876.7,119051.9,167928.6,101.03,2.436
2025-10-16,47521.0,118802.5,166323.5,45816.8,117673.2,163490.0,98.3,2.568
2025-10-17,47552.1,118880.3,166432.4,43269.2,111683.3,154952.5,93.1,2.581
2025-10-18,47581.8,118954.5,166536.3,42819.6,111882.0,154701.6,92.89,2.613
2025-10-19,47610.1,119025.2,166635.3,42287.2,109884.2,152171.3,91.32,2.599
2025-10-20,47637.0,119092.5,166729.5,42474.3,103423.7,145898.1,87.51,2.435
2025-10-21,47662.5,119156.4,166818.9,45354.6,111452.7,156807.3,94.0,2.457
2025-10-22,47686.7,119216.8,166903.6,46907.4,106187.2,153094.6,91.73,2.264
2025-10-23,47709.6,119274.0,166983.6,45455.5,113315.5,158771.0,95.08,2.493
2025-10-24,47731.2,119327.9,167059.0,49225.3,118424.0,167649.3,100.35,2.406
2025-10-25,47751.4,119378.6,167130.0,46672.8,121933.0,168605.8,100.88,2.613
2025-10-26,47770.4,119426.1,167196.6,47001.2,115507.0,162508.2,97.2,2.458
2025-10-27,47788.2,119470.6,167258.8,29390.6,71218.8,100609.4,60.15,2.423
2025-10-28,47804.8,119512.0,167316.8,48673.6,124345.8,173019.4,103.41,2.555
2025-10-29,47820.2,119550.6,167370.8,45766.5,119418.2,165184.6,98.69,2.609
2025-10-30,47834.5,119586.2,167420.7,45375.5,120643.8,166019.2,99.16,2.659
2025-10-31,47847.6,119619.1,167466.7,45288.1,112022.5,157310.6,93.94,2.474
2025-11-01,47859.7,119649.3,167509.0,47328.8,118129.0,165457.8,98.78,2.496
2025-11-02,47870.7,119676.8,167547.5,47990.7,121812.3,169803.0,101.35,2.538
2025-11-03,47880.7,119701.8,167582.6,45478.3,108691.4,154169.7,92.0,2.39
2025-11-04,47889.8,119724.4,167614.2,46324.8,114095.1,160419.9,95.71,2.463
2025-11-05,47897.9,119744.7,167642.5,45155.8,114398.8,159554.6,95.18,2.533
2025-11-06,47905.1,119762.6,167667.7,45783.2,115989.1,161772.3,96.48,2.533
2025-11-07,47911.4,119778.4,167689.8,48569.3,122513.0,171082.3,102.02,2.522
2025-11-08,47916.9,119792.2,167709.0,53375.6,129982.5,183358.1,109.33,2.435
2025-11-09,47921.6,119803.9,167725.5,46551.6,114731.3,161283.0,96.16,2.465
2025-11-10,47925.5,119813.8,167739.4,44635.2,110190.1,154825.3,92.3,2.469
2025-11-11,47928.8,119822.0,167750.8,46146.0,119359.1,165505.1,98.66,2.587
2025-11-12,47931.4,119828.4,167759.8,48508.0,127046.6,175554.7,104.65,2.619
2025-11-13,47933.3,119833.3,167766.7,47977.3,119643.6,167620.9,99.91,2.494
2025-11-14,47934.7,119836.8,167771.5,50918.7,129931.2,180849.8,107.8,2.552
2025-11-15,47935.5,119838.9,167774.4,49567.7,125979.4,175547.1,104.63,2.542
2025-11-16,47935.9,119839.7,167775.6,44697.6,113379.1,158076.6,94.22,2.537
2025-11-17,47935.8,119839.4,167775.2,44253.0,111231.3,155484.3,92.67,2.514
2025-11-18,47935.2,119838.1,167773.3,48530.1,128210.5,176740.6,105.34,2.642
2025-11-19,47934.3,119835.8,167770.1,51994.3,129171.1,181165.4,107.98,2.484
2025-11-20,47933.1,119832.7,167765.8,50157.0,120304.5,170461.4,101.61,2.399
2025-11-21,47931.6,119828.9,167760.5,48075.8,124700.5,172776.3,102.99,2.594
2025-11-22,47929.8,119824.5,167754.3,47402.0,122577.6,169979.6,101.33,2.586
2025-11-23,47927.8,119819.6,167747.4,45151.6,118903.5,164055.1,97.8,2.633
2025-11-24,47925.7,119814.3,167740.0,50437.6,126561.1,176998.7,105.52,2.509
2025-11-25,47923.5,119808.7,167732.1,48546.3,123717.7,172264.1,102.7,2.548
2025-11-26,47921.1,119802.8,167724.0,48045.2,119596.0,167641.2,99.95,2.489
2025-11-27,47918.8,119796.9,167715.7,50348.9,128830.2,179179.1,106.84,2.559
2025-11-28,47916.4,119791.0,167707.5,47474.7,120370.9,167845.6,100.08,2.535
2025-11-29,47914.1,119785.2,167699.3,46177.7,111523.0,157700.7,94.04,2.415
2025-11-30,47911.9,119779.7,167691.5,49447.1,124958.8,174405.8,104.0,2.527
2025-12-01,47909.7,119774.4,167684.1,50834.1,130187.4,181021.5,107.95,2.561
2025-12-02,47907.8,119769.5,167677.3,47211.3,116502.7,163713.9,97.64,2.468
2025-12-03,47906.0,119765.1,167671.1,46893.6,116740.3,163633.8,97.59,2.489
2025-12-04,47904.5,119761.2,167665.7,48789.5,121740.2,170529.7,101.71,2.495
2025-12-05,47903.2,119758.0,167661.3,47203.4,117814.3,165017.7,98.42,2.496
2025-12-06,47902.2,119755.6,167657.9,51419.9,121524.1,172944.0,103.15,2.363
2025-12-07,47901.6,119754.0,167655.6,49559.5,126116.6,175676.2,104.78,2.545
2025-12-08,47901.3,119753.3,167654.6,50511.3,127400.5,177911.8,106.12,2.522
2025-12-09,47901.4,119753.6,167655.1,47552.5,116845.5,164398.0,98.06,2.457
2025-12-10,47902.0,119755.0,167657.0,48964.6,123523.2,172487.8,102.88,2.523
2025-12-11,47903.0,119757.5,167660.4,48368.2,118307.0,166675.2,99.41,2.446
2025-12-12,47904.5,119761.1,167665.6,50269.5,114804.9,165074.4,98.45,2.284
2025-12-13,47906.4,119766.1,167672.5,46084.1,116085.5,162169.6,96.72,2.519
2025-12-14,47908.9,119772.4,167681.3,46166.8,115864.6,162031.4,96.63,2.51
2025-12-15,47912.0,119780.0,167692.0,46575.6,116418.5,162994.1,97.2,2.5
2025-12-16,47915.7,119789.1,167704.8,42107.7,111812.1,153919.8,91.78,2.655
2025-12-17,47919.9,119799.7,167719.6,46557.1,111844.9,158402.0,94.44,2.402
2025-12-18,47924.7,119811.9,167736.6,46130.8,115970.3,162101.0,96.64,2.514
2025-12-19,47930.2,119825.6,167755.8,43988.6,106704.3,150692.9,89.83,2.426
2025-12-20,47936.4,119840.9,167777.3,46905.2,118728.8,165634.0,98.72,2.531
2025-12-21,47943.2,119857.9,167801.1,46590.4,122332.6,168923.1,100.67,2.626
2025-12-22,47950.6,119876.6,167827.2,46874.6,106918.5,153793.0,91.64,2.281
2025-12-23,47958.8,119897.0,167855.8,43741.4,112018.3,155759.7,92.79,2.561
2025-12-24,47967.7,119919.2,167886.8,48274.6,114055.2,162329.8,96.69,2.363
2025-12-25,47977.2,119943.1,167920.3,44787.1,115508.8,160295.9,95.46,2.579
2025-12-26,47987.5,119968.8,167956.3,44031.6,109764.4,153796.0,91.57,2.493
2025-12-27,47998.5,119996.3,167994.8,44282.9,109379.2,153662.0,91.47,2.47
2025-12-28,48010.2,120025.6,168035.8,46199.6,116166.0,162365.5,96.63,2.514
2025-12-29,48022.7,120056.7,168079.4,46070.7,115687.3,161758.0,96.24,2.511
2025-12-30,48035.9,120089.6,168125.5,49456.3,122804.5,172260.8,102.46,2.483
2025-12-31,48049.7,120124.4,168174.1,52043.1,131483.9,183527.0,109.13,2.526
2026-01-01,50467.6,126168.9,176636.5,52364.0,137980.3,190344.3,107.76,2.635
2026-01-02,50483.7,126209.1,176692.8,52994.5,133221.3,186215.8,105.39,2.514
2026-01-03,50500.5,126251.2,176751.7,51879.8,132049.1,183928.9,104.06,2.545
2026-01-04,50518.0,126295.1,176813.1,50775.2,125785.6,176560.9,99.86,2.477
2026-01-05,50536.3,126340.8,176877.1,49518.5,125239.7,174758.2,98.8,2.529
2026-01-06,50555.3,126388.3,176943.6,51935.5,138501.6,190437.2,107.63,2.667
2026-01-07,50575.0,126437.5,177012.5,48839.2,120772.1,169611.4,95.82,2.473
2026-01-08,50595.4,126488.4,177083.7,50404.7,124616.2,175021.0,98.84,2.472
2026-01-09,50616.4,126541.0,177157.3,51551.0,125511.8,177062.8,99.95,2.435
2026-01-10,50638.1,126595.1,177233.2,52331.9,127308.5,179640.4,101.36,2.433
2026-01-11,50660.3,126650.9,177311.2,52302.7,131228.0,183530.7,103.51,2.509
2026-01-12,50683.2,126708.1,177391.4,50398.5,128867.0,179265.5,101.06,2.557
2026-01-13,50706.7,126766.8,177473.5,51590.6,125524.3,177114.9,99.8,2.433
2026-01-14,50730.7,126826.8,177557.6,52176.4,128292.9,180469.3,101.64,2.459
2026-01-15,50755.3,126888.2,177643.5,50969.7,129058.7,180028.3,101.34,2.532
2026-01-16,50780.3,126950.8,177731.1,48575.3,117693.6,166268.9,93.55,2.423
2026-01-17,50805.8,127014.5,177820.4,47888.2,114931.0,162819.2,91.56,2.4
2026-01-18,50831.8,127079.4,177911.1,50533.3,130818.8,181352.1,101.93,2.589
2026-01-19,50858.1,127145.2,178003.3,51866.9,137276.7,189143.6,106.26,2.647
2026-01-20,50884.8,127212.0,178096.8,50295.8,135839.8,186135.6,104.51,2.701
2026-01-21,50911.8,127279.6,178191.4,51259.4,134062.8,185322.3,104.0,2.615
2026-01-22,50939.2,127347.9,178287.0,52553.2,131384.5,183937.7,103.17,2.5
2026-01-23,50966.7,127416.8,178383.6,51234.4,128079.8,179314.2,100.52,2.5
2026-01-24,50994.5,127486.3,178480.9,47193.8,116913.3,164107.1,91.95,2.477
2026-01-25,51022.5,127556.3,178578.8,48388.9,122022.5,170411.5,95.43,2.522
2026-01-26,51050.6,127626.5,178677.1,53239.3,135304.1,188543.4,105.52,2.541
2026-01-27,51078.8,127697.0,178775.8,55039.8,134417.5,189457.2,105.97,2.442
2026-01-28,51107.0,127767.6,178874.6,53021.1,129735.2,182756.3,102.17,2.447
2026-01-29,51135.3,127838.2,178973.5,52480.8,129088.9,181569.7,101.45,2.46
2026-01-30,51163.5,127908.7,179072.2,53659.2,127804.8,181464.1,101.34,2.382
2026-01-31,51191.6,127979.0,179170.6,54375.2,133359.4,187734.5,104.78,2.453
2026-02-01,51219.6,128048.9,179268.5,52163.9,137497.3,189661.2,105.8,2.636
2026-02-02,51247.4,128118.4,179365.8,52897.0,131413.6,184310.6,102.76,2.484
2026-02-03,51274.9,128187.3,179462.2,55020.6,136781.2,191801.8,106.88,2.486
2026-02-04,51302.2,128255.5,179557.7,48123.6,127264.0,175387.7,97.68,2.645
2026-02-05,51329.2,128322.9,179652.0,51645.8,115116.0,166761.9,92.82,2.229
2026-02-06,51355.7,128389.3,179745.0,53314.7,130756.3,184071.1,102.41,2.453
2026-02-07,51381.9,128454.6,179836.5,50513.5,127507.3,178020.8,98.99,2.524
2026-02-08,51407.5,128518.8,179926.3,56577.8,148606.1,205183.9,114.04,2.627
2026-02-09,51432.6,128581.6,180014.2,49673.5,121373.9,171047.4,95.02,2.443
2026-02-10,51457.2,128642.9,180100.1,52121.3,129753.6,181874.9,100.99,2.489
2026-02-11,51481.1,128702.7,180183.7,51111.8,133047.6,184159.4,102.21,2.603
2026-02-12,51504.3,128760.7,180265.0,51591.5,127213.0,178804.5,99.19,2.466
2026-02-13,51526.8,128816.9,180343.6,52429.5,137419.7,189849.2,105.27,2.621
2026-02-14,51548.4,128871.1,180419.5,49005.9,121926.9,170932.8,94.74,2.488
2026-02-15,51569.3,128923.2,180492.5,53099.2,137593.4,190692.7,105.65,2.591
2026-02-16,51589.2,128973.1,180562.4,50758.0,124110.8,174868.8,96.85,2.445
2026-02-17,51608.3,129020.7,180628.9,48969.8,126098.5,175068.3,96.92,2.575
2026-02-18,51626.3,129065.7,180692.0,51633.7,134818.1,186451.9,103.19,2.611
2026-02-19,51643.3,129108.2,180751.5,53893.9,128998.9,182892.8,101.18,2.394
2026-02-20,51659.2,129147.9,180807.1,53172.0,129694.3,182866.3,101.14,2.439
2026-02-21,51673.9,129184.8,180858.7,51894.5,132250.7,184145.2,101.82,2.548
2026-02-22,51687.5,129218.7,180906.2,51577.3,127177.2,178754.5,98.81,2.466
2026-02-23,51699.8,129249.6,180949.4,54303.9,135441.7,189745.6,104.86,2.494
2026-02-24,51710.9,129277.2,180988.1,52608.1,137078.2,189686.3,104.81,2.606
2026-02-25,51720.6,129301.5,181022.1,51714.1,127484.4,179198.5,98.99,2.465
2026-02-26,51729.0,129322.4,181051.3,49821.3,126073.0,175894.4,97.15,2.531
2026-02-27,51735.9,129339.7,181075.6,52503.5,133705.6,186209.1,102.83,2.547
2026-02-28,51741.4,129353.4,181094.8,49809.0,122766.8,172575.8,95.3,2.465
2026-03-01,51745.3,129363.4,181108.7,50432.3,125985.9,176418.2,97.41,2.498
2026-03-02,51747.8,129369.5,181117.2,46761.1,123817.2,170578.3,94.18,2.648
2026-03-03,51748.6,129371.6,181120.2,51164.0,134593.5,185757.5,102.56,2.631
2026-03-04,51747.9,129369.7,181117.6,48128.6,123910.0,172038.6,94.99,2.575
2026-03-05,51745.4,129363.6,181109.1,46907.5,118488.0,165395.5,91.32,2.526
2026-03-06,51741.3,129353.3,181094.7,49866.2,120415.5,170281.7,94.03,2.415
2026-03-07,51735.5,129338.7,181074.2,50103.7,124228.4,174332.1,96.28,2.479
2026-03-08,51727.9,129319.7,181047.6,51368.7,125557.1,176925.8,97.72,2.444
2026-03-09,51718.5,129296.2,181014.7,54168.5,132396.1,186564.6,103.07,2.444
2026-03-10,51707.3,129268.2,180975.5,47835.2,125609.4,173444.6,95.84,2.626
2026-03-11,51694.2,129235.5,180929.8,51689.2,133201.0,184890.1,102.19,2.577
2026-03-12,51679.3,129198.2,180877.5,53141.5,134084.3,187225.9,103.51,2.523
2026-03-13,51662.4,129156.1,180818.5,53422.1,135806.9,189229.0,104.65,2.542
2026-03-14,51643.7,129109.2,180752.9,57469.4,136396.0,193865.4,107.25,2.373
2026-03-15,51623.0,129057.4,180680.4,53615.2,129420.1,183035.3,101.3,2.414
2026-03-16,51600.3,129000.7,180601.0,52669.6,129276.5,181946.0,100.74,2.454
2026-03-17,51575.6,128939.1,180514.7,51531.6,132793.9,184325.4,102.11,2.577
2026-03-18,51549.0,128872.5,180421.5,53131.3,135759.9,188891.1,104.69,2.555
2026-03-19,51520.3,128800.8,180321.1,55638.9,138196.1,193835.0,107.49,2.484
2026-03-20,51489.6,128724.1,180213.7,53493.3,131828.1,185321.4,102.83,2.464
2026-03-21,51456.9,128642.3,180099.2,51464.1,130070.8,181534.9,100.8,2.527
2026-03-22,51422.2,128555.4,179977.5,50844.1,120191.5,171035.6,95.03,2.364
2026-03-23,51385.3,128463.4,179848.7,52103.2,132758.5,184861.8,102.79,2.548
2026-03-24,51346.5,128366.2,179712.7,50537.1,126734.4,177271.5,98.64,2.508
2026-03-25,51305.6,128263.9,179569.5,50987.5,126197.7,177185.2,98.67,2.475
2026-03-26,51262.6,128156.5,179419.2,50658.5,126533.1,177191.5,98.76,2.498
2026-03-27,51217.6,128044.0,179261.6,51524.5,122213.1,173737.6,96.92,2.372
2026-03-28,51170.5,127926.4,179096.9,49674.8,127805.5,177480.3,99.1,2.573
2026-03-29,51121.5,127803.6,178925.1,50485.7,127279.9,177765.6,99.35,2.521
2026-03-30,51070.3,127675.8,178746.1,52878.5,132902.5,185780.9,103.94,2.513
2026-03-31,51017.2,127543.0,178560.1,49417.7,123439.2,172857.0,96.81,2.498
2026-04-01,50962.0,127405.1,178367.1,29519.1,81225.5,110744.6,62.09,2.752
2026-04-02,50904.9,127262.2,178167.1,52387.8,134304.9,186692.7,104.79,2.564
2026-04-03,50845.8,127114.4,177960.2,51942.9,128447.2,180390.1,101.37,2.473
2026-04-04,50784.7,126961.8,177746.5,49755.4,120231.7,169987.1,95.63,2.416
2026-04-05,50721.7,126804.3,177526.0,48694.8,122063.5,170758.2,96.19,2.507
2026-04-06,50656.8,126642.0,177298.8,48035.6,129735.8,177771.4,100.27,2.701
2026-04-07,50590.0,126475.0,177065.0,51485.7,120783.2,172268.9,97.29,2.346
2026-04-08,50521.4,126303.4,176824.8,50618.1,124795.4,175413.5,99.2,2.465
2026-04-09,50450.9,126127.2,176578.1,52290.7,131097.7,183388.4,103.86,2.507
2026-04-10,50378.6,125946.6,176325.2,47997.6,125359.1,173356.6,98.32,2.612
2026-04-11,50304.6,125761.5,176066.1,48089.2,123306.4,171395.6,97.35,2.564
2026-04-12,50228.9,125572.2,175801.0,51521.4,131632.9,183154.2,104.18,2.555
2026-04-13,50151.4,125378.6,175530.0,55391.2,136260.3,191651.5,109.18,2.46
2026-04-14,50072.4,125180.9,175253.3,52859.6,136954.4,189813.9,108.31,2.591
2026-04-15,49991.7,124979.2,174970.9,51445.0,131441.7,182886.8,104.52,2.555
2026-04-16,49909.4,124773.6,174683.0,51155.1,127951.9,179107.1,102.53,2.501
2026-04-17,49825.7,124564.2,174389.9,50454.4,131970.2,182424.6,104.61,2.616
2026-04-18,49740.5,124351.1,174091.6,51408.0,130767.4,182175.4,104.64,2.544
2026-04-19,49653.8,124134.5,173788.4,51794.0,126590.0,178384.0,102.64,2.444
2026-04-20,49565.8,123914.5,173480.3,52845.7,128077.7,180923.4,104.29,2.424
2026-04-21,49476.5,123691.2,173167.7,53112.6,135959.3,189071.9,109.18,2.56
2026-04-22,49385.9,123464.7,172850.6,53294.0,130391.1,183685.1,106.27,2.447
2026-04-23,49294.1,123235.2,172529.3,54292.9,136007.1,190300.1,110.3,2.505
2026-04-24,49201.2,123002.9,172204.0,50004.8,119649.1,169653.9,98.52,2.393
2026-04-25,49107.1,122767.8,171874.9,49127.6,121695.0,170822.6,99.39,2.477
2026-04-26,49012.1,122530.1,171542.2,47495.6,122597.2,170092.8,99.16,2.581
2026-04-27,48916.0,122290.0,171206.1,49728.9,121622.6,171351.5,100.08,2.446
2026-04-28,48819.1,122047.7,170866.8,48477.2,118697.9,167175.1,97.84,2.449
2026-04-29,48721.3,121803.2,170524.5,47851.9,118361.7,166213.7,97.47,2.473
2026-04-30,48622.7,121556.8,170179.5,47273.7,120921.5,168195.2,98.83,2.558
2026-05-01,48523.4,121308.6,169832.1,44540.9,111482.5,156023.4,91.87,2.503
2026-05-02,48423.5,121058.8,169482.3,46805.1,117826.2,164631.2,97.14,2.517
2026-05-03,48323.0,120807.6,169130.6,45319.2,111840.9,157160.2,92.92,2.468
2026-05-04,48222.0,120555.0,168777.1,46357.8,122370.5,168728.2,99.97,2.64
2026-05-05,48120.6,120301.4,168422.0,49033.1,119725.6,168758.7,100.2,2.442
2026-05-06,48018.8,120046.9,168065.7,45932.5,115421.1,161353.6,96.01,2.513
2026-05-07,47916.7,119791.6,167708.3,48675.5,119826.8,168502.2,100.47,2.462
2026-05-08,47814.3,119535.8,167350.1,51367.3,122855.4,174222.7,104.11,2.392
2026-05-09,47711.8,119279.6,166991.4,48556.3,120671.4,169227.7,101.34,2.485
2026-05-10,47609.3,119023.2,166632.5,46983.3,116900.8,163884.1,98.35,2.488
2026-05-11,47506.7,118766.8,166273.5,46144.1,110262.1,156406.2,94.07,2.39
2026-05-12,47404.2,118510.5,165914.8,46569.5,115486.9,162056.4,97.67,2.48
2026-05-13,47301.9,118254.7,165556.5,45008.3,110126.5,155134.8,93.71,2.447
2026-05-14,47199.7,117999.3,165199.0,45045.6,113602.8,158648.4,96.03,2.522
2026-05-15,47097.9,117744.7,164842.6,46452.0,109929.9,156381.9,94.87,2.367
2026-05-16,46996.4,117491.0,164487.4,45048.2,116458.9,161507.1,98.19,2.585
2026-05-17,46895.4,117238.4,164133.8,47294.0,114161.2,161455.2,98.37,2.414
2026-05-18,46794.9,116987.2,163782.0,49520.3,124705.0,174225.4,106.38,2.518
2026-05-19,46694.9,116737.3,163432.3,48793.2,124194.1,172987.3,105.85,2.545
2026-05-20,46595.7,116489.2,163084.9,48724.6,122803.6,171528.2,105.18,2.52
2026-05-21,46497.2,116242.9,162740.1,52941.7,126946.5,179888.3,110.54,2.398
2026-05-22,46399.5,115998.6,162398.1,52137.6,128599.0,180736.6,111.29,2.467
2026-05-23,46302.6,115756.6,162059.2,47440.6,119183.7,166624.3,102.82,2.512
2026-05-24,46206.8,115516.9,161723.7,42230.8,110069.2,152300.1,94.17,2.606
2026-05-25,46111.9,115279.8,161391.8,43967.4,106509.7,150477.1,93.24,2.422
2026-05-26,46018.2,115045.5,161063.7,48673.6,116161.1,164834.7,102.34,2.387
2026-05-27,45925.6,114814.1,160739.8,44954.2,110184.7,155138.9,96.52,2.451
2026-05-28,45834.3,114585.8,160420.1,49443.5,117442.6,166886.1,104.03,2.375
2026-05-29,45744.3,114360.8,160105.1,44501.9,115293.8,159795.7,99.81,2.591
2026-05-30,45655.7,114139.2,159794.9,42334.0,109311.4,151645.3,94.9,2.582
2026-05-31,45568.5,113921.2,159489.7,38507.7,99720.1,138227.8,86.67,2.59
2026-06-01,45482.8,113707.1,159189.9,39191.9,100496.7,139688.6,87.75,2.564
2026-06-02,45398.7,113496.8,158895.5,39762.5,98776.3,138538.8,87.19,2.484
2026-06-03,45316.3,113290.6,158606.9,42006.6,106273.3,148279.9,93.49,2.53
2026-06-04,45235.5,113088.7,158324.2,44990.1,110180.1,155170.2,98.01,2.449
2026-06-05,45156.5,112891.2,158047.7,44103.8,108112.1,152215.9,96.31,2.451
2026-06-06,45079.3,112698.3,157777.6,44370.8,108947.4,153318.3,97.17,2.455
2026-06-07,45004.0,112510.0,157514.0,44475.5,110283.8,154759.3,98.25,2.48
2026-06-08,44930.6,112326.6,157257.2,42904.1,111460.4,154364.5,98.16,2.598
2026-06-09,44859.2,112148.1,157007.3,45213.8,115460.2,160674.0,102.34,2.554
2026-06-10,44789.9,111974.7,156764.6,43737.4,105787.6,149525.0,95.38,2.419
2026-06-11,44722.6,111806.6,156529.3,42018.0,107371.9,149389.9,95.44,2.555
2026-06-12,44657.5,111643.8,156301.4,43105.4,109016.9,152122.4,97.33,2.529
2026-06-13,44594.6,111486.5,156081.2,38764.3,100102.4,138866.7,88.97,2.582
2026-06-14,44533.9,111334.8,155868.8,39143.5,103423.7,142567.2,91.47,2.642
2026-06-15,44475.5,111188.8,155664.3,42008.8,102410.8,144419.6,92.78,2.438
2026-06-16,44419.4,111048.6,155468.1,40024.7,106939.0,146963.6,94.53,2.672
2026-06-17,44365.7,110914.3,155280.0,40952.5,109106.7,150059.2,96.64,2.664
2026-06-18,44314.4,110786.0,155100.4,42653.3,112847.3,155500.6,100.26,2.646
2026-06-19,44265.5,110663.8,154929.3,43838.7,111541.4,155380.1,100.29,2.544
2026-06-20,44219.1,110547.7,154766.8,43889.5,114729.5,158619.0,102.49,2.614
2026-06-21,44175.2,110437.9,154613.1,43196.5,106977.4,150173.9,97.13,2.477
2026-06-22,44133.8,110334.4,154468.2,47309.5,117543.4,164852.9,106.72,2.485
2026-06-23,44094.9,110237.4,154332.3,44725.8,111705.1,156430.9,101.36,2.498
2026-06-24,44058.7,110146.7,154205.4,45432.5,115210.5,160643.0,104.17,2.536
2026-06-25,44025.0,110062.6,154087.7,45528.9,107802.2,153331.1,99.51,2.368
2026-06-26,43994.0,109985.1,153979.1,48859.2,119097.2,167956.4,109.08,2.438
2026-06-27,43965.6,109914.1,153879.8,46317.7,114634.2,160952.0,104.6,2.475
2026-06-28,43939.9,109849.8,153789.8,46400.0,113762.0,160162.0,104.14,2.452
2026-06-29,43916.9,109792.2,153709.1,44101.2,111147.3,155248.5,101.0,2.52
2026-06-30,43896.5,109741.3,153637.9,47020.7,115764.8,162785.6,105.95,2.462
2026-07-01,43878.9,109697.2,153576.1,43115.2,107557.3,150672.5,98.11,2.495
2026-07-02,43863.9,109659.8,153523.7,43180.7,107987.2,151167.8,98.47,2.501
2026-07-03,43851.7,109629.1,153480.8,41468.2,106501.3,147969.5,96.41,2.568
2026-07-04,43842.1,109605.3,153447.4,41079.9,100776.9,141856.7,92.45,2.453
2026-07-05,43835.3,109588.2,153423.5,41969.1,104722.3,146691.3,95.61,2.495
2026-07-06,43831.1,109577.8,153409.0,43203.1,106835.3,150038.4,97.8,2.473
2026-07-07,43829.7,109574.3,153404.0,45286.8,106598.8,151885.6,99.01,2.354
2026-07-08,43831.0,109577.4,153408.4,41835.3,105214.5,147049.8,95.86,2.515
2026-07-09,43834.9,109587.3,153422.2,42811.0,105656.6,148467.6,96.77,2.468
2026-07-10,43841.5,109603.8,153445.3,44489.9,107486.1,151976.0,99.04,2.416
2026-07-11,43850.8,109627.0,153477.8,43910.9,105190.0,149100.8,97.15,2.396
2026-07-12,43862.7,109656.8,153519.5,43519.9,114581.5,158101.4,102.98,2.633
2026-07-13,43877.2,109693.1,153570.3,41539.4,103117.3,144656.6,94.2,2.482
2026-07-14,43894.4,109735.9,153630.3,40920.5,102386.8,143307.4,93.28,2.502
2026-07-15,43914.1,109785.2,153699.3,41716.5,104216.2,145932.7,94.95,2.498
2026-07-16,43936.4,109840.9,153777.3,40477.2,101456.2,141933.4,92.3,2.507
2026-07-17,43961.2,109902.9,153864.0,41394.4,104852.8,146247.1,95.05,2.533
2026-07-18,43988.4,109971.1,153959.6,41023.8,100657.4,141681.2,92.02,2.454
2026-07-19,44018.2,110045.5,154063.7,40270.8,101213.7,141484.4,91.84,2.513
2026-07-20,44050.4,110126.0,154176.4,44024.7,104826.9,148851.6,96.55,2.381
2026-07-21,44085.0,110212.4,154297.4,40511.7,101329.0,141840.7,91.93,2.501
2026-07-22,44121.9,110304.8,154426.7,42161.9,103735.3,145897.1,94.48,2.46
2026-07-23,44161.2,110403.0,154564.2,40830.8,104224.7,145055.5,93.85,2.553
2026-07-24,44202.7,110506.8,154709.6,43892.6,108546.7,152439.2,98.53,2.473
2026-07-25,44246.5,110616.3,154862.8,45689.8,109138.9,154828.7,99.98,2.389
2026-07-26,44292.5,110731.2,155023.7,45566.9,109381.3,154948.2,99.95,2.4
2026-07-27,44340.6,110851.5,155192.1,43700.2,113917.0,157617.3,101.56,2.607
2026-07-28,44390.8,110977.0,155367.8,45374.1,108419.9,153794.0,98.99,2.389
2026-07-29,44443.1,111107.6,155550.7,43548.5,110170.6,153719.1,98.82,2.53
2026-07-30,44497.3,111243.3,155740.6,43283.2,104257.2,147540.5,94.73,2.409
2026-07-31,44553.5,111383.8,155937.3,43749.0,107877.4,151626.4,97.24,2.466
2026-08-01,44611.6,111529.0,156140.6,42671.1,107498.0,150169.1,96.18,2.519
2026-08-02,44671.5,111678.8,156350.3,41175.6,101233.3,142408.8,91.08,2.459
2026-08-03,44733.2,111833.0,156566.2,43624.1,115213.6,158837.7,101.45,2.641
2026-08-04,44796.6,111991.5,156788.1,23084.3,61741.7,84826.0,54.1,2.675
2026-08-05,44861.7,112154.2,157015.9,43617.9,107624.7,151242.6,96.32,2.467
2026-08-06,44928.3,112320.9,157249.2,44898.7,110173.4,155072.1,98.62,2.454
2026-08-07,44996.5,112491.4,157487.9,45944.3,113311.4,159255.7,101.12,2.466
2026-08-08,45066.2,112665.6,157731.8,44569.2,107087.1,151656.3,96.15,2.403
2026-08-09,45137.3,112843.3,157980.6,45489.9,109158.0,154648.0,97.89,2.4
2026-08-10,45209.7,113024.4,158234.1,44896.2,111417.6,156313.8,98.79,2.482
2026-08-11,45283.5,113208.7,158492.1,46139.7,112883.1,159022.7,100.33,2.447
2026-08-12,45358.4,113396.0,158754.4,46738.6,118272.1,165010.7,103.94,2.531
2026-08-13,45434.5,113586.2,159020.7,42884.3,113611.0,156495.3,98.41,2.649
2026-08-14,45511.7,113779.1,159290.8,48271.9,121889.9,170161.7,106.82,2.525
2026-08-15,45589.8,113974.6,159564.4,46330.1,116207.4,162537.5,101.86,2.508
2026-08-16,45669.0,114172.4,159841.4,47467.3,116956.2,164423.6,102.87,2.464
2026-08-17,45749.0,114372.5,160121.4,48466.3,121842.8,170309.2,106.36,2.514
2026-08-18,45829.8,114574.5,160404.3,49232.4,125333.5,174565.9,108.83,2.546
2026-08-19,45911.4,114778.4,160689.8,50155.6,123867.8,174023.4,108.3,2.47
2026-08-20,45993.6,114984.0,160977.7,49654.1,121029.5,170683.5,106.03,2.437
2026-08-21,46076.5,115191.2,161267.6,49060.8,122416.8,171477.6,106.33,2.495
2026-08-22,46159.8,115399.6,161559.5,48851.6,115825.8,164677.4,101.93,2.371
2026-08-23,46243.7,115609.3,161853.0,49568.2,125183.9,174752.1,107.97,2.525
2026-08-24,46328.0,115819.9,162147.8,51968.7,127258.8,179227.5,110.53,2.449
2026-08-25,46412.5,116031.4,162443.9,45378.9,117060.8,162439.7,100.0,2.58
2026-08-26,46497.4,116243.5,162740.9,46879.6,115103.8,161983.3,99.53,2.455
2026-08-27,46582.4,116456.1,163038.5,48439.1,116780.3,165219.4,101.34,2.411
2026-08-28,46667.6,116669.0,163336.6,48225.6,113748.6,161974.2,99.17,2.359
2026-08-29,46752.9,116882.1,163635.0,45753.9,114048.8,159802.7,97.66,2.493
2026-08-30,46838.1,117095.2,163933.3,44436.6,113192.1,157628.8,96.15,2.547
2026-08-31,46923.3,117308.1,164231.4,46453.9,108538.5,154992.4,94.37,2.336
2026-09-01,47008.3,117520.7,164529.0,46938.1,118762.0,165700.1,100.71,2.53
2026-09-02,47093.1,117732.8,164826.0,44177.2,115769.1,159946.3,97.04,2.621
2026-09-03,47177.7,117944.3,165122.0,44706.0,116004.3,160710.3,97.33,2.595
2026-09-04,47262.0,118154.9,165416.9,46736.9,114724.9,161461.8,97.61,2.455
2026-09-05,47345.9,118364.6,165710.5,48463.8,121346.5,169810.3,102.47,2.504
2026-09-06,47429.3,118573.2,166002.5,45386.7,107589.2,152975.9,92.15,2.371
2026-09-07,47512.2,118780.6,166292.8,45142.5,117609.8,162752.3,97.87,2.605
2026-09-08,47594.6,118986.5,166581.1,44232.5,114589.9,158822.5,95.34,2.591
2026-09-09,47676.4,119190.9,166867.3,44998.7,112284.6,157283.3,94.26,2.495
2026-09-10,47757.5,119393.6,167151.1,45583.6,110744.0,156327.6,93.52,2.429
2026-09-11,47837.8,119594.6,167432.4,45894.5,113549.1,159443.6,95.23,2.474
2026-09-12,47917.4,119793.5,167710.9,45420.0,113938.1,159358.1,95.02,2.509
2026-09-13,47996.2,119990.4,167986.6,45362.4,110495.2,155857.6,92.78,2.436
2026-09-14,48074.1,120185.2,168259.2,44966.5,114949.7,159916.3,95.04,2.556
2026-09-15,48151.0,120377.6,168528.6,47332.1,118711.1,166043.2,98.53,2.508
2026-09-16,48227.0,120567.5,168794.6,43277.3,115715.8,158993.2,94.19,2.674
2026-09-17,48302.0,120755.0,169057.0,41953.4,101642.6,143595.9,84.94,2.423
2026-09-18,48375.9,120939.8,169315.7,43309.5,106399.7,149709.2,88.42,2.457
2026-09-19,48448.7,121121.8,169570.5,47439.0,121158.5,168597.5,99.43,2.554
2026-09-20,48520.4,121301.0,169821.4,48894.6,119494.3,168388.9,99.16,2.444
