date,equipment_id,equipment_name,build_year,cycle_sec_per_truck,trucks_loaded,work_hours
2023-01-01,WK-10,10#电铲,2015,139.2,502,19.4
2023-01-01,WK-12,12#电铲,2018,120.7,566,19.0
2023-01-01,WK-15,15#电铲,2020,123.8,557,19.2
2023-01-01,WK-18,18#电铲,2022,119.5,558,18.5
2023-01-01,WK-20,20#电铲,2012,137.0,511,19.5
2023-01-01,WK-22,22#电铲,2019,122.3,615,20.9
2023-01-01,WK-25,25#电铲,2023,168.6,97,4.6
2023-01-01,WK-28,28#电铲,2016,139.0,495,19.1
2023-01-02,WK-10,10#电铲,2015,141.2,494,19.4
2023-01-02,WK-12,12#电铲,2018,123.5,553,19.0
2023-01-02,WK-15,15#电铲,2020,126.0,547,19.2
2023-01-02,WK-18,18#电铲,2022,118.4,563,18.5
2023-01-02,WK-20,20#电铲,2012,138.4,506,19.5
2023-01-02,WK-22,22#电铲,2019,122.3,615,20.9
2023-01-02,WK-25,25#电铲,2023,121.4,616,20.8
2023-01-02,WK-28,28#电铲,2016,136.1,505,19.1
2023-01-03,WK-10,10#电铲,2015,137.8,507,19.4
2023-01-03,WK-12,12#电铲,2018,124.5,549,19.0
2023-01-03,WK-15,15#电铲,2020,126.7,544,19.2
2023-01-03,WK-18,18#电铲,2022,122.3,546,18.5
2023-01-03,WK-20,20#电铲,2012,138.4,506,19.5
2023-01-03,WK-22,22#电铲,2019,121.5,619,20.9
2023-01-03,WK-25,25#电铲,2023,121.9,614,20.8
2023-01-03,WK-28,28#电铲,2016,135.4,508,19.1
2023-01-04,WK-10,10#电铲,2015,137.6,507,19.4
2023-01-04,WK-12,12#电铲,2018,125.2,545,19.0
2023-01-04,WK-15,15#电铲,2020,124.5,554,19.2
2023-01-04,WK-18,18#电铲,2022,125.8,530,18.5
2023-01-04,WK-20,20#电铲,2012,139.4,502,19.5
2023-01-04,WK-22,22#电铲,2019,120.1,626,20.9
2023-01-04,WK-25,25#电铲,2023,119.5,626,20.8
2023-01-04,WK-28,28#电铲,2016,136.3,505,19.1
2023-01-05,WK-10,10#电铲,2015,137.5,508,19.4
2023-01-05,WK-12,12#电铲,2018,127.1,537,19.0
2023-01-05,WK-15,15#电铲,2020,124.9,552,19.2
2023-01-05,WK-18,18#电铲,2022,119.5,558,18.5
2023-01-05,WK-20,20#电铲,2012,137.7,509,19.5
2023-01-05,WK-22,22#电铲,2019,124.3,605,20.9
2023-01-05,WK-25,25#电铲,2023,120.8,619,20.8
2023-01-05,WK-28,28#电铲,2016,134.6,511,19.1
2023-01-06,WK-10,10#电铲,2015,137.5,508,19.4
2023-01-06,WK-12,12#电铲,2018,120.2,568,19.0
2023-01-06,WK-15,15#电铲,2020,124.3,555,19.2
2023-01-06,WK-18,18#电铲,2022,119.0,561,18.5
2023-01-06,WK-20,20#电铲,2012,138.8,505,19.5
2023-01-06,WK-22,22#电铲,2019,123.9,607,20.9
2023-01-06,WK-25,25#电铲,2023,123.8,604,20.8
2023-01-06,WK-28,28#电铲,2016,139.9,491,19.1
2023-01-07,WK-10,10#电铲,2015,138.4,504,19.4
2023-01-07,WK-12,12#电铲,2018,120.1,569,19.0
2023-01-07,WK-15,15#电铲,2020,125.5,550,19.2
2023-01-07,WK-18,18#电铲,2022,120.5,553,18.5
2023-01-07,WK-20,20#电铲,2012,140.3,499,19.5
2023-01-07,WK-22,22#电铲,2019,123.7,608,20.9
2023-01-07,WK-25,25#电铲,2023,122.9,609,20.8
2023-01-07,WK-28,28#电铲,2016,136.1,505,19.1
2023-01-08,WK-10,10#电铲,2015,136.3,512,19.4
2023-01-08,WK-12,12#电铲,2018,122.4,558,19.0
2023-01-08,WK-15,15#电铲,2020,123.7,558,19.2
2023-01-08,WK-18,18#电铲,2022,120.0,556,18.5
2023-01-08,WK-20,20#电铲,2012,138.0,507,19.5
2023-01-08,WK-22,22#电铲,2019,120.9,622,20.9
2023-01-08,WK-25,25#电铲,2023,125.4,597,20.8
2023-01-08,WK-28,28#电铲,2016,136.7,503,19.1
2023-01-09,WK-10,10#电铲,2015,136.9,510,19.4
2023-01-09,WK-12,12#电铲,2018,123.9,551,19.0
2023-01-09,WK-15,15#电铲,2020,123.1,561,19.2
2023-01-09,WK-18,18#电铲,2022,117.1,570,18.5
2023-01-09,WK-20,20#电铲,2012,138.7,505,19.5
2023-01-09,WK-22,22#电铲,2019,123.0,611,20.9
2023-01-09,WK-25,25#电铲,2023,122.6,610,20.8
2023-01-09,WK-28,28#电铲,2016,138.9,495,19.1
2023-01-10,WK-10,10#电铲,2015,138.8,503,19.4
2023-01-10,WK-12,12#电铲,2018,126.6,539,19.0
2023-01-10,WK-15,15#电铲,2020,123.9,557,19.2
2023-01-10,WK-18,18#电铲,2022,114.7,582,18.5
2023-01-10,WK-20,20#电铲,2012,134.9,519,19.5
2023-01-10,WK-22,22#电铲,2019,123.7,608,20.9
2023-01-10,WK-25,25#电铲,2023,123.6,605,20.8
2023-01-10,WK-28,28#电铲,2016,138.2,498,19.1
2023-01-11,WK-10,10#电铲,2015,137.9,506,19.4
2023-01-11,WK-12,12#电铲,2018,127.4,536,19.0
2023-01-11,WK-15,15#电铲,2020,122.8,562,19.2
2023-01-11,WK-18,18#电铲,2022,117.3,569,18.5
2023-01-11,WK-20,20#电铲,2012,135.5,517,19.5
2023-01-11,WK-22,22#电铲,2019,124.7,603,20.9
2023-01-11,WK-25,25#电铲,2023,125.0,599,20.8
2023-01-11,WK-28,28#电铲,2016,135.9,506,19.1
2023-01-12,WK-10,10#电铲,2015,141.0,495,19.4
2023-01-12,WK-12,12#电铲,2018,128.9,530,19.0
2023-01-12,WK-15,15#电铲,2020,125.7,549,19.2
2023-01-12,WK-18,18#电铲,2022,120.2,555,18.5
2023-01-12,WK-20,20#电铲,2012,138.5,505,19.5
2023-01-12,WK-22,22#电铲,2019,122.9,612,20.9
2023-01-12,WK-25,25#电铲,2023,124.6,600,20.8
2023-01-12,WK-28,28#电铲,2016,136.8,503,19.1
2023-01-13,WK-10,10#电铲,2015,138.1,506,19.4
2023-01-13,WK-12,12#电铲,2018,126.7,539,19.0
2023-01-13,WK-15,15#电铲,2020,124.5,554,19.2
2023-01-13,WK-18,18#电铲,2022,118.0,565,18.5
2023-01-13,WK-20,20#电铲,2012,137.1,511,19.5
2023-01-13,WK-22,22#电铲,2019,119.6,629,20.9
2023-01-13,WK-25,25#电铲,2023,123.5,606,20.8
2023-01-13,WK-28,28#电铲,2016,137.2,501,19.1
2023-01-14,WK-10,10#电铲,2015,138.8,503,19.4
2023-01-14,WK-12,12#电铲,2018,125.1,546,19.0
2023-01-14,WK-15,15#电铲,2020,124.3,555,19.2
2023-01-14,WK-18,18#电铲,2022,119.2,560,18.5
2023-01-14,WK-20,20#电铲,2012,139.9,500,19.5
2023-01-14,WK-22,22#电铲,2019,122.2,615,20.9
2023-01-14,WK-25,25#电铲,2023,123.9,604,20.8
2023-01-14,WK-28,28#电铲,2016,136.6,503,19.1
2023-01-15,WK-10,10#电铲,2015,139.0,502,19.4
2023-01-15,WK-12,12#电铲,2018,128.1,533,19.0
2023-01-15,WK-15,15#电铲,2020,124.4,554,19.2
2023-01-15,WK-18,18#电铲,2022,120.8,552,18.5
2023-01-15,WK-20,20#电铲,2012,139.4,502,19.5
2023-01-15,WK-22,22#电铲,2019,121.4,620,20.9
2023-01-15,WK-25,25#电铲,2023,120.8,619,20.8
2023-01-15,WK-28,28#电铲,2016,135.7,507,19.1
2023-01-16,WK-10,10#电铲,2015,138.7,503,19.4
2023-01-16,WK-12,12#电铲,2018,124.7,547,19.0
2023-01-16,WK-15,15#电铲,2020,126.8,544,19.2
2023-01-16,WK-18,18#电铲,2022,118.8,561,18.5
2023-01-16,WK-20,20#电铲,2012,139.6,502,19.5
2023-01-16,WK-22,22#电铲,2019,121.2,620,20.9
2023-01-16,WK-25,25#电铲,2023,118.0,634,20.8
2023-01-16,WK-28,28#电铲,2016,136.5,504,19.1
2023-01-17,WK-10,10#电铲,2015,136.5,512,19.4
2023-01-17,WK-12,12#电铲,2018,123.1,555,19.0
2023-01-17,WK-15,15#电铲,2020,125.4,550,19.2
2023-01-17,WK-18,18#电铲,2022,118.7,562,18.5
2023-01-17,WK-20,20#电铲,2012,140.3,499,19.5
2023-01-17,WK-22,22#电铲,2019,125.8,598,20.9
2023-01-17,WK-25,25#电铲,2023,120.1,623,20.8
2023-01-17,WK-28,28#电铲,2016,138.7,496,19.1
2023-01-18,WK-10,10#电铲,2015,138.6,504,19.4
2023-01-18,WK-12,12#电铲,2018,124.7,548,19.0
2023-01-18,WK-15,15#电铲,2020,125.0,552,19.2
2023-01-18,WK-18,18#电铲,2022,119.6,558,18.5
2023-01-18,WK-20,20#电铲,2012,140.0,500,19.5
2023-01-18,WK-22,22#电铲,2019,124.3,605,20.9
2023-01-18,WK-25,25#电铲,2023,120.7,620,20.8
2023-01-18,WK-28,28#电铲,2016,140.1,491,19.1
2023-01-19,WK-10,10#电铲,2015,138.3,505,19.4
2023-01-19,WK-12,12#电铲,2018,122.3,558,19.0
2023-01-19,WK-15,15#电铲,2020,124.3,555,19.2
2023-01-19,WK-18,18#电铲,2022,119.7,557,18.5
2023-01-19,WK-20,20#电铲,2012,139.4,502,19.5
2023-01-19,WK-22,22#电铲,2019,124.4,604,20.9
2023-01-19,WK-25,25#电铲,2023,121.9,614,20.8
2023-01-19,WK-28,28#电铲,2016,139.9,491,19.1
2023-01-20,WK-10,10#电铲,2015,140.1,498,19.4
2023-01-20,WK-12,12#电铲,2018,125.9,542,19.0
2023-01-20,WK-15,15#电铲,2020,124.2,555,19.2
2023-01-20,WK-18,18#电铲,2022,120.6,553,18.5
2023-01-20,WK-20,20#电铲,2012,141.4,495,19.5
2023-01-20,WK-22,22#电铲,2019,123.0,612,20.9
2023-01-20,WK-25,25#电铲,2023,122.6,610,20.8
2023-01-20,WK-28,28#电铲,2016,138.5,497,19.1
2023-01-21,WK-10,10#电铲,2015,138.7,503,19.4
2023-01-21,WK-12,12#电铲,2018,126.4,540,19.0
2023-01-21,WK-15,15#电铲,2020,124.6,554,19.2
2023-01-21,WK-18,18#电铲,2022,118.9,561,18.5
2023-01-21,WK-20,20#电铲,2012,138.3,506,19.5
2023-01-21,WK-22,22#电铲,2019,126.1,596,20.9
2023-01-21,WK-25,25#电铲,2023,122.2,612,20.8
2023-01-21,WK-28,28#电铲,2016,137.8,499,19.1
2023-01-22,WK-10,10#电铲,2015,140.2,498,19.4
2023-01-22,WK-12,12#电铲,2018,127.1,537,19.0
2023-01-22,WK-15,15#电铲,2020,126.4,546,19.2
2023-01-22,WK-18,18#电铲,2022,119.1,560,18.5
2023-01-22,WK-20,20#电铲,2012,139.9,500,19.5
2023-01-22,WK-22,22#电铲,2019,126.1,596,20.9
2023-01-22,WK-25,25#电铲,2023,120.0,623,20.8
2023-01-22,WK-28,28#电铲,2016,139.7,492,19.1
2023-01-23,WK-10,10#电铲,2015,140.3,498,19.4
2023-01-23,WK-12,12#电铲,2018,122.4,558,19.0
2023-01-23,WK-15,15#电铲,2020,127.0,543,19.2
2023-01-23,WK-18,18#电铲,2022,120.7,553,18.5
2023-01-23,WK-20,20#电铲,2012,138.7,505,19.5
2023-01-23,WK-22,22#电铲,2019,125.2,601,20.9
2023-01-23,WK-25,25#电铲,2023,122.7,610,20.8
2023-01-23,WK-28,28#电铲,2016,141.7,485,19.1
2023-01-24,WK-10,10#电铲,2015,139.9,499,19.4
2023-01-24,WK-12,12#电铲,2018,122.3,558,19.0
2023-01-24,WK-15,15#电铲,2020,126.2,547,19.2
2023-01-24,WK-18,18#电铲,2022,120.4,554,18.5
2023-01-24,WK-20,20#电铲,2012,139.9,500,19.5
2023-01-24,WK-22,22#电铲,2019,123.4,609,20.9
2023-01-24,WK-25,25#电铲,2023,122.5,611,20.8
2023-01-24,WK-28,28#电铲,2016,140.7,489,19.1
2023-01-25,WK-10,10#电铲,2015,140.8,496,19.4
2023-01-25,WK-12,12#电铲,2018,124.3,549,19.0
2023-01-25,WK-15,15#电铲,2020,125.4,550,19.2
2023-01-25,WK-18,18#电铲,2022,122.2,546,18.5
2023-01-25,WK-20,20#电铲,2012,137.6,509,19.5
2023-01-25,WK-22,22#电铲,2019,123.6,608,20.9
2023-01-25,WK-25,25#电铲,2023,121.6,615,20.8
2023-01-25,WK-28,28#电铲,2016,141.3,487,19.1
2023-01-26,WK-10,10#电铲,2015,138.3,505,19.4
2023-01-26,WK-12,12#电铲,2018,126.7,539,19.0
2023-01-26,WK-15,15#电铲,2020,123.9,557,19.2
2023-01-26,WK-18,18#电铲,2022,124.3,537,18.5
2023-01-26,WK-20,20#电铲,2012,140.5,499,19.5
2023-01-26,WK-22,22#电铲,2019,125.1,601,20.9
2023-01-26,WK-25,25#电铲,2023,121.2,617,20.8
2023-01-26,WK-28,28#电铲,2016,140.1,491,19.1
2023-01-27,WK-10,10#电铲,2015,138.3,505,19.4
2023-01-27,WK-12,12#电铲,2018,126.6,539,19.0
2023-01-27,WK-15,15#电铲,2020,123.7,557,19.2
2023-01-27,WK-18,18#电铲,2022,122.3,545,18.5
2023-01-27,WK-20,20#电铲,2012,142.8,490,19.5
2023-01-27,WK-22,22#电铲,2019,124.7,603,20.9
2023-01-27,WK-25,25#电铲,2023,121.6,615,20.8
2023-01-27,WK-28,28#电铲,2016,139.0,495,19.1
2023-01-28,WK-10,10#电铲,2015,139.0,502,19.4
2023-01-28,WK-12,12#电铲,2018,126.6,539,19.0
2023-01-28,WK-15,15#电铲,2020,124.0,556,19.2
2023-01-28,WK-18,18#电铲,2022,120.4,554,18.5
2023-01-28,WK-20,20#电铲,2012,141.6,494,19.5
2023-01-28,WK-22,22#电铲,2019,125.6,599,20.9
2023-01-28,WK-25,25#电铲,2023,119.6,625,20.8
2023-01-28,WK-28,28#电铲,2016,140.6,489,19.1
2023-01-29,WK-10,10#电铲,2015,138.4,504,19.4
2023-01-29,WK-12,12#电铲,2018,129.1,529,19.0
2023-01-29,WK-15,15#电铲,2020,126.4,546,19.2
2023-01-29,WK-18,18#电铲,2022,120.3,554,18.5
2023-01-29,WK-20,20#电铲,2012,141.8,494,19.5
2023-01-29,WK-22,22#电铲,2019,126.8,593,20.9
2023-01-29,WK-25,25#电铲,2023,121.9,614,20.8
2023-01-29,WK-28,28#电铲,2016,139.0,495,19.1
2023-01-30,WK-10,10#电铲,2015,137.6,507,19.4
2023-01-30,WK-12,12#电铲,2018,125.1,546,19.0
2023-01-30,WK-15,15#电铲,2020,126.4,545,19.2
2023-01-30,WK-18,18#电铲,2022,121.9,547,18.5
2023-01-30,WK-20,20#电铲,2012,137.6,509,19.5
2023-01-30,WK-22,22#电铲,2019,125.1,601,20.9
2023-01-30,WK-25,25#电铲,2023,123.2,607,20.8
2023-01-30,WK-28,28#电铲,2016,139.2,494,19.1
2023-01-31,WK-10,10#电铲,2015,138.1,505,19.4
2023-01-31,WK-12,12#电铲,2018,126.1,541,19.0
2023-01-31,WK-15,15#电铲,2020,125.1,552,19.2
2023-01-31,WK-18,18#电铲,2022,119.7,557,18.5
2023-01-31,WK-20,20#电铲,2012,139.2,503,19.5
2023-01-31,WK-22,22#电铲,2019,126.2,596,20.9
2023-01-31,WK-25,25#电铲,2023,121.4,616,20.8
2023-01-31,WK-28,28#电铲,2016,140.6,489,19.1
2023-02-01,WK-10,10#电铲,2015,139.4,501,19.4
2023-02-01,WK-12,12#电铲,2018,123.1,555,19.0
2023-02-01,WK-15,15#电铲,2020,127.1,543,19.2
2023-02-01,WK-18,18#电铲,2022,123.5,540,18.5
2023-02-01,WK-20,20#电铲,2012,144.2,485,19.5
2023-02-01,WK-22,22#电铲,2019,125.5,599,20.9
2023-02-01,WK-25,25#电铲,2023,122.1,613,20.8
2023-02-01,WK-28,28#电铲,2016,139.6,493,19.1
2023-02-02,WK-10,10#电铲,2015,137.1,509,19.4
2023-02-02,WK-12,12#电铲,2018,124.8,547,19.0
2023-02-02,WK-15,15#电铲,2020,124.8,553,19.2
2023-02-02,WK-18,18#电铲,2022,124.3,537,18.5
2023-02-02,WK-20,20#电铲,2012,140.6,498,19.5
2023-02-02,WK-22,22#电铲,2019,125.2,601,20.9
2023-02-02,WK-25,25#电铲,2023,124.5,601,20.8
2023-02-02,WK-28,28#电铲,2016,142.4,483,19.1
2023-02-03,WK-10,10#电铲,2015,139.1,502,19.4
2023-02-03,WK-12,12#电铲,2018,126.3,541,19.0
2023-02-03,WK-15,15#电铲,2020,127.9,539,19.2
2023-02-03,WK-18,18#电铲,2022,119.7,557,18.5
2023-02-03,WK-20,20#电铲,2012,141.1,496,19.5
2023-02-03,WK-22,22#电铲,2019,125.3,600,20.9
2023-02-03,WK-25,25#电铲,2023,124.5,601,20.8
2023-02-03,WK-28,28#电铲,2016,142.5,482,19.1
2023-02-04,WK-10,10#电铲,2015,142.2,491,19.4
2023-02-04,WK-12,12#电铲,2018,124.1,550,19.0
2023-02-04,WK-15,15#电铲,2020,125.2,551,19.2
2023-02-04,WK-18,18#电铲,2022,120.5,553,18.5
2023-02-04,WK-20,20#电铲,2012,138.3,506,19.5
2023-02-04,WK-22,22#电铲,2019,126.7,594,20.9
2023-02-04,WK-25,25#电铲,2023,126.0,594,20.8
2023-02-04,WK-28,28#电铲,2016,142.8,482,19.1
2023-02-05,WK-10,10#电铲,2015,140.1,498,19.4
2023-02-05,WK-12,12#电铲,2018,124.0,551,19.0
2023-02-05,WK-15,15#电铲,2020,126.9,543,19.2
2023-02-05,WK-18,18#电铲,2022,121.3,550,18.5
2023-02-05,WK-20,20#电铲,2012,140.8,497,19.5
2023-02-05,WK-22,22#电铲,2019,125.0,602,20.9
2023-02-05,WK-25,25#电铲,2023,125.2,598,20.8
2023-02-05,WK-28,28#电铲,2016,141.6,486,19.1
2023-02-06,WK-10,10#电铲,2015,139.4,501,19.4
2023-02-06,WK-12,12#电铲,2018,127.8,534,19.0
2023-02-06,WK-15,15#电铲,2020,126.9,543,19.2
2023-02-06,WK-18,18#电铲,2022,122.4,545,18.5
2023-02-06,WK-20,20#电铲,2012,143.2,489,19.5
2023-02-06,WK-22,22#电铲,2019,123.8,607,20.9
2023-02-06,WK-25,25#电铲,2023,122.9,609,20.8
2023-02-06,WK-28,28#电铲,2016,140.7,489,19.1
2023-02-07,WK-10,10#电铲,2015,143.2,487,19.4
2023-02-07,WK-12,12#电铲,2018,124.6,548,19.0
2023-02-07,WK-15,15#电铲,2020,127.3,542,19.2
2023-02-07,WK-18,18#电铲,2022,121.9,547,18.5
2023-02-07,WK-20,20#电铲,2012,140.9,497,19.5
2023-02-07,WK-22,22#电铲,2019,126.8,593,20.9
2023-02-07,WK-25,25#电铲,2023,123.5,606,20.8
2023-02-07,WK-28,28#电铲,2016,141.0,488,19.1
2023-02-08,WK-10,10#电铲,2015,141.2,495,19.4
2023-02-08,WK-12,12#电铲,2018,127.0,538,19.0
2023-02-08,WK-15,15#电铲,2020,128.8,535,19.2
2023-02-08,WK-18,18#电铲,2022,121.0,551,18.5
2023-02-08,WK-20,20#电铲,2012,139.6,501,19.5
2023-02-08,WK-22,22#电铲,2019,127.1,592,20.9
2023-02-08,WK-25,25#电铲,2023,123.4,606,20.8
2023-02-08,WK-28,28#电铲,2016,140.2,490,19.1
2023-02-09,WK-10,10#电铲,2015,139.1,502,19.4
2023-02-09,WK-12,12#电铲,2018,127.8,534,19.0
2023-02-09,WK-15,15#电铲,2020,126.3,546,19.2
2023-02-09,WK-18,18#电铲,2022,121.5,549,18.5
2023-02-09,WK-20,20#电铲,2012,139.0,504,19.5
2023-02-09,WK-22,22#电铲,2019,125.2,601,20.9
2023-02-09,WK-25,25#电铲,2023,122.3,612,20.8
2023-02-09,WK-28,28#电铲,2016,141.5,486,19.1
2023-02-10,WK-10,10#电铲,2015,142.8,489,19.4
2023-02-10,WK-12,12#电铲,2018,125.6,544,19.0
2023-02-10,WK-15,15#电铲,2020,126.7,545,19.2
2023-02-10,WK-18,18#电铲,2022,119.0,560,18.5
2023-02-10,WK-20,20#电铲,2012,139.5,502,19.5
2023-02-10,WK-22,22#电铲,2019,124.6,604,20.9
2023-02-10,WK-25,25#电铲,2023,122.0,613,20.8
2023-02-10,WK-28,28#电铲,2016,143.1,480,19.1
2023-02-11,WK-10,10#电铲,2015,139.0,502,19.4
2023-02-11,WK-12,12#电铲,2018,124.6,548,19.0
2023-02-11,WK-15,15#电铲,2020,126.2,547,19.2
2023-02-11,WK-18,18#电铲,2022,121.7,548,18.5
2023-02-11,WK-20,20#电铲,2012,137.6,509,19.5
2023-02-11,WK-22,22#电铲,2019,125.4,600,20.9
2023-02-11,WK-25,25#电铲,2023,123.0,608,20.8
2023-02-11,WK-28,28#电铲,2016,139.9,491,19.1
2023-02-12,WK-10,10#电铲,2015,142.8,489,19.4
2023-02-12,WK-12,12#电铲,2018,125.0,546,19.0
2023-02-12,WK-15,15#电铲,2020,128.0,539,19.2
2023-02-12,WK-18,18#电铲,2022,117.6,567,18.5
2023-02-12,WK-20,20#电铲,2012,136.9,512,19.5
2023-02-12,WK-22,22#电铲,2019,124.6,603,20.9
2023-02-12,WK-25,25#电铲,2023,121.4,616,20.8
2023-02-12,WK-28,28#电铲,2016,139.7,492,19.1
2023-02-13,WK-10,10#电铲,2015,140.6,497,19.4
2023-02-13,WK-12,12#电铲,2018,125.4,544,19.0
2023-02-13,WK-15,15#电铲,2020,127.9,539,19.2
2023-02-13,WK-18,18#电铲,2022,120.1,556,18.5
2023-02-13,WK-20,20#电铲,2012,138.1,507,19.5
2023-02-13,WK-22,22#电铲,2019,126.5,595,20.9
2023-02-13,WK-25,25#电铲,2023,124.3,602,20.8
2023-02-13,WK-28,28#电铲,2016,142.4,483,19.1
2023-02-14,WK-10,10#电铲,2015,140.9,495,19.4
2023-02-14,WK-12,12#电铲,2018,126.3,540,19.0
2023-02-14,WK-15,15#电铲,2020,125.7,549,19.2
2023-02-14,WK-18,18#电铲,2022,122.3,545,18.5
2023-02-14,WK-20,20#电铲,2012,141.1,496,19.5
2023-02-14,WK-22,22#电铲,2019,126.9,592,20.9
2023-02-14,WK-25,25#电铲,2023,120.5,621,20.8
2023-02-14,WK-28,28#电铲,2016,139.7,492,19.1
2023-02-15,WK-10,10#电铲,2015,140.6,496,19.4
2023-02-15,WK-12,12#电铲,2018,127.0,538,19.0
2023-02-15,WK-15,15#电铲,2020,122.6,563,19.2
2023-02-15,WK-18,18#电铲,2022,124.3,536,18.5
2023-02-15,WK-20,20#电铲,2012,140.2,499,19.5
2023-02-15,WK-22,22#电铲,2019,126.5,595,20.9
2023-02-15,WK-25,25#电铲,2023,124.0,604,20.8
2023-02-15,WK-28,28#电铲,2016,139.4,493,19.1
2023-02-16,WK-10,10#电铲,2015,139.5,500,19.4
2023-02-16,WK-12,12#电铲,2018,125.0,546,19.0
2023-02-16,WK-15,15#电铲,2020,124.4,555,19.2
2023-02-16,WK-18,18#电铲,2022,122.1,546,18.5
2023-02-16,WK-20,20#电铲,2012,140.2,499,19.5
2023-02-16,WK-22,22#电铲,2019,124.2,605,20.9
2023-02-16,WK-25,25#电铲,2023,124.2,602,20.8
2023-02-16,WK-28,28#电铲,2016,140.9,488,19.1
2023-02-17,WK-10,10#电铲,2015,140.1,498,19.4
2023-02-17,WK-12,12#电铲,2018,125.1,546,19.0
2023-02-17,WK-15,15#电铲,2020,127.3,542,19.2
2023-02-17,WK-18,18#电铲,2022,124.6,535,18.5
2023-02-17,WK-20,20#电铲,2012,139.8,501,19.5
2023-02-17,WK-22,22#电铲,2019,122.5,614,20.9
2023-02-17,WK-25,25#电铲,2023,123.7,605,20.8
2023-02-17,WK-28,28#电铲,2016,139.0,495,19.1
2023-02-18,WK-10,10#电铲,2015,141.0,495,19.4
2023-02-18,WK-12,12#电铲,2018,127.0,538,19.0
2023-02-18,WK-15,15#电铲,2020,129.1,534,19.2
2023-02-18,WK-18,18#电铲,2022,123.3,541,18.5
2023-02-18,WK-20,20#电铲,2012,141.2,496,19.5
2023-02-18,WK-22,22#电铲,2019,125.1,601,20.9
2023-02-18,WK-25,25#电铲,2023,127.9,585,20.8
2023-02-18,WK-28,28#电铲,2016,140.0,491,19.1
2023-02-19,WK-10,10#电铲,2015,139.3,501,19.4
2023-02-19,WK-12,12#电铲,2018,127.4,536,19.0
2023-02-19,WK-15,15#电铲,2020,126.7,545,19.2
2023-02-19,WK-18,18#电铲,2022,123.3,541,18.5
2023-02-19,WK-20,20#电铲,2012,140.6,498,19.5
2023-02-19,WK-22,22#电铲,2019,126.3,596,20.9
2023-02-19,WK-25,25#电铲,2023,126.8,590,20.8
2023-02-19,WK-28,28#电铲,2016,138.7,496,19.1
2023-02-20,WK-10,10#电铲,2015,142.8,489,19.4
2023-02-20,WK-12,12#电铲,2018,126.5,540,19.0
2023-02-20,WK-15,15#电铲,2020,125.6,549,19.2
2023-02-20,WK-18,18#电铲,2022,123.2,541,18.5
2023-02-20,WK-20,20#电铲,2012,142.9,490,19.5
2023-02-20,WK-22,22#电铲,2019,125.4,600,20.9
2023-02-20,WK-25,25#电铲,2023,125.6,596,20.8
2023-02-20,WK-28,28#电铲,2016,140.7,489,19.1
2023-02-21,WK-10,10#电铲,2015,143.3,487,19.4
2023-02-21,WK-12,12#电铲,2018,127.7,535,19.0
2023-02-21,WK-15,15#电铲,2020,127.7,540,19.2
2023-02-21,WK-18,18#电铲,2022,122.3,545,18.5
2023-02-21,WK-20,20#电铲,2012,142.8,490,19.5
2023-02-21,WK-22,22#电铲,2019,124.2,605,20.9
2023-02-21,WK-25,25#电铲,2023,123.5,606,20.8
2023-02-21,WK-28,28#电铲,2016,140.5,490,19.1
2023-02-22,WK-10,10#电铲,2015,143.7,486,19.4
2023-02-22,WK-12,12#电铲,2018,126.7,539,19.0
2023-02-22,WK-15,15#电铲,2020,125.9,548,19.2
2023-02-22,WK-18,18#电铲,2022,123.4,541,18.5
2023-02-22,WK-20,20#电铲,2012,141.6,494,19.5
2023-02-22,WK-22,22#电铲,2019,126.1,596,20.9
2023-02-22,WK-25,25#电铲,2023,122.7,610,20.8
2023-02-22,WK-28,28#电铲,2016,140.9,488,19.1
2023-02-23,WK-10,10#电铲,2015,143.1,488,19.4
2023-02-23,WK-12,12#电铲,2018,128.0,534,19.0
2023-02-23,WK-15,15#电铲,2020,126.7,545,19.2
2023-02-23,WK-18,18#电铲,2022,123.1,542,18.5
2023-02-23,WK-20,20#电铲,2012,141.2,496,19.5
2023-02-23,WK-22,22#电铲,2019,124.4,604,20.9
2023-02-23,WK-25,25#电铲,2023,125.3,597,20.8
2023-02-23,WK-28,28#电铲,2016,143.2,480,19.1
2023-02-24,WK-10,10#电铲,2015,140.6,497,19.4
2023-02-24,WK-12,12#电铲,2018,128.6,531,19.0
2023-02-24,WK-15,15#电铲,2020,126.8,544,19.2
2023-02-24,WK-18,18#电铲,2022,121.3,550,18.5
2023-02-24,WK-20,20#电铲,2012,140.6,498,19.5
2023-02-24,WK-22,22#电铲,2019,125.8,598,20.9
2023-02-24,WK-25,25#电铲,2023,125.9,594,20.8
2023-02-24,WK-28,28#电铲,2016,143.0,481,19.1
2023-02-25,WK-10,10#电铲,2015,179.6,195,9.8
2023-02-25,WK-12,12#电铲,2018,125.1,546,19.0
2023-02-25,WK-15,15#电铲,2020,128.6,536,19.2
2023-02-25,WK-18,18#电铲,2022,122.5,545,18.5
2023-02-25,WK-20,20#电铲,2012,140.1,500,19.5
2023-02-25,WK-22,22#电铲,2019,126.8,593,20.9
2023-02-25,WK-25,25#电铲,2023,124.0,603,20.8
2023-02-25,WK-28,28#电铲,2016,140.9,488,19.1
2023-02-26,WK-10,10#电铲,2015,142.5,490,19.4
2023-02-26,WK-12,12#电铲,2018,124.7,548,19.0
2023-02-26,WK-15,15#电铲,2020,126.6,545,19.2
2023-02-26,WK-18,18#电铲,2022,122.3,545,18.5
2023-02-26,WK-20,20#电铲,2012,139.9,501,19.5
2023-02-26,WK-22,22#电铲,2019,130.8,575,20.9
2023-02-26,WK-25,25#电铲,2023,125.1,598,20.8
2023-02-26,WK-28,28#电铲,2016,141.5,486,19.1
2023-02-27,WK-10,10#电铲,2015,141.8,493,19.4
2023-02-27,WK-12,12#电铲,2018,125.3,545,19.0
2023-02-27,WK-15,15#电铲,2020,126.1,547,19.2
2023-02-27,WK-18,18#电铲,2022,125.7,531,18.5
2023-02-27,WK-20,20#电铲,2012,141.5,495,19.5
2023-02-27,WK-22,22#电铲,2019,127.2,591,20.9
2023-02-27,WK-25,25#电铲,2023,126.4,592,20.8
2023-02-27,WK-28,28#电铲,2016,142.4,483,19.1
2023-02-28,WK-10,10#电铲,2015,139.4,501,19.4
2023-02-28,WK-12,12#电铲,2018,126.0,542,19.0
2023-02-28,WK-15,15#电铲,2020,127.5,541,19.2
2023-02-28,WK-18,18#电铲,2022,122.9,543,18.5
2023-02-28,WK-20,20#电铲,2012,141.5,495,19.5
2023-02-28,WK-22,22#电铲,2019,124.0,606,20.9
2023-02-28,WK-25,25#电铲,2023,127.8,585,20.8
2023-02-28,WK-28,28#电铲,2016,145.2,474,19.1
2023-03-01,WK-10,10#电铲,2015,138.4,504,19.4
2023-03-01,WK-12,12#电铲,2018,129.7,527,19.0
2023-03-01,WK-15,15#电铲,2020,127.7,540,19.2
2023-03-01,WK-18,18#电铲,2022,122.5,544,18.5
2023-03-01,WK-20,20#电铲,2012,143.5,488,19.5
2023-03-01,WK-22,22#电铲,2019,124.7,603,20.9
2023-03-01,WK-25,25#电铲,2023,125.7,595,20.8
2023-03-01,WK-28,28#电铲,2016,143.9,478,19.1
2023-03-02,WK-10,10#电铲,2015,139.7,500,19.4
2023-03-02,WK-12,12#电铲,2018,128.7,531,19.0
2023-03-02,WK-15,15#电铲,2020,128.3,538,19.2
2023-03-02,WK-18,18#电铲,2022,121.5,549,18.5
2023-03-02,WK-20,20#电铲,2012,143.2,489,19.5
2023-03-02,WK-22,22#电铲,2019,124.1,606,20.9
2023-03-02,WK-25,25#电铲,2023,126.1,593,20.8
2023-03-02,WK-28,28#电铲,2016,144.4,476,19.1
2023-03-03,WK-10,10#电铲,2015,138.2,505,19.4
2023-03-03,WK-12,12#电铲,2018,126.4,540,19.0
2023-03-03,WK-15,15#电铲,2020,128.6,536,19.2
2023-03-03,WK-18,18#电铲,2022,121.1,551,18.5
2023-03-03,WK-20,20#电铲,2012,142.6,491,19.5
2023-03-03,WK-22,22#电铲,2019,123.9,607,20.9
2023-03-03,WK-25,25#电铲,2023,124.1,603,20.8
2023-03-03,WK-28,28#电铲,2016,142.0,484,19.1
2023-03-04,WK-10,10#电铲,2015,140.5,497,19.4
2023-03-04,WK-12,12#电铲,2018,125.3,545,19.0
2023-03-04,WK-15,15#电铲,2020,128.0,539,19.2
2023-03-04,WK-18,18#电铲,2022,122.6,544,18.5
2023-03-04,WK-20,20#电铲,2012,139.9,501,19.5
2023-03-04,WK-22,22#电铲,2019,127.4,590,20.9
2023-03-04,WK-25,25#电铲,2023,123.6,605,20.8
2023-03-04,WK-28,28#电铲,2016,141.8,485,19.1
2023-03-05,WK-10,10#电铲,2015,140.8,496,19.4
2023-03-05,WK-12,12#电铲,2018,126.7,539,19.0
2023-03-05,WK-15,15#电铲,2020,130.1,530,19.2
2023-03-05,WK-18,18#电铲,2022,125.4,532,18.5
2023-03-05,WK-20,20#电铲,2012,141.3,496,19.5
2023-03-05,WK-22,22#电铲,2019,126.6,594,20.9
2023-03-05,WK-25,25#电铲,2023,123.7,605,20.8
2023-03-05,WK-28,28#电铲,2016,140.8,488,19.1
2023-03-06,WK-10,10#电铲,2015,142.2,491,19.4
2023-03-06,WK-12,12#电铲,2018,127.4,536,19.0
2023-03-06,WK-15,15#电铲,2020,128.7,536,19.2
2023-03-06,WK-18,18#电铲,2022,126.0,529,18.5
2023-03-06,WK-20,20#电铲,2012,139.7,501,19.5
2023-03-06,WK-22,22#电铲,2019,126.6,594,20.9
2023-03-06,WK-25,25#电铲,2023,124.4,601,20.8
2023-03-06,WK-28,28#电铲,2016,137.3,501,19.1
2023-03-07,WK-10,10#电铲,2015,141.1,495,19.4
2023-03-07,WK-12,12#电铲,2018,128.9,530,19.0
2023-03-07,WK-15,15#电铲,2020,128.7,536,19.2
2023-03-07,WK-18,18#电铲,2022,124.8,535,18.5
2023-03-07,WK-20,20#电铲,2012,141.2,496,19.5
2023-03-07,WK-22,22#电铲,2019,126.6,594,20.9
2023-03-07,WK-25,25#电铲,2023,124.2,603,20.8
2023-03-07,WK-28,28#电铲,2016,143.5,479,19.1
2023-03-08,WK-10,10#电铲,2015,140.7,496,19.4
2023-03-08,WK-12,12#电铲,2018,128.3,532,19.0
2023-03-08,WK-15,15#电铲,2020,129.2,534,19.2
2023-03-08,WK-18,18#电铲,2022,124.5,536,18.5
2023-03-08,WK-20,20#电铲,2012,141.4,495,19.5
2023-03-08,WK-22,22#电铲,2019,127.7,589,20.9
2023-03-08,WK-25,25#电铲,2023,126.5,592,20.8
2023-03-08,WK-28,28#电铲,2016,141.9,485,19.1
2023-03-09,WK-10,10#电铲,2015,141.1,495,19.4
2023-03-09,WK-12,12#电铲,2018,127.4,536,19.0
2023-03-09,WK-15,15#电铲,2020,128.0,539,19.2
2023-03-09,WK-18,18#电铲,2022,121.8,548,18.5
2023-03-09,WK-20,20#电铲,2012,141.9,493,19.5
2023-03-09,WK-22,22#电铲,2019,126.1,596,20.9
2023-03-09,WK-25,25#电铲,2023,123.7,605,20.8
2023-03-09,WK-28,28#电铲,2016,140.6,489,19.1
2023-03-10,WK-10,10#电铲,2015,139.6,500,19.4
2023-03-10,WK-12,12#电铲,2018,127.8,534,19.0
2023-03-10,WK-15,15#电铲,2020,128.3,538,19.2
2023-03-10,WK-18,18#电铲,2022,121.9,547,18.5
2023-03-10,WK-20,20#电铲,2012,141.0,497,19.5
2023-03-10,WK-22,22#电铲,2019,125.8,598,20.9
2023-03-10,WK-25,25#电铲,2023,122.5,611,20.8
2023-03-10,WK-28,28#电铲,2016,142.2,484,19.1
2023-03-11,WK-10,10#电铲,2015,142.5,490,19.4
2023-03-11,WK-12,12#电铲,2018,124.4,549,19.0
2023-03-11,WK-15,15#电铲,2020,126.5,545,19.2
2023-03-11,WK-18,18#电铲,2022,120.1,555,18.5
2023-03-11,WK-20,20#电铲,2012,141.2,496,19.5
2023-03-11,WK-22,22#电铲,2019,126.3,595,20.9
2023-03-11,WK-25,25#电铲,2023,123.1,607,20.8
2023-03-11,WK-28,28#电铲,2016,143.8,478,19.1
2023-03-12,WK-10,10#电铲,2015,141.9,492,19.4
2023-03-12,WK-12,12#电铲,2018,125.1,546,19.0
2023-03-12,WK-15,15#电铲,2020,125.9,548,19.2
2023-03-12,WK-18,18#电铲,2022,119.5,558,18.5
2023-03-12,WK-20,20#电铲,2012,142.7,491,19.5
2023-03-12,WK-22,22#电铲,2019,127.7,589,20.9
2023-03-12,WK-25,25#电铲,2023,125.0,598,20.8
2023-03-12,WK-28,28#电铲,2016,141.1,487,19.1
2023-03-13,WK-10,10#电铲,2015,144.4,484,19.4
2023-03-13,WK-12,12#电铲,2018,126.2,541,19.0
2023-03-13,WK-15,15#电铲,2020,127.4,542,19.2
2023-03-13,WK-18,18#电铲,2022,121.0,551,18.5
2023-03-13,WK-20,20#电铲,2012,141.1,496,19.5
2023-03-13,WK-22,22#电铲,2019,128.9,583,20.9
2023-03-13,WK-25,25#电铲,2023,124.7,600,20.8
2023-03-13,WK-28,28#电铲,2016,144.9,475,19.1
2023-03-14,WK-10,10#电铲,2015,141.4,494,19.4
2023-03-14,WK-12,12#电铲,2018,125.8,543,19.0
2023-03-14,WK-15,15#电铲,2020,127.7,540,19.2
2023-03-14,WK-18,18#电铲,2022,123.4,541,18.5
2023-03-14,WK-20,20#电铲,2012,138.6,505,19.5
2023-03-14,WK-22,22#电铲,2019,127.0,592,20.9
2023-03-14,WK-25,25#电铲,2023,123.1,607,20.8
2023-03-14,WK-28,28#电铲,2016,143.9,478,19.1
2023-03-15,WK-10,10#电铲,2015,140.9,495,19.4
2023-03-15,WK-12,12#电铲,2018,124.2,550,19.0
2023-03-15,WK-15,15#电铲,2020,129.2,534,19.2
2023-03-15,WK-18,18#电铲,2022,124.3,537,18.5
2023-03-15,WK-20,20#电铲,2012,140.0,500,19.5
2023-03-15,WK-22,22#电铲,2019,128.3,586,20.9
2023-03-15,WK-25,25#电铲,2023,123.7,605,20.8
2023-03-15,WK-28,28#电铲,2016,143.5,479,19.1
2023-03-16,WK-10,10#电铲,2015,141.5,493,19.4
2023-03-16,WK-12,12#电铲,2018,125.2,545,19.0
2023-03-16,WK-15,15#电铲,2020,127.4,542,19.2
2023-03-16,WK-18,18#电铲,2022,122.8,543,18.5
2023-03-16,WK-20,20#电铲,2012,140.8,497,19.5
2023-03-16,WK-22,22#电铲,2019,126.5,595,20.9
2023-03-16,WK-25,25#电铲,2023,122.5,611,20.8
2023-03-16,WK-28,28#电铲,2016,142.6,482,19.1
2023-03-17,WK-10,10#电铲,2015,142.9,488,19.4
2023-03-17,WK-12,12#电铲,2018,128.4,532,19.0
2023-03-17,WK-15,15#电铲,2020,126.3,546,19.2
2023-03-17,WK-18,18#电铲,2022,125.1,533,18.5
2023-03-17,WK-20,20#电铲,2012,140.6,498,19.5
2023-03-17,WK-22,22#电铲,2019,129.0,583,20.9
2023-03-17,WK-25,25#电铲,2023,121.4,616,20.8
2023-03-17,WK-28,28#电铲,2016,144.8,475,19.1
2023-03-18,WK-10,10#电铲,2015,142.3,491,19.4
2023-03-18,WK-12,12#电铲,2018,127.2,537,19.0
2023-03-18,WK-15,15#电铲,2020,127.7,540,19.2
2023-03-18,WK-18,18#电铲,2022,126.6,527,18.5
2023-03-18,WK-20,20#电铲,2012,142.6,491,19.5
2023-03-18,WK-22,22#电铲,2019,128.3,586,20.9
2023-03-18,WK-25,25#电铲,2023,124.3,602,20.8
2023-03-18,WK-28,28#电铲,2016,141.7,485,19.1
2023-03-19,WK-10,10#电铲,2015,141.8,492,19.4
2023-03-19,WK-12,12#电铲,2018,129.8,526,19.0
2023-03-19,WK-15,15#电铲,2020,127.9,539,19.2
2023-03-19,WK-18,18#电铲,2022,125.2,533,18.5
2023-03-19,WK-20,20#电铲,2012,140.8,497,19.5
2023-03-19,WK-22,22#电铲,2019,126.4,595,20.9
2023-03-19,WK-25,25#电铲,2023,123.0,608,20.8
2023-03-19,WK-28,28#电铲,2016,141.2,487,19.1
2023-03-20,WK-10,10#电铲,2015,140.8,496,19.4
2023-03-20,WK-12,12#电铲,2018,127.3,536,19.0
2023-03-20,WK-15,15#电铲,2020,129.4,533,19.2
2023-03-20,WK-18,18#电铲,2022,126.7,526,18.5
2023-03-20,WK-20,20#电铲,2012,139.6,501,19.5
2023-03-20,WK-22,22#电铲,2019,125.5,599,20.9
2023-03-20,WK-25,25#电铲,2023,124.9,599,20.8
2023-03-20,WK-28,28#电铲,2016,145.2,474,19.1
2023-03-21,WK-10,10#电铲,2015,144.8,482,19.4
2023-03-21,WK-12,12#电铲,2018,127.9,534,19.0
2023-03-21,WK-15,15#电铲,2020,130.5,529,19.2
2023-03-21,WK-18,18#电铲,2022,125.2,533,18.5
2023-03-21,WK-20,20#电铲,2012,137.7,509,19.5
2023-03-21,WK-22,22#电铲,2019,126.3,595,20.9
2023-03-21,WK-25,25#电铲,2023,123.5,606,20.8
2023-03-21,WK-28,28#电铲,2016,143.3,480,19.1
2023-03-22,WK-10,10#电铲,2015,144.2,484,19.4
2023-03-22,WK-12,12#电铲,2018,127.6,535,19.0
2023-03-22,WK-15,15#电铲,2020,128.4,537,19.2
2023-03-22,WK-18,18#电铲,2022,123.5,540,18.5
2023-03-22,WK-20,20#电铲,2012,138.5,506,19.5
2023-03-22,WK-22,22#电铲,2019,128.9,583,20.9
2023-03-22,WK-25,25#电铲,2023,124.9,599,20.8
2023-03-22,WK-28,28#电铲,2016,146.6,469,19.1
2023-03-23,WK-10,10#电铲,2015,143.2,487,19.4
2023-03-23,WK-12,12#电铲,2018,128.0,533,19.0
2023-03-23,WK-15,15#电铲,2020,130.5,529,19.2
2023-03-23,WK-18,18#电铲,2022,121.6,548,18.5
2023-03-23,WK-20,20#电铲,2012,140.8,497,19.5
2023-03-23,WK-22,22#电铲,2019,127.9,588,20.9
2023-03-23,WK-25,25#电铲,2023,124.5,601,20.8
2023-03-23,WK-28,28#电铲,2016,144.1,477,19.1
2023-03-24,WK-10,10#电铲,2015,141.3,494,19.4
2023-03-24,WK-12,12#电铲,2018,125.6,544,19.0
2023-03-24,WK-15,15#电铲,2020,128.2,538,19.2
2023-03-24,WK-18,18#电铲,2022,122.5,544,18.5
2023-03-24,WK-20,20#电铲,2012,140.8,497,19.5
2023-03-24,WK-22,22#电铲,2019,128.4,586,20.9
2023-03-24,WK-25,25#电铲,2023,125.5,596,20.8
2023-03-24,WK-28,28#电铲,2016,143.5,479,19.1
2023-03-25,WK-10,10#电铲,2015,144.1,485,19.4
2023-03-25,WK-12,12#电铲,2018,127.4,536,19.0
2023-03-25,WK-15,15#电铲,2020,128.6,536,19.2
2023-03-25,WK-18,18#电铲,2022,124.3,537,18.5
2023-03-25,WK-20,20#电铲,2012,140.9,497,19.5
2023-03-25,WK-22,22#电铲,2019,127.7,589,20.9
2023-03-25,WK-25,25#电铲,2023,124.2,603,20.8
2023-03-25,WK-28,28#电铲,2016,143.4,479,19.1
2023-03-26,WK-10,10#电铲,2015,143.9,485,19.4
2023-03-26,WK-12,12#电铲,2018,126.6,539,19.0
2023-03-26,WK-15,15#电铲,2020,128.7,536,19.2
2023-03-26,WK-18,18#电铲,2022,121.6,549,18.5
2023-03-26,WK-20,20#电铲,2012,142.8,490,19.5
2023-03-26,WK-22,22#电铲,2019,127.2,591,20.9
2023-03-26,WK-25,25#电铲,2023,123.7,605,20.8
2023-03-26,WK-28,28#电铲,2016,144.0,478,19.1
2023-03-27,WK-10,10#电铲,2015,140.8,496,19.4
2023-03-27,WK-12,12#电铲,2018,128.4,532,19.0
2023-03-27,WK-15,15#电铲,2020,125.9,548,19.2
2023-03-27,WK-18,18#电铲,2022,120.4,554,18.5
2023-03-27,WK-20,20#电铲,2012,144.1,486,19.5
2023-03-27,WK-22,22#电铲,2019,125.4,600,20.9
2023-03-27,WK-25,25#电铲,2023,123.1,608,20.8
2023-03-27,WK-28,28#电铲,2016,142.3,483,19.1
2023-03-28,WK-10,10#电铲,2015,142.6,489,19.4
2023-03-28,WK-12,12#电铲,2018,129.3,528,19.0
2023-03-28,WK-15,15#电铲,2020,131.3,525,19.2
2023-03-28,WK-18,18#电铲,2022,122.8,543,18.5
2023-03-28,WK-20,20#电铲,2012,144.3,485,19.5
2023-03-28,WK-22,22#电铲,2019,128.8,584,20.9
2023-03-28,WK-25,25#电铲,2023,123.6,605,20.8
2023-03-28,WK-28,28#电铲,2016,142.3,483,19.1
2023-03-29,WK-10,10#电铲,2015,141.5,493,19.4
2023-03-29,WK-12,12#电铲,2018,130.9,522,19.0
2023-03-29,WK-15,15#电铲,2020,130.0,531,19.2
2023-03-29,WK-18,18#电铲,2022,123.3,541,18.5
2023-03-29,WK-20,20#电铲,2012,140.9,497,19.5
2023-03-29,WK-22,22#电铲,2019,129.0,583,20.9
2023-03-29,WK-25,25#电铲,2023,124.9,599,20.8
2023-03-29,WK-28,28#电铲,2016,145.4,473,19.1
2023-03-30,WK-10,10#电铲,2015,139.6,500,19.4
2023-03-30,WK-12,12#电铲,2018,129.9,525,19.0
2023-03-30,WK-15,15#电铲,2020,130.9,527,19.2
2023-03-30,WK-18,18#电铲,2022,124.0,538,18.5
2023-03-30,WK-20,20#电铲,2012,138.6,505,19.5
2023-03-30,WK-22,22#电铲,2019,128.2,586,20.9
2023-03-30,WK-25,25#电铲,2023,127.5,587,20.8
2023-03-30,WK-28,28#电铲,2016,141.7,485,19.1
2023-03-31,WK-10,10#电铲,2015,141.2,494,19.4
2023-03-31,WK-12,12#电铲,2018,128.3,532,19.0
2023-03-31,WK-15,15#电铲,2020,130.4,529,19.2
2023-03-31,WK-18,18#电铲,2022,121.4,550,18.5
2023-03-31,WK-20,20#电铲,2012,138.1,507,19.5
2023-03-31,WK-22,22#电铲,2019,127.2,591,20.9
2023-03-31,WK-25,25#电铲,2023,125.1,598,20.8
2023-03-31,WK-28,28#电铲,2016,141.5,486,19.1
2023-04-01,WK-10,10#电铲,2015,139.8,499,19.4
2023-04-01,WK-12,12#电铲,2018,126.6,539,19.0
2023-04-01,WK-15,15#电铲,2020,129.6,532,19.2
2023-04-01,WK-18,18#电铲,2022,124.0,538,18.5
2023-04-01,WK-20,20#电铲,2012,141.5,495,19.5
2023-04-01,WK-22,22#电铲,2019,126.3,595,20.9
2023-04-01,WK-25,25#电铲,2023,121.5,616,20.8
2023-04-01,WK-28,28#电铲,2016,143.5,479,19.1
2023-04-02,WK-10,10#电铲,2015,212.5,156,9.2
2023-04-02,WK-12,12#电铲,2018,126.3,541,19.0
2023-04-02,WK-15,15#电铲,2020,129.5,532,19.2
2023-04-02,WK-18,18#电铲,2022,123.2,541,18.5
2023-04-02,WK-20,20#电铲,2012,140.8,497,19.5
2023-04-02,WK-22,22#电铲,2019,125.7,598,20.9
2023-04-02,WK-25,25#电铲,2023,124.2,602,20.8
2023-04-02,WK-28,28#电铲,2016,139.2,494,19.1
2023-04-03,WK-10,10#电铲,2015,139.6,500,19.4
2023-04-03,WK-12,12#电铲,2018,125.5,544,19.0
2023-04-03,WK-15,15#电铲,2020,126.7,545,19.2
2023-04-03,WK-18,18#电铲,2022,123.5,540,18.5
2023-04-03,WK-20,20#电铲,2012,142.4,492,19.5
2023-04-03,WK-22,22#电铲,2019,130.8,575,20.9
2023-04-03,WK-25,25#电铲,2023,122.7,610,20.8
2023-04-03,WK-28,28#电铲,2016,140.5,489,19.1
2023-04-04,WK-10,10#电铲,2015,140.6,497,19.4
2023-04-04,WK-12,12#电铲,2018,127.3,536,19.0
2023-04-04,WK-15,15#电铲,2020,124.2,556,19.2
2023-04-04,WK-18,18#电铲,2022,124.2,537,18.5
2023-04-04,WK-20,20#电铲,2012,140.1,500,19.5
2023-04-04,WK-22,22#电铲,2019,130.3,577,20.9
2023-04-04,WK-25,25#电铲,2023,120.7,620,20.8
2023-04-04,WK-28,28#电铲,2016,141.4,486,19.1
2023-04-05,WK-10,10#电铲,2015,140.2,498,19.4
2023-04-05,WK-12,12#电铲,2018,126.8,538,19.0
2023-04-05,WK-15,15#电铲,2020,128.2,538,19.2
2023-04-05,WK-18,18#电铲,2022,125.0,534,18.5
2023-04-05,WK-20,20#电铲,2012,143.4,488,19.5
2023-04-05,WK-22,22#电铲,2019,129.1,583,20.9
2023-04-05,WK-25,25#电铲,2023,120.5,621,20.8
2023-04-05,WK-28,28#电铲,2016,145.0,474,19.1
2023-04-06,WK-10,10#电铲,2015,140.2,498,19.4
2023-04-06,WK-12,12#电铲,2018,126.8,539,19.0
2023-04-06,WK-15,15#电铲,2020,128.7,536,19.2
2023-04-06,WK-18,18#电铲,2022,120.9,552,18.5
2023-04-06,WK-20,20#电铲,2012,141.6,494,19.5
2023-04-06,WK-22,22#电铲,2019,128.4,586,20.9
2023-04-06,WK-25,25#电铲,2023,121.0,618,20.8
2023-04-06,WK-28,28#电铲,2016,144.7,475,19.1
2023-04-07,WK-10,10#电铲,2015,143.8,486,19.4
2023-04-07,WK-12,12#电铲,2018,124.7,547,19.0
2023-04-07,WK-15,15#电铲,2020,127.7,540,19.2
2023-04-07,WK-18,18#电铲,2022,122.4,545,18.5
2023-04-07,WK-20,20#电铲,2012,141.2,496,19.5
2023-04-07,WK-22,22#电铲,2019,128.1,587,20.9
2023-04-07,WK-25,25#电铲,2023,123.1,607,20.8
2023-04-07,WK-28,28#电铲,2016,143.7,478,19.1
2023-04-08,WK-10,10#电铲,2015,142.0,492,19.4
2023-04-08,WK-12,12#电铲,2018,126.0,542,19.0
2023-04-08,WK-15,15#电铲,2020,125.0,552,19.2
2023-04-08,WK-18,18#电铲,2022,122.4,545,18.5
2023-04-08,WK-20,20#电铲,2012,141.5,495,19.5
2023-04-08,WK-22,22#电铲,2019,129.2,582,20.9
2023-04-08,WK-25,25#电铲,2023,123.0,608,20.8
2023-04-08,WK-28,28#电铲,2016,142.6,482,19.1
2023-04-09,WK-10,10#电铲,2015,142.7,489,19.4
2023-04-09,WK-12,12#电铲,2018,125.7,543,19.0
2023-04-09,WK-15,15#电铲,2020,127.3,542,19.2
2023-04-09,WK-18,18#电铲,2022,128.2,520,18.5
2023-04-09,WK-20,20#电铲,2012,143.5,488,19.5
2023-04-09,WK-22,22#电铲,2019,128.0,588,20.9
2023-04-09,WK-25,25#电铲,2023,123.1,608,20.8
2023-04-09,WK-28,28#电铲,2016,140.0,491,19.1
2023-04-10,WK-10,10#电铲,2015,142.3,491,19.4
2023-04-10,WK-12,12#电铲,2018,126.7,539,19.0
2023-04-10,WK-15,15#电铲,2020,127.9,539,19.2
2023-04-10,WK-18,18#电铲,2022,124.1,538,18.5
2023-04-10,WK-20,20#电铲,2012,139.6,502,19.5
2023-04-10,WK-22,22#电铲,2019,124.9,602,20.9
2023-04-10,WK-25,25#电铲,2023,124.8,600,20.8
2023-04-10,WK-28,28#电铲,2016,142.3,483,19.1
2023-04-11,WK-10,10#电铲,2015,143.8,485,19.4
2023-04-11,WK-12,12#电铲,2018,126.5,540,19.0
2023-04-11,WK-15,15#电铲,2020,128.4,537,19.2
2023-04-11,WK-18,18#电铲,2022,125.4,532,18.5
2023-04-11,WK-20,20#电铲,2012,138.7,505,19.5
2023-04-11,WK-22,22#电铲,2019,122.3,615,20.9
2023-04-11,WK-25,25#电铲,2023,123.6,605,20.8
2023-04-11,WK-28,28#电铲,2016,143.3,480,19.1
2023-04-12,WK-10,10#电铲,2015,143.4,487,19.4
2023-04-12,WK-12,12#电铲,2018,125.4,545,19.0
2023-04-12,WK-15,15#电铲,2020,129.6,532,19.2
2023-04-12,WK-18,18#电铲,2022,124.4,536,18.5
2023-04-12,WK-20,20#电铲,2012,141.4,495,19.5
2023-04-12,WK-22,22#电铲,2019,123.9,607,20.9
2023-04-12,WK-25,25#电铲,2023,123.6,605,20.8
2023-04-12,WK-28,28#电铲,2016,144.5,476,19.1
2023-04-13,WK-10,10#电铲,2015,141.9,492,19.4
2023-04-13,WK-12,12#电铲,2018,126.2,541,19.0
2023-04-13,WK-15,15#电铲,2020,129.2,534,19.2
2023-04-13,WK-18,18#电铲,2022,122.1,546,18.5
2023-04-13,WK-20,20#电铲,2012,142.5,491,19.5
2023-04-13,WK-22,22#电铲,2019,124.3,605,20.9
2023-04-13,WK-25,25#电铲,2023,126.6,591,20.8
2023-04-13,WK-28,28#电铲,2016,144.2,477,19.1
2023-04-14,WK-10,10#电铲,2015,139.1,502,19.4
2023-04-14,WK-12,12#电铲,2018,126.1,541,19.0
2023-04-14,WK-15,15#电铲,2020,129.1,534,19.2
2023-04-14,WK-18,18#电铲,2022,121.7,548,18.5
2023-04-14,WK-20,20#电铲,2012,141.2,496,19.5
2023-04-14,WK-22,22#电铲,2019,126.4,595,20.9
2023-04-14,WK-25,25#电铲,2023,124.8,600,20.8
2023-04-14,WK-28,28#电铲,2016,140.7,489,19.1
2023-04-15,WK-10,10#电铲,2015,141.1,495,19.4
2023-04-15,WK-12,12#电铲,2018,129.0,529,19.0
2023-04-15,WK-15,15#电铲,2020,128.6,536,19.2
2023-04-15,WK-18,18#电铲,2022,122.3,545,18.5
2023-04-15,WK-20,20#电铲,2012,138.2,507,19.5
2023-04-15,WK-22,22#电铲,2019,126.8,593,20.9
2023-04-15,WK-25,25#电铲,2023,123.4,606,20.8
2023-04-15,WK-28,28#电铲,2016,140.5,489,19.1
2023-04-16,WK-10,10#电铲,2015,141.2,494,19.4
2023-04-16,WK-12,12#电铲,2018,127.5,535,19.0
2023-04-16,WK-15,15#电铲,2020,129.2,534,19.2
2023-04-16,WK-18,18#电铲,2022,121.3,550,18.5
2023-04-16,WK-20,20#电铲,2012,139.7,501,19.5
2023-04-16,WK-22,22#电铲,2019,129.1,582,20.9
2023-04-16,WK-25,25#电铲,2023,127.6,586,20.8
2023-04-16,WK-28,28#电铲,2016,139.4,493,19.1
2023-04-17,WK-10,10#电铲,2015,139.7,500,19.4
2023-04-17,WK-12,12#电铲,2018,124.1,550,19.0
2023-04-17,WK-15,15#电铲,2020,129.6,532,19.2
2023-04-17,WK-18,18#电铲,2022,122.1,546,18.5
2023-04-17,WK-20,20#电铲,2012,140.7,498,19.5
2023-04-17,WK-22,22#电铲,2019,128.2,586,20.9
2023-04-17,WK-25,25#电铲,2023,126.7,590,20.8
2023-04-17,WK-28,28#电铲,2016,140.9,488,19.1
2023-04-18,WK-10,10#电铲,2015,141.3,494,19.4
2023-04-18,WK-12,12#电铲,2018,124.7,548,19.0
2023-04-18,WK-15,15#电铲,2020,127.8,540,19.2
2023-04-18,WK-18,18#电铲,2022,123.1,542,18.5
2023-04-18,WK-20,20#电铲,2012,139.9,500,19.5
2023-04-18,WK-22,22#电铲,2019,126.6,594,20.9
2023-04-18,WK-25,25#电铲,2023,125.3,597,20.8
2023-04-18,WK-28,28#电铲,2016,141.2,487,19.1
2023-04-19,WK-10,10#电铲,2015,142.1,491,19.4
2023-04-19,WK-12,12#电铲,2018,124.2,550,19.0
2023-04-19,WK-15,15#电铲,2020,127.3,542,19.2
2023-04-19,WK-18,18#电铲,2022,121.0,551,18.5
2023-04-19,WK-20,20#电铲,2012,142.8,490,19.5
2023-04-19,WK-22,22#电铲,2019,127.7,589,20.9
2023-04-19,WK-25,25#电铲,2023,123.8,604,20.8
2023-04-19,WK-28,28#电铲,2016,142.4,483,19.1
2023-04-20,WK-10,10#电铲,2015,140.5,497,19.4
2023-04-20,WK-12,12#电铲,2018,124.7,548,19.0
2023-04-20,WK-15,15#电铲,2020,127.1,543,19.2
2023-04-20,WK-18,18#电铲,2022,124.5,536,18.5
2023-04-20,WK-20,20#电铲,2012,140.8,497,19.5
2023-04-20,WK-22,22#电铲,2019,126.7,594,20.9
2023-04-20,WK-25,25#电铲,2023,125.0,599,20.8
2023-04-20,WK-28,28#电铲,2016,142.1,484,19.1
2023-04-21,WK-10,10#电铲,2015,139.5,501,19.4
2023-04-21,WK-12,12#电铲,2018,122.1,559,19.0
2023-04-21,WK-15,15#电铲,2020,129.5,533,19.2
2023-04-21,WK-18,18#电铲,2022,123.9,538,18.5
2023-04-21,WK-20,20#电铲,2012,140.9,497,19.5
2023-04-21,WK-22,22#电铲,2019,125.0,602,20.9
2023-04-21,WK-25,25#电铲,2023,123.4,606,20.8
2023-04-21,WK-28,28#电铲,2016,142.8,482,19.1
2023-04-22,WK-10,10#电铲,2015,141.8,492,19.4
2023-04-22,WK-12,12#电铲,2018,123.4,553,19.0
2023-04-22,WK-15,15#电铲,2020,125.3,550,19.2
2023-04-22,WK-18,18#电铲,2022,124.3,536,18.5
2023-04-22,WK-20,20#电铲,2012,141.8,494,19.5
2023-04-22,WK-22,22#电铲,2019,125.6,599,20.9
2023-04-22,WK-25,25#电铲,2023,121.1,618,20.8
2023-04-22,WK-28,28#电铲,2016,141.2,487,19.1
2023-04-23,WK-10,10#电铲,2015,139.7,500,19.4
2023-04-23,WK-12,12#电铲,2018,126.5,540,19.0
2023-04-23,WK-15,15#电铲,2020,125.3,551,19.2
2023-04-23,WK-18,18#电铲,2022,121.7,548,18.5
2023-04-23,WK-20,20#电铲,2012,141.9,493,19.5
2023-04-23,WK-22,22#电铲,2019,125.9,597,20.9
2023-04-23,WK-25,25#电铲,2023,121.8,614,20.8
2023-04-23,WK-28,28#电铲,2016,143.3,480,19.1
2023-04-24,WK-10,10#电铲,2015,142.6,490,19.4
2023-04-24,WK-12,12#电铲,2018,127.4,536,19.0
2023-04-24,WK-15,15#电铲,2020,127.3,542,19.2
2023-04-24,WK-18,18#电铲,2022,121.9,547,18.5
2023-04-24,WK-20,20#电铲,2012,144.2,486,19.5
2023-04-24,WK-22,22#电铲,2019,126.1,596,20.9
2023-04-24,WK-25,25#电铲,2023,123.7,605,20.8
2023-04-24,WK-28,28#电铲,2016,145.8,472,19.1
2023-04-25,WK-10,10#电铲,2015,141.2,494,19.4
2023-04-25,WK-12,12#电铲,2018,124.6,548,19.0
2023-04-25,WK-15,15#电铲,2020,128.1,538,19.2
2023-04-25,WK-18,18#电铲,2022,124.8,535,18.5
2023-04-25,WK-20,20#电铲,2012,142.4,492,19.5
2023-04-25,WK-22,22#电铲,2019,125.8,598,20.9
2023-04-25,WK-25,25#电铲,2023,123.8,604,20.8
2023-04-25,WK-28,28#电铲,2016,144.5,476,19.1
2023-04-26,WK-10,10#电铲,2015,143.7,486,19.4
2023-04-26,WK-12,12#电铲,2018,126.7,539,19.0
2023-04-26,WK-15,15#电铲,2020,125.7,549,19.2
2023-04-26,WK-18,18#电铲,2022,123.5,540,18.5
2023-04-26,WK-20,20#电铲,2012,144.0,486,19.5
2023-04-26,WK-22,22#电铲,2019,126.2,596,20.9
2023-04-26,WK-25,25#电铲,2023,122.9,608,20.8
2023-04-26,WK-28,28#电铲,2016,141.9,484,19.1
2023-04-27,WK-10,10#电铲,2015,142.6,489,19.4
2023-04-27,WK-12,12#电铲,2018,126.6,539,19.0
2023-04-27,WK-15,15#电铲,2020,126.2,546,19.2
2023-04-27,WK-18,18#电铲,2022,124.3,537,18.5
2023-04-27,WK-20,20#电铲,2012,142.9,490,19.5
2023-04-27,WK-22,22#电铲,2019,124.0,607,20.9
2023-04-27,WK-25,25#电铲,2023,122.1,613,20.8
2023-04-27,WK-28,28#电铲,2016,140.8,489,19.1
2023-04-28,WK-10,10#电铲,2015,141.2,494,19.4
2023-04-28,WK-12,12#电铲,2018,127.1,537,19.0
2023-04-28,WK-15,15#电铲,2020,129.1,534,19.2
2023-04-28,WK-18,18#电铲,2022,126.0,529,18.5
2023-04-28,WK-20,20#电铲,2012,140.9,497,19.5
2023-04-28,WK-22,22#电铲,2019,124.7,603,20.9
2023-04-28,WK-25,25#电铲,2023,124.9,599,20.8
2023-04-28,WK-28,28#电铲,2016,140.1,491,19.1
2023-04-29,WK-10,10#电铲,2015,142.0,492,19.4
2023-04-29,WK-12,12#电铲,2018,130.2,524,19.0
2023-04-29,WK-15,15#电铲,2020,126.7,545,19.2
2023-04-29,WK-18,18#电铲,2022,126.8,526,18.5
2023-04-29,WK-20,20#电铲,2012,141.0,497,19.5
2023-04-29,WK-22,22#电铲,2019,125.8,598,20.9
2023-04-29,WK-25,25#电铲,2023,124.5,601,20.8
2023-04-29,WK-28,28#电铲,2016,141.6,486,19.1
2023-04-30,WK-10,10#电铲,2015,143.7,486,19.4
2023-04-30,WK-12,12#电铲,2018,124.6,548,19.0
2023-04-30,WK-15,15#电铲,2020,126.5,545,19.2
2023-04-30,WK-18,18#电铲,2022,125.3,532,18.5
2023-04-30,WK-20,20#电铲,2012,142.8,490,19.5
2023-04-30,WK-22,22#电铲,2019,126.1,596,20.9
2023-04-30,WK-25,25#电铲,2023,124.2,602,20.8
2023-04-30,WK-28,28#电铲,2016,139.6,492,19.1
2023-05-01,WK-10,10#电铲,2015,142.3,491,19.4
2023-05-01,WK-12,12#电铲,2018,126.1,542,19.0
2023-05-01,WK-15,15#电铲,2020,126.4,546,19.2
2023-05-01,WK-18,18#电铲,2022,123.5,540,18.5
2023-05-01,WK-20,20#电铲,2012,139.6,501,19.5
2023-05-01,WK-22,22#电铲,2019,126.7,593,20.9
2023-05-01,WK-25,25#电铲,2023,122.1,613,20.8
2023-05-01,WK-28,28#电铲,2016,141.4,486,19.1
2023-05-02,WK-10,10#电铲,2015,141.4,494,19.4
2023-05-02,WK-12,12#电铲,2018,128.9,530,19.0
2023-05-02,WK-15,15#电铲,2020,127.7,540,19.2
2023-05-02,WK-18,18#电铲,2022,120.6,553,18.5
2023-05-02,WK-20,20#电铲,2012,140.9,497,19.5
2023-05-02,WK-22,22#电铲,2019,124.8,602,20.9
2023-05-02,WK-25,25#电铲,2023,121.2,617,20.8
2023-05-02,WK-28,28#电铲,2016,140.2,491,19.1
2023-05-03,WK-10,10#电铲,2015,141.5,493,19.4
2023-05-03,WK-12,12#电铲,2018,127.9,534,19.0
2023-05-03,WK-15,15#电铲,2020,126.6,545,19.2
2023-05-03,WK-18,18#电铲,2022,119.1,560,18.5
2023-05-03,WK-20,20#电铲,2012,138.3,506,19.5
2023-05-03,WK-22,22#电铲,2019,124.6,604,20.9
2023-05-03,WK-25,25#电铲,2023,124.2,602,20.8
2023-05-03,WK-28,28#电铲,2016,142.2,484,19.1
2023-05-04,WK-10,10#电铲,2015,143.0,488,19.4
2023-05-04,WK-12,12#电铲,2018,128.9,530,19.0
2023-05-04,WK-15,15#电铲,2020,128.7,536,19.2
2023-05-04,WK-18,18#电铲,2022,121.0,551,18.5
2023-05-04,WK-20,20#电铲,2012,140.2,500,19.5
2023-05-04,WK-22,22#电铲,2019,123.9,607,20.9
2023-05-04,WK-25,25#电铲,2023,124.2,602,20.8
2023-05-04,WK-28,28#电铲,2016,141.3,487,19.1
2023-05-05,WK-10,10#电铲,2015,142.9,489,19.4
2023-05-05,WK-12,12#电铲,2018,125.1,546,19.0
2023-05-05,WK-15,15#电铲,2020,126.1,547,19.2
2023-05-05,WK-18,18#电铲,2022,121.8,548,18.5
2023-05-05,WK-20,20#电铲,2012,141.7,494,19.5
2023-05-05,WK-22,22#电铲,2019,127.2,591,20.9
2023-05-05,WK-25,25#电铲,2023,121.3,617,20.8
2023-05-05,WK-28,28#电铲,2016,142.9,481,19.1
2023-05-06,WK-10,10#电铲,2015,144.6,483,19.4
2023-05-06,WK-12,12#电铲,2018,125.5,544,19.0
2023-05-06,WK-15,15#电铲,2020,125.6,549,19.2
2023-05-06,WK-18,18#电铲,2022,121.9,547,18.5
2023-05-06,WK-20,20#电铲,2012,141.8,494,19.5
2023-05-06,WK-22,22#电铲,2019,126.4,595,20.9
2023-05-06,WK-25,25#电铲,2023,123.7,605,20.8
2023-05-06,WK-28,28#电铲,2016,140.3,490,19.1
2023-05-07,WK-10,10#电铲,2015,145.2,481,19.4
2023-05-07,WK-12,12#电铲,2018,126.3,541,19.0
2023-05-07,WK-15,15#电铲,2020,127.4,542,19.2
2023-05-07,WK-18,18#电铲,2022,122.9,543,18.5
2023-05-07,WK-20,20#电铲,2012,139.8,501,19.5
2023-05-07,WK-22,22#电铲,2019,128.6,585,20.9
2023-05-07,WK-25,25#电铲,2023,126.6,591,20.8
2023-05-07,WK-28,28#电铲,2016,141.9,485,19.1
2023-05-08,WK-10,10#电铲,2015,142.5,490,19.4
2023-05-08,WK-12,12#电铲,2018,124.8,547,19.0
2023-05-08,WK-15,15#电铲,2020,125.9,548,19.2
2023-05-08,WK-18,18#电铲,2022,123.8,539,18.5
2023-05-08,WK-20,20#电铲,2012,140.0,500,19.5
2023-05-08,WK-22,22#电铲,2019,125.4,600,20.9
2023-05-08,WK-25,25#电铲,2023,126.1,593,20.8
2023-05-08,WK-28,28#电铲,2016,142.7,482,19.1
2023-05-09,WK-10,10#电铲,2015,142.2,491,19.4
2023-05-09,WK-12,12#电铲,2018,125.8,543,19.0
2023-05-09,WK-15,15#电铲,2020,126.3,546,19.2
2023-05-09,WK-18,18#电铲,2022,122.7,544,18.5
2023-05-09,WK-20,20#电铲,2012,142.8,490,19.5
2023-05-09,WK-22,22#电铲,2019,124.5,604,20.9
2023-05-09,WK-25,25#电铲,2023,125.7,595,20.8
2023-05-09,WK-28,28#电铲,2016,143.5,479,19.1
2023-05-10,WK-10,10#电铲,2015,142.2,491,19.4
2023-05-10,WK-12,12#电铲,2018,128.3,532,19.0
2023-05-10,WK-15,15#电铲,2020,124.4,554,19.2
2023-05-10,WK-18,18#电铲,2022,122.2,546,18.5
2023-05-10,WK-20,20#电铲,2012,139.6,501,19.5
2023-05-10,WK-22,22#电铲,2019,125.7,598,20.9
2023-05-10,WK-25,25#电铲,2023,122.8,609,20.8
2023-05-10,WK-28,28#电铲,2016,145.3,473,19.1
2023-05-11,WK-10,10#电铲,2015,139.1,502,19.4
2023-05-11,WK-12,12#电铲,2018,127.4,536,19.0
2023-05-11,WK-15,15#电铲,2020,124.7,553,19.2
2023-05-11,WK-18,18#电铲,2022,124.2,537,18.5
2023-05-11,WK-20,20#电铲,2012,138.8,504,19.5
2023-05-11,WK-22,22#电铲,2019,125.7,598,20.9
2023-05-11,WK-25,25#电铲,2023,123.9,604,20.8
2023-05-11,WK-28,28#电铲,2016,143.8,478,19.1
2023-05-12,WK-10,10#电铲,2015,141.1,495,19.4
2023-05-12,WK-12,12#电铲,2018,126.6,539,19.0
2023-05-12,WK-15,15#电铲,2020,124.9,552,19.2
2023-05-12,WK-18,18#电铲,2022,122.5,545,18.5
2023-05-12,WK-20,20#电铲,2012,141.1,496,19.5
2023-05-12,WK-22,22#电铲,2019,122.9,612,20.9
2023-05-12,WK-25,25#电铲,2023,121.3,617,20.8
2023-05-12,WK-28,28#电铲,2016,140.5,489,19.1
2023-05-13,WK-10,10#电铲,2015,136.0,513,19.4
2023-05-13,WK-12,12#电铲,2018,126.1,541,19.0
2023-05-13,WK-15,15#电铲,2020,128.8,536,19.2
2023-05-13,WK-18,18#电铲,2022,124.0,538,18.5
2023-05-13,WK-20,20#电铲,2012,140.1,500,19.5
2023-05-13,WK-22,22#电铲,2019,124.5,604,20.9
2023-05-13,WK-25,25#电铲,2023,123.1,608,20.8
2023-05-13,WK-28,28#电铲,2016,142.1,484,19.1
2023-05-14,WK-10,10#电铲,2015,140.4,497,19.4
2023-05-14,WK-12,12#电铲,2018,122.2,559,19.0
2023-05-14,WK-15,15#电铲,2020,128.6,536,19.2
2023-05-14,WK-18,18#电铲,2022,124.1,537,18.5
2023-05-14,WK-20,20#电铲,2012,138.3,506,19.5
2023-05-14,WK-22,22#电铲,2019,124.2,605,20.9
2023-05-14,WK-25,25#电铲,2023,175.9,150,7.4
2023-05-14,WK-28,28#电铲,2016,140.4,490,19.1
2023-05-15,WK-10,10#电铲,2015,141.0,495,19.4
2023-05-15,WK-12,12#电铲,2018,122.6,557,19.0
2023-05-15,WK-15,15#电铲,2020,129.3,533,19.2
2023-05-15,WK-18,18#电铲,2022,122.7,543,18.5
2023-05-15,WK-20,20#电铲,2012,141.4,495,19.5
2023-05-15,WK-22,22#电铲,2019,124.8,603,20.9
2023-05-15,WK-25,25#电铲,2023,125.3,597,20.8
2023-05-15,WK-28,28#电铲,2016,141.9,484,19.1
2023-05-16,WK-10,10#电铲,2015,139.4,501,19.4
2023-05-16,WK-12,12#电铲,2018,124.5,548,19.0
2023-05-16,WK-15,15#电铲,2020,127.7,540,19.2
2023-05-16,WK-18,18#电铲,2022,123.4,541,18.5
2023-05-16,WK-20,20#电铲,2012,140.9,497,19.5
2023-05-16,WK-22,22#电铲,2019,123.0,611,20.9
2023-05-16,WK-25,25#电铲,2023,124.6,601,20.8
2023-05-16,WK-28,28#电铲,2016,142.2,484,19.1
2023-05-17,WK-10,10#电铲,2015,138.8,503,19.4
2023-05-17,WK-12,12#电铲,2018,124.6,548,19.0
2023-05-17,WK-15,15#电铲,2020,124.9,552,19.2
2023-05-17,WK-18,18#电铲,2022,120.5,554,18.5
2023-05-17,WK-20,20#电铲,2012,141.9,494,19.5
2023-05-17,WK-22,22#电铲,2019,124.0,606,20.9
2023-05-17,WK-25,25#电铲,2023,123.5,606,20.8
2023-05-17,WK-28,28#电铲,2016,141.1,487,19.1
2023-05-18,WK-10,10#电铲,2015,138.8,503,19.4
2023-05-18,WK-12,12#电铲,2018,124.3,549,19.0
2023-05-18,WK-15,15#电铲,2020,125.4,550,19.2
2023-05-18,WK-18,18#电铲,2022,123.8,539,18.5
2023-05-18,WK-20,20#电铲,2012,141.1,496,19.5
2023-05-18,WK-22,22#电铲,2019,125.6,599,20.9
2023-05-18,WK-25,25#电铲,2023,122.6,610,20.8
2023-05-18,WK-28,28#电铲,2016,143.2,480,19.1
2023-05-19,WK-10,10#电铲,2015,140.6,497,19.4
2023-05-19,WK-12,12#电铲,2018,123.9,551,19.0
2023-05-19,WK-15,15#电铲,2020,125.7,549,19.2
2023-05-19,WK-18,18#电铲,2022,123.7,539,18.5
2023-05-19,WK-20,20#电铲,2012,139.5,502,19.5
2023-05-19,WK-22,22#电铲,2019,126.4,595,20.9
2023-05-19,WK-25,25#电铲,2023,123.9,604,20.8
2023-05-19,WK-28,28#电铲,2016,141.3,486,19.1
2023-05-20,WK-10,10#电铲,2015,142.8,489,19.4
2023-05-20,WK-12,12#电铲,2018,124.8,547,19.0
2023-05-20,WK-15,15#电铲,2020,126.9,543,19.2
2023-05-20,WK-18,18#电铲,2022,124.0,538,18.5
2023-05-20,WK-20,20#电铲,2012,139.8,501,19.5
2023-05-20,WK-22,22#电铲,2019,127.8,588,20.9
2023-05-20,WK-25,25#电铲,2023,123.2,607,20.8
2023-05-20,WK-28,28#电铲,2016,142.1,484,19.1
2023-05-21,WK-10,10#电铲,2015,137.9,506,19.4
2023-05-21,WK-12,12#电铲,2018,123.8,552,19.0
2023-05-21,WK-15,15#电铲,2020,124.8,553,19.2
2023-05-21,WK-18,18#电铲,2022,124.6,535,18.5
2023-05-21,WK-20,20#电铲,2012,138.6,505,19.5
2023-05-21,WK-22,22#电铲,2019,125.2,601,20.9
2023-05-21,WK-25,25#电铲,2023,122.6,610,20.8
2023-05-21,WK-28,28#电铲,2016,141.2,487,19.1
2023-05-22,WK-10,10#电铲,2015,139.0,502,19.4
2023-05-22,WK-12,12#电铲,2018,124.5,548,19.0
2023-05-22,WK-15,15#电铲,2020,124.9,552,19.2
2023-05-22,WK-18,18#电铲,2022,124.0,538,18.5
2023-05-22,WK-20,20#电铲,2012,138.8,504,19.5
2023-05-22,WK-22,22#电铲,2019,124.9,602,20.9
2023-05-22,WK-25,25#电铲,2023,120.6,620,20.8
2023-05-22,WK-28,28#电铲,2016,140.5,489,19.1
2023-05-23,WK-10,10#电铲,2015,140.7,496,19.4
2023-05-23,WK-12,12#电铲,2018,122.4,558,19.0
2023-05-23,WK-15,15#电铲,2020,123.6,558,19.2
2023-05-23,WK-18,18#电铲,2022,121.3,550,18.5
2023-05-23,WK-20,20#电铲,2012,139.8,501,19.5
2023-05-23,WK-22,22#电铲,2019,125.3,600,20.9
2023-05-23,WK-25,25#电铲,2023,121.4,616,20.8
2023-05-23,WK-28,28#电铲,2016,140.0,491,19.1
2023-05-24,WK-10,10#电铲,2015,142.2,491,19.4
2023-05-24,WK-12,12#电铲,2018,124.7,548,19.0
2023-05-24,WK-15,15#电铲,2020,125.5,550,19.2
2023-05-24,WK-18,18#电铲,2022,120.1,555,18.5
2023-05-24,WK-20,20#电铲,2012,142.4,492,19.5
2023-05-24,WK-22,22#电铲,2019,125.7,598,20.9
2023-05-24,WK-25,25#电铲,2023,120.5,621,20.8
2023-05-24,WK-28,28#电铲,2016,140.4,490,19.1
2023-05-25,WK-10,10#电铲,2015,138.6,504,19.4
2023-05-25,WK-12,12#电铲,2018,125.6,544,19.0
2023-05-25,WK-15,15#电铲,2020,125.9,548,19.2
2023-05-25,WK-18,18#电铲,2022,121.2,550,18.5
2023-05-25,WK-20,20#电铲,2012,140.6,498,19.5
2023-05-25,WK-22,22#电铲,2019,125.7,598,20.9
2023-05-25,WK-25,25#电铲,2023,119.6,626,20.8
2023-05-25,WK-28,28#电铲,2016,142.8,482,19.1
2023-05-26,WK-10,10#电铲,2015,136.5,511,19.4
2023-05-26,WK-12,12#电铲,2018,125.5,544,19.0
2023-05-26,WK-15,15#电铲,2020,125.3,550,19.2
2023-05-26,WK-18,18#电铲,2022,122.3,545,18.5
2023-05-26,WK-20,20#电铲,2012,140.2,499,19.5
2023-05-26,WK-22,22#电铲,2019,127.5,590,20.9
2023-05-26,WK-25,25#电铲,2023,120.0,624,20.8
2023-05-26,WK-28,28#电铲,2016,141.8,485,19.1
2023-05-27,WK-10,10#电铲,2015,137.7,507,19.4
2023-05-27,WK-12,12#电铲,2018,129.4,528,19.0
2023-05-27,WK-15,15#电铲,2020,126.2,546,19.2
2023-05-27,WK-18,18#电铲,2022,121.8,548,18.5
2023-05-27,WK-20,20#电铲,2012,136.9,511,19.5
2023-05-27,WK-22,22#电铲,2019,124.2,606,20.9
2023-05-27,WK-25,25#电铲,2023,122.5,611,20.8
2023-05-27,WK-28,28#电铲,2016,140.0,491,19.1
2023-05-28,WK-10,10#电铲,2015,141.0,495,19.4
2023-05-28,WK-12,12#电铲,2018,126.9,538,19.0
2023-05-28,WK-15,15#电铲,2020,127.5,541,19.2
2023-05-28,WK-18,18#电铲,2022,119.6,558,18.5
2023-05-28,WK-20,20#电铲,2012,137.4,509,19.5
2023-05-28,WK-22,22#电铲,2019,125.4,600,20.9
2023-05-28,WK-25,25#电铲,2023,121.8,614,20.8
2023-05-28,WK-28,28#电铲,2016,139.9,491,19.1
2023-05-29,WK-10,10#电铲,2015,141.8,492,19.4
2023-05-29,WK-12,12#电铲,2018,124.6,548,19.0
2023-05-29,WK-15,15#电铲,2020,125.8,548,19.2
2023-05-29,WK-18,18#电铲,2022,122.1,546,18.5
2023-05-29,WK-20,20#电铲,2012,135.4,517,19.5
2023-05-29,WK-22,22#电铲,2019,125.0,602,20.9
2023-05-29,WK-25,25#电铲,2023,123.0,608,20.8
2023-05-29,WK-28,28#电铲,2016,139.9,491,19.1
2023-05-30,WK-10,10#电铲,2015,141.8,492,19.4
2023-05-30,WK-12,12#电铲,2018,126.3,541,19.0
2023-05-30,WK-15,15#电铲,2020,127.1,543,19.2
2023-05-30,WK-18,18#电铲,2022,123.6,540,18.5
2023-05-30,WK-20,20#电铲,2012,138.6,505,19.5
2023-05-30,WK-22,22#电铲,2019,121.9,617,20.9
2023-05-30,WK-25,25#电铲,2023,128.3,583,20.8
2023-05-30,WK-28,28#电铲,2016,138.9,495,19.1
2023-05-31,WK-10,10#电铲,2015,139.1,502,19.4
2023-05-31,WK-12,12#电铲,2018,124.7,547,19.0
2023-05-31,WK-15,15#电铲,2020,126.5,545,19.2
2023-05-31,WK-18,18#电铲,2022,123.4,540,18.5
2023-05-31,WK-20,20#电铲,2012,139.4,502,19.5
2023-05-31,WK-22,22#电铲,2019,123.8,607,20.9
2023-05-31,WK-25,25#电铲,2023,124.6,600,20.8
2023-05-31,WK-28,28#电铲,2016,140.0,491,19.1
2023-06-01,WK-10,10#电铲,2015,138.9,502,19.4
2023-06-01,WK-12,12#电铲,2018,125.1,546,19.0
2023-06-01,WK-15,15#电铲,2020,127.0,543,19.2
2023-06-01,WK-18,18#电铲,2022,121.4,550,18.5
2023-06-01,WK-20,20#电铲,2012,138.5,506,19.5
2023-06-01,WK-22,22#电铲,2019,123.1,611,20.9
2023-06-01,WK-25,25#电铲,2023,124.8,600,20.8
2023-06-01,WK-28,28#电铲,2016,140.5,489,19.1
2023-06-02,WK-10,10#电铲,2015,138.8,503,19.4
2023-06-02,WK-12,12#电铲,2018,124.1,550,19.0
2023-06-02,WK-15,15#电铲,2020,125.2,551,19.2
2023-06-02,WK-18,18#电铲,2022,124.2,537,18.5
2023-06-02,WK-20,20#电铲,2012,139.2,503,19.5
2023-06-02,WK-22,22#电铲,2019,123.0,612,20.9
2023-06-02,WK-25,25#电铲,2023,122.6,610,20.8
2023-06-02,WK-28,28#电铲,2016,138.3,497,19.1
2023-06-03,WK-10,10#电铲,2015,140.4,497,19.4
2023-06-03,WK-12,12#电铲,2018,125.9,542,19.0
2023-06-03,WK-15,15#电铲,2020,125.8,548,19.2
2023-06-03,WK-18,18#电铲,2022,123.4,540,18.5
2023-06-03,WK-20,20#电铲,2012,141.6,494,19.5
2023-06-03,WK-22,22#电铲,2019,122.6,614,20.9
2023-06-03,WK-25,25#电铲,2023,121.9,614,20.8
2023-06-03,WK-28,28#电铲,2016,140.2,490,19.1
2023-06-04,WK-10,10#电铲,2015,139.8,499,19.4
2023-06-04,WK-12,12#电铲,2018,127.9,534,19.0
2023-06-04,WK-15,15#电铲,2020,128.3,538,19.2
2023-06-04,WK-18,18#电铲,2022,122.4,545,18.5
2023-06-04,WK-20,20#电铲,2012,138.5,506,19.5
2023-06-04,WK-22,22#电铲,2019,121.3,620,20.9
2023-06-04,WK-25,25#电铲,2023,121.0,618,20.8
2023-06-04,WK-28,28#电铲,2016,138.0,498,19.1
2023-06-05,WK-10,10#电铲,2015,140.1,498,19.4
2023-06-05,WK-12,12#电铲,2018,123.6,552,19.0
2023-06-05,WK-15,15#电铲,2020,123.5,559,19.2
2023-06-05,WK-18,18#电铲,2022,123.9,538,18.5
2023-06-05,WK-20,20#电铲,2012,138.3,506,19.5
2023-06-05,WK-22,22#电铲,2019,124.3,605,20.9
2023-06-05,WK-25,25#电铲,2023,121.0,618,20.8
2023-06-05,WK-28,28#电铲,2016,138.8,495,19.1
2023-06-06,WK-10,10#电铲,2015,138.3,505,19.4
2023-06-06,WK-12,12#电铲,2018,124.8,547,19.0
2023-06-06,WK-15,15#电铲,2020,126.6,545,19.2
2023-06-06,WK-18,18#电铲,2022,123.9,538,18.5
2023-06-06,WK-20,20#电铲,2012,138.1,507,19.5
2023-06-06,WK-22,22#电铲,2019,124.1,606,20.9
2023-06-06,WK-25,25#电铲,2023,125.1,598,20.8
2023-06-06,WK-28,28#电铲,2016,139.9,491,19.1
2023-06-07,WK-10,10#电铲,2015,139.3,501,19.4
2023-06-07,WK-12,12#电铲,2018,126.7,539,19.0
2023-06-07,WK-15,15#电铲,2020,123.7,557,19.2
2023-06-07,WK-18,18#电铲,2022,120.0,556,18.5
2023-06-07,WK-20,20#电铲,2012,138.2,507,19.5
2023-06-07,WK-22,22#电铲,2019,123.1,611,20.9
2023-06-07,WK-25,25#电铲,2023,125.3,597,20.8
2023-06-07,WK-28,28#电铲,2016,139.1,494,19.1
2023-06-08,WK-10,10#电铲,2015,139.2,501,19.4
2023-06-08,WK-12,12#电铲,2018,127.2,537,19.0
2023-06-08,WK-15,15#电铲,2020,124.1,556,19.2
2023-06-08,WK-18,18#电铲,2022,119.6,558,18.5
2023-06-08,WK-20,20#电铲,2012,138.6,505,19.5
2023-06-08,WK-22,22#电铲,2019,122.7,613,20.9
2023-06-08,WK-25,25#电铲,2023,123.2,607,20.8
2023-06-08,WK-28,28#电铲,2016,138.7,496,19.1
2023-06-09,WK-10,10#电铲,2015,139.8,499,19.4
2023-06-09,WK-12,12#电铲,2018,125.7,543,19.0
2023-06-09,WK-15,15#电铲,2020,124.4,555,19.2
2023-06-09,WK-18,18#电铲,2022,119.2,560,18.5
2023-06-09,WK-20,20#电铲,2012,137.4,510,19.5
2023-06-09,WK-22,22#电铲,2019,126.8,593,20.9
2023-06-09,WK-25,25#电铲,2023,122.2,612,20.8
2023-06-09,WK-28,28#电铲,2016,140.5,489,19.1
2023-06-10,WK-10,10#电铲,2015,140.5,497,19.4
2023-06-10,WK-12,12#电铲,2018,126.0,542,19.0
2023-06-10,WK-15,15#电铲,2020,123.3,559,19.2
2023-06-10,WK-18,18#电铲,2022,124.9,534,18.5
2023-06-10,WK-20,20#电铲,2012,135.6,516,19.5
2023-06-10,WK-22,22#电铲,2019,125.5,599,20.9
2023-06-10,WK-25,25#电铲,2023,122.8,609,20.8
2023-06-10,WK-28,28#电铲,2016,140.5,489,19.1
2023-06-11,WK-10,10#电铲,2015,138.8,503,19.4
2023-06-11,WK-12,12#电铲,2018,124.5,548,19.0
2023-06-11,WK-15,15#电铲,2020,125.8,548,19.2
2023-06-11,WK-18,18#电铲,2022,121.5,549,18.5
2023-06-11,WK-20,20#电铲,2012,138.2,507,19.5
2023-06-11,WK-22,22#电铲,2019,123.2,610,20.9
2023-06-11,WK-25,25#电铲,2023,121.8,614,20.8
2023-06-11,WK-28,28#电铲,2016,142.6,482,19.1
2023-06-12,WK-10,10#电铲,2015,140.0,499,19.4
2023-06-12,WK-12,12#电铲,2018,124.3,549,19.0
2023-06-12,WK-15,15#电铲,2020,125.2,551,19.2
2023-06-12,WK-18,18#电铲,2022,120.6,553,18.5
2023-06-12,WK-20,20#电铲,2012,139.3,503,19.5
2023-06-12,WK-22,22#电铲,2019,122.6,613,20.9
2023-06-12,WK-25,25#电铲,2023,120.6,620,20.8
2023-06-12,WK-28,28#电铲,2016,141.4,486,19.1
2023-06-13,WK-10,10#电铲,2015,140.9,495,19.4
2023-06-13,WK-12,12#电铲,2018,121.7,561,19.0
2023-06-13,WK-15,15#电铲,2020,121.8,566,19.2
2023-06-13,WK-18,18#电铲,2022,120.1,555,18.5
2023-06-13,WK-20,20#电铲,2012,139.8,501,19.5
2023-06-13,WK-22,22#电铲,2019,123.2,610,20.9
2023-06-13,WK-25,25#电铲,2023,120.0,624,20.8
2023-06-13,WK-28,28#电铲,2016,140.4,490,19.1
2023-06-14,WK-10,10#电铲,2015,139.7,500,19.4
2023-06-14,WK-12,12#电铲,2018,122.1,559,19.0
2023-06-14,WK-15,15#电铲,2020,123.9,557,19.2
2023-06-14,WK-18,18#电铲,2022,120.8,552,18.5
2023-06-14,WK-20,20#电铲,2012,139.2,503,19.5
2023-06-14,WK-22,22#电铲,2019,124.6,603,20.9
2023-06-14,WK-25,25#电铲,2023,122.6,610,20.8
2023-06-14,WK-28,28#电铲,2016,140.8,488,19.1
2023-06-15,WK-10,10#电铲,2015,138.2,505,19.4
2023-06-15,WK-12,12#电铲,2018,121.9,560,19.0
2023-06-15,WK-15,15#电铲,2020,124.6,553,19.2
2023-06-15,WK-18,18#电铲,2022,117.7,567,18.5
2023-06-15,WK-20,20#电铲,2012,140.9,497,19.5
2023-06-15,WK-22,22#电铲,2019,123.3,610,20.9
2023-06-15,WK-25,25#电铲,2023,121.5,616,20.8
2023-06-15,WK-28,28#电铲,2016,140.4,490,19.1
2023-06-16,WK-10,10#电铲,2015,141.3,494,19.4
2023-06-16,WK-12,12#电铲,2018,121.9,560,19.0
2023-06-16,WK-15,15#电铲,2020,123.8,557,19.2
2023-06-16,WK-18,18#电铲,2022,123.6,540,18.5
2023-06-16,WK-20,20#电铲,2012,139.1,503,19.5
2023-06-16,WK-22,22#电铲,2019,123.0,611,20.9
2023-06-16,WK-25,25#电铲,2023,122.0,613,20.8
2023-06-16,WK-28,28#电铲,2016,139.9,491,19.1
2023-06-17,WK-10,10#电铲,2015,139.3,501,19.4
2023-06-17,WK-12,12#电铲,2018,125.6,544,19.0
2023-06-17,WK-15,15#电铲,2020,122.1,565,19.2
2023-06-17,WK-18,18#电铲,2022,121.3,550,18.5
2023-06-17,WK-20,20#电铲,2012,139.6,501,19.5
2023-06-17,WK-22,22#电铲,2019,123.5,609,20.9
2023-06-17,WK-25,25#电铲,2023,121.6,615,20.8
2023-06-17,WK-28,28#电铲,2016,140.9,488,19.1
2023-06-18,WK-10,10#电铲,2015,138.9,503,19.4
2023-06-18,WK-12,12#电铲,2018,122.2,559,19.0
2023-06-18,WK-15,15#电铲,2020,122.6,563,19.2
2023-06-18,WK-18,18#电铲,2022,123.2,541,18.5
2023-06-18,WK-20,20#电铲,2012,136.5,513,19.5
2023-06-18,WK-22,22#电铲,2019,124.2,605,20.9
2023-06-18,WK-25,25#电铲,2023,118.5,631,20.8
2023-06-18,WK-28,28#电铲,2016,138.8,495,19.1
2023-06-19,WK-10,10#电铲,2015,140.9,496,19.4
2023-06-19,WK-12,12#电铲,2018,126.3,541,19.0
2023-06-19,WK-15,15#电铲,2020,122.4,564,19.2
2023-06-19,WK-18,18#电铲,2022,121.6,549,18.5
2023-06-19,WK-20,20#电铲,2012,135.5,517,19.5
2023-06-19,WK-22,22#电铲,2019,123.6,609,20.9
2023-06-19,WK-25,25#电铲,2023,122.9,609,20.8
2023-06-19,WK-28,28#电铲,2016,139.7,492,19.1
2023-06-20,WK-10,10#电铲,2015,138.0,506,19.4
2023-06-20,WK-12,12#电铲,2018,125.3,545,19.0
2023-06-20,WK-15,15#电铲,2020,126.7,545,19.2
2023-06-20,WK-18,18#电铲,2022,195.3,149,8.1
2023-06-20,WK-20,20#电铲,2012,137.7,508,19.5
2023-06-20,WK-22,22#电铲,2019,124.0,607,20.9
2023-06-20,WK-25,25#电铲,2023,123.6,605,20.8
2023-06-20,WK-28,28#电铲,2016,140.3,490,19.1
2023-06-21,WK-10,10#电铲,2015,140.0,499,19.4
2023-06-21,WK-12,12#电铲,2018,122.6,557,19.0
2023-06-21,WK-15,15#电铲,2020,127.1,543,19.2
2023-06-21,WK-18,18#电铲,2022,122.4,545,18.5
2023-06-21,WK-20,20#电铲,2012,135.5,517,19.5
2023-06-21,WK-22,22#电铲,2019,121.2,621,20.9
2023-06-21,WK-25,25#电铲,2023,124.6,600,20.8
2023-06-21,WK-28,28#电铲,2016,139.4,493,19.1
2023-06-22,WK-10,10#电铲,2015,136.9,510,19.4
2023-06-22,WK-12,12#电铲,2018,126.8,539,19.0
2023-06-22,WK-15,15#电铲,2020,127.2,542,19.2
2023-06-22,WK-18,18#电铲,2022,120.4,554,18.5
2023-06-22,WK-20,20#电铲,2012,138.2,507,19.5
2023-06-22,WK-22,22#电铲,2019,124.9,602,20.9
2023-06-22,WK-25,25#电铲,2023,123.0,608,20.8
2023-06-22,WK-28,28#电铲,2016,137.4,500,19.1
2023-06-23,WK-10,10#电铲,2015,138.7,503,19.4
2023-06-23,WK-12,12#电铲,2018,126.0,542,19.0
2023-06-23,WK-15,15#电铲,2020,127.4,542,19.2
2023-06-23,WK-18,18#电铲,2022,119.1,560,18.5
2023-06-23,WK-20,20#电铲,2012,140.1,500,19.5
2023-06-23,WK-22,22#电铲,2019,124.8,603,20.9
2023-06-23,WK-25,25#电铲,2023,121.6,615,20.8
2023-06-23,WK-28,28#电铲,2016,138.5,496,19.1
2023-06-24,WK-10,10#电铲,2015,135.4,516,19.4
2023-06-24,WK-12,12#电铲,2018,123.4,553,19.0
2023-06-24,WK-15,15#电铲,2020,126.3,546,19.2
2023-06-24,WK-18,18#电铲,2022,118.6,562,18.5
2023-06-24,WK-20,20#电铲,2012,137.7,508,19.5
2023-06-24,WK-22,22#电铲,2019,123.6,608,20.9
2023-06-24,WK-25,25#电铲,2023,119.7,625,20.8
2023-06-24,WK-28,28#电铲,2016,138.5,497,19.1
2023-06-25,WK-10,10#电铲,2015,139.2,502,19.4
2023-06-25,WK-12,12#电铲,2018,122.7,557,19.0
2023-06-25,WK-15,15#电铲,2020,125.4,550,19.2
2023-06-25,WK-18,18#电铲,2022,119.7,557,18.5
2023-06-25,WK-20,20#电铲,2012,138.8,504,19.5
2023-06-25,WK-22,22#电铲,2019,123.3,610,20.9
2023-06-25,WK-25,25#电铲,2023,122.4,611,20.8
2023-06-25,WK-28,28#电铲,2016,137.5,500,19.1
2023-06-26,WK-10,10#电铲,2015,138.3,505,19.4
2023-06-26,WK-12,12#电铲,2018,124.3,549,19.0
2023-06-26,WK-15,15#电铲,2020,125.6,549,19.2
2023-06-26,WK-18,18#电铲,2022,120.2,555,18.5
2023-06-26,WK-20,20#电铲,2012,137.9,508,19.5
2023-06-26,WK-22,22#电铲,2019,122.3,615,20.9
2023-06-26,WK-25,25#电铲,2023,123.3,607,20.8
2023-06-26,WK-28,28#电铲,2016,139.5,493,19.1
2023-06-27,WK-10,10#电铲,2015,135.0,517,19.4
2023-06-27,WK-12,12#电铲,2018,125.3,545,19.0
2023-06-27,WK-15,15#电铲,2020,123.5,558,19.2
2023-06-27,WK-18,18#电铲,2022,122.9,543,18.5
2023-06-27,WK-20,20#电铲,2012,135.7,516,19.5
2023-06-27,WK-22,22#电铲,2019,119.5,629,20.9
2023-06-27,WK-25,25#电铲,2023,120.4,621,20.8
2023-06-27,WK-28,28#电铲,2016,139.8,492,19.1
2023-06-28,WK-10,10#电铲,2015,137.9,506,19.4
2023-06-28,WK-12,12#电铲,2018,124.4,549,19.0
2023-06-28,WK-15,15#电铲,2020,124.1,556,19.2
2023-06-28,WK-18,18#电铲,2022,119.6,558,18.5
2023-06-28,WK-20,20#电铲,2012,138.7,505,19.5
2023-06-28,WK-22,22#电铲,2019,120.5,624,20.9
2023-06-28,WK-25,25#电铲,2023,124.3,602,20.8
2023-06-28,WK-28,28#电铲,2016,137.9,499,19.1
2023-06-29,WK-10,10#电铲,2015,138.2,505,19.4
2023-06-29,WK-12,12#电铲,2018,123.6,552,19.0
2023-06-29,WK-15,15#电铲,2020,123.0,561,19.2
2023-06-29,WK-18,18#电铲,2022,118.3,564,18.5
2023-06-29,WK-20,20#电铲,2012,138.3,506,19.5
2023-06-29,WK-22,22#电铲,2019,123.8,607,20.9
2023-06-29,WK-25,25#电铲,2023,120.2,622,20.8
2023-06-29,WK-28,28#电铲,2016,138.0,498,19.1
2023-06-30,WK-10,10#电铲,2015,136.9,510,19.4
2023-06-30,WK-12,12#电铲,2018,125.8,543,19.0
2023-06-30,WK-15,15#电铲,2020,120.6,572,19.2
2023-06-30,WK-18,18#电铲,2022,117.9,566,18.5
2023-06-30,WK-20,20#电铲,2012,139.3,503,19.5
2023-06-30,WK-22,22#电铲,2019,124.5,604,20.9
2023-06-30,WK-25,25#电铲,2023,122.0,613,20.8
2023-06-30,WK-28,28#电铲,2016,135.5,507,19.1
2023-07-01,WK-10,10#电铲,2015,138.0,506,19.4
2023-07-01,WK-12,12#电铲,2018,122.9,556,19.0
2023-07-01,WK-15,15#电铲,2020,123.1,560,19.2
2023-07-01,WK-18,18#电铲,2022,119.2,560,18.5
2023-07-01,WK-20,20#电铲,2012,137.7,509,19.5
2023-07-01,WK-22,22#电铲,2019,121.9,617,20.9
2023-07-01,WK-25,25#电铲,2023,123.6,605,20.8
2023-07-01,WK-28,28#电铲,2016,136.8,503,19.1
2023-07-02,WK-10,10#电铲,2015,136.6,511,19.4
2023-07-02,WK-12,12#电铲,2018,125.3,545,19.0
2023-07-02,WK-15,15#电铲,2020,122.3,564,19.2
2023-07-02,WK-18,18#电铲,2022,120.2,555,18.5
2023-07-02,WK-20,20#电铲,2012,139.0,504,19.5
2023-07-02,WK-22,22#电铲,2019,123.8,608,20.9
2023-07-02,WK-25,25#电铲,2023,123.7,605,20.8
2023-07-02,WK-28,28#电铲,2016,137.2,501,19.1
2023-07-03,WK-10,10#电铲,2015,135.8,514,19.4
2023-07-03,WK-12,12#电铲,2018,126.5,540,19.0
2023-07-03,WK-15,15#电铲,2020,125.9,548,19.2
2023-07-03,WK-18,18#电铲,2022,120.6,553,18.5
2023-07-03,WK-20,20#电铲,2012,139.8,501,19.5
2023-07-03,WK-22,22#电铲,2019,120.4,625,20.9
2023-07-03,WK-25,25#电铲,2023,122.0,613,20.8
2023-07-03,WK-28,28#电铲,2016,136.8,503,19.1
2023-07-04,WK-10,10#电铲,2015,136.9,510,19.4
2023-07-04,WK-12,12#电铲,2018,123.8,552,19.0
2023-07-04,WK-15,15#电铲,2020,127.2,542,19.2
2023-07-04,WK-18,18#电铲,2022,119.5,558,18.5
2023-07-04,WK-20,20#电铲,2012,138.8,504,19.5
2023-07-04,WK-22,22#电铲,2019,122.1,616,20.9
2023-07-04,WK-25,25#电铲,2023,119.1,628,20.8
2023-07-04,WK-28,28#电铲,2016,137.2,501,19.1
2023-07-05,WK-10,10#电铲,2015,137.0,510,19.4
2023-07-05,WK-12,12#电铲,2018,122.0,560,19.0
2023-07-05,WK-15,15#电铲,2020,127.1,543,19.2
2023-07-05,WK-18,18#电铲,2022,121.2,550,18.5
2023-07-05,WK-20,20#电铲,2012,135.5,517,19.5
2023-07-05,WK-22,22#电铲,2019,119.4,630,20.9
2023-07-05,WK-25,25#电铲,2023,120.8,619,20.8
2023-07-05,WK-28,28#电铲,2016,140.1,491,19.1
2023-07-06,WK-10,10#电铲,2015,135.2,517,19.4
2023-07-06,WK-12,12#电铲,2018,120.7,566,19.0
2023-07-06,WK-15,15#电铲,2020,126.5,545,19.2
2023-07-06,WK-18,18#电铲,2022,120.1,556,18.5
2023-07-06,WK-20,20#电铲,2012,135.3,518,19.5
2023-07-06,WK-22,22#电铲,2019,122.8,612,20.9
2023-07-06,WK-25,25#电铲,2023,121.0,618,20.8
2023-07-06,WK-28,28#电铲,2016,138.4,497,19.1
2023-07-07,WK-10,10#电铲,2015,134.8,518,19.4
2023-07-07,WK-12,12#电铲,2018,123.2,554,19.0
2023-07-07,WK-15,15#电铲,2020,124.2,556,19.2
2023-07-07,WK-18,18#电铲,2022,121.5,549,18.5
2023-07-07,WK-20,20#电铲,2012,135.2,518,19.5
2023-07-07,WK-22,22#电铲,2019,121.4,619,20.9
2023-07-07,WK-25,25#电铲,2023,121.0,618,20.8
2023-07-07,WK-28,28#电铲,2016,137.9,499,19.1
2023-07-08,WK-10,10#电铲,2015,137.4,508,19.4
2023-07-08,WK-12,12#电铲,2018,125.6,544,19.0
2023-07-08,WK-15,15#电铲,2020,124.8,553,19.2
2023-07-08,WK-18,18#电铲,2022,120.0,556,18.5
2023-07-08,WK-20,20#电铲,2012,138.4,506,19.5
2023-07-08,WK-22,22#电铲,2019,119.1,632,20.9
2023-07-08,WK-25,25#电铲,2023,120.9,619,20.8
2023-07-08,WK-28,28#电铲,2016,138.2,497,19.1
2023-07-09,WK-10,10#电铲,2015,135.9,514,19.4
2023-07-09,WK-12,12#电铲,2018,123.5,553,19.0
2023-07-09,WK-15,15#电铲,2020,123.5,559,19.2
2023-07-09,WK-18,18#电铲,2022,118.5,563,18.5
2023-07-09,WK-20,20#电铲,2012,140.7,498,19.5
2023-07-09,WK-22,22#电铲,2019,119.6,629,20.9
2023-07-09,WK-25,25#电铲,2023,120.2,622,20.8
2023-07-09,WK-28,28#电铲,2016,137.1,501,19.1
2023-07-10,WK-10,10#电铲,2015,137.0,510,19.4
2023-07-10,WK-12,12#电铲,2018,123.3,554,19.0
2023-07-10,WK-15,15#电铲,2020,125.0,552,19.2
2023-07-10,WK-18,18#电铲,2022,117.8,566,18.5
2023-07-10,WK-20,20#电铲,2012,139.2,503,19.5
2023-07-10,WK-22,22#电铲,2019,121.6,618,20.9
2023-07-10,WK-25,25#电铲,2023,119.0,629,20.8
2023-07-10,WK-28,28#电铲,2016,140.6,489,19.1
2023-07-11,WK-10,10#电铲,2015,137.2,509,19.4
2023-07-11,WK-12,12#电铲,2018,122.4,558,19.0
2023-07-11,WK-15,15#电铲,2020,123.3,559,19.2
2023-07-11,WK-18,18#电铲,2022,117.9,566,18.5
2023-07-11,WK-20,20#电铲,2012,138.1,507,19.5
2023-07-11,WK-22,22#电铲,2019,120.1,626,20.9
2023-07-11,WK-25,25#电铲,2023,119.8,625,20.8
2023-07-11,WK-28,28#电铲,2016,137.7,499,19.1
2023-07-12,WK-10,10#电铲,2015,136.3,512,19.4
2023-07-12,WK-12,12#电铲,2018,121.1,564,19.0
2023-07-12,WK-15,15#电铲,2020,122.3,564,19.2
2023-07-12,WK-18,18#电铲,2022,121.7,548,18.5
2023-07-12,WK-20,20#电铲,2012,136.5,513,19.5
2023-07-12,WK-22,22#电铲,2019,122.4,614,20.9
2023-07-12,WK-25,25#电铲,2023,122.1,613,20.8
2023-07-12,WK-28,28#电铲,2016,136.1,505,19.1
2023-07-13,WK-10,10#电铲,2015,138.3,505,19.4
2023-07-13,WK-12,12#电铲,2018,123.6,552,19.0
2023-07-13,WK-15,15#电铲,2020,122.3,564,19.2
2023-07-13,WK-18,18#电铲,2022,117.4,568,18.5
2023-07-13,WK-20,20#电铲,2012,138.1,507,19.5
2023-07-13,WK-22,22#电铲,2019,121.5,619,20.9
2023-07-13,WK-25,25#电铲,2023,120.4,621,20.8
2023-07-13,WK-28,28#电铲,2016,136.7,503,19.1
2023-07-14,WK-10,10#电铲,2015,137.7,507,19.4
2023-07-14,WK-12,12#电铲,2018,123.3,554,19.0
2023-07-14,WK-15,15#电铲,2020,121.8,566,19.2
2023-07-14,WK-18,18#电铲,2022,118.2,565,18.5
2023-07-14,WK-20,20#电铲,2012,137.7,509,19.5
2023-07-14,WK-22,22#电铲,2019,118.8,633,20.9
2023-07-14,WK-25,25#电铲,2023,122.2,612,20.8
2023-07-14,WK-28,28#电铲,2016,139.9,492,19.1
2023-07-15,WK-10,10#电铲,2015,134.8,518,19.4
2023-07-15,WK-12,12#电铲,2018,122.5,558,19.0
2023-07-15,WK-15,15#电铲,2020,122.6,563,19.2
2023-07-15,WK-18,18#电铲,2022,118.2,564,18.5
2023-07-15,WK-20,20#电铲,2012,139.2,503,19.5
2023-07-15,WK-22,22#电铲,2019,121.1,621,20.9
2023-07-15,WK-25,25#电铲,2023,120.9,619,20.8
2023-07-15,WK-28,28#电铲,2016,137.5,500,19.1
2023-07-16,WK-10,10#电铲,2015,135.2,517,19.4
2023-07-16,WK-12,12#电铲,2018,124.5,549,19.0
2023-07-16,WK-15,15#电铲,2020,119.9,575,19.2
2023-07-16,WK-18,18#电铲,2022,117.6,567,18.5
2023-07-16,WK-20,20#电铲,2012,135.4,517,19.5
2023-07-16,WK-22,22#电铲,2019,121.2,621,20.9
2023-07-16,WK-25,25#电铲,2023,118.4,632,20.8
2023-07-16,WK-28,28#电铲,2016,139.1,494,19.1
2023-07-17,WK-10,10#电铲,2015,133.0,525,19.4
2023-07-17,WK-12,12#电铲,2018,124.7,548,19.0
2023-07-17,WK-15,15#电铲,2020,119.3,578,19.2
2023-07-17,WK-18,18#电铲,2022,119.1,560,18.5
2023-07-17,WK-20,20#电铲,2012,133.6,524,19.5
2023-07-17,WK-22,22#电铲,2019,122.6,613,20.9
2023-07-17,WK-25,25#电铲,2023,119.8,625,20.8
2023-07-17,WK-28,28#电铲,2016,136.3,505,19.1
2023-07-18,WK-10,10#电铲,2015,131.2,532,19.4
2023-07-18,WK-12,12#电铲,2018,123.0,555,19.0
2023-07-18,WK-15,15#电铲,2020,119.1,579,19.2
2023-07-18,WK-18,18#电铲,2022,118.9,561,18.5
2023-07-18,WK-20,20#电铲,2012,132.6,528,19.5
2023-07-18,WK-22,22#电铲,2019,121.0,622,20.9
2023-07-18,WK-25,25#电铲,2023,117.5,637,20.8
2023-07-18,WK-28,28#电铲,2016,136.9,502,19.1
2023-07-19,WK-10,10#电铲,2015,133.8,522,19.4
2023-07-19,WK-12,12#电铲,2018,123.9,551,19.0
2023-07-19,WK-15,15#电铲,2020,119.0,580,19.2
2023-07-19,WK-18,18#电铲,2022,120.5,553,18.5
2023-07-19,WK-20,20#电铲,2012,133.7,524,19.5
2023-07-19,WK-22,22#电铲,2019,121.4,620,20.9
2023-07-19,WK-25,25#电铲,2023,155.7,229,9.9
2023-07-19,WK-28,28#电铲,2016,137.3,501,19.1
2023-07-20,WK-10,10#电铲,2015,133.7,522,19.4
2023-07-20,WK-12,12#电铲,2018,121.5,562,19.0
2023-07-20,WK-15,15#电铲,2020,120.8,571,19.2
2023-07-20,WK-18,18#电铲,2022,117.7,566,18.5
2023-07-20,WK-20,20#电铲,2012,134.5,520,19.5
2023-07-20,WK-22,22#电铲,2019,119.5,629,20.9
2023-07-20,WK-25,25#电铲,2023,121.4,616,20.8
2023-07-20,WK-28,28#电铲,2016,137.0,502,19.1
2023-07-21,WK-10,10#电铲,2015,134.6,519,19.4
2023-07-21,WK-12,12#电铲,2018,119.6,571,19.0
2023-07-21,WK-15,15#电铲,2020,122.0,566,19.2
2023-07-21,WK-18,18#电铲,2022,119.1,560,18.5
2023-07-21,WK-20,20#电铲,2012,133.6,524,19.5
2023-07-21,WK-22,22#电铲,2019,120.3,625,20.9
2023-07-21,WK-25,25#电铲,2023,120.3,622,20.8
2023-07-21,WK-28,28#电铲,2016,139.2,494,19.1
2023-07-22,WK-10,10#电铲,2015,134.0,521,19.4
2023-07-22,WK-12,12#电铲,2018,124.0,551,19.0
2023-07-22,WK-15,15#电铲,2020,125.0,552,19.2
2023-07-22,WK-18,18#电铲,2022,121.3,550,18.5
2023-07-22,WK-20,20#电铲,2012,134.3,521,19.5
2023-07-22,WK-22,22#电铲,2019,117.0,643,20.9
2023-07-22,WK-25,25#电铲,2023,120.2,623,20.8
2023-07-22,WK-28,28#电铲,2016,139.0,495,19.1
2023-07-23,WK-10,10#电铲,2015,135.7,515,19.4
2023-07-23,WK-12,12#电铲,2018,121.6,562,19.0
2023-07-23,WK-15,15#电铲,2020,123.3,559,19.2
2023-07-23,WK-18,18#电铲,2022,118.5,563,18.5
2023-07-23,WK-20,20#电铲,2012,136.5,513,19.5
2023-07-23,WK-22,22#电铲,2019,120.6,623,20.9
2023-07-23,WK-25,25#电铲,2023,120.3,622,20.8
2023-07-23,WK-28,28#电铲,2016,138.6,496,19.1
2023-07-24,WK-10,10#电铲,2015,135.9,514,19.4
2023-07-24,WK-12,12#电铲,2018,120.9,565,19.0
2023-07-24,WK-15,15#电铲,2020,122.9,561,19.2
2023-07-24,WK-18,18#电铲,2022,117.4,568,18.5
2023-07-24,WK-20,20#电铲,2012,135.1,518,19.5
2023-07-24,WK-22,22#电铲,2019,120.6,624,20.9
2023-07-24,WK-25,25#电铲,2023,116.5,642,20.8
2023-07-24,WK-28,28#电铲,2016,138.0,498,19.1
2023-07-25,WK-10,10#电铲,2015,136.0,513,19.4
2023-07-25,WK-12,12#电铲,2018,121.7,561,19.0
2023-07-25,WK-15,15#电铲,2020,124.3,555,19.2
2023-07-25,WK-18,18#电铲,2022,118.1,565,18.5
2023-07-25,WK-20,20#电铲,2012,134.9,519,19.5
2023-07-25,WK-22,22#电铲,2019,120.4,625,20.9
2023-07-25,WK-25,25#电铲,2023,205.4,94,5.4
2023-07-25,WK-28,28#电铲,2016,137.6,500,19.1
2023-07-26,WK-10,10#电铲,2015,135.3,516,19.4
2023-07-26,WK-12,12#电铲,2018,122.4,558,19.0
2023-07-26,WK-15,15#电铲,2020,126.3,546,19.2
2023-07-26,WK-18,18#电铲,2022,115.8,576,18.5
2023-07-26,WK-20,20#电铲,2012,136.1,514,19.5
2023-07-26,WK-22,22#电铲,2019,120.4,624,20.9
2023-07-26,WK-25,25#电铲,2023,118.4,632,20.8
2023-07-26,WK-28,28#电铲,2016,137.8,499,19.1
2023-07-27,WK-10,10#电铲,2015,137.9,506,19.4
2023-07-27,WK-12,12#电铲,2018,122.9,556,19.0
2023-07-27,WK-15,15#电铲,2020,121.3,569,19.2
2023-07-27,WK-18,18#电铲,2022,116.5,573,18.5
2023-07-27,WK-20,20#电铲,2012,138.9,504,19.5
2023-07-27,WK-22,22#电铲,2019,119.1,631,20.9
2023-07-27,WK-25,25#电铲,2023,119.4,627,20.8
2023-07-27,WK-28,28#电铲,2016,135.3,508,19.1
2023-07-28,WK-10,10#电铲,2015,136.5,512,19.4
2023-07-28,WK-12,12#电铲,2018,120.7,566,19.0
2023-07-28,WK-15,15#电铲,2020,122.7,562,19.2
2023-07-28,WK-18,18#电铲,2022,116.2,574,18.5
2023-07-28,WK-20,20#电铲,2012,137.4,509,19.5
2023-07-28,WK-22,22#电铲,2019,118.4,635,20.9
2023-07-28,WK-25,25#电铲,2023,118.2,633,20.8
2023-07-28,WK-28,28#电铲,2016,134.7,510,19.1
2023-07-29,WK-10,10#电铲,2015,135.5,515,19.4
2023-07-29,WK-12,12#电铲,2018,122.3,558,19.0
2023-07-29,WK-15,15#电铲,2020,121.9,566,19.2
2023-07-29,WK-18,18#电铲,2022,115.4,578,18.5
2023-07-29,WK-20,20#电铲,2012,137.0,511,19.5
2023-07-29,WK-22,22#电铲,2019,120.6,624,20.9
2023-07-29,WK-25,25#电铲,2023,116.2,644,20.8
2023-07-29,WK-28,28#电铲,2016,135.1,509,19.1
2023-07-30,WK-10,10#电铲,2015,136.6,511,19.4
2023-07-30,WK-12,12#电铲,2018,120.0,569,19.0
2023-07-30,WK-15,15#电铲,2020,122.2,564,19.2
2023-07-30,WK-18,18#电铲,2022,116.6,572,18.5
2023-07-30,WK-20,20#电铲,2012,136.3,514,19.5
2023-07-30,WK-22,22#电铲,2019,119.4,630,20.9
2023-07-30,WK-25,25#电铲,2023,116.4,643,20.8
2023-07-30,WK-28,28#电铲,2016,136.6,503,19.1
2023-07-31,WK-10,10#电铲,2015,135.8,514,19.4
2023-07-31,WK-12,12#电铲,2018,122.2,559,19.0
2023-07-31,WK-15,15#电铲,2020,122.1,565,19.2
2023-07-31,WK-18,18#电铲,2022,119.7,557,18.5
2023-07-31,WK-20,20#电铲,2012,133.4,525,19.5
2023-07-31,WK-22,22#电铲,2019,118.3,636,20.9
2023-07-31,WK-25,25#电铲,2023,119.7,625,20.8
2023-07-31,WK-28,28#电铲,2016,136.2,505,19.1
2023-08-01,WK-10,10#电铲,2015,138.1,506,19.4
2023-08-01,WK-12,12#电铲,2018,124.0,550,19.0
2023-08-01,WK-15,15#电铲,2020,121.2,569,19.2
2023-08-01,WK-18,18#电铲,2022,115.6,577,18.5
2023-08-01,WK-20,20#电铲,2012,131.4,533,19.5
2023-08-01,WK-22,22#电铲,2019,118.4,635,20.9
2023-08-01,WK-25,25#电铲,2023,120.3,622,20.8
2023-08-01,WK-28,28#电铲,2016,137.4,500,19.1
2023-08-02,WK-10,10#电铲,2015,137.7,507,19.4
2023-08-02,WK-12,12#电铲,2018,122.1,559,19.0
2023-08-02,WK-15,15#电铲,2020,122.8,562,19.2
2023-08-02,WK-18,18#电铲,2022,117.7,567,18.5
2023-08-02,WK-20,20#电铲,2012,134.4,521,19.5
2023-08-02,WK-22,22#电铲,2019,120.6,624,20.9
2023-08-02,WK-25,25#电铲,2023,118.8,630,20.8
2023-08-02,WK-28,28#电铲,2016,132.2,520,19.1
2023-08-03,WK-10,10#电铲,2015,134.4,520,19.4
2023-08-03,WK-12,12#电铲,2018,121.7,561,19.0
2023-08-03,WK-15,15#电铲,2020,121.6,567,19.2
2023-08-03,WK-18,18#电铲,2022,117.1,570,18.5
2023-08-03,WK-20,20#电铲,2012,136.5,513,19.5
2023-08-03,WK-22,22#电铲,2019,120.2,625,20.9
2023-08-03,WK-25,25#电铲,2023,119.0,629,20.8
2023-08-03,WK-28,28#电铲,2016,134.8,510,19.1
2023-08-04,WK-10,10#电铲,2015,132.6,527,19.4
2023-08-04,WK-12,12#电铲,2018,121.0,564,19.0
2023-08-04,WK-15,15#电铲,2020,120.8,571,19.2
2023-08-04,WK-18,18#电铲,2022,116.6,572,18.5
2023-08-04,WK-20,20#电铲,2012,134.7,520,19.5
2023-08-04,WK-22,22#电铲,2019,120.5,624,20.9
2023-08-04,WK-25,25#电铲,2023,121.1,618,20.8
2023-08-04,WK-28,28#电铲,2016,135.0,509,19.1
2023-08-05,WK-10,10#电铲,2015,134.1,521,19.4
2023-08-05,WK-12,12#电铲,2018,123.3,554,19.0
2023-08-05,WK-15,15#电铲,2020,122.0,565,19.2
2023-08-05,WK-18,18#电铲,2022,117.8,566,18.5
2023-08-05,WK-20,20#电铲,2012,137.0,511,19.5
2023-08-05,WK-22,22#电铲,2019,117.5,640,20.9
2023-08-05,WK-25,25#电铲,2023,119.4,626,20.8
2023-08-05,WK-28,28#电铲,2016,133.7,514,19.1
2023-08-06,WK-10,10#电铲,2015,133.0,525,19.4
2023-08-06,WK-12,12#电铲,2018,121.1,564,19.0
2023-08-06,WK-15,15#电铲,2020,119.5,577,19.2
2023-08-06,WK-18,18#电铲,2022,117.6,567,18.5
2023-08-06,WK-20,20#电铲,2012,135.8,515,19.5
2023-08-06,WK-22,22#电铲,2019,120.3,625,20.9
2023-08-06,WK-25,25#电铲,2023,120.2,622,20.8
2023-08-06,WK-28,28#电铲,2016,134.0,513,19.1
2023-08-07,WK-10,10#电铲,2015,136.1,513,19.4
2023-08-07,WK-12,12#电铲,2018,121.8,561,19.0
2023-08-07,WK-15,15#电铲,2020,122.4,563,19.2
2023-08-07,WK-18,18#电铲,2022,114.9,580,18.5
2023-08-07,WK-20,20#电铲,2012,135.7,516,19.5
2023-08-07,WK-22,22#电铲,2019,118.6,634,20.9
2023-08-07,WK-25,25#电铲,2023,118.1,633,20.8
2023-08-07,WK-28,28#电铲,2016,136.3,504,19.1
2023-08-08,WK-10,10#电铲,2015,135.9,514,19.4
2023-08-08,WK-12,12#电铲,2018,120.1,569,19.0
2023-08-08,WK-15,15#电铲,2020,121.3,569,19.2
2023-08-08,WK-18,18#电铲,2022,115.1,580,18.5
2023-08-08,WK-20,20#电铲,2012,134.6,520,19.5
2023-08-08,WK-22,22#电铲,2019,121.5,619,20.9
2023-08-08,WK-25,25#电铲,2023,119.8,624,20.8
2023-08-08,WK-28,28#电铲,2016,133.9,514,19.1
2023-08-09,WK-10,10#电铲,2015,138.4,504,19.4
2023-08-09,WK-12,12#电铲,2018,119.4,572,19.0
2023-08-09,WK-15,15#电铲,2020,120.6,572,19.2
2023-08-09,WK-18,18#电铲,2022,119.3,559,18.5
2023-08-09,WK-20,20#电铲,2012,135.8,516,19.5
2023-08-09,WK-22,22#电铲,2019,121.4,619,20.9
2023-08-09,WK-25,25#电铲,2023,118.1,633,20.8
2023-08-09,WK-28,28#电铲,2016,134.5,511,19.1
2023-08-10,WK-10,10#电铲,2015,139.9,499,19.4
2023-08-10,WK-12,12#电铲,2018,121.6,561,19.0
2023-08-10,WK-15,15#电铲,2020,120.3,573,19.2
2023-08-10,WK-18,18#电铲,2022,119.1,560,18.5
2023-08-10,WK-20,20#电铲,2012,136.9,512,19.5
2023-08-10,WK-22,22#电铲,2019,119.5,629,20.9
2023-08-10,WK-25,25#电铲,2023,119.2,628,20.8
2023-08-10,WK-28,28#电铲,2016,135.3,508,19.1
2023-08-11,WK-10,10#电铲,2015,137.2,509,19.4
2023-08-11,WK-12,12#电铲,2018,121.8,561,19.0
2023-08-11,WK-15,15#电铲,2020,122.7,562,19.2
2023-08-11,WK-18,18#电铲,2022,116.5,572,18.5
2023-08-11,WK-20,20#电铲,2012,136.6,513,19.5
2023-08-11,WK-22,22#电铲,2019,118.9,632,20.9
2023-08-11,WK-25,25#电铲,2023,119.2,628,20.8
2023-08-11,WK-28,28#电铲,2016,134.0,513,19.1
2023-08-12,WK-10,10#电铲,2015,134.5,519,19.4
2023-08-12,WK-12,12#电铲,2018,167.3,111,5.2
2023-08-12,WK-15,15#电铲,2020,124.8,553,19.2
2023-08-12,WK-18,18#电铲,2022,115.4,578,18.5
2023-08-12,WK-20,20#电铲,2012,137.5,509,19.5
2023-08-12,WK-22,22#电铲,2019,122.5,614,20.9
2023-08-12,WK-25,25#电铲,2023,118.9,629,20.8
2023-08-12,WK-28,28#电铲,2016,135.5,507,19.1
2023-08-13,WK-10,10#电铲,2015,133.6,523,19.4
2023-08-13,WK-12,12#电铲,2018,120.4,567,19.0
2023-08-13,WK-15,15#电铲,2020,124.7,553,19.2
2023-08-13,WK-18,18#电铲,2022,114.9,581,18.5
2023-08-13,WK-20,20#电铲,2012,136.0,515,19.5
2023-08-13,WK-22,22#电铲,2019,119.9,627,20.9
2023-08-13,WK-25,25#电铲,2023,121.9,614,20.8
2023-08-13,WK-28,28#电铲,2016,137.3,501,19.1
2023-08-14,WK-10,10#电铲,2015,134.5,519,19.4
2023-08-14,WK-12,12#电铲,2018,120.0,569,19.0
2023-08-14,WK-15,15#电铲,2020,124.6,554,19.2
2023-08-14,WK-18,18#电铲,2022,113.9,586,18.5
2023-08-14,WK-20,20#电铲,2012,136.3,514,19.5
2023-08-14,WK-22,22#电铲,2019,116.7,645,20.9
2023-08-14,WK-25,25#电铲,2023,120.9,619,20.8
2023-08-14,WK-28,28#电铲,2016,137.4,501,19.1
2023-08-15,WK-10,10#电铲,2015,135.4,516,19.4
2023-08-15,WK-12,12#电铲,2018,120.5,567,19.0
2023-08-15,WK-15,15#电铲,2020,123.4,559,19.2
2023-08-15,WK-18,18#电铲,2022,116.5,573,18.5
2023-08-15,WK-20,20#电铲,2012,136.1,514,19.5
2023-08-15,WK-22,22#电铲,2019,117.0,643,20.9
2023-08-15,WK-25,25#电铲,2023,121.3,617,20.8
2023-08-15,WK-28,28#电铲,2016,135.2,509,19.1
2023-08-16,WK-10,10#电铲,2015,136.3,512,19.4
2023-08-16,WK-12,12#电铲,2018,121.1,564,19.0
2023-08-16,WK-15,15#电铲,2020,121.2,569,19.2
2023-08-16,WK-18,18#电铲,2022,117.2,569,18.5
2023-08-16,WK-20,20#电铲,2012,133.1,526,19.5
2023-08-16,WK-22,22#电铲,2019,116.7,645,20.9
2023-08-16,WK-25,25#电铲,2023,204.3,177,10.1
2023-08-16,WK-28,28#电铲,2016,134.7,510,19.1
2023-08-17,WK-10,10#电铲,2015,136.9,510,19.4
2023-08-17,WK-12,12#电铲,2018,121.6,561,19.0
2023-08-17,WK-15,15#电铲,2020,120.1,574,19.2
2023-08-17,WK-18,18#电铲,2022,115.5,578,18.5
2023-08-17,WK-20,20#电铲,2012,134.5,521,19.5
2023-08-17,WK-22,22#电铲,2019,115.9,649,20.9
2023-08-17,WK-25,25#电铲,2023,117.7,636,20.8
2023-08-17,WK-28,28#电铲,2016,136.0,506,19.1
2023-08-18,WK-10,10#电铲,2015,133.8,522,19.4
2023-08-18,WK-12,12#电铲,2018,118.3,577,19.0
2023-08-18,WK-15,15#电铲,2020,120.9,571,19.2
2023-08-18,WK-18,18#电铲,2022,114.6,582,18.5
2023-08-18,WK-20,20#电铲,2012,134.8,520,19.5
2023-08-18,WK-22,22#电铲,2019,115.0,654,20.9
2023-08-18,WK-25,25#电铲,2023,118.0,634,20.8
2023-08-18,WK-28,28#电铲,2016,135.7,507,19.1
2023-08-19,WK-10,10#电铲,2015,135.8,514,19.4
2023-08-19,WK-12,12#电铲,2018,118.6,576,19.0
2023-08-19,WK-15,15#电铲,2020,121.6,567,19.2
2023-08-19,WK-18,18#电铲,2022,117.2,569,18.5
2023-08-19,WK-20,20#电铲,2012,135.1,518,19.5
2023-08-19,WK-22,22#电铲,2019,116.8,644,20.9
2023-08-19,WK-25,25#电铲,2023,117.5,637,20.8
2023-08-19,WK-28,28#电铲,2016,135.1,509,19.1
2023-08-20,WK-10,10#电铲,2015,137.0,509,19.4
2023-08-20,WK-12,12#电铲,2018,119.2,573,19.0
2023-08-20,WK-15,15#电铲,2020,121.4,568,19.2
2023-08-20,WK-18,18#电铲,2022,117.2,569,18.5
2023-08-20,WK-20,20#电铲,2012,136.0,515,19.5
2023-08-20,WK-22,22#电铲,2019,121.0,621,20.9
2023-08-20,WK-25,25#电铲,2023,119.2,627,20.8
2023-08-20,WK-28,28#电铲,2016,136.1,505,19.1
2023-08-21,WK-10,10#电铲,2015,134.5,519,19.4
2023-08-21,WK-12,12#电铲,2018,120.5,567,19.0
2023-08-21,WK-15,15#电铲,2020,122.8,562,19.2
2023-08-21,WK-18,18#电铲,2022,116.8,571,18.5
2023-08-21,WK-20,20#电铲,2012,137.2,510,19.5
2023-08-21,WK-22,22#电铲,2019,121.5,619,20.9
2023-08-21,WK-25,25#电铲,2023,119.3,627,20.8
2023-08-21,WK-28,28#电铲,2016,132.7,518,19.1
2023-08-22,WK-10,10#电铲,2015,135.9,514,19.4
2023-08-22,WK-12,12#电铲,2018,118.2,578,19.0
2023-08-22,WK-15,15#电铲,2020,120.0,575,19.2
2023-08-22,WK-18,18#电铲,2022,116.5,573,18.5
2023-08-22,WK-20,20#电铲,2012,134.3,521,19.5
2023-08-22,WK-22,22#电铲,2019,120.3,625,20.9
2023-08-22,WK-25,25#电铲,2023,117.9,634,20.8
2023-08-22,WK-28,28#电铲,2016,132.7,518,19.1
2023-08-23,WK-10,10#电铲,2015,135.9,514,19.4
2023-08-23,WK-12,12#电铲,2018,121.4,563,19.0
2023-08-23,WK-15,15#电铲,2020,123.1,560,19.2
2023-08-23,WK-18,18#电铲,2022,115.6,577,18.5
2023-08-23,WK-20,20#电铲,2012,136.3,514,19.5
2023-08-23,WK-22,22#电铲,2019,120.6,623,20.9
2023-08-23,WK-25,25#电铲,2023,116.6,641,20.8
2023-08-23,WK-28,28#电铲,2016,133.2,516,19.1
2023-08-24,WK-10,10#电铲,2015,134.8,518,19.4
2023-08-24,WK-12,12#电铲,2018,121.5,562,19.0
2023-08-24,WK-15,15#电铲,2020,121.6,567,19.2
2023-08-24,WK-18,18#电铲,2022,116.9,571,18.5
2023-08-24,WK-20,20#电铲,2012,135.4,517,19.5
2023-08-24,WK-22,22#电铲,2019,120.4,624,20.9
2023-08-24,WK-25,25#电铲,2023,114.2,655,20.8
2023-08-24,WK-28,28#电铲,2016,134.4,512,19.1
2023-08-25,WK-10,10#电铲,2015,132.8,526,19.4
2023-08-25,WK-12,12#电铲,2018,123.6,552,19.0
2023-08-25,WK-15,15#电铲,2020,122.4,564,19.2
2023-08-25,WK-18,18#电铲,2022,118.0,565,18.5
2023-08-25,WK-20,20#电铲,2012,133.3,525,19.5
2023-08-25,WK-22,22#电铲,2019,120.2,626,20.9
2023-08-25,WK-25,25#电铲,2023,112.8,663,20.8
2023-08-25,WK-28,28#电铲,2016,136.6,504,19.1
2023-08-26,WK-10,10#电铲,2015,134.4,519,19.4
2023-08-26,WK-12,12#电铲,2018,122.6,557,19.0
2023-08-26,WK-15,15#电铲,2020,121.1,570,19.2
2023-08-26,WK-18,18#电铲,2022,116.2,574,18.5
2023-08-26,WK-20,20#电铲,2012,132.1,530,19.5
2023-08-26,WK-22,22#电铲,2019,121.5,619,20.9
2023-08-26,WK-25,25#电铲,2023,117.6,636,20.8
2023-08-26,WK-28,28#电铲,2016,135.1,509,19.1
2023-08-27,WK-10,10#电铲,2015,135.3,516,19.4
2023-08-27,WK-12,12#电铲,2018,120.7,566,19.0
2023-08-27,WK-15,15#电铲,2020,121.5,568,19.2
2023-08-27,WK-18,18#电铲,2022,118.0,566,18.5
2023-08-27,WK-20,20#电铲,2012,133.3,525,19.5
2023-08-27,WK-22,22#电铲,2019,118.3,636,20.9
2023-08-27,WK-25,25#电铲,2023,118.5,631,20.8
2023-08-27,WK-28,28#电铲,2016,134.8,510,19.1
2023-08-28,WK-10,10#电铲,2015,134.4,519,19.4
2023-08-28,WK-12,12#电铲,2018,121.0,564,19.0
2023-08-28,WK-15,15#电铲,2020,119.6,577,19.2
2023-08-28,WK-18,18#电铲,2022,116.6,572,18.5
2023-08-28,WK-20,20#电铲,2012,135.8,516,19.5
2023-08-28,WK-22,22#电铲,2019,120.8,623,20.9
2023-08-28,WK-25,25#电铲,2023,112.9,662,20.8
2023-08-28,WK-28,28#电铲,2016,134.9,510,19.1
2023-08-29,WK-10,10#电铲,2015,134.0,521,19.4
2023-08-29,WK-12,12#电铲,2018,121.7,561,19.0
2023-08-29,WK-15,15#电铲,2020,119.2,579,19.2
2023-08-29,WK-18,18#电铲,2022,117.0,570,18.5
2023-08-29,WK-20,20#电铲,2012,187.9,126,6.6
2023-08-29,WK-22,22#电铲,2019,118.8,633,20.9
2023-08-29,WK-25,25#电铲,2023,116.8,641,20.8
2023-08-29,WK-28,28#电铲,2016,137.4,501,19.1
2023-08-30,WK-10,10#电铲,2015,133.5,523,19.4
2023-08-30,WK-12,12#电铲,2018,119.2,573,19.0
2023-08-30,WK-15,15#电铲,2020,117.0,590,19.2
2023-08-30,WK-18,18#电铲,2022,116.1,574,18.5
2023-08-30,WK-20,20#电铲,2012,136.6,513,19.5
2023-08-30,WK-22,22#电铲,2019,118.0,637,20.9
2023-08-30,WK-25,25#电铲,2023,117.9,635,20.8
2023-08-30,WK-28,28#电铲,2016,136.4,504,19.1
2023-08-31,WK-10,10#电铲,2015,131.7,530,19.4
2023-08-31,WK-12,12#电铲,2018,121.4,563,19.0
2023-08-31,WK-15,15#电铲,2020,119.6,577,19.2
2023-08-31,WK-18,18#电铲,2022,114.5,582,18.5
2023-08-31,WK-20,20#电铲,2012,134.2,522,19.5
2023-08-31,WK-22,22#电铲,2019,121.2,620,20.9
2023-08-31,WK-25,25#电铲,2023,119.3,627,20.8
2023-08-31,WK-28,28#电铲,2016,135.7,507,19.1
2023-09-01,WK-10,10#电铲,2015,131.6,531,19.4
2023-09-01,WK-12,12#电铲,2018,119.7,570,19.0
2023-09-01,WK-15,15#电铲,2020,119.0,580,19.2
2023-09-01,WK-18,18#电铲,2022,115.0,580,18.5
2023-09-01,WK-20,20#电铲,2012,133.7,524,19.5
2023-09-01,WK-22,22#电铲,2019,121.6,618,20.9
2023-09-01,WK-25,25#电铲,2023,115.9,645,20.8
2023-09-01,WK-28,28#电铲,2016,135.0,509,19.1
2023-09-02,WK-10,10#电铲,2015,132.9,525,19.4
2023-09-02,WK-12,12#电铲,2018,122.3,558,19.0
2023-09-02,WK-15,15#电铲,2020,118.2,584,19.2
2023-09-02,WK-18,18#电铲,2022,115.0,580,18.5
2023-09-02,WK-20,20#电铲,2012,134.1,522,19.5
2023-09-02,WK-22,22#电铲,2019,120.6,624,20.9
2023-09-02,WK-25,25#电铲,2023,114.0,656,20.8
2023-09-02,WK-28,28#电铲,2016,136.8,503,19.1
2023-09-03,WK-10,10#电铲,2015,134.5,519,19.4
2023-09-03,WK-12,12#电铲,2018,121.8,561,19.0
2023-09-03,WK-15,15#电铲,2020,119.7,576,19.2
2023-09-03,WK-18,18#电铲,2022,114.9,580,18.5
2023-09-03,WK-20,20#电铲,2012,135.8,516,19.5
2023-09-03,WK-22,22#电铲,2019,118.1,637,20.9
2023-09-03,WK-25,25#电铲,2023,117.0,640,20.8
2023-09-03,WK-28,28#电铲,2016,133.6,515,19.1
2023-09-04,WK-10,10#电铲,2015,134.4,519,19.4
2023-09-04,WK-12,12#电铲,2018,120.3,567,19.0
2023-09-04,WK-15,15#电铲,2020,121.1,570,19.2
2023-09-04,WK-18,18#电铲,2022,115.1,580,18.5
2023-09-04,WK-20,20#电铲,2012,131.8,531,19.5
2023-09-04,WK-22,22#电铲,2019,118.5,634,20.9
2023-09-04,WK-25,25#电铲,2023,118.5,631,20.8
2023-09-04,WK-28,28#电铲,2016,137.5,500,19.1
2023-09-05,WK-10,10#电铲,2015,133.1,525,19.4
2023-09-05,WK-12,12#电铲,2018,117.6,581,19.0
2023-09-05,WK-15,15#电铲,2020,116.5,592,19.2
2023-09-05,WK-18,18#电铲,2022,116.7,571,18.5
2023-09-05,WK-20,20#电铲,2012,135.3,518,19.5
2023-09-05,WK-22,22#电铲,2019,117.2,641,20.9
2023-09-05,WK-25,25#电铲,2023,116.2,644,20.8
2023-09-05,WK-28,28#电铲,2016,138.1,498,19.1
2023-09-06,WK-10,10#电铲,2015,136.3,512,19.4
2023-09-06,WK-12,12#电铲,2018,117.1,583,19.0
2023-09-06,WK-15,15#电铲,2020,118.9,580,19.2
2023-09-06,WK-18,18#电铲,2022,114.6,582,18.5
2023-09-06,WK-20,20#电铲,2012,132.5,528,19.5
2023-09-06,WK-22,22#电铲,2019,118.5,634,20.9
2023-09-06,WK-25,25#电铲,2023,117.4,637,20.8
2023-09-06,WK-28,28#电铲,2016,137.5,500,19.1
2023-09-07,WK-10,10#电铲,2015,134.5,519,19.4
2023-09-07,WK-12,12#电铲,2018,120.4,567,19.0
2023-09-07,WK-15,15#电铲,2020,119.5,577,19.2
2023-09-07,WK-18,18#电铲,2022,115.8,576,18.5
2023-09-07,WK-20,20#电铲,2012,133.3,525,19.5
2023-09-07,WK-22,22#电铲,2019,118.8,633,20.9
2023-09-07,WK-25,25#电铲,2023,116.4,643,20.8
2023-09-07,WK-28,28#电铲,2016,139.5,493,19.1
2023-09-08,WK-10,10#电铲,2015,135.8,514,19.4
2023-09-08,WK-12,12#电铲,2018,118.1,578,19.0
2023-09-08,WK-15,15#电铲,2020,120.5,572,19.2
2023-09-08,WK-18,18#电铲,2022,115.8,576,18.5
2023-09-08,WK-20,20#电铲,2012,130.9,535,19.5
2023-09-08,WK-22,22#电铲,2019,119.7,628,20.9
2023-09-08,WK-25,25#电铲,2023,117.1,639,20.8
2023-09-08,WK-28,28#电铲,2016,137.9,499,19.1
2023-09-09,WK-10,10#电铲,2015,134.0,521,19.4
2023-09-09,WK-12,12#电铲,2018,121.2,563,19.0
2023-09-09,WK-15,15#电铲,2020,120.2,574,19.2
2023-09-09,WK-18,18#电铲,2022,115.2,579,18.5
2023-09-09,WK-20,20#电铲,2012,131.4,533,19.5
2023-09-09,WK-22,22#电铲,2019,119.6,629,20.9
2023-09-09,WK-25,25#电铲,2023,115.8,646,20.8
2023-09-09,WK-28,28#电铲,2016,135.8,506,19.1
2023-09-10,WK-10,10#电铲,2015,132.9,525,19.4
2023-09-10,WK-12,12#电铲,2018,118.3,577,19.0
2023-09-10,WK-15,15#电铲,2020,120.2,574,19.2
2023-09-10,WK-18,18#电铲,2022,114.2,584,18.5
2023-09-10,WK-20,20#电铲,2012,133.3,525,19.5
2023-09-10,WK-22,22#电铲,2019,118.4,635,20.9
2023-09-10,WK-25,25#电铲,2023,117.6,636,20.8
2023-09-10,WK-28,28#电铲,2016,135.0,509,19.1
2023-09-11,WK-10,10#电铲,2015,133.9,521,19.4
2023-09-11,WK-12,12#电铲,2018,119.7,570,19.0
2023-09-11,WK-15,15#电铲,2020,123.8,557,19.2
2023-09-11,WK-18,18#电铲,2022,114.3,584,18.5
2023-09-11,WK-20,20#电铲,2012,132.5,529,19.5
2023-09-11,WK-22,22#电铲,2019,119.0,632,20.9
2023-09-11,WK-25,25#电铲,2023,115.0,650,20.8
2023-09-11,WK-28,28#电铲,2016,135.2,509,19.1
2023-09-12,WK-10,10#电铲,2015,133.1,524,19.4
2023-09-12,WK-12,12#电铲,2018,118.9,574,19.0
2023-09-12,WK-15,15#电铲,2020,122.3,564,19.2
2023-09-12,WK-18,18#电铲,2022,116.6,572,18.5
2023-09-12,WK-20,20#电铲,2012,133.9,523,19.5
2023-09-12,WK-22,22#电铲,2019,116.5,646,20.9
2023-09-12,WK-25,25#电铲,2023,118.5,631,20.8
2023-09-12,WK-28,28#电铲,2016,133.5,515,19.1
2023-09-13,WK-10,10#电铲,2015,134.6,519,19.4
2023-09-13,WK-12,12#电铲,2018,118.9,574,19.0
2023-09-13,WK-15,15#电铲,2020,119.4,578,19.2
2023-09-13,WK-18,18#电铲,2022,113.6,587,18.5
2023-09-13,WK-20,20#电铲,2012,132.8,527,19.5
2023-09-13,WK-22,22#电铲,2019,117.3,641,20.9
2023-09-13,WK-25,25#电铲,2023,115.4,648,20.8
2023-09-13,WK-28,28#电铲,2016,132.0,521,19.1
2023-09-14,WK-10,10#电铲,2015,133.2,524,19.4
2023-09-14,WK-12,12#电铲,2018,119.1,573,19.0
2023-09-14,WK-15,15#电铲,2020,116.4,593,19.2
2023-09-14,WK-18,18#电铲,2022,113.7,587,18.5
2023-09-14,WK-20,20#电铲,2012,132.4,529,19.5
2023-09-14,WK-22,22#电铲,2019,121.3,620,20.9
2023-09-14,WK-25,25#电铲,2023,116.8,641,20.8
2023-09-14,WK-28,28#电铲,2016,135.3,508,19.1
2023-09-15,WK-10,10#电铲,2015,135.0,517,19.4
2023-09-15,WK-12,12#电铲,2018,118.8,575,19.0
2023-09-15,WK-15,15#电铲,2020,118.4,583,19.2
2023-09-15,WK-18,18#电铲,2022,116.7,572,18.5
2023-09-15,WK-20,20#电铲,2012,134.2,522,19.5
2023-09-15,WK-22,22#电铲,2019,120.7,623,20.9
2023-09-15,WK-25,25#电铲,2023,117.1,639,20.8
2023-09-15,WK-28,28#电铲,2016,137.2,501,19.1
2023-09-16,WK-10,10#电铲,2015,132.9,525,19.4
2023-09-16,WK-12,12#电铲,2018,119.8,570,19.0
2023-09-16,WK-15,15#电铲,2020,120.4,573,19.2
2023-09-16,WK-18,18#电铲,2022,115.2,579,18.5
2023-09-16,WK-20,20#电铲,2012,133.3,525,19.5
2023-09-16,WK-22,22#电铲,2019,116.8,644,20.9
2023-09-16,WK-25,25#电铲,2023,118.4,632,20.8
2023-09-16,WK-28,28#电铲,2016,135.6,507,19.1
2023-09-17,WK-10,10#电铲,2015,134.0,521,19.4
2023-09-17,WK-12,12#电铲,2018,122.9,556,19.0
2023-09-17,WK-15,15#电铲,2020,121.0,570,19.2
2023-09-17,WK-18,18#电铲,2022,116.0,575,18.5
2023-09-17,WK-20,20#电铲,2012,132.5,529,19.5
2023-09-17,WK-22,22#电铲,2019,116.5,646,20.9
2023-09-17,WK-25,25#电铲,2023,118.2,633,20.8
2023-09-17,WK-28,28#电铲,2016,136.2,505,19.1
2023-09-18,WK-10,10#电铲,2015,133.3,524,19.4
2023-09-18,WK-12,12#电铲,2018,121.5,562,19.0
2023-09-18,WK-15,15#电铲,2020,120.1,574,19.2
2023-09-18,WK-18,18#电铲,2022,118.7,562,18.5
2023-09-18,WK-20,20#电铲,2012,133.2,526,19.5
2023-09-18,WK-22,22#电铲,2019,119.0,632,20.9
2023-09-18,WK-25,25#电铲,2023,118.7,630,20.8
2023-09-18,WK-28,28#电铲,2016,138.7,496,19.1
2023-09-19,WK-10,10#电铲,2015,132.5,527,19.4
2023-09-19,WK-12,12#电铲,2018,121.6,562,19.0
2023-09-19,WK-15,15#电铲,2020,118.9,580,19.2
2023-09-19,WK-18,18#电铲,2022,120.5,553,18.5
2023-09-19,WK-20,20#电铲,2012,134.0,523,19.5
2023-09-19,WK-22,22#电铲,2019,119.1,632,20.9
2023-09-19,WK-25,25#电铲,2023,118.3,632,20.8
2023-09-19,WK-28,28#电铲,2016,134.1,513,19.1
2023-09-20,WK-10,10#电铲,2015,133.5,523,19.4
2023-09-20,WK-12,12#电铲,2018,120.7,566,19.0
2023-09-20,WK-15,15#电铲,2020,118.9,580,19.2
2023-09-20,WK-18,18#电铲,2022,115.3,579,18.5
2023-09-20,WK-20,20#电铲,2012,180.8,163,8.2
2023-09-20,WK-22,22#电铲,2019,119.2,631,20.9
2023-09-20,WK-25,25#电铲,2023,119.0,628,20.8
2023-09-20,WK-28,28#电铲,2016,135.0,509,19.1
2023-09-21,WK-10,10#电铲,2015,135.2,516,19.4
2023-09-21,WK-12,12#电铲,2018,119.2,573,19.0
2023-09-21,WK-15,15#电铲,2020,118.9,580,19.2
2023-09-21,WK-18,18#电铲,2022,115.0,580,18.5
2023-09-21,WK-20,20#电铲,2012,134.2,522,19.5
2023-09-21,WK-22,22#电铲,2019,118.1,637,20.9
2023-09-21,WK-25,25#电铲,2023,117.0,639,20.8
2023-09-21,WK-28,28#电铲,2016,135.5,508,19.1
2023-09-22,WK-10,10#电铲,2015,133.7,522,19.4
2023-09-22,WK-12,12#电铲,2018,119.3,572,19.0
2023-09-22,WK-15,15#电铲,2020,117.1,589,19.2
2023-09-22,WK-18,18#电铲,2022,111.3,599,18.5
2023-09-22,WK-20,20#电铲,2012,134.1,522,19.5
2023-09-22,WK-22,22#电铲,2019,194.5,217,11.8
2023-09-22,WK-25,25#电铲,2023,118.7,630,20.8
2023-09-22,WK-28,28#电铲,2016,133.9,513,19.1
2023-09-23,WK-10,10#电铲,2015,133.4,523,19.4
2023-09-23,WK-12,12#电铲,2018,119.6,571,19.0
2023-09-23,WK-15,15#电铲,2020,118.8,581,19.2
2023-09-23,WK-18,18#电铲,2022,114.9,581,18.5
2023-09-23,WK-20,20#电铲,2012,133.6,524,19.5
2023-09-23,WK-22,22#电铲,2019,117.4,641,20.9
2023-09-23,WK-25,25#电铲,2023,117.7,636,20.8
2023-09-23,WK-28,28#电铲,2016,132.8,518,19.1
2023-09-24,WK-10,10#电铲,2015,133.8,522,19.4
2023-09-24,WK-12,12#电铲,2018,119.6,571,19.0
2023-09-24,WK-15,15#电铲,2020,122.5,563,19.2
2023-09-24,WK-18,18#电铲,2022,114.6,582,18.5
2023-09-24,WK-20,20#电铲,2012,134.9,519,19.5
2023-09-24,WK-22,22#电铲,2019,116.2,647,20.9
2023-09-24,WK-25,25#电铲,2023,118.6,631,20.8
2023-09-24,WK-28,28#电铲,2016,134.7,510,19.1
2023-09-25,WK-10,10#电铲,2015,132.9,525,19.4
2023-09-25,WK-12,12#电铲,2018,120.3,568,19.0
2023-09-25,WK-15,15#电铲,2020,120.4,573,19.2
2023-09-25,WK-18,18#电铲,2022,115.0,580,18.5
2023-09-25,WK-20,20#电铲,2012,133.7,524,19.5
2023-09-25,WK-22,22#电铲,2019,118.3,636,20.9
2023-09-25,WK-25,25#电铲,2023,115.9,645,20.8
2023-09-25,WK-28,28#电铲,2016,135.0,509,19.1
2023-09-26,WK-10,10#电铲,2015,132.6,527,19.4
2023-09-26,WK-12,12#电铲,2018,119.7,571,19.0
2023-09-26,WK-15,15#电铲,2020,118.6,581,19.2
2023-09-26,WK-18,18#电铲,2022,116.0,575,18.5
2023-09-26,WK-20,20#电铲,2012,134.0,522,19.5
2023-09-26,WK-22,22#电铲,2019,117.4,641,20.9
2023-09-26,WK-25,25#电铲,2023,118.8,630,20.8
2023-09-26,WK-28,28#电铲,2016,134.6,511,19.1
2023-09-27,WK-10,10#电铲,2015,132.1,529,19.4
2023-09-27,WK-12,12#电铲,2018,118.5,576,19.0
2023-09-27,WK-15,15#电铲,2020,119.3,578,19.2
2023-09-27,WK-18,18#电铲,2022,115.5,578,18.5
2023-09-27,WK-20,20#电铲,2012,134.3,521,19.5
2023-09-27,WK-22,22#电铲,2019,118.7,633,20.9
2023-09-27,WK-25,25#电铲,2023,119.4,627,20.8
2023-09-27,WK-28,28#电铲,2016,133.3,516,19.1
2023-09-28,WK-10,10#电铲,2015,131.4,531,19.4
2023-09-28,WK-12,12#电铲,2018,119.3,572,19.0
2023-09-28,WK-15,15#电铲,2020,119.6,577,19.2
2023-09-28,WK-18,18#电铲,2022,115.9,576,18.5
2023-09-28,WK-20,20#电铲,2012,136.2,514,19.5
2023-09-28,WK-22,22#电铲,2019,119.2,631,20.9
2023-09-28,WK-25,25#电铲,2023,118.4,632,20.8
2023-09-28,WK-28,28#电铲,2016,132.2,520,19.1
2023-09-29,WK-10,10#电铲,2015,133.5,523,19.4
2023-09-29,WK-12,12#电铲,2018,121.2,563,19.0
2023-09-29,WK-15,15#电铲,2020,122.0,565,19.2
2023-09-29,WK-18,18#电铲,2022,117.5,568,18.5
2023-09-29,WK-20,20#电铲,2012,134.2,522,19.5
2023-09-29,WK-22,22#电铲,2019,116.6,645,20.9
2023-09-29,WK-25,25#电铲,2023,116.9,640,20.8
2023-09-29,WK-28,28#电铲,2016,134.0,513,19.1
2023-09-30,WK-10,10#电铲,2015,131.5,531,19.4
2023-09-30,WK-12,12#电铲,2018,121.3,563,19.0
2023-09-30,WK-15,15#电铲,2020,119.7,576,19.2
2023-09-30,WK-18,18#电铲,2022,114.3,583,18.5
2023-09-30,WK-20,20#电铲,2012,134.3,521,19.5
2023-09-30,WK-22,22#电铲,2019,116.8,644,20.9
2023-09-30,WK-25,25#电铲,2023,117.2,638,20.8
2023-09-30,WK-28,28#电铲,2016,133.9,514,19.1
2023-10-01,WK-10,10#电铲,2015,132.4,527,19.4
2023-10-01,WK-12,12#电铲,2018,120.9,565,19.0
2023-10-01,WK-15,15#电铲,2020,121.1,570,19.2
2023-10-01,WK-18,18#电铲,2022,115.8,576,18.5
2023-10-01,WK-20,20#电铲,2012,132.4,529,19.5
2023-10-01,WK-22,22#电铲,2019,192.2,206,11.1
2023-10-01,WK-25,25#电铲,2023,118.1,633,20.8
2023-10-01,WK-28,28#电铲,2016,135.5,508,19.1
2023-10-02,WK-10,10#电铲,2015,132.9,525,19.4
2023-10-02,WK-12,12#电铲,2018,121.6,562,19.0
2023-10-02,WK-15,15#电铲,2020,121.0,570,19.2
2023-10-02,WK-18,18#电铲,2022,115.4,578,18.5
2023-10-02,WK-20,20#电铲,2012,133.7,524,19.5
2023-10-02,WK-22,22#电铲,2019,117.9,638,20.9
2023-10-02,WK-25,25#电铲,2023,120.1,623,20.8
2023-10-02,WK-28,28#电铲,2016,135.5,507,19.1
2023-10-03,WK-10,10#电铲,2015,134.1,521,19.4
2023-10-03,WK-12,12#电铲,2018,118.8,575,19.0
2023-10-03,WK-15,15#电铲,2020,117.9,585,19.2
2023-10-03,WK-18,18#电铲,2022,115.2,579,18.5
2023-10-03,WK-20,20#电铲,2012,135.1,518,19.5
2023-10-03,WK-22,22#电铲,2019,115.1,653,20.9
2023-10-03,WK-25,25#电铲,2023,118.5,631,20.8
2023-10-03,WK-28,28#电铲,2016,138.0,498,19.1
2023-10-04,WK-10,10#电铲,2015,134.4,519,19.4
2023-10-04,WK-12,12#电铲,2018,117.3,582,19.0
2023-10-04,WK-15,15#电铲,2020,119.2,579,19.2
2023-10-04,WK-18,18#电铲,2022,115.1,580,18.5
2023-10-04,WK-20,20#电铲,2012,132.1,530,19.5
2023-10-04,WK-22,22#电铲,2019,115.4,652,20.9
2023-10-04,WK-25,25#电铲,2023,118.8,630,20.8
2023-10-04,WK-28,28#电铲,2016,134.8,510,19.1
2023-10-05,WK-10,10#电铲,2015,134.4,520,19.4
2023-10-05,WK-12,12#电铲,2018,117.5,581,19.0
2023-10-05,WK-15,15#电铲,2020,119.9,575,19.2
2023-10-05,WK-18,18#电铲,2022,114.7,581,18.5
2023-10-05,WK-20,20#电铲,2012,133.5,525,19.5
2023-10-05,WK-22,22#电铲,2019,117.5,640,20.9
2023-10-05,WK-25,25#电铲,2023,120.5,621,20.8
2023-10-05,WK-28,28#电铲,2016,133.3,516,19.1
2023-10-06,WK-10,10#电铲,2015,133.3,524,19.4
2023-10-06,WK-12,12#电铲,2018,118.7,575,19.0
2023-10-06,WK-15,15#电铲,2020,118.7,581,19.2
2023-10-06,WK-18,18#电铲,2022,115.1,579,18.5
2023-10-06,WK-20,20#电铲,2012,132.8,527,19.5
2023-10-06,WK-22,22#电铲,2019,117.4,640,20.9
2023-10-06,WK-25,25#电铲,2023,117.6,636,20.8
2023-10-06,WK-28,28#电铲,2016,133.1,517,19.1
2023-10-07,WK-10,10#电铲,2015,133.8,522,19.4
2023-10-07,WK-12,12#电铲,2018,119.3,572,19.0
2023-10-07,WK-15,15#电铲,2020,120.6,572,19.2
2023-10-07,WK-18,18#电铲,2022,113.6,587,18.5
2023-10-07,WK-20,20#电铲,2012,132.0,530,19.5
2023-10-07,WK-22,22#电铲,2019,119.4,630,20.9
2023-10-07,WK-25,25#电铲,2023,115.5,648,20.8
2023-10-07,WK-28,28#电铲,2016,133.0,517,19.1
2023-10-08,WK-10,10#电铲,2015,133.0,525,19.4
2023-10-08,WK-12,12#电铲,2018,117.5,581,19.0
2023-10-08,WK-15,15#电铲,2020,120.3,573,19.2
2023-10-08,WK-18,18#电铲,2022,114.6,582,18.5
2023-10-08,WK-20,20#电铲,2012,130.8,535,19.5
2023-10-08,WK-22,22#电铲,2019,118.5,635,20.9
2023-10-08,WK-25,25#电铲,2023,116.0,645,20.8
2023-10-08,WK-28,28#电铲,2016,132.1,520,19.1
2023-10-09,WK-10,10#电铲,2015,133.4,523,19.4
2023-10-09,WK-12,12#电铲,2018,118.9,574,19.0
2023-10-09,WK-15,15#电铲,2020,120.3,573,19.2
2023-10-09,WK-18,18#电铲,2022,115.0,580,18.5
2023-10-09,WK-20,20#电铲,2012,134.5,521,19.5
2023-10-09,WK-22,22#电铲,2019,116.8,644,20.9
2023-10-09,WK-25,25#电铲,2023,119.5,626,20.8
2023-10-09,WK-28,28#电铲,2016,134.2,513,19.1
2023-10-10,WK-10,10#电铲,2015,135.0,517,19.4
2023-10-10,WK-12,12#电铲,2018,119.5,571,19.0
2023-10-10,WK-15,15#电铲,2020,120.1,574,19.2
2023-10-10,WK-18,18#电铲,2022,114.0,585,18.5
2023-10-10,WK-20,20#电铲,2012,133.1,526,19.5
2023-10-10,WK-22,22#电铲,2019,119.2,631,20.9
2023-10-10,WK-25,25#电铲,2023,121.4,616,20.8
2023-10-10,WK-28,28#电铲,2016,134.9,510,19.1
2023-10-11,WK-10,10#电铲,2015,133.0,525,19.4
2023-10-11,WK-12,12#电铲,2018,119.9,570,19.0
2023-10-11,WK-15,15#电铲,2020,118.7,581,19.2
2023-10-11,WK-18,18#电铲,2022,116.6,572,18.5
2023-10-11,WK-20,20#电铲,2012,131.6,532,19.5
2023-10-11,WK-22,22#电铲,2019,119.5,629,20.9
2023-10-11,WK-25,25#电铲,2023,166.6,255,11.8
2023-10-11,WK-28,28#电铲,2016,133.3,516,19.1
2023-10-12,WK-10,10#电铲,2015,136.1,513,19.4
2023-10-12,WK-12,12#电铲,2018,119.4,572,19.0
2023-10-12,WK-15,15#电铲,2020,119.5,577,19.2
2023-10-12,WK-18,18#电铲,2022,117.6,567,18.5
2023-10-12,WK-20,20#电铲,2012,132.9,527,19.5
2023-10-12,WK-22,22#电铲,2019,118.7,634,20.9
2023-10-12,WK-25,25#电铲,2023,116.6,641,20.8
2023-10-12,WK-28,28#电铲,2016,134.2,512,19.1
2023-10-13,WK-10,10#电铲,2015,135.9,514,19.4
2023-10-13,WK-12,12#电铲,2018,119.2,573,19.0
2023-10-13,WK-15,15#电铲,2020,117.1,589,19.2
2023-10-13,WK-18,18#电铲,2022,114.7,581,18.5
2023-10-13,WK-20,20#电铲,2012,131.9,531,19.5
2023-10-13,WK-22,22#电铲,2019,119.2,631,20.9
2023-10-13,WK-25,25#电铲,2023,117.2,638,20.8
2023-10-13,WK-28,28#电铲,2016,135.9,506,19.1
2023-10-14,WK-10,10#电铲,2015,134.4,520,19.4
2023-10-14,WK-12,12#电铲,2018,119.1,573,19.0
2023-10-14,WK-15,15#电铲,2020,116.1,594,19.2
2023-10-14,WK-18,18#电铲,2022,117.4,568,18.5
2023-10-14,WK-20,20#电铲,2012,133.6,524,19.5
2023-10-14,WK-22,22#电铲,2019,119.2,631,20.9
2023-10-14,WK-25,25#电铲,2023,117.3,638,20.8
2023-10-14,WK-28,28#电铲,2016,133.4,516,19.1
2023-10-15,WK-10,10#电铲,2015,133.3,524,19.4
2023-10-15,WK-12,12#电铲,2018,121.7,561,19.0
2023-10-15,WK-15,15#电铲,2020,118.0,585,19.2
2023-10-15,WK-18,18#电铲,2022,114.7,582,18.5
2023-10-15,WK-20,20#电铲,2012,134.8,519,19.5
2023-10-15,WK-22,22#电铲,2019,119.3,630,20.9
2023-10-15,WK-25,25#电铲,2023,118.6,631,20.8
2023-10-15,WK-28,28#电铲,2016,135.5,508,19.1
2023-10-16,WK-10,10#电铲,2015,135.6,515,19.4
2023-10-16,WK-12,12#电铲,2018,122.6,557,19.0
2023-10-16,WK-15,15#电铲,2020,118.6,582,19.2
2023-10-16,WK-18,18#电铲,2022,112.8,591,18.5
2023-10-16,WK-20,20#电铲,2012,131.5,533,19.5
2023-10-16,WK-22,22#电铲,2019,117.4,641,20.9
2023-10-16,WK-25,25#电铲,2023,119.7,625,20.8
2023-10-16,WK-28,28#电铲,2016,134.3,512,19.1
2023-10-17,WK-10,10#电铲,2015,136.6,511,19.4
2023-10-17,WK-12,12#电铲,2018,124.0,551,19.0
2023-10-17,WK-15,15#电铲,2020,117.1,589,19.2
2023-10-17,WK-18,18#电铲,2022,115.9,576,18.5
2023-10-17,WK-20,20#电铲,2012,131.2,534,19.5
2023-10-17,WK-22,22#电铲,2019,117.8,638,20.9
2023-10-17,WK-25,25#电铲,2023,117.5,637,20.8
2023-10-17,WK-28,28#电铲,2016,135.0,509,19.1
2023-10-18,WK-10,10#电铲,2015,134.1,521,19.4
2023-10-18,WK-12,12#电铲,2018,123.7,552,19.0
2023-10-18,WK-15,15#电铲,2020,117.5,587,19.2
2023-10-18,WK-18,18#电铲,2022,114.3,584,18.5
2023-10-18,WK-20,20#电铲,2012,133.3,525,19.5
2023-10-18,WK-22,22#电铲,2019,118.6,634,20.9
2023-10-18,WK-25,25#电铲,2023,118.0,634,20.8
2023-10-18,WK-28,28#电铲,2016,132.8,518,19.1
2023-10-19,WK-10,10#电铲,2015,134.7,518,19.4
2023-10-19,WK-12,12#电铲,2018,120.7,566,19.0
2023-10-19,WK-15,15#电铲,2020,119.9,575,19.2
2023-10-19,WK-18,18#电铲,2022,115.3,578,18.5
2023-10-19,WK-20,20#电铲,2012,132.8,527,19.5
2023-10-19,WK-22,22#电铲,2019,115.5,651,20.9
2023-10-19,WK-25,25#电铲,2023,116.5,642,20.8
2023-10-19,WK-28,28#电铲,2016,136.5,504,19.1
2023-10-20,WK-10,10#电铲,2015,133.5,523,19.4
2023-10-20,WK-12,12#电铲,2018,119.5,572,19.0
2023-10-20,WK-15,15#电铲,2020,121.7,567,19.2
2023-10-20,WK-18,18#电铲,2022,115.6,577,18.5
2023-10-20,WK-20,20#电铲,2012,130.8,535,19.5
2023-10-20,WK-22,22#电铲,2019,117.7,639,20.9
2023-10-20,WK-25,25#电铲,2023,117.7,635,20.8
2023-10-20,WK-28,28#电铲,2016,133.2,516,19.1
2023-10-21,WK-10,10#电铲,2015,133.9,522,19.4
2023-10-21,WK-12,12#电铲,2018,119.6,571,19.0
2023-10-21,WK-15,15#电铲,2020,120.6,572,19.2
2023-10-21,WK-18,18#电铲,2022,115.4,578,18.5
2023-10-21,WK-20,20#电铲,2012,133.5,525,19.5
2023-10-21,WK-22,22#电铲,2019,119.6,629,20.9
2023-10-21,WK-25,25#电铲,2023,114.8,652,20.8
2023-10-21,WK-28,28#电铲,2016,133.0,517,19.1
2023-10-22,WK-10,10#电铲,2015,132.7,526,19.4
2023-10-22,WK-12,12#电铲,2018,116.9,584,19.0
2023-10-22,WK-15,15#电铲,2020,124.0,556,19.2
2023-10-22,WK-18,18#电铲,2022,119.0,560,18.5
2023-10-22,WK-20,20#电铲,2012,197.5,97,5.4
2023-10-22,WK-22,22#电铲,2019,120.3,625,20.9
2023-10-22,WK-25,25#电铲,2023,116.3,643,20.8
2023-10-22,WK-28,28#电铲,2016,132.9,517,19.1
2023-10-23,WK-10,10#电铲,2015,136.1,513,19.4
2023-10-23,WK-12,12#电铲,2018,120.6,566,19.0
2023-10-23,WK-15,15#电铲,2020,116.4,593,19.2
2023-10-23,WK-18,18#电铲,2022,117.8,566,18.5
2023-10-23,WK-20,20#电铲,2012,136.7,512,19.5
2023-10-23,WK-22,22#电铲,2019,119.2,631,20.9
2023-10-23,WK-25,25#电铲,2023,116.8,641,20.8
2023-10-23,WK-28,28#电铲,2016,134.1,513,19.1
2023-10-24,WK-10,10#电铲,2015,134.7,518,19.4
2023-10-24,WK-12,12#电铲,2018,121.4,562,19.0
2023-10-24,WK-15,15#电铲,2020,115.4,598,19.2
2023-10-24,WK-18,18#电铲,2022,116.2,574,18.5
2023-10-24,WK-20,20#电铲,2012,133.9,523,19.5
2023-10-24,WK-22,22#电铲,2019,121.6,619,20.9
2023-10-24,WK-25,25#电铲,2023,119.0,629,20.8
2023-10-24,WK-28,28#电铲,2016,135.7,507,19.1
2023-10-25,WK-10,10#电铲,2015,133.9,521,19.4
2023-10-25,WK-12,12#电铲,2018,120.0,569,19.0
2023-10-25,WK-15,15#电铲,2020,120.0,575,19.2
2023-10-25,WK-18,18#电铲,2022,112.8,591,18.5
2023-10-25,WK-20,20#电铲,2012,133.3,525,19.5
2023-10-25,WK-22,22#电铲,2019,121.5,619,20.9
2023-10-25,WK-25,25#电铲,2023,117.3,638,20.8
2023-10-25,WK-28,28#电铲,2016,135.6,507,19.1
2023-10-26,WK-10,10#电铲,2015,132.4,527,19.4
2023-10-26,WK-12,12#电铲,2018,119.0,574,19.0
2023-10-26,WK-15,15#电铲,2020,118.3,583,19.2
2023-10-26,WK-18,18#电铲,2022,116.8,571,18.5
2023-10-26,WK-20,20#电铲,2012,135.0,519,19.5
2023-10-26,WK-22,22#电铲,2019,118.8,633,20.9
2023-10-26,WK-25,25#电铲,2023,121.4,616,20.8
2023-10-26,WK-28,28#电铲,2016,136.8,503,19.1
2023-10-27,WK-10,10#电铲,2015,135.0,517,19.4
2023-10-27,WK-12,12#电铲,2018,119.4,572,19.0
2023-10-27,WK-15,15#电铲,2020,118.1,584,19.2
2023-10-27,WK-18,18#电铲,2022,116.9,571,18.5
2023-10-27,WK-20,20#电铲,2012,133.3,525,19.5
2023-10-27,WK-22,22#电铲,2019,118.1,637,20.9
2023-10-27,WK-25,25#电铲,2023,119.8,624,20.8
2023-10-27,WK-28,28#电铲,2016,135.1,509,19.1
2023-10-28,WK-10,10#电铲,2015,130.9,533,19.4
2023-10-28,WK-12,12#电铲,2018,119.6,571,19.0
2023-10-28,WK-15,15#电铲,2020,116.3,593,19.2
2023-10-28,WK-18,18#电铲,2022,115.6,577,18.5
2023-10-28,WK-20,20#电铲,2012,133.1,526,19.5
2023-10-28,WK-22,22#电铲,2019,119.5,629,20.9
2023-10-28,WK-25,25#电铲,2023,115.8,646,20.8
2023-10-28,WK-28,28#电铲,2016,135.5,508,19.1
2023-10-29,WK-10,10#电铲,2015,132.9,526,19.4
2023-10-29,WK-12,12#电铲,2018,120.7,566,19.0
2023-10-29,WK-15,15#电铲,2020,119.2,579,19.2
2023-10-29,WK-18,18#电铲,2022,115.1,579,18.5
2023-10-29,WK-20,20#电铲,2012,132.4,529,19.5
2023-10-29,WK-22,22#电铲,2019,119.1,632,20.9
2023-10-29,WK-25,25#电铲,2023,114.8,652,20.8
2023-10-29,WK-28,28#电铲,2016,135.4,508,19.1
2023-10-30,WK-10,10#电铲,2015,134.9,518,19.4
2023-10-30,WK-12,12#电铲,2018,122.2,559,19.0
2023-10-30,WK-15,15#电铲,2020,117.8,586,19.2
2023-10-30,WK-18,18#电铲,2022,117.3,569,18.5
2023-10-30,WK-20,20#电铲,2012,129.9,539,19.5
2023-10-30,WK-22,22#电铲,2019,118.6,634,20.9
2023-10-30,WK-25,25#电铲,2023,116.3,643,20.8
2023-10-30,WK-28,28#电铲,2016,135.6,507,19.1
2023-10-31,WK-10,10#电铲,2015,133.4,523,19.4
2023-10-31,WK-12,12#电铲,2018,121.5,562,19.0
2023-10-31,WK-15,15#电铲,2020,117.7,586,19.2
2023-10-31,WK-18,18#电铲,2022,113.3,589,18.5
2023-10-31,WK-20,20#电铲,2012,130.6,536,19.5
2023-10-31,WK-22,22#电铲,2019,118.7,634,20.9
2023-10-31,WK-25,25#电铲,2023,117.8,635,20.8
2023-10-31,WK-28,28#电铲,2016,136.5,504,19.1
2023-11-01,WK-10,10#电铲,2015,132.9,525,19.4
2023-11-01,WK-12,12#电铲,2018,123.0,555,19.0
2023-11-01,WK-15,15#电铲,2020,118.2,583,19.2
2023-11-01,WK-18,18#电铲,2022,115.4,578,18.5
2023-11-01,WK-20,20#电铲,2012,131.8,531,19.5
2023-11-01,WK-22,22#电铲,2019,119.1,631,20.9
2023-11-01,WK-25,25#电铲,2023,115.7,647,20.8
2023-11-01,WK-28,28#电铲,2016,137.7,499,19.1
2023-11-02,WK-10,10#电铲,2015,135.1,517,19.4
2023-11-02,WK-12,12#电铲,2018,119.7,570,19.0
2023-11-02,WK-15,15#电铲,2020,121.6,567,19.2
2023-11-02,WK-18,18#电铲,2022,114.2,584,18.5
2023-11-02,WK-20,20#电铲,2012,132.3,529,19.5
2023-11-02,WK-22,22#电铲,2019,116.9,643,20.9
2023-11-02,WK-25,25#电铲,2023,114.9,651,20.8
2023-11-02,WK-28,28#电铲,2016,133.6,515,19.1
2023-11-03,WK-10,10#电铲,2015,136.6,511,19.4
2023-11-03,WK-12,12#电铲,2018,122.3,558,19.0
2023-11-03,WK-15,15#电铲,2020,119.2,578,19.2
2023-11-03,WK-18,18#电铲,2022,114.1,585,18.5
2023-11-03,WK-20,20#电铲,2012,131.2,534,19.5
2023-11-03,WK-22,22#电铲,2019,119.6,629,20.9
2023-11-03,WK-25,25#电铲,2023,115.5,648,20.8
2023-11-03,WK-28,28#电铲,2016,133.5,515,19.1
2023-11-04,WK-10,10#电铲,2015,133.7,522,19.4
2023-11-04,WK-12,12#电铲,2018,120.9,565,19.0
2023-11-04,WK-15,15#电铲,2020,120.5,572,19.2
2023-11-04,WK-18,18#电铲,2022,113.0,590,18.5
2023-11-04,WK-20,20#电铲,2012,134.5,520,19.5
2023-11-04,WK-22,22#电铲,2019,119.1,631,20.9
2023-11-04,WK-25,25#电铲,2023,119.1,628,20.8
2023-11-04,WK-28,28#电铲,2016,134.0,513,19.1
2023-11-05,WK-10,10#电铲,2015,133.4,523,19.4
2023-11-05,WK-12,12#电铲,2018,121.6,561,19.0
2023-11-05,WK-15,15#电铲,2020,118.5,582,19.2
2023-11-05,WK-18,18#电铲,2022,114.6,582,18.5
2023-11-05,WK-20,20#电铲,2012,132.3,529,19.5
2023-11-05,WK-22,22#电铲,2019,120.1,626,20.9
2023-11-05,WK-25,25#电铲,2023,117.9,634,20.8
2023-11-05,WK-28,28#电铲,2016,132.9,517,19.1
2023-11-06,WK-10,10#电铲,2015,135.8,514,19.4
2023-11-06,WK-12,12#电铲,2018,122.1,559,19.0
2023-11-06,WK-15,15#电铲,2020,119.9,575,19.2
2023-11-06,WK-18,18#电铲,2022,116.4,573,18.5
2023-11-06,WK-20,20#电铲,2012,133.3,525,19.5
2023-11-06,WK-22,22#电铲,2019,119.9,627,20.9
2023-11-06,WK-25,25#电铲,2023,120.0,624,20.8
2023-11-06,WK-28,28#电铲,2016,135.6,507,19.1
2023-11-07,WK-10,10#电铲,2015,132.9,525,19.4
2023-11-07,WK-12,12#电铲,2018,121.7,561,19.0
2023-11-07,WK-15,15#电铲,2020,121.4,568,19.2
2023-11-07,WK-18,18#电铲,2022,115.2,579,18.5
2023-11-07,WK-20,20#电铲,2012,133.7,524,19.5
2023-11-07,WK-22,22#电铲,2019,119.3,630,20.9
2023-11-07,WK-25,25#电铲,2023,117.3,638,20.8
2023-11-07,WK-28,28#电铲,2016,136.6,503,19.1
2023-11-08,WK-10,10#电铲,2015,134.5,519,19.4
2023-11-08,WK-12,12#电铲,2018,119.0,574,19.0
2023-11-08,WK-15,15#电铲,2020,120.3,574,19.2
2023-11-08,WK-18,18#电铲,2022,116.5,572,18.5
2023-11-08,WK-20,20#电铲,2012,135.5,517,19.5
2023-11-08,WK-22,22#电铲,2019,120.3,625,20.9
2023-11-08,WK-25,25#电铲,2023,118.0,634,20.8
2023-11-08,WK-28,28#电铲,2016,136.5,504,19.1
2023-11-09,WK-10,10#电铲,2015,135.3,516,19.4
2023-11-09,WK-12,12#电铲,2018,120.3,568,19.0
2023-11-09,WK-15,15#电铲,2020,121.7,567,19.2
2023-11-09,WK-18,18#电铲,2022,118.5,563,18.5
2023-11-09,WK-20,20#电铲,2012,136.8,512,19.5
2023-11-09,WK-22,22#电铲,2019,119.2,631,20.9
2023-11-09,WK-25,25#电铲,2023,117.9,635,20.8
2023-11-09,WK-28,28#电铲,2016,135.7,507,19.1
2023-11-10,WK-10,10#电铲,2015,133.4,524,19.4
2023-11-10,WK-12,12#电铲,2018,120.0,569,19.0
2023-11-10,WK-15,15#电铲,2020,123.7,558,19.2
2023-11-10,WK-18,18#电铲,2022,120.3,554,18.5
2023-11-10,WK-20,20#电铲,2012,133.9,523,19.5
2023-11-10,WK-22,22#电铲,2019,119.5,629,20.9
2023-11-10,WK-25,25#电铲,2023,118.1,633,20.8
2023-11-10,WK-28,28#电铲,2016,131.5,523,19.1
2023-11-11,WK-10,10#电铲,2015,133.7,522,19.4
2023-11-11,WK-12,12#电铲,2018,119.4,572,19.0
2023-11-11,WK-15,15#电铲,2020,120.9,571,19.2
2023-11-11,WK-18,18#电铲,2022,117.7,567,18.5
2023-11-11,WK-20,20#电铲,2012,132.9,527,19.5
2023-11-11,WK-22,22#电铲,2019,117.8,638,20.9
2023-11-11,WK-25,25#电铲,2023,118.7,630,20.8
2023-11-11,WK-28,28#电铲,2016,129.7,530,19.1
2023-11-12,WK-10,10#电铲,2015,134.7,518,19.4
2023-11-12,WK-12,12#电铲,2018,120.0,569,19.0
2023-11-12,WK-15,15#电铲,2020,122.8,562,19.2
2023-11-12,WK-18,18#电铲,2022,118.1,565,18.5
2023-11-12,WK-20,20#电铲,2012,131.4,533,19.5
2023-11-12,WK-22,22#电铲,2019,119.4,630,20.9
2023-11-12,WK-25,25#电铲,2023,118.4,632,20.8
2023-11-12,WK-28,28#电铲,2016,134.0,513,19.1
2023-11-13,WK-10,10#电铲,2015,132.7,526,19.4
2023-11-13,WK-12,12#电铲,2018,121.2,563,19.0
2023-11-13,WK-15,15#电铲,2020,120.5,572,19.2
2023-11-13,WK-18,18#电铲,2022,118.8,561,18.5
2023-11-13,WK-20,20#电铲,2012,133.5,525,19.5
2023-11-13,WK-22,22#电铲,2019,117.7,639,20.9
2023-11-13,WK-25,25#电铲,2023,117.3,638,20.8
2023-11-13,WK-28,28#电铲,2016,133.2,516,19.1
2023-11-14,WK-10,10#电铲,2015,132.3,528,19.4
2023-11-14,WK-12,12#电铲,2018,122.9,556,19.0
2023-11-14,WK-15,15#电铲,2020,121.3,569,19.2
2023-11-14,WK-18,18#电铲,2022,117.1,570,18.5
2023-11-14,WK-20,20#电铲,2012,134.6,520,19.5
2023-11-14,WK-22,22#电铲,2019,118.9,633,20.9
2023-11-14,WK-25,25#电铲,2023,200.1,209,11.6
2023-11-14,WK-28,28#电铲,2016,134.7,511,19.1
2023-11-15,WK-10,10#电铲,2015,137.1,509,19.4
2023-11-15,WK-12,12#电铲,2018,121.6,562,19.0
2023-11-15,WK-15,15#电铲,2020,123.6,558,19.2
2023-11-15,WK-18,18#电铲,2022,118.8,562,18.5
2023-11-15,WK-20,20#电铲,2012,134.9,519,19.5
2023-11-15,WK-22,22#电铲,2019,121.5,619,20.9
2023-11-15,WK-25,25#电铲,2023,118.8,630,20.8
2023-11-15,WK-28,28#电铲,2016,134.2,513,19.1
2023-11-16,WK-10,10#电铲,2015,138.5,504,19.4
2023-11-16,WK-12,12#电铲,2018,123.1,554,19.0
2023-11-16,WK-15,15#电铲,2020,122.8,562,19.2
2023-11-16,WK-18,18#电铲,2022,118.5,563,18.5
2023-11-16,WK-20,20#电铲,2012,134.2,522,19.5
2023-11-16,WK-22,22#电铲,2019,119.6,629,20.9
2023-11-16,WK-25,25#电铲,2023,119.0,629,20.8
2023-11-16,WK-28,28#电铲,2016,135.1,509,19.1
2023-11-17,WK-10,10#电铲,2015,136.6,511,19.4
2023-11-17,WK-12,12#电铲,2018,122.8,556,19.0
2023-11-17,WK-15,15#电铲,2020,122.3,564,19.2
2023-11-17,WK-18,18#电铲,2022,117.9,566,18.5
2023-11-17,WK-20,20#电铲,2012,136.3,514,19.5
2023-11-17,WK-22,22#电铲,2019,118.3,636,20.9
2023-11-17,WK-25,25#电铲,2023,120.2,622,20.8
2023-11-17,WK-28,28#电铲,2016,136.3,505,19.1
2023-11-18,WK-10,10#电铲,2015,136.3,512,19.4
2023-11-18,WK-12,12#电铲,2018,120.8,565,19.0
2023-11-18,WK-15,15#电铲,2020,121.0,570,19.2
2023-11-18,WK-18,18#电铲,2022,115.6,577,18.5
2023-11-18,WK-20,20#电铲,2012,135.9,515,19.5
2023-11-18,WK-22,22#电铲,2019,119.5,629,20.9
2023-11-18,WK-25,25#电铲,2023,120.4,621,20.8
2023-11-18,WK-28,28#电铲,2016,134.0,513,19.1
2023-11-19,WK-10,10#电铲,2015,136.8,510,19.4
2023-11-19,WK-12,12#电铲,2018,123.3,554,19.0
2023-11-19,WK-15,15#电铲,2020,121.9,566,19.2
2023-11-19,WK-18,18#电铲,2022,114.9,581,18.5
2023-11-19,WK-20,20#电铲,2012,134.7,520,19.5
2023-11-19,WK-22,22#电铲,2019,117.6,640,20.9
2023-11-19,WK-25,25#电铲,2023,119.1,628,20.8
2023-11-19,WK-28,28#电铲,2016,134.1,513,19.1
2023-11-20,WK-10,10#电铲,2015,136.5,512,19.4
2023-11-20,WK-12,12#电铲,2018,120.2,568,19.0
2023-11-20,WK-15,15#电铲,2020,119.7,576,19.2
2023-11-20,WK-18,18#电铲,2022,116.2,574,18.5
2023-11-20,WK-20,20#电铲,2012,135.4,517,19.5
2023-11-20,WK-22,22#电铲,2019,120.4,624,20.9
2023-11-20,WK-25,25#电铲,2023,118.8,630,20.8
2023-11-20,WK-28,28#电铲,2016,135.1,509,19.1
2023-11-21,WK-10,10#电铲,2015,135.8,514,19.4
2023-11-21,WK-12,12#电铲,2018,117.7,580,19.0
2023-11-21,WK-15,15#电铲,2020,120.2,574,19.2
2023-11-21,WK-18,18#电铲,2022,117.4,568,18.5
2023-11-21,WK-20,20#电铲,2012,134.9,519,19.5
2023-11-21,WK-22,22#电铲,2019,120.8,623,20.9
2023-11-21,WK-25,25#电铲,2023,119.7,625,20.8
2023-11-21,WK-28,28#电铲,2016,135.3,508,19.1
2023-11-22,WK-10,10#电铲,2015,134.4,519,19.4
2023-11-22,WK-12,12#电铲,2018,121.0,564,19.0
2023-11-22,WK-15,15#电铲,2020,120.2,574,19.2
2023-11-22,WK-18,18#电铲,2022,119.9,556,18.5
2023-11-22,WK-20,20#电铲,2012,135.1,518,19.5
2023-11-22,WK-22,22#电铲,2019,121.4,619,20.9
2023-11-22,WK-25,25#电铲,2023,118.7,630,20.8
2023-11-22,WK-28,28#电铲,2016,135.6,507,19.1
2023-11-23,WK-10,10#电铲,2015,135.6,515,19.4
2023-11-23,WK-12,12#电铲,2018,118.6,576,19.0
2023-11-23,WK-15,15#电铲,2020,120.6,572,19.2
2023-11-23,WK-18,18#电铲,2022,118.4,564,18.5
2023-11-23,WK-20,20#电铲,2012,135.8,516,19.5
2023-11-23,WK-22,22#电铲,2019,119.7,628,20.9
2023-11-23,WK-25,25#电铲,2023,119.1,628,20.8
2023-11-23,WK-28,28#电铲,2016,137.5,500,19.1
2023-11-24,WK-10,10#电铲,2015,136.5,512,19.4
2023-11-24,WK-12,12#电铲,2018,121.8,561,19.0
2023-11-24,WK-15,15#电铲,2020,121.0,570,19.2
2023-11-24,WK-18,18#电铲,2022,117.6,567,18.5
2023-11-24,WK-20,20#电铲,2012,137.9,508,19.5
2023-11-24,WK-22,22#电铲,2019,118.8,633,20.9
2023-11-24,WK-25,25#电铲,2023,119.2,628,20.8
2023-11-24,WK-28,28#电铲,2016,133.1,517,19.1
2023-11-25,WK-10,10#电铲,2015,135.8,514,19.4
2023-11-25,WK-12,12#电铲,2018,125.3,545,19.0
2023-11-25,WK-15,15#电铲,2020,122.9,561,19.2
2023-11-25,WK-18,18#电铲,2022,115.4,578,18.5
2023-11-25,WK-20,20#电铲,2012,135.8,516,19.5
2023-11-25,WK-22,22#电铲,2019,122.2,616,20.9
2023-11-25,WK-25,25#电铲,2023,117.5,637,20.8
2023-11-25,WK-28,28#电铲,2016,133.8,514,19.1
2023-11-26,WK-10,10#电铲,2015,136.2,512,19.4
2023-11-26,WK-12,12#电铲,2018,121.0,564,19.0
2023-11-26,WK-15,15#电铲,2020,122.8,562,19.2
2023-11-26,WK-18,18#电铲,2022,115.9,576,18.5
2023-11-26,WK-20,20#电铲,2012,136.9,511,19.5
2023-11-26,WK-22,22#电铲,2019,121.2,620,20.9
2023-11-26,WK-25,25#电铲,2023,118.3,632,20.8
2023-11-26,WK-28,28#电铲,2016,134.5,511,19.1
2023-11-27,WK-10,10#电铲,2015,136.8,510,19.4
2023-11-27,WK-12,12#电铲,2018,121.5,562,19.0
2023-11-27,WK-15,15#电铲,2020,122.2,564,19.2
2023-11-27,WK-18,18#电铲,2022,116.8,571,18.5
2023-11-27,WK-20,20#电铲,2012,135.4,517,19.5
2023-11-27,WK-22,22#电铲,2019,121.6,618,20.9
2023-11-27,WK-25,25#电铲,2023,119.7,625,20.8
2023-11-27,WK-28,28#电铲,2016,134.1,513,19.1
2023-11-28,WK-10,10#电铲,2015,137.5,508,19.4
2023-11-28,WK-12,12#电铲,2018,122.6,557,19.0
2023-11-28,WK-15,15#电铲,2020,121.3,568,19.2
2023-11-28,WK-18,18#电铲,2022,118.4,563,18.5
2023-11-28,WK-20,20#电铲,2012,135.0,518,19.5
2023-11-28,WK-22,22#电铲,2019,121.1,621,20.9
2023-11-28,WK-25,25#电铲,2023,120.1,623,20.8
2023-11-28,WK-28,28#电铲,2016,137.5,500,19.1
2023-11-29,WK-10,10#电铲,2015,134.2,520,19.4
2023-11-29,WK-12,12#电铲,2018,122.2,559,19.0
2023-11-29,WK-15,15#电铲,2020,121.4,568,19.2
2023-11-29,WK-18,18#电铲,2022,120.6,553,18.5
2023-11-29,WK-20,20#电铲,2012,136.3,514,19.5
2023-11-29,WK-22,22#电铲,2019,121.4,620,20.9
2023-11-29,WK-25,25#电铲,2023,117.5,637,20.8
2023-11-29,WK-28,28#电铲,2016,135.9,506,19.1
2023-11-30,WK-10,10#电铲,2015,134.7,518,19.4
2023-11-30,WK-12,12#电铲,2018,120.2,568,19.0
2023-11-30,WK-15,15#电铲,2020,123.9,557,19.2
2023-11-30,WK-18,18#电铲,2022,120.2,555,18.5
2023-11-30,WK-20,20#电铲,2012,133.3,525,19.5
2023-11-30,WK-22,22#电铲,2019,121.0,621,20.9
2023-11-30,WK-25,25#电铲,2023,117.4,637,20.8
2023-11-30,WK-28,28#电铲,2016,136.7,503,19.1
2023-12-01,WK-10,10#电铲,2015,136.0,513,19.4
2023-12-01,WK-12,12#电铲,2018,120.7,566,19.0
2023-12-01,WK-15,15#电铲,2020,121.7,567,19.2
2023-12-01,WK-18,18#电铲,2022,120.9,552,18.5
2023-12-01,WK-20,20#电铲,2012,136.1,515,19.5
2023-12-01,WK-22,22#电铲,2019,122.1,616,20.9
2023-12-01,WK-25,25#电铲,2023,119.0,629,20.8
2023-12-01,WK-28,28#电铲,2016,136.8,503,19.1
2023-12-02,WK-10,10#电铲,2015,135.7,514,19.4
2023-12-02,WK-12,12#电铲,2018,121.1,564,19.0
2023-12-02,WK-15,15#电铲,2020,122.8,562,19.2
2023-12-02,WK-18,18#电铲,2022,115.6,577,18.5
2023-12-02,WK-20,20#电铲,2012,136.4,513,19.5
2023-12-02,WK-22,22#电铲,2019,121.3,620,20.9
2023-12-02,WK-25,25#电铲,2023,116.4,643,20.8
2023-12-02,WK-28,28#电铲,2016,135.9,506,19.1
2023-12-03,WK-10,10#电铲,2015,137.2,509,19.4
2023-12-03,WK-12,12#电铲,2018,120.7,566,19.0
2023-12-03,WK-15,15#电铲,2020,123.2,560,19.2
2023-12-03,WK-18,18#电铲,2022,116.9,570,18.5
2023-12-03,WK-20,20#电铲,2012,135.4,517,19.5
2023-12-03,WK-22,22#电铲,2019,122.5,614,20.9
2023-12-03,WK-25,25#电铲,2023,117.2,638,20.8
2023-12-03,WK-28,28#电铲,2016,133.0,517,19.1
2023-12-04,WK-10,10#电铲,2015,138.1,506,19.4
2023-12-04,WK-12,12#电铲,2018,121.4,562,19.0
2023-12-04,WK-15,15#电铲,2020,124.0,556,19.2
2023-12-04,WK-18,18#电铲,2022,117.3,569,18.5
2023-12-04,WK-20,20#电铲,2012,134.9,519,19.5
2023-12-04,WK-22,22#电铲,2019,120.2,626,20.9
2023-12-04,WK-25,25#电铲,2023,119.3,627,20.8
2023-12-04,WK-28,28#电铲,2016,135.4,508,19.1
2023-12-05,WK-10,10#电铲,2015,135.6,515,19.4
2023-12-05,WK-12,12#电铲,2018,123.4,553,19.0
2023-12-05,WK-15,15#电铲,2020,121.9,566,19.2
2023-12-05,WK-18,18#电铲,2022,116.1,574,18.5
2023-12-05,WK-20,20#电铲,2012,211.8,73,4.3
2023-12-05,WK-22,22#电铲,2019,120.2,626,20.9
2023-12-05,WK-25,25#电铲,2023,118.0,634,20.8
2023-12-05,WK-28,28#电铲,2016,137.9,499,19.1
2023-12-06,WK-10,10#电铲,2015,136.7,511,19.4
2023-12-06,WK-12,12#电铲,2018,127.2,537,19.0
2023-12-06,WK-15,15#电铲,2020,121.0,570,19.2
2023-12-06,WK-18,18#电铲,2022,116.8,571,18.5
2023-12-06,WK-20,20#电铲,2012,135.6,516,19.5
2023-12-06,WK-22,22#电铲,2019,120.8,622,20.9
2023-12-06,WK-25,25#电铲,2023,120.2,623,20.8
2023-12-06,WK-28,28#电铲,2016,137.6,500,19.1
2023-12-07,WK-10,10#电铲,2015,136.8,510,19.4
2023-12-07,WK-12,12#电铲,2018,123.2,554,19.0
2023-12-07,WK-15,15#电铲,2020,120.7,572,19.2
2023-12-07,WK-18,18#电铲,2022,115.5,578,18.5
2023-12-07,WK-20,20#电铲,2012,136.7,512,19.5
2023-12-07,WK-22,22#电铲,2019,121.4,619,20.9
2023-12-07,WK-25,25#电铲,2023,119.2,628,20.8
2023-12-07,WK-28,28#电铲,2016,137.6,500,19.1
2023-12-08,WK-10,10#电铲,2015,138.3,505,19.4
2023-12-08,WK-12,12#电铲,2018,120.1,568,19.0
2023-12-08,WK-15,15#电铲,2020,123.4,559,19.2
2023-12-08,WK-18,18#电铲,2022,114.8,581,18.5
2023-12-08,WK-20,20#电铲,2012,135.5,517,19.5
2023-12-08,WK-22,22#电铲,2019,122.9,612,20.9
2023-12-08,WK-25,25#电铲,2023,120.7,620,20.8
2023-12-08,WK-28,28#电铲,2016,137.2,501,19.1
2023-12-09,WK-10,10#电铲,2015,137.2,509,19.4
2023-12-09,WK-12,12#电铲,2018,119.7,571,19.0
2023-12-09,WK-15,15#电铲,2020,122.3,564,19.2
2023-12-09,WK-18,18#电铲,2022,117.1,570,18.5
2023-12-09,WK-20,20#电铲,2012,136.9,512,19.5
2023-12-09,WK-22,22#电铲,2019,124.0,606,20.9
2023-12-09,WK-25,25#电铲,2023,123.1,608,20.8
2023-12-09,WK-28,28#电铲,2016,139.4,493,19.1
2023-12-10,WK-10,10#电铲,2015,134.6,519,19.4
2023-12-10,WK-12,12#电铲,2018,123.8,551,19.0
2023-12-10,WK-15,15#电铲,2020,122.4,563,19.2
2023-12-10,WK-18,18#电铲,2022,117.2,569,18.5
2023-12-10,WK-20,20#电铲,2012,138.9,504,19.5
2023-12-10,WK-22,22#电铲,2019,121.7,618,20.9
2023-12-10,WK-25,25#电铲,2023,121.3,617,20.8
2023-12-10,WK-28,28#电铲,2016,134.7,510,19.1
2023-12-11,WK-10,10#电铲,2015,137.9,506,19.4
2023-12-11,WK-12,12#电铲,2018,120.2,568,19.0
2023-12-11,WK-15,15#电铲,2020,122.7,562,19.2
2023-12-11,WK-18,18#电铲,2022,120.0,556,18.5
2023-12-11,WK-20,20#电铲,2012,135.9,515,19.5
2023-12-11,WK-22,22#电铲,2019,122.6,613,20.9
2023-12-11,WK-25,25#电铲,2023,120.6,621,20.8
2023-12-11,WK-28,28#电铲,2016,135.1,509,19.1
2023-12-12,WK-10,10#电铲,2015,136.5,512,19.4
2023-12-12,WK-12,12#电铲,2018,120.7,566,19.0
2023-12-12,WK-15,15#电铲,2020,122.5,563,19.2
2023-12-12,WK-18,18#电铲,2022,118.4,564,18.5
2023-12-12,WK-20,20#电铲,2012,135.1,518,19.5
2023-12-12,WK-22,22#电铲,2019,123.1,611,20.9
2023-12-12,WK-25,25#电铲,2023,121.6,615,20.8
2023-12-12,WK-28,28#电铲,2016,135.5,507,19.1
2023-12-13,WK-10,10#电铲,2015,134.5,519,19.4
2023-12-13,WK-12,12#电铲,2018,120.7,566,19.0
2023-12-13,WK-15,15#电铲,2020,120.7,571,19.2
2023-12-13,WK-18,18#电铲,2022,119.1,560,18.5
2023-12-13,WK-20,20#电铲,2012,136.3,514,19.5
2023-12-13,WK-22,22#电铲,2019,122.3,615,20.9
2023-12-13,WK-25,25#电铲,2023,119.2,627,20.8
2023-12-13,WK-28,28#电铲,2016,137.3,501,19.1
2023-12-14,WK-10,10#电铲,2015,137.2,509,19.4
2023-12-14,WK-12,12#电铲,2018,121.1,564,19.0
2023-12-14,WK-15,15#电铲,2020,121.0,570,19.2
2023-12-14,WK-18,18#电铲,2022,119.4,559,18.5
2023-12-14,WK-20,20#电铲,2012,135.3,517,19.5
2023-12-14,WK-22,22#电铲,2019,119.8,628,20.9
2023-12-14,WK-25,25#电铲,2023,119.6,625,20.8
2023-12-14,WK-28,28#电铲,2016,136.5,504,19.1
2023-12-15,WK-10,10#电铲,2015,136.9,510,19.4
2023-12-15,WK-12,12#电铲,2018,124.0,551,19.0
2023-12-15,WK-15,15#电铲,2020,120.6,572,19.2
2023-12-15,WK-18,18#电铲,2022,117.5,568,18.5
2023-12-15,WK-20,20#电铲,2012,134.0,523,19.5
2023-12-15,WK-22,22#电铲,2019,118.9,633,20.9
2023-12-15,WK-25,25#电铲,2023,120.1,623,20.8
2023-12-15,WK-28,28#电铲,2016,135.9,506,19.1
2023-12-16,WK-10,10#电铲,2015,136.4,512,19.4
2023-12-16,WK-12,12#电铲,2018,123.0,555,19.0
2023-12-16,WK-15,15#电铲,2020,121.1,570,19.2
2023-12-16,WK-18,18#电铲,2022,116.1,574,18.5
2023-12-16,WK-20,20#电铲,2012,134.4,521,19.5
2023-12-16,WK-22,22#电铲,2019,118.7,633,20.9
2023-12-16,WK-25,25#电铲,2023,120.5,621,20.8
2023-12-16,WK-28,28#电铲,2016,140.6,489,19.1
2023-12-17,WK-10,10#电铲,2015,136.1,513,19.4
2023-12-17,WK-12,12#电铲,2018,123.3,554,19.0
2023-12-17,WK-15,15#电铲,2020,121.7,567,19.2
2023-12-17,WK-18,18#电铲,2022,116.9,571,18.5
2023-12-17,WK-20,20#电铲,2012,136.4,513,19.5
2023-12-17,WK-22,22#电铲,2019,125.0,602,20.9
2023-12-17,WK-25,25#电铲,2023,123.6,605,20.8
2023-12-17,WK-28,28#电铲,2016,137.7,499,19.1
2023-12-18,WK-10,10#电铲,2015,136.2,513,19.4
2023-12-18,WK-12,12#电铲,2018,121.8,560,19.0
2023-12-18,WK-15,15#电铲,2020,121.5,568,19.2
2023-12-18,WK-18,18#电铲,2022,118.2,565,18.5
2023-12-18,WK-20,20#电铲,2012,134.1,522,19.5
2023-12-18,WK-22,22#电铲,2019,120.3,625,20.9
2023-12-18,WK-25,25#电铲,2023,124.0,603,20.8
2023-12-18,WK-28,28#电铲,2016,138.4,497,19.1
2023-12-19,WK-10,10#电铲,2015,137.6,507,19.4
2023-12-19,WK-12,12#电铲,2018,124.5,549,19.0
2023-12-19,WK-15,15#电铲,2020,122.2,565,19.2
2023-12-19,WK-18,18#电铲,2022,120.9,552,18.5
2023-12-19,WK-20,20#电铲,2012,136.9,511,19.5
2023-12-19,WK-22,22#电铲,2019,182.5,151,7.7
2023-12-19,WK-25,25#电铲,2023,121.0,618,20.8
2023-12-19,WK-28,28#电铲,2016,137.5,500,19.1
2023-12-20,WK-10,10#电铲,2015,135.4,516,19.4
2023-12-20,WK-12,12#电铲,2018,123.1,554,19.0
2023-12-20,WK-15,15#电铲,2020,123.9,557,19.2
2023-12-20,WK-18,18#电铲,2022,119.3,559,18.5
2023-12-20,WK-20,20#电铲,2012,136.1,514,19.5
2023-12-20,WK-22,22#电铲,2019,122.6,613,20.9
2023-12-20,WK-25,25#电铲,2023,121.1,618,20.8
2023-12-20,WK-28,28#电铲,2016,137.8,499,19.1
2023-12-21,WK-10,10#电铲,2015,136.6,511,19.4
2023-12-21,WK-12,12#电铲,2018,124.2,550,19.0
2023-12-21,WK-15,15#电铲,2020,124.6,554,19.2
2023-12-21,WK-18,18#电铲,2022,123.0,542,18.5
2023-12-21,WK-20,20#电铲,2012,134.7,520,19.5
2023-12-21,WK-22,22#电铲,2019,126.5,594,20.9
2023-12-21,WK-25,25#电铲,2023,119.6,625,20.8
2023-12-21,WK-28,28#电铲,2016,136.6,503,19.1
2023-12-22,WK-10,10#电铲,2015,136.8,510,19.4
2023-12-22,WK-12,12#电铲,2018,122.1,559,19.0
2023-12-22,WK-15,15#电铲,2020,124.2,556,19.2
2023-12-22,WK-18,18#电铲,2022,118.4,564,18.5
2023-12-22,WK-20,20#电铲,2012,133.8,523,19.5
2023-12-22,WK-22,22#电铲,2019,122.8,612,20.9
2023-12-22,WK-25,25#电铲,2023,119.4,626,20.8
2023-12-22,WK-28,28#电铲,2016,138.2,497,19.1
2023-12-23,WK-10,10#电铲,2015,137.9,506,19.4
2023-12-23,WK-12,12#电铲,2018,124.2,550,19.0
2023-12-23,WK-15,15#电铲,2020,122.8,562,19.2
2023-12-23,WK-18,18#电铲,2022,119.5,558,18.5
2023-12-23,WK-20,20#电铲,2012,138.4,506,19.5
2023-12-23,WK-22,22#电铲,2019,124.9,602,20.9
2023-12-23,WK-25,25#电铲,2023,120.5,621,20.8
2023-12-23,WK-28,28#电铲,2016,138.9,495,19.1
2023-12-24,WK-10,10#电铲,2015,138.8,503,19.4
2023-12-24,WK-12,12#电铲,2018,123.8,552,19.0
2023-12-24,WK-15,15#电铲,2020,124.2,555,19.2
2023-12-24,WK-18,18#电铲,2022,119.1,560,18.5
2023-12-24,WK-20,20#电铲,2012,137.0,511,19.5
2023-12-24,WK-22,22#电铲,2019,121.2,621,20.9
2023-12-24,WK-25,25#电铲,2023,122.1,613,20.8
2023-12-24,WK-28,28#电铲,2016,136.2,505,19.1
2023-12-25,WK-10,10#电铲,2015,139.2,501,19.4
2023-12-25,WK-12,12#电铲,2018,121.8,560,19.0
2023-12-25,WK-15,15#电铲,2020,124.6,554,19.2
2023-12-25,WK-18,18#电铲,2022,120.6,553,18.5
2023-12-25,WK-20,20#电铲,2012,135.5,517,19.5
2023-12-25,WK-22,22#电铲,2019,122.8,613,20.9
2023-12-25,WK-25,25#电铲,2023,123.6,605,20.8
2023-12-25,WK-28,28#电铲,2016,138.2,498,19.1
2023-12-26,WK-10,10#电铲,2015,138.4,504,19.4
2023-12-26,WK-12,12#电铲,2018,121.1,564,19.0
2023-12-26,WK-15,15#电铲,2020,126.1,547,19.2
2023-12-26,WK-18,18#电铲,2022,120.7,553,18.5
2023-12-26,WK-20,20#电铲,2012,134.9,519,19.5
2023-12-26,WK-22,22#电铲,2019,123.6,608,20.9
2023-12-26,WK-25,25#电铲,2023,122.1,612,20.8
2023-12-26,WK-28,28#电铲,2016,138.6,496,19.1
2023-12-27,WK-10,10#电铲,2015,138.5,504,19.4
2023-12-27,WK-12,12#电铲,2018,122.5,558,19.0
2023-12-27,WK-15,15#电铲,2020,126.6,545,19.2
2023-12-27,WK-18,18#电铲,2022,117.0,570,18.5
2023-12-27,WK-20,20#电铲,2012,138.2,506,19.5
2023-12-27,WK-22,22#电铲,2019,122.0,617,20.9
2023-12-27,WK-25,25#电铲,2023,118.4,632,20.8
2023-12-27,WK-28,28#电铲,2016,135.9,506,19.1
2023-12-28,WK-10,10#电铲,2015,139.3,501,19.4
2023-12-28,WK-12,12#电铲,2018,123.3,554,19.0
2023-12-28,WK-15,15#电铲,2020,122.9,561,19.2
2023-12-28,WK-18,18#电铲,2022,117.4,568,18.5
2023-12-28,WK-20,20#电铲,2012,136.3,514,19.5
2023-12-28,WK-22,22#电铲,2019,121.2,620,20.9
2023-12-28,WK-25,25#电铲,2023,119.6,625,20.8
2023-12-28,WK-28,28#电铲,2016,133.4,516,19.1
2023-12-29,WK-10,10#电铲,2015,139.5,501,19.4
2023-12-29,WK-12,12#电铲,2018,122.2,559,19.0
2023-12-29,WK-15,15#电铲,2020,125.8,548,19.2
2023-12-29,WK-18,18#电铲,2022,116.9,571,18.5
2023-12-29,WK-20,20#电铲,2012,138.5,505,19.5
2023-12-29,WK-22,22#电铲,2019,122.1,616,20.9
2023-12-29,WK-25,25#电铲,2023,119.0,628,20.8
2023-12-29,WK-28,28#电铲,2016,136.1,505,19.1
2023-12-30,WK-10,10#电铲,2015,140.1,498,19.4
2023-12-30,WK-12,12#电铲,2018,122.8,556,19.0
2023-12-30,WK-15,15#电铲,2020,123.9,557,19.2
2023-12-30,WK-18,18#电铲,2022,118.0,565,18.5
2023-12-30,WK-20,20#电铲,2012,139.3,503,19.5
2023-12-30,WK-22,22#电铲,2019,123.6,608,20.9
2023-12-30,WK-25,25#电铲,2023,122.3,612,20.8
2023-12-30,WK-28,28#电铲,2016,138.8,495,19.1
2023-12-31,WK-10,10#电铲,2015,142.2,491,19.4
2023-12-31,WK-12,12#电铲,2018,125.3,545,19.0
2023-12-31,WK-15,15#电铲,2020,126.0,547,19.2
2023-12-31,WK-18,18#电铲,2022,116.1,574,18.5
2023-12-31,WK-20,20#电铲,2012,136.2,514,19.5
2023-12-31,WK-22,22#电铲,2019,124.3,605,20.9
2023-12-31,WK-25,25#电铲,2023,122.3,612,20.8
2023-12-31,WK-28,28#电铲,2016,139.2,494,19.1
2024-01-01,WK-10,10#电铲,2015,139.6,500,19.4
2024-01-01,WK-12,12#电铲,2018,124.4,549,19.0
2024-01-01,WK-15,15#电铲,2020,125.0,552,19.2
2024-01-01,WK-18,18#电铲,2022,119.7,557,18.5
2024-01-01,WK-20,20#电铲,2012,137.1,511,19.5
2024-01-01,WK-22,22#电铲,2019,125.1,601,20.9
2024-01-01,WK-25,25#电铲,2023,123.1,608,20.8
2024-01-01,WK-28,28#电铲,2016,139.2,494,19.1
2024-01-02,WK-10,10#电铲,2015,140.0,499,19.4
2024-01-02,WK-12,12#电铲,2018,121.9,560,19.0
2024-01-02,WK-15,15#电铲,2020,125.6,549,19.2
2024-01-02,WK-18,18#电铲,2022,119.6,558,18.5
2024-01-02,WK-20,20#电铲,2012,139.4,502,19.5
2024-01-02,WK-22,22#电铲,2019,123.1,611,20.9
2024-01-02,WK-25,25#电铲,2023,120.7,620,20.8
2024-01-02,WK-28,28#电铲,2016,140.5,489,19.1
2024-01-03,WK-10,10#电铲,2015,141.7,493,19.4
2024-01-03,WK-12,12#电铲,2018,124.8,547,19.0
2024-01-03,WK-15,15#电铲,2020,126.2,547,19.2
2024-01-03,WK-18,18#电铲,2022,118.1,565,18.5
2024-01-03,WK-20,20#电铲,2012,137.3,510,19.5
2024-01-03,WK-22,22#电铲,2019,123.9,607,20.9
2024-01-03,WK-25,25#电铲,2023,124.6,600,20.8
2024-01-03,WK-28,28#电铲,2016,137.8,499,19.1
2024-01-04,WK-10,10#电铲,2015,139.1,502,19.4
2024-01-04,WK-12,12#电铲,2018,128.1,533,19.0
2024-01-04,WK-15,15#电铲,2020,126.9,543,19.2
2024-01-04,WK-18,18#电铲,2022,115.8,576,18.5
2024-01-04,WK-20,20#电铲,2012,134.6,520,19.5
2024-01-04,WK-22,22#电铲,2019,123.9,607,20.9
2024-01-04,WK-25,25#电铲,2023,123.4,606,20.8
2024-01-04,WK-28,28#电铲,2016,137.8,499,19.1
2024-01-05,WK-10,10#电铲,2015,139.6,500,19.4
2024-01-05,WK-12,12#电铲,2018,126.1,541,19.0
2024-01-05,WK-15,15#电铲,2020,128.6,537,19.2
2024-01-05,WK-18,18#电铲,2022,120.9,552,18.5
2024-01-05,WK-20,20#电铲,2012,135.7,516,19.5
2024-01-05,WK-22,22#电铲,2019,123.9,607,20.9
2024-01-05,WK-25,25#电铲,2023,122.7,610,20.8
2024-01-05,WK-28,28#电铲,2016,138.3,497,19.1
2024-01-06,WK-10,10#电铲,2015,138.6,504,19.4
2024-01-06,WK-12,12#电铲,2018,125.1,546,19.0
2024-01-06,WK-15,15#电铲,2020,128.9,535,19.2
2024-01-06,WK-18,18#电铲,2022,119.5,558,18.5
2024-01-06,WK-20,20#电铲,2012,135.8,516,19.5
2024-01-06,WK-22,22#电铲,2019,125.4,600,20.9
2024-01-06,WK-25,25#电铲,2023,121.5,616,20.8
2024-01-06,WK-28,28#电铲,2016,139.3,494,19.1
2024-01-07,WK-10,10#电铲,2015,138.8,503,19.4
2024-01-07,WK-12,12#电铲,2018,128.3,532,19.0
2024-01-07,WK-15,15#电铲,2020,126.4,546,19.2
2024-01-07,WK-18,18#电铲,2022,118.9,561,18.5
2024-01-07,WK-20,20#电铲,2012,136.9,512,19.5
2024-01-07,WK-22,22#电铲,2019,123.7,608,20.9
2024-01-07,WK-25,25#电铲,2023,120.3,622,20.8
2024-01-07,WK-28,28#电铲,2016,141.8,485,19.1
2024-01-08,WK-10,10#电铲,2015,140.0,499,19.4
2024-01-08,WK-12,12#电铲,2018,126.2,541,19.0
2024-01-08,WK-15,15#电铲,2020,125.1,551,19.2
2024-01-08,WK-18,18#电铲,2022,120.5,554,18.5
2024-01-08,WK-20,20#电铲,2012,136.8,512,19.5
2024-01-08,WK-22,22#电铲,2019,125.4,600,20.9
2024-01-08,WK-25,25#电铲,2023,122.9,608,20.8
2024-01-08,WK-28,28#电铲,2016,140.7,489,19.1
2024-01-09,WK-10,10#电铲,2015,138.5,504,19.4
2024-01-09,WK-12,12#电铲,2018,129.4,527,19.0
2024-01-09,WK-15,15#电铲,2020,127.2,542,19.2
2024-01-09,WK-18,18#电铲,2022,162.8,156,7.1
2024-01-09,WK-20,20#电铲,2012,136.3,514,19.5
2024-01-09,WK-22,22#电铲,2019,121.8,617,20.9
2024-01-09,WK-25,25#电铲,2023,118.5,631,20.8
2024-01-09,WK-28,28#电铲,2016,141.1,487,19.1
2024-01-10,WK-10,10#电铲,2015,140.3,497,19.4
2024-01-10,WK-12,12#电铲,2018,127.9,534,19.0
2024-01-10,WK-15,15#电铲,2020,123.7,558,19.2
2024-01-10,WK-18,18#电铲,2022,121.6,548,18.5
2024-01-10,WK-20,20#电铲,2012,138.4,506,19.5
2024-01-10,WK-22,22#电铲,2019,124.9,602,20.9
2024-01-10,WK-25,25#电铲,2023,120.2,622,20.8
2024-01-10,WK-28,28#电铲,2016,141.4,486,19.1
2024-01-11,WK-10,10#电铲,2015,141.6,493,19.4
2024-01-11,WK-12,12#电铲,2018,127.3,536,19.0
2024-01-11,WK-15,15#电铲,2020,124.1,556,19.2
2024-01-11,WK-18,18#电铲,2022,123.3,541,18.5
2024-01-11,WK-20,20#电铲,2012,141.4,495,19.5
2024-01-11,WK-22,22#电铲,2019,122.4,614,20.9
2024-01-11,WK-25,25#电铲,2023,124.4,601,20.8
2024-01-11,WK-28,28#电铲,2016,136.5,504,19.1
2024-01-12,WK-10,10#电铲,2015,138.7,503,19.4
2024-01-12,WK-12,12#电铲,2018,126.1,542,19.0
2024-01-12,WK-15,15#电铲,2020,129.2,534,19.2
2024-01-12,WK-18,18#电铲,2022,123.4,540,18.5
2024-01-12,WK-20,20#电铲,2012,139.3,503,19.5
2024-01-12,WK-22,22#电铲,2019,124.9,602,20.9
2024-01-12,WK-25,25#电铲,2023,123.0,608,20.8
2024-01-12,WK-28,28#电铲,2016,139.5,493,19.1
2024-01-13,WK-10,10#电铲,2015,138.3,505,19.4
2024-01-13,WK-12,12#电铲,2018,126.3,540,19.0
2024-01-13,WK-15,15#电铲,2020,128.0,539,19.2
2024-01-13,WK-18,18#电铲,2022,121.1,551,18.5
2024-01-13,WK-20,20#电铲,2012,138.4,506,19.5
2024-01-13,WK-22,22#电铲,2019,125.1,601,20.9
2024-01-13,WK-25,25#电铲,2023,125.1,598,20.8
2024-01-13,WK-28,28#电铲,2016,141.6,486,19.1
2024-01-14,WK-10,10#电铲,2015,139.1,502,19.4
2024-01-14,WK-12,12#电铲,2018,125.8,543,19.0
2024-01-14,WK-15,15#电铲,2020,129.7,532,19.2
2024-01-14,WK-18,18#电铲,2022,122.0,547,18.5
2024-01-14,WK-20,20#电铲,2012,140.7,498,19.5
2024-01-14,WK-22,22#电铲,2019,125.4,600,20.9
2024-01-14,WK-25,25#电铲,2023,121.8,614,20.8
2024-01-14,WK-28,28#电铲,2016,138.2,498,19.1
2024-01-15,WK-10,10#电铲,2015,140.7,496,19.4
2024-01-15,WK-12,12#电铲,2018,124.2,550,19.0
2024-01-15,WK-15,15#电铲,2020,127.4,541,19.2
2024-01-15,WK-18,18#电铲,2022,120.0,556,18.5
2024-01-15,WK-20,20#电铲,2012,140.2,500,19.5
2024-01-15,WK-22,22#电铲,2019,125.9,597,20.9
2024-01-15,WK-25,25#电铲,2023,119.0,629,20.8
2024-01-15,WK-28,28#电铲,2016,141.1,487,19.1
2024-01-16,WK-10,10#电铲,2015,140.6,497,19.4
2024-01-16,WK-12,12#电铲,2018,127.4,536,19.0
2024-01-16,WK-15,15#电铲,2020,129.3,533,19.2
2024-01-16,WK-18,18#电铲,2022,121.4,550,18.5
2024-01-16,WK-20,20#电铲,2012,138.9,504,19.5
2024-01-16,WK-22,22#电铲,2019,125.9,598,20.9
2024-01-16,WK-25,25#电铲,2023,119.9,624,20.8
2024-01-16,WK-28,28#电铲,2016,140.1,491,19.1
2024-01-17,WK-10,10#电铲,2015,140.8,496,19.4
2024-01-17,WK-12,12#电铲,2018,125.8,543,19.0
2024-01-17,WK-15,15#电铲,2020,128.3,538,19.2
2024-01-17,WK-18,18#电铲,2022,121.1,551,18.5
2024-01-17,WK-20,20#电铲,2012,141.3,495,19.5
2024-01-17,WK-22,22#电铲,2019,124.2,605,20.9
2024-01-17,WK-25,25#电铲,2023,124.1,603,20.8
2024-01-17,WK-28,28#电铲,2016,141.0,488,19.1
2024-01-18,WK-10,10#电铲,2015,141.4,494,19.4
2024-01-18,WK-12,12#电铲,2018,125.3,545,19.0
2024-01-18,WK-15,15#电铲,2020,126.6,545,19.2
2024-01-18,WK-18,18#电铲,2022,122.2,546,18.5
2024-01-18,WK-20,20#电铲,2012,140.8,497,19.5
2024-01-18,WK-22,22#电铲,2019,128.2,587,20.9
2024-01-18,WK-25,25#电铲,2023,121.1,618,20.8
2024-01-18,WK-28,28#电铲,2016,141.3,487,19.1
2024-01-19,WK-10,10#电铲,2015,141.4,494,19.4
2024-01-19,WK-12,12#电铲,2018,124.8,547,19.0
2024-01-19,WK-15,15#电铲,2020,123.2,560,19.2
2024-01-19,WK-18,18#电铲,2022,122.5,544,18.5
2024-01-19,WK-20,20#电铲,2012,142.2,492,19.5
2024-01-19,WK-22,22#电铲,2019,126.2,596,20.9
2024-01-19,WK-25,25#电铲,2023,124.6,600,20.8
2024-01-19,WK-28,28#电铲,2016,142.4,483,19.1
2024-01-20,WK-10,10#电铲,2015,139.2,501,19.4
2024-01-20,WK-12,12#电铲,2018,124.3,549,19.0
2024-01-20,WK-15,15#电铲,2020,124.9,552,19.2
2024-01-20,WK-18,18#电铲,2022,120.8,552,18.5
2024-01-20,WK-20,20#电铲,2012,140.3,499,19.5
2024-01-20,WK-22,22#电铲,2019,127.2,591,20.9
2024-01-20,WK-25,25#电铲,2023,124.7,600,20.8
2024-01-20,WK-28,28#电铲,2016,141.3,487,19.1
2024-01-21,WK-10,10#电铲,2015,141.8,492,19.4
2024-01-21,WK-12,12#电铲,2018,124.8,547,19.0
2024-01-21,WK-15,15#电铲,2020,127.5,541,19.2
2024-01-21,WK-18,18#电铲,2022,122.9,543,18.5
2024-01-21,WK-20,20#电铲,2012,141.8,494,19.5
2024-01-21,WK-22,22#电铲,2019,125.3,600,20.9
2024-01-21,WK-25,25#电铲,2023,123.5,606,20.8
2024-01-21,WK-28,28#电铲,2016,138.3,497,19.1
2024-01-22,WK-10,10#电铲,2015,143.4,487,19.4
2024-01-22,WK-12,12#电铲,2018,126.9,538,19.0
2024-01-22,WK-15,15#电铲,2020,208.5,204,11.8
2024-01-22,WK-18,18#电铲,2022,124.3,537,18.5
2024-01-22,WK-20,20#电铲,2012,144.3,485,19.5
2024-01-22,WK-22,22#电铲,2019,126.6,594,20.9
2024-01-22,WK-25,25#电铲,2023,123.5,606,20.8
2024-01-22,WK-28,28#电铲,2016,139.2,494,19.1
2024-01-23,WK-10,10#电铲,2015,142.3,491,19.4
2024-01-23,WK-12,12#电铲,2018,124.1,550,19.0
2024-01-23,WK-15,15#电铲,2020,127.7,540,19.2
2024-01-23,WK-18,18#电铲,2022,121.6,549,18.5
2024-01-23,WK-20,20#电铲,2012,141.5,495,19.5
2024-01-23,WK-22,22#电铲,2019,125.9,597,20.9
2024-01-23,WK-25,25#电铲,2023,121.5,616,20.8
2024-01-23,WK-28,28#电铲,2016,139.9,491,19.1
2024-01-24,WK-10,10#电铲,2015,141.8,492,19.4
2024-01-24,WK-12,12#电铲,2018,125.0,546,19.0
2024-01-24,WK-15,15#电铲,2020,126.3,546,19.2
2024-01-24,WK-18,18#电铲,2022,124.2,537,18.5
2024-01-24,WK-20,20#电铲,2012,144.3,485,19.5
2024-01-24,WK-22,22#电铲,2019,126.0,597,20.9
2024-01-24,WK-25,25#电铲,2023,122.5,611,20.8
2024-01-24,WK-28,28#电铲,2016,139.7,492,19.1
2024-01-25,WK-10,10#电铲,2015,142.5,490,19.4
2024-01-25,WK-12,12#电铲,2018,126.3,540,19.0
2024-01-25,WK-15,15#电铲,2020,128.0,539,19.2
2024-01-25,WK-18,18#电铲,2022,122.0,547,18.5
2024-01-25,WK-20,20#电铲,2012,141.2,496,19.5
2024-01-25,WK-22,22#电铲,2019,124.0,606,20.9
2024-01-25,WK-25,25#电铲,2023,122.0,613,20.8
2024-01-25,WK-28,28#电铲,2016,143.5,479,19.1
2024-01-26,WK-10,10#电铲,2015,141.3,494,19.4
2024-01-26,WK-12,12#电铲,2018,128.5,532,19.0
2024-01-26,WK-15,15#电铲,2020,129.2,534,19.2
2024-01-26,WK-18,18#电铲,2022,124.3,537,18.5
2024-01-26,WK-20,20#电铲,2012,138.8,504,19.5
2024-01-26,WK-22,22#电铲,2019,124.4,605,20.9
2024-01-26,WK-25,25#电铲,2023,124.0,603,20.8
2024-01-26,WK-28,28#电铲,2016,143.2,480,19.1
2024-01-27,WK-10,10#电铲,2015,140.8,496,19.4
2024-01-27,WK-12,12#电铲,2018,126.9,538,19.0
2024-01-27,WK-15,15#电铲,2020,126.3,546,19.2
2024-01-27,WK-18,18#电铲,2022,124.5,536,18.5
2024-01-27,WK-20,20#电铲,2012,142.1,493,19.5
2024-01-27,WK-22,22#电铲,2019,124.9,602,20.9
2024-01-27,WK-25,25#电铲,2023,124.8,599,20.8
2024-01-27,WK-28,28#电铲,2016,140.8,488,19.1
2024-01-28,WK-10,10#电铲,2015,199.8,94,5.2
2024-01-28,WK-12,12#电铲,2018,128.5,531,19.0
2024-01-28,WK-15,15#电铲,2020,126.9,544,19.2
2024-01-28,WK-18,18#电铲,2022,123.7,539,18.5
2024-01-28,WK-20,20#电铲,2012,139.0,504,19.5
2024-01-28,WK-22,22#电铲,2019,123.6,608,20.9
2024-01-28,WK-25,25#电铲,2023,123.6,605,20.8
2024-01-28,WK-28,28#电铲,2016,138.4,497,19.1
2024-01-29,WK-10,10#电铲,2015,141.2,495,19.4
2024-01-29,WK-12,12#电铲,2018,127.1,537,19.0
2024-01-29,WK-15,15#电铲,2020,127.6,541,19.2
2024-01-29,WK-18,18#电铲,2022,123.4,541,18.5
2024-01-29,WK-20,20#电铲,2012,139.1,503,19.5
2024-01-29,WK-22,22#电铲,2019,124.4,605,20.9
2024-01-29,WK-25,25#电铲,2023,122.4,611,20.8
2024-01-29,WK-28,28#电铲,2016,142.0,484,19.1
2024-01-30,WK-10,10#电铲,2015,141.8,492,19.4
2024-01-30,WK-12,12#电铲,2018,126.7,539,19.0
2024-01-30,WK-15,15#电铲,2020,127.5,541,19.2
2024-01-30,WK-18,18#电铲,2022,122.5,544,18.5
2024-01-30,WK-20,20#电铲,2012,137.7,508,19.5
2024-01-30,WK-22,22#电铲,2019,124.2,606,20.9
2024-01-30,WK-25,25#电铲,2023,124.0,603,20.8
2024-01-30,WK-28,28#电铲,2016,141.7,485,19.1
2024-01-31,WK-10,10#电铲,2015,139.8,499,19.4
2024-01-31,WK-12,12#电铲,2018,125.4,545,19.0
2024-01-31,WK-15,15#电铲,2020,126.2,547,19.2
2024-01-31,WK-18,18#电铲,2022,126.3,528,18.5
2024-01-31,WK-20,20#电铲,2012,138.8,505,19.5
2024-01-31,WK-22,22#电铲,2019,122.9,612,20.9
2024-01-31,WK-25,25#电铲,2023,123.4,606,20.8
2024-01-31,WK-28,28#电铲,2016,139.4,493,19.1
2024-02-01,WK-10,10#电铲,2015,138.3,505,19.4
2024-02-01,WK-12,12#电铲,2018,127.4,536,19.0
2024-02-01,WK-15,15#电铲,2020,125.2,551,19.2
2024-02-01,WK-18,18#电铲,2022,124.0,538,18.5
2024-02-01,WK-20,20#电铲,2012,140.7,497,19.5
2024-02-01,WK-22,22#电铲,2019,124.7,603,20.9
2024-02-01,WK-25,25#电铲,2023,123.4,606,20.8
2024-02-01,WK-28,28#电铲,2016,139.5,493,19.1
2024-02-02,WK-10,10#电铲,2015,137.1,509,19.4
2024-02-02,WK-12,12#电铲,2018,125.1,546,19.0
2024-02-02,WK-15,15#电铲,2020,128.6,536,19.2
2024-02-02,WK-18,18#电铲,2022,124.1,538,18.5
2024-02-02,WK-20,20#电铲,2012,141.2,496,19.5
2024-02-02,WK-22,22#电铲,2019,125.3,600,20.9
2024-02-02,WK-25,25#电铲,2023,123.6,605,20.8
2024-02-02,WK-28,28#电铲,2016,139.6,492,19.1
2024-02-03,WK-10,10#电铲,2015,138.4,505,19.4
2024-02-03,WK-12,12#电铲,2018,125.8,543,19.0
2024-02-03,WK-15,15#电铲,2020,128.9,535,19.2
2024-02-03,WK-18,18#电铲,2022,123.9,538,18.5
2024-02-03,WK-20,20#电铲,2012,140.0,500,19.5
2024-02-03,WK-22,22#电铲,2019,128.1,587,20.9
2024-02-03,WK-25,25#电铲,2023,123.4,606,20.8
2024-02-03,WK-28,28#电铲,2016,141.2,487,19.1
2024-02-04,WK-10,10#电铲,2015,140.6,497,19.4
2024-02-04,WK-12,12#电铲,2018,124.6,548,19.0
2024-02-04,WK-15,15#电铲,2020,127.5,541,19.2
2024-02-04,WK-18,18#电铲,2022,124.6,535,18.5
2024-02-04,WK-20,20#电铲,2012,138.6,505,19.5
2024-02-04,WK-22,22#电铲,2019,126.6,594,20.9
2024-02-04,WK-25,25#电铲,2023,124.1,603,20.8
2024-02-04,WK-28,28#电铲,2016,141.5,486,19.1
2024-02-05,WK-10,10#电铲,2015,141.5,494,19.4
2024-02-05,WK-12,12#电铲,2018,125.0,546,19.0
2024-02-05,WK-15,15#电铲,2020,127.5,541,19.2
2024-02-05,WK-18,18#电铲,2022,125.3,532,18.5
2024-02-05,WK-20,20#电铲,2012,137.5,509,19.5
2024-02-05,WK-22,22#电铲,2019,125.1,601,20.9
2024-02-05,WK-25,25#电铲,2023,123.4,606,20.8
2024-02-05,WK-28,28#电铲,2016,141.1,487,19.1
2024-02-06,WK-10,10#电铲,2015,140.3,497,19.4
2024-02-06,WK-12,12#电铲,2018,125.3,545,19.0
2024-02-06,WK-15,15#电铲,2020,125.5,550,19.2
2024-02-06,WK-18,18#电铲,2022,127.1,525,18.5
2024-02-06,WK-20,20#电铲,2012,141.8,494,19.5
2024-02-06,WK-22,22#电铲,2019,123.3,610,20.9
2024-02-06,WK-25,25#电铲,2023,125.1,598,20.8
2024-02-06,WK-28,28#电铲,2016,139.8,492,19.1
2024-02-07,WK-10,10#电铲,2015,140.7,496,19.4
2024-02-07,WK-12,12#电铲,2018,125.7,543,19.0
2024-02-07,WK-15,15#电铲,2020,127.1,542,19.2
2024-02-07,WK-18,18#电铲,2022,123.2,541,18.5
2024-02-07,WK-20,20#电铲,2012,141.3,495,19.5
2024-02-07,WK-22,22#电铲,2019,124.0,606,20.9
2024-02-07,WK-25,25#电铲,2023,124.1,603,20.8
2024-02-07,WK-28,28#电铲,2016,142.3,483,19.1
2024-02-08,WK-10,10#电铲,2015,141.0,495,19.4
2024-02-08,WK-12,12#电铲,2018,125.3,545,19.0
2024-02-08,WK-15,15#电铲,2020,128.5,537,19.2
2024-02-08,WK-18,18#电铲,2022,121.2,550,18.5
2024-02-08,WK-20,20#电铲,2012,136.9,511,19.5
2024-02-08,WK-22,22#电铲,2019,126.5,595,20.9
2024-02-08,WK-25,25#电铲,2023,122.2,612,20.8
2024-02-08,WK-28,28#电铲,2016,141.4,486,19.1
2024-02-09,WK-10,10#电铲,2015,143.1,488,19.4
2024-02-09,WK-12,12#电铲,2018,213.4,70,4.2
2024-02-09,WK-15,15#电铲,2020,128.0,539,19.2
2024-02-09,WK-18,18#电铲,2022,122.0,547,18.5
2024-02-09,WK-20,20#电铲,2012,141.2,496,19.5
2024-02-09,WK-22,22#电铲,2019,126.0,597,20.9
2024-02-09,WK-25,25#电铲,2023,123.0,608,20.8
2024-02-09,WK-28,28#电铲,2016,143.5,479,19.1
2024-02-10,WK-10,10#电铲,2015,143.4,487,19.4
2024-02-10,WK-12,12#电铲,2018,128.2,533,19.0
2024-02-10,WK-15,15#电铲,2020,126.7,544,19.2
2024-02-10,WK-18,18#电铲,2022,123.6,540,18.5
2024-02-10,WK-20,20#电铲,2012,139.9,500,19.5
2024-02-10,WK-22,22#电铲,2019,128.7,584,20.9
2024-02-10,WK-25,25#电铲,2023,123.8,604,20.8
2024-02-10,WK-28,28#电铲,2016,141.7,485,19.1
2024-02-11,WK-10,10#电铲,2015,141.9,492,19.4
2024-02-11,WK-12,12#电铲,2018,127.2,537,19.0
2024-02-11,WK-15,15#电铲,2020,127.0,543,19.2
2024-02-11,WK-18,18#电铲,2022,124.1,537,18.5
2024-02-11,WK-20,20#电铲,2012,140.5,498,19.5
2024-02-11,WK-22,22#电铲,2019,125.4,600,20.9
2024-02-11,WK-25,25#电铲,2023,123.3,607,20.8
2024-02-11,WK-28,28#电铲,2016,140.2,490,19.1
2024-02-12,WK-10,10#电铲,2015,139.5,500,19.4
2024-02-12,WK-12,12#电铲,2018,128.6,531,19.0
2024-02-12,WK-15,15#电铲,2020,127.9,539,19.2
2024-02-12,WK-18,18#电铲,2022,121.9,547,18.5
2024-02-12,WK-20,20#电铲,2012,140.4,499,19.5
2024-02-12,WK-22,22#电铲,2019,126.8,593,20.9
2024-02-12,WK-25,25#电铲,2023,124.3,602,20.8
2024-02-12,WK-28,28#电铲,2016,141.5,486,19.1
2024-02-13,WK-10,10#电铲,2015,140.0,499,19.4
2024-02-13,WK-12,12#电铲,2018,129.2,528,19.0
2024-02-13,WK-15,15#电铲,2020,129.2,534,19.2
2024-02-13,WK-18,18#电铲,2022,121.4,549,18.5
2024-02-13,WK-20,20#电铲,2012,142.2,492,19.5
2024-02-13,WK-22,22#电铲,2019,127.2,591,20.9
2024-02-13,WK-25,25#电铲,2023,126.4,592,20.8
2024-02-13,WK-28,28#电铲,2016,142.2,483,19.1
2024-02-14,WK-10,10#电铲,2015,140.7,496,19.4
2024-02-14,WK-12,12#电铲,2018,127.0,537,19.0
2024-02-14,WK-15,15#电铲,2020,128.6,536,19.2
2024-02-14,WK-18,18#电铲,2022,119.6,558,18.5
2024-02-14,WK-20,20#电铲,2012,146.2,479,19.5
2024-02-14,WK-22,22#电铲,2019,126.3,595,20.9
2024-02-14,WK-25,25#电铲,2023,125.2,598,20.8
2024-02-14,WK-28,28#电铲,2016,141.6,486,19.1
2024-02-15,WK-10,10#电铲,2015,139.8,499,19.4
2024-02-15,WK-12,12#电铲,2018,127.4,536,19.0
2024-02-15,WK-15,15#电铲,2020,127.3,542,19.2
2024-02-15,WK-18,18#电铲,2022,122.5,545,18.5
2024-02-15,WK-20,20#电铲,2012,143.6,488,19.5
2024-02-15,WK-22,22#电铲,2019,125.7,598,20.9
2024-02-15,WK-25,25#电铲,2023,125.4,596,20.8
2024-02-15,WK-28,28#电铲,2016,141.8,485,19.1
2024-02-16,WK-10,10#电铲,2015,141.3,494,19.4
2024-02-16,WK-12,12#电铲,2018,126.8,539,19.0
2024-02-16,WK-15,15#电铲,2020,126.9,543,19.2
2024-02-16,WK-18,18#电铲,2022,124.7,535,18.5
2024-02-16,WK-20,20#电铲,2012,140.3,499,19.5
2024-02-16,WK-22,22#电铲,2019,126.6,594,20.9
2024-02-16,WK-25,25#电铲,2023,124.3,602,20.8
2024-02-16,WK-28,28#电铲,2016,141.1,487,19.1
2024-02-17,WK-10,10#电铲,2015,140.2,498,19.4
2024-02-17,WK-12,12#电铲,2018,125.0,546,19.0
2024-02-17,WK-15,15#电铲,2020,127.2,542,19.2
2024-02-17,WK-18,18#电铲,2022,123.4,540,18.5
2024-02-17,WK-20,20#电铲,2012,142.8,490,19.5
2024-02-17,WK-22,22#电铲,2019,123.9,607,20.9
2024-02-17,WK-25,25#电铲,2023,124.5,601,20.8
2024-02-17,WK-28,28#电铲,2016,143.6,479,19.1
2024-02-18,WK-10,10#电铲,2015,139.7,500,19.4
2024-02-18,WK-12,12#电铲,2018,126.6,539,19.0
2024-02-18,WK-15,15#电铲,2020,128.8,536,19.2
2024-02-18,WK-18,18#电铲,2022,119.7,557,18.5
2024-02-18,WK-20,20#电铲,2012,142.8,490,19.5
2024-02-18,WK-22,22#电铲,2019,124.0,606,20.9
2024-02-18,WK-25,25#电铲,2023,126.2,593,20.8
2024-02-18,WK-28,28#电铲,2016,143.2,480,19.1
2024-02-19,WK-10,10#电铲,2015,144.0,485,19.4
2024-02-19,WK-12,12#电铲,2018,125.4,544,19.0
2024-02-19,WK-15,15#电铲,2020,126.0,548,19.2
2024-02-19,WK-18,18#电铲,2022,121.1,551,18.5
2024-02-19,WK-20,20#电铲,2012,142.7,491,19.5
2024-02-19,WK-22,22#电铲,2019,126.7,593,20.9
2024-02-19,WK-25,25#电铲,2023,123.7,605,20.8
2024-02-19,WK-28,28#电铲,2016,145.2,474,19.1
2024-02-20,WK-10,10#电铲,2015,143.0,488,19.4
2024-02-20,WK-12,12#电铲,2018,126.9,538,19.0
2024-02-20,WK-15,15#电铲,2020,127.1,543,19.2
2024-02-20,WK-18,18#电铲,2022,122.6,544,18.5
2024-02-20,WK-20,20#电铲,2012,142.7,491,19.5
2024-02-20,WK-22,22#电铲,2019,127.0,592,20.9
2024-02-20,WK-25,25#电铲,2023,124.8,599,20.8
2024-02-20,WK-28,28#电铲,2016,144.3,476,19.1
2024-02-21,WK-10,10#电铲,2015,141.5,493,19.4
2024-02-21,WK-12,12#电铲,2018,127.3,536,19.0
2024-02-21,WK-15,15#电铲,2020,128.7,536,19.2
2024-02-21,WK-18,18#电铲,2022,121.8,548,18.5
2024-02-21,WK-20,20#电铲,2012,143.2,489,19.5
2024-02-21,WK-22,22#电铲,2019,123.3,610,20.9
2024-02-21,WK-25,25#电铲,2023,125.1,598,20.8
2024-02-21,WK-28,28#电铲,2016,141.0,488,19.1
2024-02-22,WK-10,10#电铲,2015,140.5,497,19.4
2024-02-22,WK-12,12#电铲,2018,128.5,531,19.0
2024-02-22,WK-15,15#电铲,2020,127.2,542,19.2
2024-02-22,WK-18,18#电铲,2022,122.1,546,18.5
2024-02-22,WK-20,20#电铲,2012,140.0,500,19.5
2024-02-22,WK-22,22#电铲,2019,126.4,595,20.9
2024-02-22,WK-25,25#电铲,2023,124.4,601,20.8
2024-02-22,WK-28,28#电铲,2016,141.9,484,19.1
2024-02-23,WK-10,10#电铲,2015,140.2,498,19.4
2024-02-23,WK-12,12#电铲,2018,130.2,525,19.0
2024-02-23,WK-15,15#电铲,2020,126.4,546,19.2
2024-02-23,WK-18,18#电铲,2022,122.6,544,18.5
2024-02-23,WK-20,20#电铲,2012,142.3,492,19.5
2024-02-23,WK-22,22#电铲,2019,127.8,589,20.9
2024-02-23,WK-25,25#电铲,2023,125.6,596,20.8
2024-02-23,WK-28,28#电铲,2016,141.0,488,19.1
2024-02-24,WK-10,10#电铲,2015,140.1,498,19.4
2024-02-24,WK-12,12#电铲,2018,127.6,535,19.0
2024-02-24,WK-15,15#电铲,2020,128.3,537,19.2
2024-02-24,WK-18,18#电铲,2022,125.7,531,18.5
2024-02-24,WK-20,20#电铲,2012,141.1,496,19.5
2024-02-24,WK-22,22#电铲,2019,129.1,583,20.9
2024-02-24,WK-25,25#电铲,2023,127.1,588,20.8
2024-02-24,WK-28,28#电铲,2016,138.7,496,19.1
2024-02-25,WK-10,10#电铲,2015,141.9,492,19.4
2024-02-25,WK-12,12#电铲,2018,126.3,541,19.0
2024-02-25,WK-15,15#电铲,2020,128.5,537,19.2
2024-02-25,WK-18,18#电铲,2022,124.2,537,18.5
2024-02-25,WK-20,20#电铲,2012,143.8,487,19.5
2024-02-25,WK-22,22#电铲,2019,127.3,591,20.9
2024-02-25,WK-25,25#电铲,2023,126.3,592,20.8
2024-02-25,WK-28,28#电铲,2016,141.6,486,19.1
2024-02-26,WK-10,10#电铲,2015,143.3,487,19.4
2024-02-26,WK-12,12#电铲,2018,127.7,535,19.0
2024-02-26,WK-15,15#电铲,2020,130.2,530,19.2
2024-02-26,WK-18,18#电铲,2022,123.1,542,18.5
2024-02-26,WK-20,20#电铲,2012,140.7,498,19.5
2024-02-26,WK-22,22#电铲,2019,126.4,595,20.9
2024-02-26,WK-25,25#电铲,2023,126.2,593,20.8
2024-02-26,WK-28,28#电铲,2016,142.6,482,19.1
2024-02-27,WK-10,10#电铲,2015,140.9,496,19.4
2024-02-27,WK-12,12#电铲,2018,127.3,536,19.0
2024-02-27,WK-15,15#电铲,2020,130.3,529,19.2
2024-02-27,WK-18,18#电铲,2022,123.8,539,18.5
2024-02-27,WK-20,20#电铲,2012,143.9,487,19.5
2024-02-27,WK-22,22#电铲,2019,127.0,592,20.9
2024-02-27,WK-25,25#电铲,2023,129.9,576,20.8
2024-02-27,WK-28,28#电铲,2016,141.7,485,19.1
2024-02-28,WK-10,10#电铲,2015,144.6,483,19.4
2024-02-28,WK-12,12#电铲,2018,126.8,538,19.0
2024-02-28,WK-15,15#电铲,2020,128.2,538,19.2
2024-02-28,WK-18,18#电铲,2022,123.9,538,18.5
2024-02-28,WK-20,20#电铲,2012,141.4,495,19.5
2024-02-28,WK-22,22#电铲,2019,126.3,595,20.9
2024-02-28,WK-25,25#电铲,2023,127.7,586,20.8
2024-02-28,WK-28,28#电铲,2016,142.1,484,19.1
2024-02-29,WK-10,10#电铲,2015,142.2,491,19.4
2024-02-29,WK-12,12#电铲,2018,126.5,540,19.0
2024-02-29,WK-15,15#电铲,2020,128.8,535,19.2
2024-02-29,WK-18,18#电铲,2022,123.9,538,18.5
2024-02-29,WK-20,20#电铲,2012,142.9,490,19.5
2024-02-29,WK-22,22#电铲,2019,125.9,597,20.9
2024-02-29,WK-25,25#电铲,2023,128.0,584,20.8
2024-02-29,WK-28,28#电铲,2016,141.2,487,19.1
2024-03-01,WK-10,10#电铲,2015,141.6,493,19.4
2024-03-01,WK-12,12#电铲,2018,126.2,541,19.0
2024-03-01,WK-15,15#电铲,2020,127.0,543,19.2
2024-03-01,WK-18,18#电铲,2022,126.1,529,18.5
2024-03-01,WK-20,20#电铲,2012,140.9,497,19.5
2024-03-01,WK-22,22#电铲,2019,123.0,611,20.9
2024-03-01,WK-25,25#电铲,2023,125.3,597,20.8
2024-03-01,WK-28,28#电铲,2016,141.8,485,19.1
2024-03-02,WK-10,10#电铲,2015,145.2,481,19.4
2024-03-02,WK-12,12#电铲,2018,127.3,536,19.0
2024-03-02,WK-15,15#电铲,2020,127.8,540,19.2
2024-03-02,WK-18,18#电铲,2022,124.1,537,18.5
2024-03-02,WK-20,20#电铲,2012,139.0,504,19.5
2024-03-02,WK-22,22#电铲,2019,126.1,596,20.9
2024-03-02,WK-25,25#电铲,2023,125.1,598,20.8
2024-03-02,WK-28,28#电铲,2016,140.9,488,19.1
2024-03-03,WK-10,10#电铲,2015,147.0,475,19.4
2024-03-03,WK-12,12#电铲,2018,127.6,535,19.0
2024-03-03,WK-15,15#电铲,2020,130.5,529,19.2
2024-03-03,WK-18,18#电铲,2022,128.3,520,18.5
2024-03-03,WK-20,20#电铲,2012,138.2,507,19.5
2024-03-03,WK-22,22#电铲,2019,130.5,576,20.9
2024-03-03,WK-25,25#电铲,2023,127.3,588,20.8
2024-03-03,WK-28,28#电铲,2016,142.1,484,19.1
2024-03-04,WK-10,10#电铲,2015,144.6,483,19.4
2024-03-04,WK-12,12#电铲,2018,127.6,535,19.0
2024-03-04,WK-15,15#电铲,2020,187.3,223,11.6
2024-03-04,WK-18,18#电铲,2022,123.6,540,18.5
2024-03-04,WK-20,20#电铲,2012,141.9,493,19.5
2024-03-04,WK-22,22#电铲,2019,130.7,575,20.9
2024-03-04,WK-25,25#电铲,2023,127.6,586,20.8
2024-03-04,WK-28,28#电铲,2016,141.4,486,19.1
2024-03-05,WK-10,10#电铲,2015,144.0,485,19.4
2024-03-05,WK-12,12#电铲,2018,126.4,540,19.0
2024-03-05,WK-15,15#电铲,2020,130.5,528,19.2
2024-03-05,WK-18,18#电铲,2022,124.6,535,18.5
2024-03-05,WK-20,20#电铲,2012,143.3,489,19.5
2024-03-05,WK-22,22#电铲,2019,130.2,578,20.9
2024-03-05,WK-25,25#电铲,2023,126.5,591,20.8
2024-03-05,WK-28,28#电铲,2016,141.5,486,19.1
2024-03-06,WK-10,10#电铲,2015,145.3,481,19.4
2024-03-06,WK-12,12#电铲,2018,126.6,539,19.0
2024-03-06,WK-15,15#电铲,2020,128.8,535,19.2
2024-03-06,WK-18,18#电铲,2022,127.5,523,18.5
2024-03-06,WK-20,20#电铲,2012,142.8,490,19.5
2024-03-06,WK-22,22#电铲,2019,130.5,576,20.9
2024-03-06,WK-25,25#电铲,2023,124.9,599,20.8
2024-03-06,WK-28,28#电铲,2016,141.6,486,19.1
2024-03-07,WK-10,10#电铲,2015,145.7,479,19.4
2024-03-07,WK-12,12#电铲,2018,128.1,533,19.0
2024-03-07,WK-15,15#电铲,2020,128.7,536,19.2
2024-03-07,WK-18,18#电铲,2022,124.8,534,18.5
2024-03-07,WK-20,20#电铲,2012,143.2,489,19.5
2024-03-07,WK-22,22#电铲,2019,129.3,582,20.9
2024-03-07,WK-25,25#电铲,2023,125.6,595,20.8
2024-03-07,WK-28,28#电铲,2016,142.7,482,19.1
2024-03-08,WK-10,10#电铲,2015,146.2,477,19.4
2024-03-08,WK-12,12#电铲,2018,128.9,530,19.0
2024-03-08,WK-15,15#电铲,2020,127.8,540,19.2
2024-03-08,WK-18,18#电铲,2022,126.3,528,18.5
2024-03-08,WK-20,20#电铲,2012,143.4,488,19.5
2024-03-08,WK-22,22#电铲,2019,127.6,589,20.9
2024-03-08,WK-25,25#电铲,2023,127.4,587,20.8
2024-03-08,WK-28,28#电铲,2016,141.8,485,19.1
2024-03-09,WK-10,10#电铲,2015,146.6,476,19.4
2024-03-09,WK-12,12#电铲,2018,127.9,534,19.0
2024-03-09,WK-15,15#电铲,2020,127.2,542,19.2
2024-03-09,WK-18,18#电铲,2022,124.3,537,18.5
2024-03-09,WK-20,20#电铲,2012,143.9,486,19.5
2024-03-09,WK-22,22#电铲,2019,125.8,598,20.9
2024-03-09,WK-25,25#电铲,2023,126.1,593,20.8
2024-03-09,WK-28,28#电铲,2016,191.8,123,6.6
2024-03-10,WK-10,10#电铲,2015,148.0,472,19.4
2024-03-10,WK-12,12#电铲,2018,125.4,545,19.0
2024-03-10,WK-15,15#电铲,2020,130.2,530,19.2
2024-03-10,WK-18,18#电铲,2022,124.6,535,18.5
2024-03-10,WK-20,20#电铲,2012,140.7,498,19.5
2024-03-10,WK-22,22#电铲,2019,126.1,597,20.9
2024-03-10,WK-25,25#电铲,2023,127.2,588,20.8
2024-03-10,WK-28,28#电铲,2016,142.3,483,19.1
2024-03-11,WK-10,10#电铲,2015,143.5,486,19.4
2024-03-11,WK-12,12#电铲,2018,125.6,544,19.0
2024-03-11,WK-15,15#电铲,2020,126.8,544,19.2
2024-03-11,WK-18,18#电铲,2022,125.6,531,18.5
2024-03-11,WK-20,20#电铲,2012,140.3,499,19.5
2024-03-11,WK-22,22#电铲,2019,125.1,601,20.9
2024-03-11,WK-25,25#电铲,2023,127.9,585,20.8
2024-03-11,WK-28,28#电铲,2016,141.1,487,19.1
2024-03-12,WK-10,10#电铲,2015,143.7,486,19.4
2024-03-12,WK-12,12#电铲,2018,128.6,531,19.0
2024-03-12,WK-15,15#电铲,2020,126.8,544,19.2
2024-03-12,WK-18,18#电铲,2022,124.8,534,18.5
2024-03-12,WK-20,20#电铲,2012,138.8,505,19.5
2024-03-12,WK-22,22#电铲,2019,125.2,601,20.9
2024-03-12,WK-25,25#电铲,2023,129.3,579,20.8
2024-03-12,WK-28,28#电铲,2016,141.6,486,19.1
2024-03-13,WK-10,10#电铲,2015,140.6,496,19.4
2024-03-13,WK-12,12#电铲,2018,129.9,526,19.0
2024-03-13,WK-15,15#电铲,2020,128.2,538,19.2
2024-03-13,WK-18,18#电铲,2022,125.1,533,18.5
2024-03-13,WK-20,20#电铲,2012,140.4,499,19.5
2024-03-13,WK-22,22#电铲,2019,126.3,595,20.9
2024-03-13,WK-25,25#电铲,2023,126.4,592,20.8
2024-03-13,WK-28,28#电铲,2016,141.5,486,19.1
2024-03-14,WK-10,10#电铲,2015,140.4,497,19.4
2024-03-14,WK-12,12#电铲,2018,129.7,527,19.0
2024-03-14,WK-15,15#电铲,2020,129.8,531,19.2
2024-03-14,WK-18,18#电铲,2022,126.7,526,18.5
2024-03-14,WK-20,20#电铲,2012,142.4,492,19.5
2024-03-14,WK-22,22#电铲,2019,130.1,578,20.9
2024-03-14,WK-25,25#电铲,2023,124.3,602,20.8
2024-03-14,WK-28,28#电铲,2016,139.8,492,19.1
2024-03-15,WK-10,10#电铲,2015,144.7,483,19.4
2024-03-15,WK-12,12#电铲,2018,129.8,526,19.0
2024-03-15,WK-15,15#电铲,2020,129.3,533,19.2
2024-03-15,WK-18,18#电铲,2022,124.3,537,18.5
2024-03-15,WK-20,20#电铲,2012,142.3,492,19.5
2024-03-15,WK-22,22#电铲,2019,127.6,589,20.9
2024-03-15,WK-25,25#电铲,2023,128.6,582,20.8
2024-03-15,WK-28,28#电铲,2016,141.5,486,19.1
2024-03-16,WK-10,10#电铲,2015,141.7,493,19.4
2024-03-16,WK-12,12#电铲,2018,124.3,549,19.0
2024-03-16,WK-15,15#电铲,2020,128.6,537,19.2
2024-03-16,WK-18,18#电铲,2022,124.2,537,18.5
2024-03-16,WK-20,20#电铲,2012,141.8,494,19.5
2024-03-16,WK-22,22#电铲,2019,123.7,608,20.9
2024-03-16,WK-25,25#电铲,2023,126.5,591,20.8
2024-03-16,WK-28,28#电铲,2016,139.6,493,19.1
2024-03-17,WK-10,10#电铲,2015,140.6,497,19.4
2024-03-17,WK-12,12#电铲,2018,127.6,535,19.0
2024-03-17,WK-15,15#电铲,2020,126.6,545,19.2
2024-03-17,WK-18,18#电铲,2022,122.7,543,18.5
2024-03-17,WK-20,20#电铲,2012,141.5,495,19.5
2024-03-17,WK-22,22#电铲,2019,124.5,604,20.9
2024-03-17,WK-25,25#电铲,2023,126.9,589,20.8
2024-03-17,WK-28,28#电铲,2016,141.2,487,19.1
2024-03-18,WK-10,10#电铲,2015,139.6,500,19.4
2024-03-18,WK-12,12#电铲,2018,126.6,539,19.0
2024-03-18,WK-15,15#电铲,2020,129.2,534,19.2
2024-03-18,WK-18,18#电铲,2022,124.6,535,18.5
2024-03-18,WK-20,20#电铲,2012,140.6,498,19.5
2024-03-18,WK-22,22#电铲,2019,124.8,603,20.9
2024-03-18,WK-25,25#电铲,2023,126.7,591,20.8
2024-03-18,WK-28,28#电铲,2016,142.4,483,19.1
2024-03-19,WK-10,10#电铲,2015,140.9,495,19.4
2024-03-19,WK-12,12#电铲,2018,128.0,533,19.0
2024-03-19,WK-15,15#电铲,2020,129.9,531,19.2
2024-03-19,WK-18,18#电铲,2022,121.2,550,18.5
2024-03-19,WK-20,20#电铲,2012,138.4,506,19.5
2024-03-19,WK-22,22#电铲,2019,126.0,597,20.9
2024-03-19,WK-25,25#电铲,2023,125.8,595,20.8
2024-03-19,WK-28,28#电铲,2016,143.1,480,19.1
2024-03-20,WK-10,10#电铲,2015,141.3,494,19.4
2024-03-20,WK-12,12#电铲,2018,128.4,532,19.0
2024-03-20,WK-15,15#电铲,2020,128.6,536,19.2
2024-03-20,WK-18,18#电铲,2022,119.8,557,18.5
2024-03-20,WK-20,20#电铲,2012,140.4,499,19.5
2024-03-20,WK-22,22#电铲,2019,126.4,595,20.9
2024-03-20,WK-25,25#电铲,2023,126.6,591,20.8
2024-03-20,WK-28,28#电铲,2016,142.6,482,19.1
2024-03-21,WK-10,10#电铲,2015,143.4,487,19.4
2024-03-21,WK-12,12#电铲,2018,130.4,524,19.0
2024-03-21,WK-15,15#电铲,2020,128.2,538,19.2
2024-03-21,WK-18,18#电铲,2022,119.7,557,18.5
2024-03-21,WK-20,20#电铲,2012,141.4,495,19.5
2024-03-21,WK-22,22#电铲,2019,128.1,587,20.9
2024-03-21,WK-25,25#电铲,2023,126.5,591,20.8
2024-03-21,WK-28,28#电铲,2016,141.9,484,19.1
2024-03-22,WK-10,10#电铲,2015,143.9,485,19.4
2024-03-22,WK-12,12#电铲,2018,129.3,528,19.0
2024-03-22,WK-15,15#电铲,2020,130.9,527,19.2
2024-03-22,WK-18,18#电铲,2022,121.8,548,18.5
2024-03-22,WK-20,20#电铲,2012,143.2,489,19.5
2024-03-22,WK-22,22#电铲,2019,126.5,594,20.9
2024-03-22,WK-25,25#电铲,2023,126.9,589,20.8
2024-03-22,WK-28,28#电铲,2016,141.2,487,19.1
2024-03-23,WK-10,10#电铲,2015,143.4,487,19.4
2024-03-23,WK-12,12#电铲,2018,127.4,536,19.0
2024-03-23,WK-15,15#电铲,2020,128.9,535,19.2
2024-03-23,WK-18,18#电铲,2022,123.6,540,18.5
2024-03-23,WK-20,20#电铲,2012,143.2,489,19.5
2024-03-23,WK-22,22#电铲,2019,130.0,578,20.9
2024-03-23,WK-25,25#电铲,2023,126.9,589,20.8
2024-03-23,WK-28,28#电铲,2016,142.8,481,19.1
2024-03-24,WK-10,10#电铲,2015,143.8,485,19.4
2024-03-24,WK-12,12#电铲,2018,127.7,535,19.0
2024-03-24,WK-15,15#电铲,2020,128.8,535,19.2
2024-03-24,WK-18,18#电铲,2022,125.7,530,18.5
2024-03-24,WK-20,20#电铲,2012,142.6,491,19.5
2024-03-24,WK-22,22#电铲,2019,130.8,575,20.9
2024-03-24,WK-25,25#电铲,2023,128.7,581,20.8
2024-03-24,WK-28,28#电铲,2016,139.2,494,19.1
2024-03-25,WK-10,10#电铲,2015,143.1,488,19.4
2024-03-25,WK-12,12#电铲,2018,126.1,541,19.0
2024-03-25,WK-15,15#电铲,2020,126.1,547,19.2
2024-03-25,WK-18,18#电铲,2022,125.9,530,18.5
2024-03-25,WK-20,20#电铲,2012,141.8,494,19.5
2024-03-25,WK-22,22#电铲,2019,164.9,98,4.5
2024-03-25,WK-25,25#电铲,2023,123.1,608,20.8
2024-03-25,WK-28,28#电铲,2016,142.5,482,19.1
2024-03-26,WK-10,10#电铲,2015,143.8,485,19.4
2024-03-26,WK-12,12#电铲,2018,123.8,551,19.0
2024-03-26,WK-15,15#电铲,2020,125.8,548,19.2
2024-03-26,WK-18,18#电铲,2022,126.1,529,18.5
2024-03-26,WK-20,20#电铲,2012,142.2,492,19.5
2024-03-26,WK-22,22#电铲,2019,124.8,603,20.9
2024-03-26,WK-25,25#电铲,2023,122.7,610,20.8
2024-03-26,WK-28,28#电铲,2016,141.9,484,19.1
2024-03-27,WK-10,10#电铲,2015,143.2,488,19.4
2024-03-27,WK-12,12#电铲,2018,127.3,536,19.0
2024-03-27,WK-15,15#电铲,2020,126.1,547,19.2
2024-03-27,WK-18,18#电铲,2022,125.4,532,18.5
2024-03-27,WK-20,20#电铲,2012,143.7,487,19.5
2024-03-27,WK-22,22#电铲,2019,126.2,596,20.9
2024-03-27,WK-25,25#电铲,2023,126.1,593,20.8
2024-03-27,WK-28,28#电铲,2016,141.4,486,19.1
2024-03-28,WK-10,10#电铲,2015,143.5,487,19.4
2024-03-28,WK-12,12#电铲,2018,124.6,548,19.0
2024-03-28,WK-15,15#电铲,2020,128.4,537,19.2
2024-03-28,WK-18,18#电铲,2022,124.8,534,18.5
2024-03-28,WK-20,20#电铲,2012,145.2,482,19.5
2024-03-28,WK-22,22#电铲,2019,126.6,594,20.9
2024-03-28,WK-25,25#电铲,2023,126.2,593,20.8
2024-03-28,WK-28,28#电铲,2016,142.3,483,19.1
2024-03-29,WK-10,10#电铲,2015,141.9,492,19.4
2024-03-29,WK-12,12#电铲,2018,126.6,539,19.0
2024-03-29,WK-15,15#电铲,2020,128.2,538,19.2
2024-03-29,WK-18,18#电铲,2022,123.8,539,18.5
2024-03-29,WK-20,20#电铲,2012,139.8,501,19.5
2024-03-29,WK-22,22#电铲,2019,128.0,587,20.9
2024-03-29,WK-25,25#电铲,2023,127.2,588,20.8
2024-03-29,WK-28,28#电铲,2016,142.6,482,19.1
2024-03-30,WK-10,10#电铲,2015,141.4,494,19.4
2024-03-30,WK-12,12#电铲,2018,127.4,536,19.0
2024-03-30,WK-15,15#电铲,2020,126.7,544,19.2
2024-03-30,WK-18,18#电铲,2022,125.5,532,18.5
2024-03-30,WK-20,20#电铲,2012,142.4,492,19.5
2024-03-30,WK-22,22#电铲,2019,127.3,591,20.9
2024-03-30,WK-25,25#电铲,2023,123.8,604,20.8
2024-03-30,WK-28,28#电铲,2016,145.6,472,19.1
2024-03-31,WK-10,10#电铲,2015,142.7,489,19.4
2024-03-31,WK-12,12#电铲,2018,128.0,533,19.0
2024-03-31,WK-15,15#电铲,2020,127.4,541,19.2
2024-03-31,WK-18,18#电铲,2022,124.0,538,18.5
2024-03-31,WK-20,20#电铲,2012,142.5,491,19.5
2024-03-31,WK-22,22#电铲,2019,126.7,593,20.9
2024-03-31,WK-25,25#电铲,2023,128.6,582,20.8
2024-03-31,WK-28,28#电铲,2016,144.3,476,19.1
2024-04-01,WK-10,10#电铲,2015,142.7,489,19.4
2024-04-01,WK-12,12#电铲,2018,129.3,528,19.0
2024-04-01,WK-15,15#电铲,2020,128.4,537,19.2
2024-04-01,WK-18,18#电铲,2022,125.7,531,18.5
2024-04-01,WK-20,20#电铲,2012,141.7,494,19.5
2024-04-01,WK-22,22#电铲,2019,125.7,598,20.9
2024-04-01,WK-25,25#电铲,2023,126.9,590,20.8
2024-04-01,WK-28,28#电铲,2016,144.0,478,19.1
2024-04-02,WK-10,10#电铲,2015,141.6,493,19.4
2024-04-02,WK-12,12#电铲,2018,126.4,540,19.0
2024-04-02,WK-15,15#电铲,2020,128.6,536,19.2
2024-04-02,WK-18,18#电铲,2022,126.1,529,18.5
2024-04-02,WK-20,20#电铲,2012,142.3,492,19.5
2024-04-02,WK-22,22#电铲,2019,128.0,588,20.9
2024-04-02,WK-25,25#电铲,2023,128.6,582,20.8
2024-04-02,WK-28,28#电铲,2016,143.1,480,19.1
2024-04-03,WK-10,10#电铲,2015,141.8,492,19.4
2024-04-03,WK-12,12#电铲,2018,128.5,532,19.0
2024-04-03,WK-15,15#电铲,2020,130.5,529,19.2
2024-04-03,WK-18,18#电铲,2022,124.0,538,18.5
2024-04-03,WK-20,20#电铲,2012,140.6,498,19.5
2024-04-03,WK-22,22#电铲,2019,127.1,592,20.9
2024-04-03,WK-25,25#电铲,2023,124.8,599,20.8
2024-04-03,WK-28,28#电铲,2016,143.4,479,19.1
2024-04-04,WK-10,10#电铲,2015,141.1,495,19.4
2024-04-04,WK-12,12#电铲,2018,130.1,525,19.0
2024-04-04,WK-15,15#电铲,2020,128.5,537,19.2
2024-04-04,WK-18,18#电铲,2022,124.8,534,18.5
2024-04-04,WK-20,20#电铲,2012,144.1,486,19.5
2024-04-04,WK-22,22#电铲,2019,125.4,600,20.9
2024-04-04,WK-25,25#电铲,2023,126.5,591,20.8
2024-04-04,WK-28,28#电铲,2016,142.5,483,19.1
2024-04-05,WK-10,10#电铲,2015,141.8,492,19.4
2024-04-05,WK-12,12#电铲,2018,131.1,521,19.0
2024-04-05,WK-15,15#电铲,2020,128.9,535,19.2
2024-04-05,WK-18,18#电铲,2022,125.7,531,18.5
2024-04-05,WK-20,20#电铲,2012,142.2,492,19.5
2024-04-05,WK-22,22#电铲,2019,127.6,589,20.9
2024-04-05,WK-25,25#电铲,2023,125.9,594,20.8
2024-04-05,WK-28,28#电铲,2016,145.2,474,19.1
2024-04-06,WK-10,10#电铲,2015,142.2,491,19.4
2024-04-06,WK-12,12#电铲,2018,129.5,527,19.0
2024-04-06,WK-15,15#电铲,2020,125.7,549,19.2
2024-04-06,WK-18,18#电铲,2022,123.6,539,18.5
2024-04-06,WK-20,20#电铲,2012,143.0,490,19.5
2024-04-06,WK-22,22#电铲,2019,128.1,587,20.9
2024-04-06,WK-25,25#电铲,2023,124.4,601,20.8
2024-04-06,WK-28,28#电铲,2016,142.4,483,19.1
2024-04-07,WK-10,10#电铲,2015,142.4,490,19.4
2024-04-07,WK-12,12#电铲,2018,131.4,520,19.0
2024-04-07,WK-15,15#电铲,2020,126.5,545,19.2
2024-04-07,WK-18,18#电铲,2022,123.3,541,18.5
2024-04-07,WK-20,20#电铲,2012,144.2,485,19.5
2024-04-07,WK-22,22#电铲,2019,127.8,589,20.9
2024-04-07,WK-25,25#电铲,2023,125.7,595,20.8
2024-04-07,WK-28,28#电铲,2016,142.5,483,19.1
2024-04-08,WK-10,10#电铲,2015,142.4,490,19.4
2024-04-08,WK-12,12#电铲,2018,128.3,532,19.0
2024-04-08,WK-15,15#电铲,2020,129.3,533,19.2
2024-04-08,WK-18,18#电铲,2022,121.4,549,18.5
2024-04-08,WK-20,20#电铲,2012,144.7,484,19.5
2024-04-08,WK-22,22#电铲,2019,128.2,586,20.9
2024-04-08,WK-25,25#电铲,2023,124.0,603,20.8
2024-04-08,WK-28,28#电铲,2016,141.0,488,19.1
2024-04-09,WK-10,10#电铲,2015,146.1,478,19.4
2024-04-09,WK-12,12#电铲,2018,126.5,540,19.0
2024-04-09,WK-15,15#电铲,2020,129.4,533,19.2
2024-04-09,WK-18,18#电铲,2022,120.9,552,18.5
2024-04-09,WK-20,20#电铲,2012,140.4,499,19.5
2024-04-09,WK-22,22#电铲,2019,128.2,587,20.9
2024-04-09,WK-25,25#电铲,2023,122.7,610,20.8
2024-04-09,WK-28,28#电铲,2016,144.8,475,19.1
2024-04-10,WK-10,10#电铲,2015,143.6,486,19.4
2024-04-10,WK-12,12#电铲,2018,128.3,532,19.0
2024-04-10,WK-15,15#电铲,2020,131.3,525,19.2
2024-04-10,WK-18,18#电铲,2022,123.7,539,18.5
2024-04-10,WK-20,20#电铲,2012,141.1,496,19.5
2024-04-10,WK-22,22#电铲,2019,129.3,582,20.9
2024-04-10,WK-25,25#电铲,2023,126.9,590,20.8
2024-04-10,WK-28,28#电铲,2016,143.6,479,19.1
2024-04-11,WK-10,10#电铲,2015,144.4,483,19.4
2024-04-11,WK-12,12#电铲,2018,126.7,539,19.0
2024-04-11,WK-15,15#电铲,2020,130.8,527,19.2
2024-04-11,WK-18,18#电铲,2022,122.9,543,18.5
2024-04-11,WK-20,20#电铲,2012,141.6,494,19.5
2024-04-11,WK-22,22#电铲,2019,128.9,583,20.9
2024-04-11,WK-25,25#电铲,2023,127.3,588,20.8
2024-04-11,WK-28,28#电铲,2016,143.6,479,19.1
2024-04-12,WK-10,10#电铲,2015,141.6,493,19.4
2024-04-12,WK-12,12#电铲,2018,128.6,531,19.0
2024-04-12,WK-15,15#电铲,2020,130.1,530,19.2
2024-04-12,WK-18,18#电铲,2022,125.2,533,18.5
2024-04-12,WK-20,20#电铲,2012,143.4,488,19.5
2024-04-12,WK-22,22#电铲,2019,127.5,590,20.9
2024-04-12,WK-25,25#电铲,2023,127.8,585,20.8
2024-04-12,WK-28,28#电铲,2016,142.9,481,19.1
2024-04-13,WK-10,10#电铲,2015,143.6,486,19.4
2024-04-13,WK-12,12#电铲,2018,129.1,529,19.0
2024-04-13,WK-15,15#电铲,2020,130.8,528,19.2
2024-04-13,WK-18,18#电铲,2022,125.3,532,18.5
2024-04-13,WK-20,20#电铲,2012,140.7,498,19.5
2024-04-13,WK-22,22#电铲,2019,130.0,578,20.9
2024-04-13,WK-25,25#电铲,2023,125.4,597,20.8
2024-04-13,WK-28,28#电铲,2016,142.8,482,19.1
2024-04-14,WK-10,10#电铲,2015,145.8,479,19.4
2024-04-14,WK-12,12#电铲,2018,128.4,532,19.0
2024-04-14,WK-15,15#电铲,2020,129.9,531,19.2
2024-04-14,WK-18,18#电铲,2022,122.4,545,18.5
2024-04-14,WK-20,20#电铲,2012,142.7,491,19.5
2024-04-14,WK-22,22#电铲,2019,126.4,595,20.9
2024-04-14,WK-25,25#电铲,2023,127.2,588,20.8
2024-04-14,WK-28,28#电铲,2016,142.5,482,19.1
2024-04-15,WK-10,10#电铲,2015,143.4,487,19.4
2024-04-15,WK-12,12#电铲,2018,130.7,522,19.0
2024-04-15,WK-15,15#电铲,2020,131.0,526,19.2
2024-04-15,WK-18,18#电铲,2022,123.2,541,18.5
2024-04-15,WK-20,20#电铲,2012,143.5,488,19.5
2024-04-15,WK-22,22#电铲,2019,127.0,592,20.9
2024-04-15,WK-25,25#电铲,2023,127.2,588,20.8
2024-04-15,WK-28,28#电铲,2016,140.8,488,19.1
2024-04-16,WK-10,10#电铲,2015,139.1,502,19.4
2024-04-16,WK-12,12#电铲,2018,130.1,525,19.0
2024-04-16,WK-15,15#电铲,2020,131.2,526,19.2
2024-04-16,WK-18,18#电铲,2022,123.5,540,18.5
2024-04-16,WK-20,20#电铲,2012,141.6,494,19.5
2024-04-16,WK-22,22#电铲,2019,129.0,583,20.9
2024-04-16,WK-25,25#电铲,2023,128.1,584,20.8
2024-04-16,WK-28,28#电铲,2016,142.9,481,19.1
2024-04-17,WK-10,10#电铲,2015,140.3,498,19.4
2024-04-17,WK-12,12#电铲,2018,129.6,527,19.0
2024-04-17,WK-15,15#电铲,2020,132.1,522,19.2
2024-04-17,WK-18,18#电铲,2022,124.1,537,18.5
2024-04-17,WK-20,20#电铲,2012,141.9,493,19.5
2024-04-17,WK-22,22#电铲,2019,127.3,591,20.9
2024-04-17,WK-25,25#电铲,2023,126.3,592,20.8
2024-04-17,WK-28,28#电铲,2016,140.9,488,19.1
2024-04-18,WK-10,10#电铲,2015,143.1,488,19.4
2024-04-18,WK-12,12#电铲,2018,128.9,530,19.0
2024-04-18,WK-15,15#电铲,2020,132.6,520,19.2
2024-04-18,WK-18,18#电铲,2022,122.9,543,18.5
2024-04-18,WK-20,20#电铲,2012,144.8,483,19.5
2024-04-18,WK-22,22#电铲,2019,127.4,590,20.9
2024-04-18,WK-25,25#电铲,2023,124.3,602,20.8
2024-04-18,WK-28,28#电铲,2016,141.6,486,19.1
2024-04-19,WK-10,10#电铲,2015,140.5,497,19.4
2024-04-19,WK-12,12#电铲,2018,129.3,528,19.0
2024-04-19,WK-15,15#电铲,2020,129.6,532,19.2
2024-04-19,WK-18,18#电铲,2022,123.4,540,18.5
2024-04-19,WK-20,20#电铲,2012,143.9,486,19.5
2024-04-19,WK-22,22#电铲,2019,129.1,582,20.9
2024-04-19,WK-25,25#电铲,2023,124.6,600,20.8
2024-04-19,WK-28,28#电铲,2016,141.8,485,19.1
2024-04-20,WK-10,10#电铲,2015,141.2,494,19.4
2024-04-20,WK-12,12#电铲,2018,129.6,527,19.0
2024-04-20,WK-15,15#电铲,2020,128.0,539,19.2
2024-04-20,WK-18,18#电铲,2022,121.2,550,18.5
2024-04-20,WK-20,20#电铲,2012,141.7,494,19.5
2024-04-20,WK-22,22#电铲,2019,130.3,577,20.9
2024-04-20,WK-25,25#电铲,2023,124.0,604,20.8
2024-04-20,WK-28,28#电铲,2016,141.3,486,19.1
2024-04-21,WK-10,10#电铲,2015,141.6,493,19.4
2024-04-21,WK-12,12#电铲,2018,129.3,528,19.0
2024-04-21,WK-15,15#电铲,2020,128.7,536,19.2
2024-04-21,WK-18,18#电铲,2022,122.2,546,18.5
2024-04-21,WK-20,20#电铲,2012,141.5,495,19.5
2024-04-21,WK-22,22#电铲,2019,129.3,582,20.9
2024-04-21,WK-25,25#电铲,2023,124.8,599,20.8
2024-04-21,WK-28,28#电铲,2016,142.6,482,19.1
2024-04-22,WK-10,10#电铲,2015,143.2,488,19.4
2024-04-22,WK-12,12#电铲,2018,130.1,525,19.0
2024-04-22,WK-15,15#电铲,2020,130.0,531,19.2
2024-04-22,WK-18,18#电铲,2022,125.8,530,18.5
2024-04-22,WK-20,20#电铲,2012,142.4,492,19.5
2024-04-22,WK-22,22#电铲,2019,130.1,578,20.9
2024-04-22,WK-25,25#电铲,2023,123.2,607,20.8
2024-04-22,WK-28,28#电铲,2016,142.8,481,19.1
2024-04-23,WK-10,10#电铲,2015,141.8,492,19.4
2024-04-23,WK-12,12#电铲,2018,129.7,526,19.0
2024-04-23,WK-15,15#电铲,2020,130.5,529,19.2
2024-04-23,WK-18,18#电铲,2022,127.3,524,18.5
2024-04-23,WK-20,20#电铲,2012,141.9,493,19.5
2024-04-23,WK-22,22#电铲,2019,131.4,572,20.9
2024-04-23,WK-25,25#电铲,2023,124.6,600,20.8
2024-04-23,WK-28,28#电铲,2016,144.7,475,19.1
2024-04-24,WK-10,10#电铲,2015,144.9,482,19.4
2024-04-24,WK-12,12#电铲,2018,128.3,532,19.0
2024-04-24,WK-15,15#电铲,2020,127.9,539,19.2
2024-04-24,WK-18,18#电铲,2022,125.4,532,18.5
2024-04-24,WK-20,20#电铲,2012,141.2,496,19.5
2024-04-24,WK-22,22#电铲,2019,128.8,584,20.9
2024-04-24,WK-25,25#电铲,2023,123.5,606,20.8
2024-04-24,WK-28,28#电铲,2016,143.5,479,19.1
2024-04-25,WK-10,10#电铲,2015,140.4,497,19.4
2024-04-25,WK-12,12#电铲,2018,127.4,536,19.0
2024-04-25,WK-15,15#电铲,2020,125.5,549,19.2
2024-04-25,WK-18,18#电铲,2022,207.7,93,5.4
2024-04-25,WK-20,20#电铲,2012,142.8,490,19.5
2024-04-25,WK-22,22#电铲,2019,125.2,601,20.9
2024-04-25,WK-25,25#电铲,2023,122.6,610,20.8
2024-04-25,WK-28,28#电铲,2016,142.6,482,19.1
2024-04-26,WK-10,10#电铲,2015,142.3,491,19.4
2024-04-26,WK-12,12#电铲,2018,125.9,542,19.0
2024-04-26,WK-15,15#电铲,2020,128.7,536,19.2
2024-04-26,WK-18,18#电铲,2022,123.5,540,18.5
2024-04-26,WK-20,20#电铲,2012,140.2,499,19.5
2024-04-26,WK-22,22#电铲,2019,124.7,603,20.9
2024-04-26,WK-25,25#电铲,2023,123.7,605,20.8
2024-04-26,WK-28,28#电铲,2016,142.9,481,19.1
2024-04-27,WK-10,10#电铲,2015,140.3,498,19.4
2024-04-27,WK-12,12#电铲,2018,126.1,542,19.0
2024-04-27,WK-15,15#电铲,2020,130.8,527,19.2
2024-04-27,WK-18,18#电铲,2022,126.2,529,18.5
2024-04-27,WK-20,20#电铲,2012,142.5,491,19.5
2024-04-27,WK-22,22#电铲,2019,124.7,603,20.9
2024-04-27,WK-25,25#电铲,2023,125.3,597,20.8
2024-04-27,WK-28,28#电铲,2016,145.0,474,19.1
2024-04-28,WK-10,10#电铲,2015,141.0,495,19.4
2024-04-28,WK-12,12#电铲,2018,125.7,543,19.0
2024-04-28,WK-15,15#电铲,2020,126.4,546,19.2
2024-04-28,WK-18,18#电铲,2022,124.9,534,18.5
2024-04-28,WK-20,20#电铲,2012,143.5,488,19.5
2024-04-28,WK-22,22#电铲,2019,126.1,596,20.9
2024-04-28,WK-25,25#电铲,2023,125.7,595,20.8
2024-04-28,WK-28,28#电铲,2016,143.3,480,19.1
2024-04-29,WK-10,10#电铲,2015,140.9,495,19.4
2024-04-29,WK-12,12#电铲,2018,127.9,534,19.0
2024-04-29,WK-15,15#电铲,2020,130.4,529,19.2
2024-04-29,WK-18,18#电铲,2022,126.6,527,18.5
2024-04-29,WK-20,20#电铲,2012,141.4,495,19.5
2024-04-29,WK-22,22#电铲,2019,126.0,597,20.9
2024-04-29,WK-25,25#电铲,2023,125.9,594,20.8
2024-04-29,WK-28,28#电铲,2016,142.4,483,19.1
2024-04-30,WK-10,10#电铲,2015,141.0,495,19.4
2024-04-30,WK-12,12#电铲,2018,127.2,537,19.0
2024-04-30,WK-15,15#电铲,2020,127.8,540,19.2
2024-04-30,WK-18,18#电铲,2022,123.6,540,18.5
2024-04-30,WK-20,20#电铲,2012,141.6,494,19.5
2024-04-30,WK-22,22#电铲,2019,127.1,592,20.9
2024-04-30,WK-25,25#电铲,2023,123.8,604,20.8
2024-04-30,WK-28,28#电铲,2016,141.1,487,19.1
2024-05-01,WK-10,10#电铲,2015,144.2,484,19.4
2024-05-01,WK-12,12#电铲,2018,128.5,531,19.0
2024-05-01,WK-15,15#电铲,2020,126.7,544,19.2
2024-05-01,WK-18,18#电铲,2022,124.4,536,18.5
2024-05-01,WK-20,20#电铲,2012,141.0,496,19.5
2024-05-01,WK-22,22#电铲,2019,128.0,587,20.9
2024-05-01,WK-25,25#电铲,2023,123.4,606,20.8
2024-05-01,WK-28,28#电铲,2016,139.3,494,19.1
2024-05-02,WK-10,10#电铲,2015,142.7,489,19.4
2024-05-02,WK-12,12#电铲,2018,130.1,525,19.0
2024-05-02,WK-15,15#电铲,2020,125.4,550,19.2
2024-05-02,WK-18,18#电铲,2022,124.3,537,18.5
2024-05-02,WK-20,20#电铲,2012,141.0,496,19.5
2024-05-02,WK-22,22#电铲,2019,126.1,596,20.9
2024-05-02,WK-25,25#电铲,2023,124.4,601,20.8
2024-05-02,WK-28,28#电铲,2016,144.3,477,19.1
2024-05-03,WK-10,10#电铲,2015,141.2,494,19.4
2024-05-03,WK-12,12#电铲,2018,205.3,165,9.4
2024-05-03,WK-15,15#电铲,2020,126.1,547,19.2
2024-05-03,WK-18,18#电铲,2022,127.7,522,18.5
2024-05-03,WK-20,20#电铲,2012,141.1,496,19.5
2024-05-03,WK-22,22#电铲,2019,126.2,596,20.9
2024-05-03,WK-25,25#电铲,2023,126.6,591,20.8
2024-05-03,WK-28,28#电铲,2016,143.0,481,19.1
2024-05-04,WK-10,10#电铲,2015,143.1,488,19.4
2024-05-04,WK-12,12#电铲,2018,127.0,538,19.0
2024-05-04,WK-15,15#电铲,2020,128.5,537,19.2
2024-05-04,WK-18,18#电铲,2022,125.2,533,18.5
2024-05-04,WK-20,20#电铲,2012,183.8,136,7.0
2024-05-04,WK-22,22#电铲,2019,125.5,599,20.9
2024-05-04,WK-25,25#电铲,2023,125.5,596,20.8
2024-05-04,WK-28,28#电铲,2016,140.8,489,19.1
2024-05-05,WK-10,10#电铲,2015,144.4,483,19.4
2024-05-05,WK-12,12#电铲,2018,126.0,542,19.0
2024-05-05,WK-15,15#电铲,2020,129.3,534,19.2
2024-05-05,WK-18,18#电铲,2022,122.7,544,18.5
2024-05-05,WK-20,20#电铲,2012,141.8,494,19.5
2024-05-05,WK-22,22#电铲,2019,124.4,605,20.9
2024-05-05,WK-25,25#电铲,2023,122.9,609,20.8
2024-05-05,WK-28,28#电铲,2016,144.9,474,19.1
2024-05-06,WK-10,10#电铲,2015,141.4,494,19.4
2024-05-06,WK-12,12#电铲,2018,129.6,527,19.0
2024-05-06,WK-15,15#电铲,2020,129.5,533,19.2
2024-05-06,WK-18,18#电铲,2022,123.6,539,18.5
2024-05-06,WK-20,20#电铲,2012,141.5,495,19.5
2024-05-06,WK-22,22#电铲,2019,122.6,614,20.9
2024-05-06,WK-25,25#电铲,2023,125.2,598,20.8
2024-05-06,WK-28,28#电铲,2016,143.6,479,19.1
2024-05-07,WK-10,10#电铲,2015,140.9,496,19.4
2024-05-07,WK-12,12#电铲,2018,129.7,526,19.0
2024-05-07,WK-15,15#电铲,2020,130.4,529,19.2
2024-05-07,WK-18,18#电铲,2022,122.2,546,18.5
2024-05-07,WK-20,20#电铲,2012,139.9,501,19.5
2024-05-07,WK-22,22#电铲,2019,124.3,605,20.9
2024-05-07,WK-25,25#电铲,2023,126.7,590,20.8
2024-05-07,WK-28,28#电铲,2016,142.0,484,19.1
2024-05-08,WK-10,10#电铲,2015,140.1,498,19.4
2024-05-08,WK-12,12#电铲,2018,130.2,525,19.0
2024-05-08,WK-15,15#电铲,2020,128.9,535,19.2
2024-05-08,WK-18,18#电铲,2022,124.0,538,18.5
2024-05-08,WK-20,20#电铲,2012,140.3,499,19.5
2024-05-08,WK-22,22#电铲,2019,123.2,610,20.9
2024-05-08,WK-25,25#电铲,2023,126.8,590,20.8
2024-05-08,WK-28,28#电铲,2016,141.0,488,19.1
2024-05-09,WK-10,10#电铲,2015,142.6,490,19.4
2024-05-09,WK-12,12#电铲,2018,127.6,535,19.0
2024-05-09,WK-15,15#电铲,2020,125.9,548,19.2
2024-05-09,WK-18,18#电铲,2022,122.8,543,18.5
2024-05-09,WK-20,20#电铲,2012,141.5,495,19.5
2024-05-09,WK-22,22#电铲,2019,127.0,592,20.9
2024-05-09,WK-25,25#电铲,2023,126.2,593,20.8
2024-05-09,WK-28,28#电铲,2016,142.8,481,19.1
2024-05-10,WK-10,10#电铲,2015,143.1,488,19.4
2024-05-10,WK-12,12#电铲,2018,128.7,531,19.0
2024-05-10,WK-15,15#电铲,2020,128.6,536,19.2
2024-05-10,WK-18,18#电铲,2022,123.7,539,18.5
2024-05-10,WK-20,20#电铲,2012,140.4,499,19.5
2024-05-10,WK-22,22#电铲,2019,125.9,597,20.9
2024-05-10,WK-25,25#电铲,2023,124.3,602,20.8
2024-05-10,WK-28,28#电铲,2016,142.4,483,19.1
2024-05-11,WK-10,10#电铲,2015,145.2,481,19.4
2024-05-11,WK-12,12#电铲,2018,127.2,537,19.0
2024-05-11,WK-15,15#电铲,2020,127.6,540,19.2
2024-05-11,WK-18,18#电铲,2022,124.5,536,18.5
2024-05-11,WK-20,20#电铲,2012,140.1,500,19.5
2024-05-11,WK-22,22#电铲,2019,124.5,604,20.9
2024-05-11,WK-25,25#电铲,2023,126.0,594,20.8
2024-05-11,WK-28,28#电铲,2016,141.5,486,19.1
2024-05-12,WK-10,10#电铲,2015,141.7,493,19.4
2024-05-12,WK-12,12#电铲,2018,127.9,534,19.0
2024-05-12,WK-15,15#电铲,2020,126.8,544,19.2
2024-05-12,WK-18,18#电铲,2022,123.5,540,18.5
2024-05-12,WK-20,20#电铲,2012,141.0,497,19.5
2024-05-12,WK-22,22#电铲,2019,127.6,590,20.9
2024-05-12,WK-25,25#电铲,2023,126.3,592,20.8
2024-05-12,WK-28,28#电铲,2016,141.5,486,19.1
2024-05-13,WK-10,10#电铲,2015,142.5,490,19.4
2024-05-13,WK-12,12#电铲,2018,127.4,536,19.0
2024-05-13,WK-15,15#电铲,2020,125.7,549,19.2
2024-05-13,WK-18,18#电铲,2022,124.6,535,18.5
2024-05-13,WK-20,20#电铲,2012,142.6,491,19.5
2024-05-13,WK-22,22#电铲,2019,128.3,586,20.9
2024-05-13,WK-25,25#电铲,2023,125.0,598,20.8
2024-05-13,WK-28,28#电铲,2016,142.8,481,19.1
2024-05-14,WK-10,10#电铲,2015,143.8,485,19.4
2024-05-14,WK-12,12#电铲,2018,127.7,535,19.0
2024-05-14,WK-15,15#电铲,2020,127.5,541,19.2
2024-05-14,WK-18,18#电铲,2022,122.0,547,18.5
2024-05-14,WK-20,20#电铲,2012,143.5,488,19.5
2024-05-14,WK-22,22#电铲,2019,125.5,599,20.9
2024-05-14,WK-25,25#电铲,2023,123.6,605,20.8
2024-05-14,WK-28,28#电铲,2016,142.9,481,19.1
2024-05-15,WK-10,10#电铲,2015,142.7,489,19.4
2024-05-15,WK-12,12#电铲,2018,127.4,536,19.0
2024-05-15,WK-15,15#电铲,2020,125.8,548,19.2
2024-05-15,WK-18,18#电铲,2022,125.4,532,18.5
2024-05-15,WK-20,20#电铲,2012,141.9,493,19.5
2024-05-15,WK-22,22#电铲,2019,124.8,602,20.9
2024-05-15,WK-25,25#电铲,2023,123.5,606,20.8
2024-05-15,WK-28,28#电铲,2016,144.2,477,19.1
2024-05-16,WK-10,10#电铲,2015,141.5,493,19.4
2024-05-16,WK-12,12#电铲,2018,126.8,539,19.0
2024-05-16,WK-15,15#电铲,2020,126.9,544,19.2
2024-05-16,WK-18,18#电铲,2022,126.0,529,18.5
2024-05-16,WK-20,20#电铲,2012,139.5,502,19.5
2024-05-16,WK-22,22#电铲,2019,125.4,600,20.9
2024-05-16,WK-25,25#电铲,2023,124.5,601,20.8
2024-05-16,WK-28,28#电铲,2016,142.3,483,19.1
2024-05-17,WK-10,10#电铲,2015,143.1,488,19.4
2024-05-17,WK-12,12#电铲,2018,130.5,523,19.0
2024-05-17,WK-15,15#电铲,2020,124.8,553,19.2
2024-05-17,WK-18,18#电铲,2022,123.7,539,18.5
2024-05-17,WK-20,20#电铲,2012,139.1,503,19.5
2024-05-17,WK-22,22#电铲,2019,129.1,582,20.9
2024-05-17,WK-25,25#电铲,2023,124.4,601,20.8
2024-05-17,WK-28,28#电铲,2016,142.1,484,19.1
2024-05-18,WK-10,10#电铲,2015,143.1,488,19.4
2024-05-18,WK-12,12#电铲,2018,131.5,519,19.0
2024-05-18,WK-15,15#电铲,2020,127.1,543,19.2
2024-05-18,WK-18,18#电铲,2022,123.6,540,18.5
2024-05-18,WK-20,20#电铲,2012,139.4,502,19.5
2024-05-18,WK-22,22#电铲,2019,126.3,595,20.9
2024-05-18,WK-25,25#电铲,2023,123.6,605,20.8
2024-05-18,WK-28,28#电铲,2016,140.7,489,19.1
2024-05-19,WK-10,10#电铲,2015,180.2,210,10.5
2024-05-19,WK-12,12#电铲,2018,131.3,520,19.0
2024-05-19,WK-15,15#电铲,2020,126.5,545,19.2
2024-05-19,WK-18,18#电铲,2022,124.0,538,18.5
2024-05-19,WK-20,20#电铲,2012,140.6,498,19.5
2024-05-19,WK-22,22#电铲,2019,126.2,596,20.9
2024-05-19,WK-25,25#电铲,2023,125.5,596,20.8
2024-05-19,WK-28,28#电铲,2016,141.6,485,19.1
2024-05-20,WK-10,10#电铲,2015,144.2,484,19.4
2024-05-20,WK-12,12#电铲,2018,129.3,528,19.0
2024-05-20,WK-15,15#电铲,2020,126.6,545,19.2
2024-05-20,WK-18,18#电铲,2022,124.7,535,18.5
2024-05-20,WK-20,20#电铲,2012,140.8,497,19.5
2024-05-20,WK-22,22#电铲,2019,127.9,588,20.9
2024-05-20,WK-25,25#电铲,2023,124.4,601,20.8
2024-05-20,WK-28,28#电铲,2016,141.5,486,19.1
2024-05-21,WK-10,10#电铲,2015,141.3,494,19.4
2024-05-21,WK-12,12#电铲,2018,127.2,537,19.0
2024-05-21,WK-15,15#电铲,2020,125.7,549,19.2
2024-05-21,WK-18,18#电铲,2022,125.9,530,18.5
2024-05-21,WK-20,20#电铲,2012,141.6,494,19.5
2024-05-21,WK-22,22#电铲,2019,125.7,598,20.9
2024-05-21,WK-25,25#电铲,2023,123.5,606,20.8
2024-05-21,WK-28,28#电铲,2016,141.8,485,19.1
2024-05-22,WK-10,10#电铲,2015,141.9,492,19.4
2024-05-22,WK-12,12#电铲,2018,126.3,541,19.0
2024-05-22,WK-15,15#电铲,2020,127.8,540,19.2
2024-05-22,WK-18,18#电铲,2022,123.4,541,18.5
2024-05-22,WK-20,20#电铲,2012,142.5,491,19.5
2024-05-22,WK-22,22#电铲,2019,127.3,591,20.9
2024-05-22,WK-25,25#电铲,2023,120.2,622,20.8
2024-05-22,WK-28,28#电铲,2016,142.5,482,19.1
2024-05-23,WK-10,10#电铲,2015,144.6,483,19.4
2024-05-23,WK-12,12#电铲,2018,126.6,539,19.0
2024-05-23,WK-15,15#电铲,2020,128.5,537,19.2
2024-05-23,WK-18,18#电铲,2022,122.6,544,18.5
2024-05-23,WK-20,20#电铲,2012,139.3,503,19.5
2024-05-23,WK-22,22#电铲,2019,127.6,589,20.9
2024-05-23,WK-25,25#电铲,2023,123.1,608,20.8
2024-05-23,WK-28,28#电铲,2016,143.4,480,19.1
2024-05-24,WK-10,10#电铲,2015,143.3,487,19.4
2024-05-24,WK-12,12#电铲,2018,126.9,538,19.0
2024-05-24,WK-15,15#电铲,2020,126.3,546,19.2
2024-05-24,WK-18,18#电铲,2022,189.0,182,9.6
2024-05-24,WK-20,20#电铲,2012,140.0,500,19.5
2024-05-24,WK-22,22#电铲,2019,126.9,592,20.9
2024-05-24,WK-25,25#电铲,2023,123.0,608,20.8
2024-05-24,WK-28,28#电铲,2016,140.5,490,19.1
2024-05-25,WK-10,10#电铲,2015,143.7,486,19.4
2024-05-25,WK-12,12#电铲,2018,128.2,533,19.0
2024-05-25,WK-15,15#电铲,2020,126.0,547,19.2
2024-05-25,WK-18,18#电铲,2022,119.8,557,18.5
2024-05-25,WK-20,20#电铲,2012,139.9,501,19.5
2024-05-25,WK-22,22#电铲,2019,126.3,595,20.9
2024-05-25,WK-25,25#电铲,2023,123.4,606,20.8
2024-05-25,WK-28,28#电铲,2016,140.8,488,19.1
2024-05-26,WK-10,10#电铲,2015,141.0,495,19.4
2024-05-26,WK-12,12#电铲,2018,126.2,541,19.0
2024-05-26,WK-15,15#电铲,2020,128.4,537,19.2
2024-05-26,WK-18,18#电铲,2022,121.6,549,18.5
2024-05-26,WK-20,20#电铲,2012,140.8,497,19.5
2024-05-26,WK-22,22#电铲,2019,123.2,610,20.9
2024-05-26,WK-25,25#电铲,2023,123.3,607,20.8
2024-05-26,WK-28,28#电铲,2016,141.7,485,19.1
2024-05-27,WK-10,10#电铲,2015,141.6,493,19.4
2024-05-27,WK-12,12#电铲,2018,125.9,542,19.0
2024-05-27,WK-15,15#电铲,2020,127.4,542,19.2
2024-05-27,WK-18,18#电铲,2022,122.1,546,18.5
2024-05-27,WK-20,20#电铲,2012,139.6,502,19.5
2024-05-27,WK-22,22#电铲,2019,126.1,597,20.9
2024-05-27,WK-25,25#电铲,2023,122.2,612,20.8
2024-05-27,WK-28,28#电铲,2016,140.9,488,19.1
2024-05-28,WK-10,10#电铲,2015,141.9,492,19.4
2024-05-28,WK-12,12#电铲,2018,128.7,530,19.0
2024-05-28,WK-15,15#电铲,2020,123.6,558,19.2
2024-05-28,WK-18,18#电铲,2022,121.4,549,18.5
2024-05-28,WK-20,20#电铲,2012,141.3,496,19.5
2024-05-28,WK-22,22#电铲,2019,127.2,591,20.9
2024-05-28,WK-25,25#电铲,2023,121.5,616,20.8
2024-05-28,WK-28,28#电铲,2016,144.8,475,19.1
2024-05-29,WK-10,10#电铲,2015,139.7,500,19.4
2024-05-29,WK-12,12#电铲,2018,128.9,530,19.0
2024-05-29,WK-15,15#电铲,2020,127.9,539,19.2
2024-05-29,WK-18,18#电铲,2022,121.7,548,18.5
2024-05-29,WK-20,20#电铲,2012,142.5,491,19.5
2024-05-29,WK-22,22#电铲,2019,122.4,614,20.9
2024-05-29,WK-25,25#电铲,2023,126.5,592,20.8
2024-05-29,WK-28,28#电铲,2016,142.9,481,19.1
2024-05-30,WK-10,10#电铲,2015,139.4,501,19.4
2024-05-30,WK-12,12#电铲,2018,127.0,538,19.0
2024-05-30,WK-15,15#电铲,2020,130.5,529,19.2
2024-05-30,WK-18,18#电铲,2022,122.6,544,18.5
2024-05-30,WK-20,20#电铲,2012,139.9,500,19.5
2024-05-30,WK-22,22#电铲,2019,123.4,609,20.9
2024-05-30,WK-25,25#电铲,2023,125.4,597,20.8
2024-05-30,WK-28,28#电铲,2016,140.7,489,19.1
2024-05-31,WK-10,10#电铲,2015,140.4,497,19.4
2024-05-31,WK-12,12#电铲,2018,127.8,534,19.0
2024-05-31,WK-15,15#电铲,2020,128.8,536,19.2
2024-05-31,WK-18,18#电铲,2022,120.3,554,18.5
2024-05-31,WK-20,20#电铲,2012,137.1,511,19.5
2024-05-31,WK-22,22#电铲,2019,123.1,611,20.9
2024-05-31,WK-25,25#电铲,2023,123.2,607,20.8
2024-05-31,WK-28,28#电铲,2016,142.1,484,19.1
2024-06-01,WK-10,10#电铲,2015,138.5,504,19.4
2024-06-01,WK-12,12#电铲,2018,127.2,537,19.0
2024-06-01,WK-15,15#电铲,2020,128.4,537,19.2
2024-06-01,WK-18,18#电铲,2022,120.7,553,18.5
2024-06-01,WK-20,20#电铲,2012,137.7,509,19.5
2024-06-01,WK-22,22#电铲,2019,127.2,591,20.9
2024-06-01,WK-25,25#电铲,2023,122.8,609,20.8
2024-06-01,WK-28,28#电铲,2016,141.6,486,19.1
2024-06-02,WK-10,10#电铲,2015,142.3,491,19.4
2024-06-02,WK-12,12#电铲,2018,128.1,533,19.0
2024-06-02,WK-15,15#电铲,2020,127.3,542,19.2
2024-06-02,WK-18,18#电铲,2022,122.8,543,18.5
2024-06-02,WK-20,20#电铲,2012,140.9,497,19.5
2024-06-02,WK-22,22#电铲,2019,128.3,586,20.9
2024-06-02,WK-25,25#电铲,2023,124.6,600,20.8
2024-06-02,WK-28,28#电铲,2016,140.5,489,19.1
2024-06-03,WK-10,10#电铲,2015,139.2,502,19.4
2024-06-03,WK-12,12#电铲,2018,126.8,539,19.0
2024-06-03,WK-15,15#电铲,2020,127.0,543,19.2
2024-06-03,WK-18,18#电铲,2022,124.1,537,18.5
2024-06-03,WK-20,20#电铲,2012,141.3,496,19.5
2024-06-03,WK-22,22#电铲,2019,127.5,590,20.9
2024-06-03,WK-25,25#电铲,2023,124.3,602,20.8
2024-06-03,WK-28,28#电铲,2016,141.4,486,19.1
2024-06-04,WK-10,10#电铲,2015,136.8,510,19.4
2024-06-04,WK-12,12#电铲,2018,125.5,544,19.0
2024-06-04,WK-15,15#电铲,2020,125.2,551,19.2
2024-06-04,WK-18,18#电铲,2022,126.6,527,18.5
2024-06-04,WK-20,20#电铲,2012,139.2,503,19.5
2024-06-04,WK-22,22#电铲,2019,127.1,592,20.9
2024-06-04,WK-25,25#电铲,2023,124.6,600,20.8
2024-06-04,WK-28,28#电铲,2016,143.3,480,19.1
2024-06-05,WK-10,10#电铲,2015,141.3,494,19.4
2024-06-05,WK-12,12#电铲,2018,124.3,549,19.0
2024-06-05,WK-15,15#电铲,2020,125.7,549,19.2
2024-06-05,WK-18,18#电铲,2022,127.0,525,18.5
2024-06-05,WK-20,20#电铲,2012,137.4,510,19.5
2024-06-05,WK-22,22#电铲,2019,127.3,591,20.9
2024-06-05,WK-25,25#电铲,2023,122.2,612,20.8
2024-06-05,WK-28,28#电铲,2016,143.3,480,19.1
2024-06-06,WK-10,10#电铲,2015,142.4,490,19.4
2024-06-06,WK-12,12#电铲,2018,121.6,562,19.0
2024-06-06,WK-15,15#电铲,2020,127.4,541,19.2
2024-06-06,WK-18,18#电铲,2022,123.6,540,18.5
2024-06-06,WK-20,20#电铲,2012,137.7,508,19.5
2024-06-06,WK-22,22#电铲,2019,126.3,595,20.9
2024-06-06,WK-25,25#电铲,2023,123.0,608,20.8
2024-06-06,WK-28,28#电铲,2016,142.7,482,19.1
2024-06-07,WK-10,10#电铲,2015,142.8,489,19.4
2024-06-07,WK-12,12#电铲,2018,123.5,553,19.0
2024-06-07,WK-15,15#电铲,2020,127.1,543,19.2
2024-06-07,WK-18,18#电铲,2022,121.7,548,18.5
2024-06-07,WK-20,20#电铲,2012,139.9,500,19.5
2024-06-07,WK-22,22#电铲,2019,124.5,604,20.9
2024-06-07,WK-25,25#电铲,2023,124.1,603,20.8
2024-06-07,WK-28,28#电铲,2016,141.7,485,19.1
2024-06-08,WK-10,10#电铲,2015,142.2,491,19.4
2024-06-08,WK-12,12#电铲,2018,126.0,542,19.0
2024-06-08,WK-15,15#电铲,2020,124.1,556,19.2
2024-06-08,WK-18,18#电铲,2022,122.3,546,18.5
2024-06-08,WK-20,20#电铲,2012,141.1,496,19.5
2024-06-08,WK-22,22#电铲,2019,126.1,597,20.9
2024-06-08,WK-25,25#电铲,2023,124.0,603,20.8
2024-06-08,WK-28,28#电铲,2016,139.3,494,19.1
2024-06-09,WK-10,10#电铲,2015,137.0,510,19.4
2024-06-09,WK-12,12#电铲,2018,124.0,550,19.0
2024-06-09,WK-15,15#电铲,2020,126.2,546,19.2
2024-06-09,WK-18,18#电铲,2022,120.5,553,18.5
2024-06-09,WK-20,20#电铲,2012,138.5,506,19.5
2024-06-09,WK-22,22#电铲,2019,128.4,586,20.9
2024-06-09,WK-25,25#电铲,2023,124.8,599,20.8
2024-06-09,WK-28,28#电铲,2016,137.5,500,19.1
2024-06-10,WK-10,10#电铲,2015,139.3,501,19.4
2024-06-10,WK-12,12#电铲,2018,123.7,552,19.0
2024-06-10,WK-15,15#电铲,2020,125.6,549,19.2
2024-06-10,WK-18,18#电铲,2022,119.8,557,18.5
2024-06-10,WK-20,20#电铲,2012,138.4,506,19.5
2024-06-10,WK-22,22#电铲,2019,129.6,580,20.9
2024-06-10,WK-25,25#电铲,2023,122.4,611,20.8
2024-06-10,WK-28,28#电铲,2016,137.6,500,19.1
2024-06-11,WK-10,10#电铲,2015,138.4,505,19.4
2024-06-11,WK-12,12#电铲,2018,123.3,554,19.0
2024-06-11,WK-15,15#电铲,2020,127.0,543,19.2
2024-06-11,WK-18,18#电铲,2022,121.7,548,18.5
2024-06-11,WK-20,20#电铲,2012,139.5,502,19.5
2024-06-11,WK-22,22#电铲,2019,128.4,586,20.9
2024-06-11,WK-25,25#电铲,2023,126.0,594,20.8
2024-06-11,WK-28,28#电铲,2016,139.6,493,19.1
2024-06-12,WK-10,10#电铲,2015,139.2,501,19.4
2024-06-12,WK-12,12#电铲,2018,123.4,553,19.0
2024-06-12,WK-15,15#电铲,2020,125.0,552,19.2
2024-06-12,WK-18,18#电铲,2022,121.9,547,18.5
2024-06-12,WK-20,20#电铲,2012,138.4,506,19.5
2024-06-12,WK-22,22#电铲,2019,126.8,593,20.9
2024-06-12,WK-25,25#电铲,2023,125.5,596,20.8
2024-06-12,WK-28,28#电铲,2016,139.6,492,19.1
2024-06-13,WK-10,10#电铲,2015,140.7,496,19.4
2024-06-13,WK-12,12#电铲,2018,124.6,548,19.0
2024-06-13,WK-15,15#电铲,2020,127.0,543,19.2
2024-06-13,WK-18,18#电铲,2022,122.7,544,18.5
2024-06-13,WK-20,20#电铲,2012,138.0,507,19.5
2024-06-13,WK-22,22#电铲,2019,125.4,600,20.9
2024-06-13,WK-25,25#电铲,2023,124.3,602,20.8
2024-06-13,WK-28,28#电铲,2016,139.4,493,19.1
2024-06-14,WK-10,10#电铲,2015,137.8,507,19.4
2024-06-14,WK-12,12#电铲,2018,123.6,552,19.0
2024-06-14,WK-15,15#电铲,2020,123.4,559,19.2
2024-06-14,WK-18,18#电铲,2022,122.7,543,18.5
2024-06-14,WK-20,20#电铲,2012,140.6,498,19.5
2024-06-14,WK-22,22#电铲,2019,124.6,603,20.9
2024-06-14,WK-25,25#电铲,2023,124.0,603,20.8
2024-06-14,WK-28,28#电铲,2016,141.9,485,19.1
2024-06-15,WK-10,10#电铲,2015,140.2,498,19.4
2024-06-15,WK-12,12#电铲,2018,127.6,535,19.0
2024-06-15,WK-15,15#电铲,2020,124.4,555,19.2
2024-06-15,WK-18,18#电铲,2022,123.2,541,18.5
2024-06-15,WK-20,20#电铲,2012,138.4,506,19.5
2024-06-15,WK-22,22#电铲,2019,124.2,606,20.9
2024-06-15,WK-25,25#电铲,2023,122.6,610,20.8
2024-06-15,WK-28,28#电铲,2016,139.9,491,19.1
2024-06-16,WK-10,10#电铲,2015,142.2,491,19.4
2024-06-16,WK-12,12#电铲,2018,126.4,540,19.0
2024-06-16,WK-15,15#电铲,2020,126.1,547,19.2
2024-06-16,WK-18,18#电铲,2022,119.8,557,18.5
2024-06-16,WK-20,20#电铲,2012,138.0,507,19.5
2024-06-16,WK-22,22#电铲,2019,123.1,611,20.9
2024-06-16,WK-25,25#电铲,2023,122.8,609,20.8
2024-06-16,WK-28,28#电铲,2016,143.1,481,19.1
2024-06-17,WK-10,10#电铲,2015,138.5,504,19.4
2024-06-17,WK-12,12#电铲,2018,127.8,534,19.0
2024-06-17,WK-15,15#电铲,2020,127.2,542,19.2
2024-06-17,WK-18,18#电铲,2022,120.4,554,18.5
2024-06-17,WK-20,20#电铲,2012,140.0,500,19.5
2024-06-17,WK-22,22#电铲,2019,124.3,605,20.9
2024-06-17,WK-25,25#电铲,2023,122.3,612,20.8
2024-06-17,WK-28,28#电铲,2016,141.2,487,19.1
2024-06-18,WK-10,10#电铲,2015,134.9,518,19.4
2024-06-18,WK-12,12#电铲,2018,124.6,548,19.0
2024-06-18,WK-15,15#电铲,2020,125.2,551,19.2
2024-06-18,WK-18,18#电铲,2022,122.1,546,18.5
2024-06-18,WK-20,20#电铲,2012,141.6,495,19.5
2024-06-18,WK-22,22#电铲,2019,127.0,592,20.9
2024-06-18,WK-25,25#电铲,2023,123.4,606,20.8
2024-06-18,WK-28,28#电铲,2016,140.4,490,19.1
2024-06-19,WK-10,10#电铲,2015,141.0,495,19.4
2024-06-19,WK-12,12#电铲,2018,125.4,545,19.0
2024-06-19,WK-15,15#电铲,2020,126.8,544,19.2
2024-06-19,WK-18,18#电铲,2022,119.1,560,18.5
2024-06-19,WK-20,20#电铲,2012,141.0,497,19.5
2024-06-19,WK-22,22#电铲,2019,122.1,616,20.9
2024-06-19,WK-25,25#电铲,2023,124.3,602,20.8
2024-06-19,WK-28,28#电铲,2016,140.1,491,19.1
2024-06-20,WK-10,10#电铲,2015,141.4,494,19.4
2024-06-20,WK-12,12#电铲,2018,124.4,549,19.0
2024-06-20,WK-15,15#电铲,2020,126.6,545,19.2
2024-06-20,WK-18,18#电铲,2022,121.2,550,18.5
2024-06-20,WK-20,20#电铲,2012,138.3,506,19.5
2024-06-20,WK-22,22#电铲,2019,124.0,606,20.9
2024-06-20,WK-25,25#电铲,2023,124.1,603,20.8
2024-06-20,WK-28,28#电铲,2016,138.4,497,19.1
2024-06-21,WK-10,10#电铲,2015,138.9,503,19.4
2024-06-21,WK-12,12#电铲,2018,120.7,566,19.0
2024-06-21,WK-15,15#电铲,2020,126.5,545,19.2
2024-06-21,WK-18,18#电铲,2022,121.1,551,18.5
2024-06-21,WK-20,20#电铲,2012,138.5,506,19.5
2024-06-21,WK-22,22#电铲,2019,124.4,605,20.9
2024-06-21,WK-25,25#电铲,2023,123.0,608,20.8
2024-06-21,WK-28,28#电铲,2016,138.1,498,19.1
2024-06-22,WK-10,10#电铲,2015,139.8,499,19.4
2024-06-22,WK-12,12#电铲,2018,124.8,547,19.0
2024-06-22,WK-15,15#电铲,2020,125.9,548,19.2
2024-06-22,WK-18,18#电铲,2022,120.1,555,18.5
2024-06-22,WK-20,20#电铲,2012,138.8,505,19.5
2024-06-22,WK-22,22#电铲,2019,126.4,595,20.9
2024-06-22,WK-25,25#电铲,2023,121.1,618,20.8
2024-06-22,WK-28,28#电铲,2016,138.2,497,19.1
2024-06-23,WK-10,10#电铲,2015,136.6,511,19.4
2024-06-23,WK-12,12#电铲,2018,126.9,538,19.0
2024-06-23,WK-15,15#电铲,2020,128.7,536,19.2
2024-06-23,WK-18,18#电铲,2022,121.9,547,18.5
2024-06-23,WK-20,20#电铲,2012,140.5,498,19.5
2024-06-23,WK-22,22#电铲,2019,129.2,582,20.9
2024-06-23,WK-25,25#电铲,2023,121.7,614,20.8
2024-06-23,WK-28,28#电铲,2016,137.2,501,19.1
2024-06-24,WK-10,10#电铲,2015,136.4,512,19.4
2024-06-24,WK-12,12#电铲,2018,126.7,539,19.0
2024-06-24,WK-15,15#电铲,2020,127.0,543,19.2
2024-06-24,WK-18,18#电铲,2022,120.6,553,18.5
2024-06-24,WK-20,20#电铲,2012,138.2,507,19.5
2024-06-24,WK-22,22#电铲,2019,127.7,589,20.9
2024-06-24,WK-25,25#电铲,2023,119.7,625,20.8
2024-06-24,WK-28,28#电铲,2016,140.3,490,19.1
2024-06-25,WK-10,10#电铲,2015,139.4,501,19.4
2024-06-25,WK-12,12#电铲,2018,125.7,543,19.0
2024-06-25,WK-15,15#电铲,2020,126.3,546,19.2
2024-06-25,WK-18,18#电铲,2022,120.0,556,18.5
2024-06-25,WK-20,20#电铲,2012,140.4,499,19.5
2024-06-25,WK-22,22#电铲,2019,128.1,587,20.9
2024-06-25,WK-25,25#电铲,2023,187.3,198,10.3
2024-06-25,WK-28,28#电铲,2016,140.3,490,19.1
2024-06-26,WK-10,10#电铲,2015,138.8,503,19.4
2024-06-26,WK-12,12#电铲,2018,124.2,550,19.0
2024-06-26,WK-15,15#电铲,2020,126.9,543,19.2
2024-06-26,WK-18,18#电铲,2022,121.2,550,18.5
2024-06-26,WK-20,20#电铲,2012,139.5,502,19.5
2024-06-26,WK-22,22#电铲,2019,126.8,593,20.9
2024-06-26,WK-25,25#电铲,2023,123.3,607,20.8
2024-06-26,WK-28,28#电铲,2016,142.7,482,19.1
2024-06-27,WK-10,10#电铲,2015,139.2,502,19.4
2024-06-27,WK-12,12#电铲,2018,123.7,552,19.0
2024-06-27,WK-15,15#电铲,2020,125.1,551,19.2
2024-06-27,WK-18,18#电铲,2022,121.2,550,18.5
2024-06-27,WK-20,20#电铲,2012,135.7,516,19.5
2024-06-27,WK-22,22#电铲,2019,126.1,596,20.9
2024-06-27,WK-25,25#电铲,2023,121.6,615,20.8
2024-06-27,WK-28,28#电铲,2016,139.9,491,19.1
2024-06-28,WK-10,10#电铲,2015,137.7,507,19.4
2024-06-28,WK-12,12#电铲,2018,125.1,546,19.0
2024-06-28,WK-15,15#电铲,2020,125.9,548,19.2
2024-06-28,WK-18,18#电铲,2022,122.0,547,18.5
2024-06-28,WK-20,20#电铲,2012,139.5,502,19.5
2024-06-28,WK-22,22#电铲,2019,124.9,602,20.9
2024-06-28,WK-25,25#电铲,2023,122.2,612,20.8
2024-06-28,WK-28,28#电铲,2016,139.7,492,19.1
2024-06-29,WK-10,10#电铲,2015,140.5,497,19.4
2024-06-29,WK-12,12#电铲,2018,126.5,540,19.0
2024-06-29,WK-15,15#电铲,2020,128.3,538,19.2
2024-06-29,WK-18,18#电铲,2022,120.6,553,18.5
2024-06-29,WK-20,20#电铲,2012,140.5,498,19.5
2024-06-29,WK-22,22#电铲,2019,124.3,605,20.9
2024-06-29,WK-25,25#电铲,2023,124.0,603,20.8
2024-06-29,WK-28,28#电铲,2016,139.3,494,19.1
2024-06-30,WK-10,10#电铲,2015,140.3,497,19.4
2024-06-30,WK-12,12#电铲,2018,123.1,555,19.0
2024-06-30,WK-15,15#电铲,2020,126.2,547,19.2
2024-06-30,WK-18,18#电铲,2022,123.1,542,18.5
2024-06-30,WK-20,20#电铲,2012,138.1,507,19.5
2024-06-30,WK-22,22#电铲,2019,123.5,609,20.9
2024-06-30,WK-25,25#电铲,2023,124.5,601,20.8
2024-06-30,WK-28,28#电铲,2016,141.1,487,19.1
2024-07-01,WK-10,10#电铲,2015,142.3,491,19.4
2024-07-01,WK-12,12#电铲,2018,122.8,556,19.0
2024-07-01,WK-15,15#电铲,2020,122.7,562,19.2
2024-07-01,WK-18,18#电铲,2022,121.1,551,18.5
2024-07-01,WK-20,20#电铲,2012,138.1,507,19.5
2024-07-01,WK-22,22#电铲,2019,123.0,612,20.9
2024-07-01,WK-25,25#电铲,2023,122.8,609,20.8
2024-07-01,WK-28,28#电铲,2016,142.4,483,19.1
2024-07-02,WK-10,10#电铲,2015,141.5,494,19.4
2024-07-02,WK-12,12#电铲,2018,125.7,543,19.0
2024-07-02,WK-15,15#电铲,2020,122.5,563,19.2
2024-07-02,WK-18,18#电铲,2022,120.2,555,18.5
2024-07-02,WK-20,20#电铲,2012,141.6,494,19.5
2024-07-02,WK-22,22#电铲,2019,121.1,621,20.9
2024-07-02,WK-25,25#电铲,2023,123.4,606,20.8
2024-07-02,WK-28,28#电铲,2016,141.9,485,19.1
2024-07-03,WK-10,10#电铲,2015,140.6,497,19.4
2024-07-03,WK-12,12#电铲,2018,123.6,552,19.0
2024-07-03,WK-15,15#电铲,2020,166.5,172,8.0
2024-07-03,WK-18,18#电铲,2022,118.9,561,18.5
2024-07-03,WK-20,20#电铲,2012,140.1,500,19.5
2024-07-03,WK-22,22#电铲,2019,121.4,619,20.9
2024-07-03,WK-25,25#电铲,2023,123.2,607,20.8
2024-07-03,WK-28,28#电铲,2016,138.8,495,19.1
2024-07-04,WK-10,10#电铲,2015,139.2,501,19.4
2024-07-04,WK-12,12#电铲,2018,122.6,557,19.0
2024-07-04,WK-15,15#电铲,2020,122.7,562,19.2
2024-07-04,WK-18,18#电铲,2022,119.2,560,18.5
2024-07-04,WK-20,20#电铲,2012,138.6,505,19.5
2024-07-04,WK-22,22#电铲,2019,124.1,606,20.9
2024-07-04,WK-25,25#电铲,2023,124.5,601,20.8
2024-07-04,WK-28,28#电铲,2016,138.1,498,19.1
2024-07-05,WK-10,10#电铲,2015,138.9,503,19.4
2024-07-05,WK-12,12#电铲,2018,124.6,548,19.0
2024-07-05,WK-15,15#电铲,2020,125.6,549,19.2
2024-07-05,WK-18,18#电铲,2022,121.2,550,18.5
2024-07-05,WK-20,20#电铲,2012,140.3,499,19.5
2024-07-05,WK-22,22#电铲,2019,122.5,614,20.9
2024-07-05,WK-25,25#电铲,2023,123.4,606,20.8
2024-07-05,WK-28,28#电铲,2016,136.8,503,19.1
2024-07-06,WK-10,10#电铲,2015,138.6,504,19.4
2024-07-06,WK-12,12#电铲,2018,122.0,560,19.0
2024-07-06,WK-15,15#电铲,2020,125.3,551,19.2
2024-07-06,WK-18,18#电铲,2022,120.6,553,18.5
2024-07-06,WK-20,20#电铲,2012,138.4,506,19.5
2024-07-06,WK-22,22#电铲,2019,122.2,616,20.9
2024-07-06,WK-25,25#电铲,2023,120.4,622,20.8
2024-07-06,WK-28,28#电铲,2016,137.7,499,19.1
2024-07-07,WK-10,10#电铲,2015,140.0,499,19.4
2024-07-07,WK-12,12#电铲,2018,123.3,554,19.0
2024-07-07,WK-15,15#电铲,2020,124.0,556,19.2
2024-07-07,WK-18,18#电铲,2022,120.8,552,18.5
2024-07-07,WK-20,20#电铲,2012,139.2,503,19.5
2024-07-07,WK-22,22#电铲,2019,122.8,613,20.9
2024-07-07,WK-25,25#电铲,2023,121.1,618,20.8
2024-07-07,WK-28,28#电铲,2016,138.4,497,19.1
2024-07-08,WK-10,10#电铲,2015,139.4,501,19.4
2024-07-08,WK-12,12#电铲,2018,123.5,553,19.0
2024-07-08,WK-15,15#电铲,2020,121.6,567,19.2
2024-07-08,WK-18,18#电铲,2022,118.5,563,18.5
2024-07-08,WK-20,20#电铲,2012,139.6,502,19.5
2024-07-08,WK-22,22#电铲,2019,122.0,616,20.9
2024-07-08,WK-25,25#电铲,2023,118.5,631,20.8
2024-07-08,WK-28,28#电铲,2016,137.5,500,19.1
2024-07-09,WK-10,10#电铲,2015,137.8,507,19.4
2024-07-09,WK-12,12#电铲,2018,122.7,556,19.0
2024-07-09,WK-15,15#电铲,2020,123.7,557,19.2
2024-07-09,WK-18,18#电铲,2022,119.0,560,18.5
2024-07-09,WK-20,20#电铲,2012,136.8,512,19.5
2024-07-09,WK-22,22#电铲,2019,120.9,622,20.9
2024-07-09,WK-25,25#电铲,2023,120.8,619,20.8
2024-07-09,WK-28,28#电铲,2016,138.6,496,19.1
2024-07-10,WK-10,10#电铲,2015,137.4,508,19.4
2024-07-10,WK-12,12#电铲,2018,122.9,555,19.0
2024-07-10,WK-15,15#电铲,2020,123.3,559,19.2
2024-07-10,WK-18,18#电铲,2022,117.3,568,18.5
2024-07-10,WK-20,20#电铲,2012,136.1,514,19.5
2024-07-10,WK-22,22#电铲,2019,123.5,609,20.9
2024-07-10,WK-25,25#电铲,2023,121.3,617,20.8
2024-07-10,WK-28,28#电铲,2016,139.1,494,19.1
2024-07-11,WK-10,10#电铲,2015,135.5,515,19.4
2024-07-11,WK-12,12#电铲,2018,121.6,562,19.0
2024-07-11,WK-15,15#电铲,2020,123.9,557,19.2
2024-07-11,WK-18,18#电铲,2022,119.6,558,18.5
2024-07-11,WK-20,20#电铲,2012,134.9,519,19.5
2024-07-11,WK-22,22#电铲,2019,123.7,608,20.9
2024-07-11,WK-25,25#电铲,2023,122.2,612,20.8
2024-07-11,WK-28,28#电铲,2016,140.5,489,19.1
2024-07-12,WK-10,10#电铲,2015,182.9,167,8.5
2024-07-12,WK-12,12#电铲,2018,120.9,565,19.0
2024-07-12,WK-15,15#电铲,2020,122.9,561,19.2
2024-07-12,WK-18,18#电铲,2022,122.4,545,18.5
2024-07-12,WK-20,20#电铲,2012,135.5,517,19.5
2024-07-12,WK-22,22#电铲,2019,124.7,603,20.9
2024-07-12,WK-25,25#电铲,2023,121.0,618,20.8
2024-07-12,WK-28,28#电铲,2016,141.3,487,19.1
2024-07-13,WK-10,10#电铲,2015,136.2,513,19.4
2024-07-13,WK-12,12#电铲,2018,126.2,541,19.0
2024-07-13,WK-15,15#电铲,2020,124.7,553,19.2
2024-07-13,WK-18,18#电铲,2022,121.1,551,18.5
2024-07-13,WK-20,20#电铲,2012,137.9,508,19.5
2024-07-13,WK-22,22#电铲,2019,122.8,613,20.9
2024-07-13,WK-25,25#电铲,2023,119.6,626,20.8
2024-07-13,WK-28,28#电铲,2016,136.8,503,19.1
2024-07-14,WK-10,10#电铲,2015,134.7,518,19.4
2024-07-14,WK-12,12#电铲,2018,125.1,546,19.0
2024-07-14,WK-15,15#电铲,2020,125.9,548,19.2
2024-07-14,WK-18,18#电铲,2022,119.6,558,18.5
2024-07-14,WK-20,20#电铲,2012,138.0,507,19.5
2024-07-14,WK-22,22#电铲,2019,123.4,610,20.9
2024-07-14,WK-25,25#电铲,2023,119.4,626,20.8
2024-07-14,WK-28,28#电铲,2016,137.7,499,19.1
2024-07-15,WK-10,10#电铲,2015,137.1,509,19.4
2024-07-15,WK-12,12#电铲,2018,124.0,550,19.0
2024-07-15,WK-15,15#电铲,2020,123.8,557,19.2
2024-07-15,WK-18,18#电铲,2022,120.6,553,18.5
2024-07-15,WK-20,20#电铲,2012,136.6,513,19.5
2024-07-15,WK-22,22#电铲,2019,124.8,603,20.9
2024-07-15,WK-25,25#电铲,2023,122.5,611,20.8
2024-07-15,WK-28,28#电铲,2016,136.3,504,19.1
2024-07-16,WK-10,10#电铲,2015,136.2,513,19.4
2024-07-16,WK-12,12#电铲,2018,123.3,554,19.0
2024-07-16,WK-15,15#电铲,2020,123.5,558,19.2
2024-07-16,WK-18,18#电铲,2022,117.8,566,18.5
2024-07-16,WK-20,20#电铲,2012,138.8,504,19.5
2024-07-16,WK-22,22#电铲,2019,124.0,606,20.9
2024-07-16,WK-25,25#电铲,2023,120.5,621,20.8
2024-07-16,WK-28,28#电铲,2016,136.9,502,19.1
2024-07-17,WK-10,10#电铲,2015,139.1,502,19.4
2024-07-17,WK-12,12#电铲,2018,123.0,555,19.0
2024-07-17,WK-15,15#电铲,2020,121.4,568,19.2
2024-07-17,WK-18,18#电铲,2022,117.9,566,18.5
2024-07-17,WK-20,20#电铲,2012,140.8,497,19.5
2024-07-17,WK-22,22#电铲,2019,123.0,612,20.9
2024-07-17,WK-25,25#电铲,2023,119.1,628,20.8
2024-07-17,WK-28,28#电铲,2016,139.6,493,19.1
2024-07-18,WK-10,10#电铲,2015,140.4,497,19.4
2024-07-18,WK-12,12#电铲,2018,125.8,543,19.0
2024-07-18,WK-15,15#电铲,2020,122.1,565,19.2
2024-07-18,WK-18,18#电铲,2022,120.3,554,18.5
2024-07-18,WK-20,20#电铲,2012,136.6,513,19.5
2024-07-18,WK-22,22#电铲,2019,122.8,612,20.9
2024-07-18,WK-25,25#电铲,2023,120.0,623,20.8
2024-07-18,WK-28,28#电铲,2016,139.8,492,19.1
2024-07-19,WK-10,10#电铲,2015,135.9,514,19.4
2024-07-19,WK-12,12#电铲,2018,124.9,547,19.0
2024-07-19,WK-15,15#电铲,2020,120.7,572,19.2
2024-07-19,WK-18,18#电铲,2022,119.2,560,18.5
2024-07-19,WK-20,20#电铲,2012,136.1,514,19.5
2024-07-19,WK-22,22#电铲,2019,121.9,617,20.9
2024-07-19,WK-25,25#电铲,2023,118.8,630,20.8
2024-07-19,WK-28,28#电铲,2016,136.8,503,19.1
2024-07-20,WK-10,10#电铲,2015,137.6,507,19.4
2024-07-20,WK-12,12#电铲,2018,122.0,560,19.0
2024-07-20,WK-15,15#电铲,2020,123.4,559,19.2
2024-07-20,WK-18,18#电铲,2022,120.0,556,18.5
2024-07-20,WK-20,20#电铲,2012,136.6,512,19.5
2024-07-20,WK-22,22#电铲,2019,122.5,614,20.9
2024-07-20,WK-25,25#电铲,2023,119.7,625,20.8
2024-07-20,WK-28,28#电铲,2016,136.3,505,19.1
2024-07-21,WK-10,10#电铲,2015,136.8,510,19.4
2024-07-21,WK-12,12#电铲,2018,120.7,566,19.0
2024-07-21,WK-15,15#电铲,2020,123.4,559,19.2
2024-07-21,WK-18,18#电铲,2022,116.3,574,18.5
2024-07-21,WK-20,20#电铲,2012,137.8,508,19.5
2024-07-21,WK-22,22#电铲,2019,121.4,619,20.9
2024-07-21,WK-25,25#电铲,2023,118.5,631,20.8
2024-07-21,WK-28,28#电铲,2016,138.9,495,19.1
2024-07-22,WK-10,10#电铲,2015,134.4,520,19.4
2024-07-22,WK-12,12#电铲,2018,121.5,562,19.0
2024-07-22,WK-15,15#电铲,2020,124.0,556,19.2
2024-07-22,WK-18,18#电铲,2022,119.6,558,18.5
2024-07-22,WK-20,20#电铲,2012,135.8,515,19.5
2024-07-22,WK-22,22#电铲,2019,121.3,620,20.9
2024-07-22,WK-25,25#电铲,2023,120.4,621,20.8
2024-07-22,WK-28,28#电铲,2016,139.9,491,19.1
2024-07-23,WK-10,10#电铲,2015,136.4,512,19.4
2024-07-23,WK-12,12#电铲,2018,122.9,556,19.0
2024-07-23,WK-15,15#电铲,2020,122.7,562,19.2
2024-07-23,WK-18,18#电铲,2022,119.6,558,18.5
2024-07-23,WK-20,20#电铲,2012,135.5,517,19.5
2024-07-23,WK-22,22#电铲,2019,122.5,614,20.9
2024-07-23,WK-25,25#电铲,2023,120.2,623,20.8
2024-07-23,WK-28,28#电铲,2016,140.0,491,19.1
2024-07-24,WK-10,10#电铲,2015,139.2,501,19.4
2024-07-24,WK-12,12#电铲,2018,122.0,560,19.0
2024-07-24,WK-15,15#电铲,2020,123.3,560,19.2
2024-07-24,WK-18,18#电铲,2022,120.0,556,18.5
2024-07-24,WK-20,20#电铲,2012,134.0,522,19.5
2024-07-24,WK-22,22#电铲,2019,123.2,610,20.9
2024-07-24,WK-25,25#电铲,2023,118.7,630,20.8
2024-07-24,WK-28,28#电铲,2016,137.4,500,19.1
2024-07-25,WK-10,10#电铲,2015,139.4,501,19.4
2024-07-25,WK-12,12#电铲,2018,122.5,557,19.0
2024-07-25,WK-15,15#电铲,2020,124.5,554,19.2
2024-07-25,WK-18,18#电铲,2022,119.4,559,18.5
2024-07-25,WK-20,20#电铲,2012,134.3,521,19.5
2024-07-25,WK-22,22#电铲,2019,123.4,610,20.9
2024-07-25,WK-25,25#电铲,2023,118.2,633,20.8
2024-07-25,WK-28,28#电铲,2016,137.9,499,19.1
2024-07-26,WK-10,10#电铲,2015,136.6,511,19.4
2024-07-26,WK-12,12#电铲,2018,123.6,552,19.0
2024-07-26,WK-15,15#电铲,2020,122.8,562,19.2
2024-07-26,WK-18,18#电铲,2022,119.2,560,18.5
2024-07-26,WK-20,20#电铲,2012,135.1,518,19.5
2024-07-26,WK-22,22#电铲,2019,123.1,611,20.9
2024-07-26,WK-25,25#电铲,2023,117.8,635,20.8
2024-07-26,WK-28,28#电铲,2016,136.5,504,19.1
2024-07-27,WK-10,10#电铲,2015,138.9,503,19.4
2024-07-27,WK-12,12#电铲,2018,121.5,562,19.0
2024-07-27,WK-15,15#电铲,2020,124.5,554,19.2
2024-07-27,WK-18,18#电铲,2022,118.0,565,18.5
2024-07-27,WK-20,20#电铲,2012,139.4,502,19.5
2024-07-27,WK-22,22#电铲,2019,121.6,618,20.9
2024-07-27,WK-25,25#电铲,2023,120.6,620,20.8
2024-07-27,WK-28,28#电铲,2016,136.5,504,19.1
2024-07-28,WK-10,10#电铲,2015,138.9,503,19.4
2024-07-28,WK-12,12#电铲,2018,120.1,568,19.0
2024-07-28,WK-15,15#电铲,2020,125.0,552,19.2
2024-07-28,WK-18,18#电铲,2022,119.5,558,18.5
2024-07-28,WK-20,20#电铲,2012,138.4,506,19.5
2024-07-28,WK-22,22#电铲,2019,118.3,636,20.9
2024-07-28,WK-25,25#电铲,2023,121.3,617,20.8
2024-07-28,WK-28,28#电铲,2016,136.7,503,19.1
2024-07-29,WK-10,10#电铲,2015,135.7,515,19.4
2024-07-29,WK-12,12#电铲,2018,120.1,568,19.0
2024-07-29,WK-15,15#电铲,2020,123.2,560,19.2
2024-07-29,WK-18,18#电铲,2022,121.8,548,18.5
2024-07-29,WK-20,20#电铲,2012,134.6,520,19.5
2024-07-29,WK-22,22#电铲,2019,120.1,626,20.9
2024-07-29,WK-25,25#电铲,2023,119.1,628,20.8
2024-07-29,WK-28,28#电铲,2016,135.9,506,19.1
2024-07-30,WK-10,10#电铲,2015,135.1,517,19.4
2024-07-30,WK-12,12#电铲,2018,125.8,543,19.0
2024-07-30,WK-15,15#电铲,2020,119.5,577,19.2
2024-07-30,WK-18,18#电铲,2022,121.3,550,18.5
2024-07-30,WK-20,20#电铲,2012,136.6,513,19.5
2024-07-30,WK-22,22#电铲,2019,120.9,622,20.9
2024-07-30,WK-25,25#电铲,2023,119.2,628,20.8
2024-07-30,WK-28,28#电铲,2016,137.2,501,19.1
2024-07-31,WK-10,10#电铲,2015,138.9,503,19.4
2024-07-31,WK-12,12#电铲,2018,123.5,553,19.0
2024-07-31,WK-15,15#电铲,2020,119.5,577,19.2
2024-07-31,WK-18,18#电铲,2022,118.7,562,18.5
2024-07-31,WK-20,20#电铲,2012,134.0,522,19.5
2024-07-31,WK-22,22#电铲,2019,210.2,141,8.2
2024-07-31,WK-25,25#电铲,2023,121.3,617,20.8
2024-07-31,WK-28,28#电铲,2016,139.8,492,19.1
2024-08-01,WK-10,10#电铲,2015,139.6,500,19.4
2024-08-01,WK-12,12#电铲,2018,122.0,560,19.0
2024-08-01,WK-15,15#电铲,2020,119.7,576,19.2
2024-08-01,WK-18,18#电铲,2022,118.2,564,18.5
2024-08-01,WK-20,20#电铲,2012,134.5,520,19.5
2024-08-01,WK-22,22#电铲,2019,121.7,618,20.9
2024-08-01,WK-25,25#电铲,2023,120.5,621,20.8
2024-08-01,WK-28,28#电铲,2016,139.9,492,19.1
2024-08-02,WK-10,10#电铲,2015,139.9,499,19.4
2024-08-02,WK-12,12#电铲,2018,122.2,559,19.0
2024-08-02,WK-15,15#电铲,2020,119.9,575,19.2
2024-08-02,WK-18,18#电铲,2022,119.0,561,18.5
2024-08-02,WK-20,20#电铲,2012,133.7,524,19.5
2024-08-02,WK-22,22#电铲,2019,121.9,617,20.9
2024-08-02,WK-25,25#电铲,2023,120.9,619,20.8
2024-08-02,WK-28,28#电铲,2016,135.9,506,19.1
2024-08-03,WK-10,10#电铲,2015,139.5,500,19.4
2024-08-03,WK-12,12#电铲,2018,123.0,555,19.0
2024-08-03,WK-15,15#电铲,2020,118.7,581,19.2
2024-08-03,WK-18,18#电铲,2022,117.3,569,18.5
2024-08-03,WK-20,20#电铲,2012,134.3,521,19.5
2024-08-03,WK-22,22#电铲,2019,120.0,627,20.9
2024-08-03,WK-25,25#电铲,2023,117.5,637,20.8
2024-08-03,WK-28,28#电铲,2016,134.7,510,19.1
2024-08-04,WK-10,10#电铲,2015,139.6,500,19.4
2024-08-04,WK-12,12#电铲,2018,123.9,551,19.0
2024-08-04,WK-15,15#电铲,2020,119.2,579,19.2
2024-08-04,WK-18,18#电铲,2022,118.9,561,18.5
2024-08-04,WK-20,20#电铲,2012,133.3,525,19.5
2024-08-04,WK-22,22#电铲,2019,118.8,633,20.9
2024-08-04,WK-25,25#电铲,2023,119.9,624,20.8
2024-08-04,WK-28,28#电铲,2016,136.5,504,19.1
2024-08-05,WK-10,10#电铲,2015,135.8,514,19.4
2024-08-05,WK-12,12#电铲,2018,122.6,557,19.0
2024-08-05,WK-15,15#电铲,2020,122.1,565,19.2
2024-08-05,WK-18,18#电铲,2022,118.1,565,18.5
2024-08-05,WK-20,20#电铲,2012,132.1,530,19.5
2024-08-05,WK-22,22#电铲,2019,119.5,629,20.9
2024-08-05,WK-25,25#电铲,2023,118.2,633,20.8
2024-08-05,WK-28,28#电铲,2016,136.5,504,19.1
2024-08-06,WK-10,10#电铲,2015,134.4,519,19.4
2024-08-06,WK-12,12#电铲,2018,122.0,560,19.0
2024-08-06,WK-15,15#电铲,2020,122.2,565,19.2
2024-08-06,WK-18,18#电铲,2022,116.0,575,18.5
2024-08-06,WK-20,20#电铲,2012,133.2,526,19.5
2024-08-06,WK-22,22#电铲,2019,120.7,623,20.9
2024-08-06,WK-25,25#电铲,2023,119.7,625,20.8
2024-08-06,WK-28,28#电铲,2016,134.2,512,19.1
2024-08-07,WK-10,10#电铲,2015,135.3,516,19.4
2024-08-07,WK-12,12#电铲,2018,121.4,562,19.0
2024-08-07,WK-15,15#电铲,2020,123.3,559,19.2
2024-08-07,WK-18,18#电铲,2022,116.2,574,18.5
2024-08-07,WK-20,20#电铲,2012,135.6,516,19.5
2024-08-07,WK-22,22#电铲,2019,123.3,610,20.9
2024-08-07,WK-25,25#电铲,2023,119.1,628,20.8
2024-08-07,WK-28,28#电铲,2016,136.7,503,19.1
2024-08-08,WK-10,10#电铲,2015,134.1,521,19.4
2024-08-08,WK-12,12#电铲,2018,122.5,557,19.0
2024-08-08,WK-15,15#电铲,2020,123.0,561,19.2
2024-08-08,WK-18,18#电铲,2022,115.8,576,18.5
2024-08-08,WK-20,20#电铲,2012,136.1,514,19.5
2024-08-08,WK-22,22#电铲,2019,120.2,626,20.9
2024-08-08,WK-25,25#电铲,2023,119.9,624,20.8
2024-08-08,WK-28,28#电铲,2016,138.5,496,19.1
2024-08-09,WK-10,10#电铲,2015,136.6,511,19.4
2024-08-09,WK-12,12#电铲,2018,122.1,559,19.0
2024-08-09,WK-15,15#电铲,2020,124.7,553,19.2
2024-08-09,WK-18,18#电铲,2022,117.5,568,18.5
2024-08-09,WK-20,20#电铲,2012,134.6,520,19.5
2024-08-09,WK-22,22#电铲,2019,120.4,624,20.9
2024-08-09,WK-25,25#电铲,2023,121.2,617,20.8
2024-08-09,WK-28,28#电铲,2016,140.5,489,19.1
2024-08-10,WK-10,10#电铲,2015,134.8,518,19.4
2024-08-10,WK-12,12#电铲,2018,123.2,554,19.0
2024-08-10,WK-15,15#电铲,2020,124.8,553,19.2
2024-08-10,WK-18,18#电铲,2022,119.1,560,18.5
2024-08-10,WK-20,20#电铲,2012,136.4,513,19.5
2024-08-10,WK-22,22#电铲,2019,119.1,632,20.9
2024-08-10,WK-25,25#电铲,2023,121.4,616,20.8
2024-08-10,WK-28,28#电铲,2016,135.8,506,19.1
2024-08-11,WK-10,10#电铲,2015,136.5,512,19.4
2024-08-11,WK-12,12#电铲,2018,121.3,563,19.0
2024-08-11,WK-15,15#电铲,2020,120.4,573,19.2
2024-08-11,WK-18,18#电铲,2022,118.2,564,18.5
2024-08-11,WK-20,20#电铲,2012,134.1,522,19.5
2024-08-11,WK-22,22#电铲,2019,120.5,624,20.9
2024-08-11,WK-25,25#电铲,2023,123.9,604,20.8
2024-08-11,WK-28,28#电铲,2016,135.3,508,19.1
2024-08-12,WK-10,10#电铲,2015,135.2,516,19.4
2024-08-12,WK-12,12#电铲,2018,118.4,577,19.0
2024-08-12,WK-15,15#电铲,2020,121.7,567,19.2
2024-08-12,WK-18,18#电铲,2022,120.7,553,18.5
2024-08-12,WK-20,20#电铲,2012,133.0,526,19.5
2024-08-12,WK-22,22#电铲,2019,121.7,618,20.9
2024-08-12,WK-25,25#电铲,2023,119.9,624,20.8
2024-08-12,WK-28,28#电铲,2016,135.0,509,19.1
2024-08-13,WK-10,10#电铲,2015,136.7,511,19.4
2024-08-13,WK-12,12#电铲,2018,119.6,571,19.0
2024-08-13,WK-15,15#电铲,2020,123.0,561,19.2
2024-08-13,WK-18,18#电铲,2022,122.7,544,18.5
2024-08-13,WK-20,20#电铲,2012,134.1,522,19.5
2024-08-13,WK-22,22#电铲,2019,122.5,614,20.9
2024-08-13,WK-25,25#电铲,2023,117.5,637,20.8
2024-08-13,WK-28,28#电铲,2016,135.0,509,19.1
2024-08-14,WK-10,10#电铲,2015,136.9,510,19.4
2024-08-14,WK-12,12#电铲,2018,122.3,558,19.0
2024-08-14,WK-15,15#电铲,2020,123.3,559,19.2
2024-08-14,WK-18,18#电铲,2022,118.3,564,18.5
2024-08-14,WK-20,20#电铲,2012,135.3,517,19.5
2024-08-14,WK-22,22#电铲,2019,122.6,614,20.9
2024-08-14,WK-25,25#电铲,2023,118.7,630,20.8
2024-08-14,WK-28,28#电铲,2016,133.3,516,19.1
2024-08-15,WK-10,10#电铲,2015,137.9,506,19.4
2024-08-15,WK-12,12#电铲,2018,123.1,555,19.0
2024-08-15,WK-15,15#电铲,2020,122.8,562,19.2
2024-08-15,WK-18,18#电铲,2022,118.1,565,18.5
2024-08-15,WK-20,20#电铲,2012,134.9,519,19.5
2024-08-15,WK-22,22#电铲,2019,121.6,618,20.9
2024-08-15,WK-25,25#电铲,2023,121.5,616,20.8
2024-08-15,WK-28,28#电铲,2016,137.9,499,19.1
2024-08-16,WK-10,10#电铲,2015,137.2,509,19.4
2024-08-16,WK-12,12#电铲,2018,122.0,560,19.0
2024-08-16,WK-15,15#电铲,2020,122.4,563,19.2
2024-08-16,WK-18,18#电铲,2022,114.8,581,18.5
2024-08-16,WK-20,20#电铲,2012,136.8,512,19.5
2024-08-16,WK-22,22#电铲,2019,122.8,613,20.9
2024-08-16,WK-25,25#电铲,2023,121.2,617,20.8
2024-08-16,WK-28,28#电铲,2016,136.0,506,19.1
2024-08-17,WK-10,10#电铲,2015,137.8,507,19.4
2024-08-17,WK-12,12#电铲,2018,119.8,570,19.0
2024-08-17,WK-15,15#电铲,2020,122.4,564,19.2
2024-08-17,WK-18,18#电铲,2022,116.0,575,18.5
2024-08-17,WK-20,20#电铲,2012,137.5,509,19.5
2024-08-17,WK-22,22#电铲,2019,121.1,621,20.9
2024-08-17,WK-25,25#电铲,2023,118.7,630,20.8
2024-08-17,WK-28,28#电铲,2016,136.6,503,19.1
2024-08-18,WK-10,10#电铲,2015,137.1,509,19.4
2024-08-18,WK-12,12#电铲,2018,121.3,563,19.0
2024-08-18,WK-15,15#电铲,2020,122.1,565,19.2
2024-08-18,WK-18,18#电铲,2022,120.0,556,18.5
2024-08-18,WK-20,20#电铲,2012,138.0,508,19.5
2024-08-18,WK-22,22#电铲,2019,120.9,622,20.9
2024-08-18,WK-25,25#电铲,2023,119.3,627,20.8
2024-08-18,WK-28,28#电铲,2016,137.8,499,19.1
2024-08-19,WK-10,10#电铲,2015,137.4,508,19.4
2024-08-19,WK-12,12#电铲,2018,120.2,568,19.0
2024-08-19,WK-15,15#电铲,2020,123.0,561,19.2
2024-08-19,WK-18,18#电铲,2022,119.0,560,18.5
2024-08-19,WK-20,20#电铲,2012,134.6,520,19.5
2024-08-19,WK-22,22#电铲,2019,120.8,623,20.9
2024-08-19,WK-25,25#电铲,2023,120.2,623,20.8
2024-08-19,WK-28,28#电铲,2016,135.1,509,19.1
2024-08-20,WK-10,10#电铲,2015,136.3,512,19.4
2024-08-20,WK-12,12#电铲,2018,121.3,563,19.0
2024-08-20,WK-15,15#电铲,2020,121.9,566,19.2
2024-08-20,WK-18,18#电铲,2022,119.8,557,18.5
2024-08-20,WK-20,20#电铲,2012,135.9,515,19.5
2024-08-20,WK-22,22#电铲,2019,119.4,630,20.9
2024-08-20,WK-25,25#电铲,2023,116.9,640,20.8
2024-08-20,WK-28,28#电铲,2016,137.0,502,19.1
2024-08-21,WK-10,10#电铲,2015,138.9,502,19.4
2024-08-21,WK-12,12#电铲,2018,120.7,566,19.0
2024-08-21,WK-15,15#电铲,2020,118.7,581,19.2
2024-08-21,WK-18,18#电铲,2022,117.5,568,18.5
2024-08-21,WK-20,20#电铲,2012,135.2,518,19.5
2024-08-21,WK-22,22#电铲,2019,120.4,625,20.9
2024-08-21,WK-25,25#电铲,2023,117.3,638,20.8
2024-08-21,WK-28,28#电铲,2016,139.2,494,19.1
2024-08-22,WK-10,10#电铲,2015,136.3,512,19.4
2024-08-22,WK-12,12#电铲,2018,121.3,563,19.0
2024-08-22,WK-15,15#电铲,2020,121.0,570,19.2
2024-08-22,WK-18,18#电铲,2022,118.0,565,18.5
2024-08-22,WK-20,20#电铲,2012,134.8,520,19.5
2024-08-22,WK-22,22#电铲,2019,118.6,634,20.9
2024-08-22,WK-25,25#电铲,2023,116.5,642,20.8
2024-08-22,WK-28,28#电铲,2016,138.7,496,19.1
2024-08-23,WK-10,10#电铲,2015,137.7,507,19.4
2024-08-23,WK-12,12#电铲,2018,122.6,557,19.0
2024-08-23,WK-15,15#电铲,2020,122.3,564,19.2
2024-08-23,WK-18,18#电铲,2022,119.0,561,18.5
2024-08-23,WK-20,20#电铲,2012,134.3,521,19.5
2024-08-23,WK-22,22#电铲,2019,119.7,628,20.9
2024-08-23,WK-25,25#电铲,2023,119.1,628,20.8
2024-08-23,WK-28,28#电铲,2016,137.5,500,19.1
2024-08-24,WK-10,10#电铲,2015,137.3,508,19.4
2024-08-24,WK-12,12#电铲,2018,118.5,576,19.0
2024-08-24,WK-15,15#电铲,2020,121.2,569,19.2
2024-08-24,WK-18,18#电铲,2022,116.6,572,18.5
2024-08-24,WK-20,20#电铲,2012,134.8,520,19.5
2024-08-24,WK-22,22#电铲,2019,120.1,626,20.9
2024-08-24,WK-25,25#电铲,2023,119.2,628,20.8
2024-08-24,WK-28,28#电铲,2016,135.6,507,19.1
2024-08-25,WK-10,10#电铲,2015,135.4,516,19.4
2024-08-25,WK-12,12#电铲,2018,120.4,567,19.0
2024-08-25,WK-15,15#电铲,2020,122.5,563,19.2
2024-08-25,WK-18,18#电铲,2022,117.4,568,18.5
2024-08-25,WK-20,20#电铲,2012,136.4,513,19.5
2024-08-25,WK-22,22#电铲,2019,119.0,632,20.9
2024-08-25,WK-25,25#电铲,2023,120.2,623,20.8
2024-08-25,WK-28,28#电铲,2016,133.8,514,19.1
2024-08-26,WK-10,10#电铲,2015,134.9,517,19.4
2024-08-26,WK-12,12#电铲,2018,121.1,564,19.0
2024-08-26,WK-15,15#电铲,2020,123.0,561,19.2
2024-08-26,WK-18,18#电铲,2022,116.8,571,18.5
2024-08-26,WK-20,20#电铲,2012,134.7,520,19.5
2024-08-26,WK-22,22#电铲,2019,122.6,613,20.9
2024-08-26,WK-25,25#电铲,2023,118.7,630,20.8
2024-08-26,WK-28,28#电铲,2016,133.8,514,19.1
2024-08-27,WK-10,10#电铲,2015,133.7,522,19.4
2024-08-27,WK-12,12#电铲,2018,122.0,559,19.0
2024-08-27,WK-15,15#电铲,2020,125.1,552,19.2
2024-08-27,WK-18,18#电铲,2022,115.0,580,18.5
2024-08-27,WK-20,20#电铲,2012,136.5,513,19.5
2024-08-27,WK-22,22#电铲,2019,119.2,631,20.9
2024-08-27,WK-25,25#电铲,2023,119.7,625,20.8
2024-08-27,WK-28,28#电铲,2016,134.8,510,19.1
2024-08-28,WK-10,10#电铲,2015,136.7,511,19.4
2024-08-28,WK-12,12#电铲,2018,119.3,573,19.0
2024-08-28,WK-15,15#电铲,2020,125.4,550,19.2
2024-08-28,WK-18,18#电铲,2022,116.8,571,18.5
2024-08-28,WK-20,20#电铲,2012,136.2,514,19.5
2024-08-28,WK-22,22#电铲,2019,121.7,618,20.9
2024-08-28,WK-25,25#电铲,2023,117.8,635,20.8
2024-08-28,WK-28,28#电铲,2016,138.2,497,19.1
2024-08-29,WK-10,10#电铲,2015,138.1,506,19.4
2024-08-29,WK-12,12#电铲,2018,118.7,575,19.0
2024-08-29,WK-15,15#电铲,2020,122.1,565,19.2
2024-08-29,WK-18,18#电铲,2022,118.5,563,18.5
2024-08-29,WK-20,20#电铲,2012,137.5,509,19.5
2024-08-29,WK-22,22#电铲,2019,118.7,634,20.9
2024-08-29,WK-25,25#电铲,2023,118.7,630,20.8
2024-08-29,WK-28,28#电铲,2016,133.9,513,19.1
2024-08-30,WK-10,10#电铲,2015,136.9,510,19.4
2024-08-30,WK-12,12#电铲,2018,116.8,584,19.0
2024-08-30,WK-15,15#电铲,2020,120.9,571,19.2
2024-08-30,WK-18,18#电铲,2022,117.7,567,18.5
2024-08-30,WK-20,20#电铲,2012,135.0,519,19.5
2024-08-30,WK-22,22#电铲,2019,120.2,626,20.9
2024-08-30,WK-25,25#电铲,2023,120.0,623,20.8
2024-08-30,WK-28,28#电铲,2016,133.6,515,19.1
2024-08-31,WK-10,10#电铲,2015,136.9,510,19.4
2024-08-31,WK-12,12#电铲,2018,120.3,568,19.0
2024-08-31,WK-15,15#电铲,2020,122.0,565,19.2
2024-08-31,WK-18,18#电铲,2022,117.2,569,18.5
2024-08-31,WK-20,20#电铲,2012,134.7,520,19.5
2024-08-31,WK-22,22#电铲,2019,119.1,631,20.9
2024-08-31,WK-25,25#电铲,2023,121.8,614,20.8
2024-08-31,WK-28,28#电铲,2016,132.7,518,19.1
2024-09-01,WK-10,10#电铲,2015,136.5,512,19.4
2024-09-01,WK-12,12#电铲,2018,121.3,563,19.0
2024-09-01,WK-15,15#电铲,2020,120.7,572,19.2
2024-09-01,WK-18,18#电铲,2022,118.2,564,18.5
2024-09-01,WK-20,20#电铲,2012,135.8,516,19.5
2024-09-01,WK-22,22#电铲,2019,120.8,622,20.9
2024-09-01,WK-25,25#电铲,2023,120.0,624,20.8
2024-09-01,WK-28,28#电铲,2016,134.1,513,19.1
2024-09-02,WK-10,10#电铲,2015,136.3,512,19.4
2024-09-02,WK-12,12#电铲,2018,123.4,553,19.0
2024-09-02,WK-15,15#电铲,2020,122.5,563,19.2
2024-09-02,WK-18,18#电铲,2022,116.2,574,18.5
2024-09-02,WK-20,20#电铲,2012,134.9,519,19.5
2024-09-02,WK-22,22#电铲,2019,120.9,622,20.9
2024-09-02,WK-25,25#电铲,2023,119.9,624,20.8
2024-09-02,WK-28,28#电铲,2016,135.5,507,19.1
2024-09-03,WK-10,10#电铲,2015,135.9,514,19.4
2024-09-03,WK-12,12#电铲,2018,123.1,554,19.0
2024-09-03,WK-15,15#电铲,2020,123.7,557,19.2
2024-09-03,WK-18,18#电铲,2022,116.9,571,18.5
2024-09-03,WK-20,20#电铲,2012,136.6,513,19.5
2024-09-03,WK-22,22#电铲,2019,121.1,621,20.9
2024-09-03,WK-25,25#电铲,2023,119.2,628,20.8
2024-09-03,WK-28,28#电铲,2016,133.9,514,19.1
2024-09-04,WK-10,10#电铲,2015,135.6,515,19.4
2024-09-04,WK-12,12#电铲,2018,119.5,571,19.0
2024-09-04,WK-15,15#电铲,2020,122.2,564,19.2
2024-09-04,WK-18,18#电铲,2022,118.3,564,18.5
2024-09-04,WK-20,20#电铲,2012,135.0,519,19.5
2024-09-04,WK-22,22#电铲,2019,122.3,615,20.9
2024-09-04,WK-25,25#电铲,2023,119.1,628,20.8
2024-09-04,WK-28,28#电铲,2016,137.7,500,19.1
2024-09-05,WK-10,10#电铲,2015,134.6,519,19.4
2024-09-05,WK-12,12#电铲,2018,121.0,564,19.0
2024-09-05,WK-15,15#电铲,2020,119.6,577,19.2
2024-09-05,WK-18,18#电铲,2022,118.6,563,18.5
2024-09-05,WK-20,20#电铲,2012,132.1,530,19.5
2024-09-05,WK-22,22#电铲,2019,120.8,623,20.9
2024-09-05,WK-25,25#电铲,2023,116.5,642,20.8
2024-09-05,WK-28,28#电铲,2016,135.7,507,19.1
2024-09-06,WK-10,10#电铲,2015,135.7,514,19.4
2024-09-06,WK-12,12#电铲,2018,121.4,563,19.0
2024-09-06,WK-15,15#电铲,2020,121.9,566,19.2
2024-09-06,WK-18,18#电铲,2022,115.7,577,18.5
2024-09-06,WK-20,20#电铲,2012,134.2,522,19.5
2024-09-06,WK-22,22#电铲,2019,118.2,636,20.9
2024-09-06,WK-25,25#电铲,2023,117.6,636,20.8
2024-09-06,WK-28,28#电铲,2016,137.2,501,19.1
2024-09-07,WK-10,10#电铲,2015,134.4,520,19.4
2024-09-07,WK-12,12#电铲,2018,117.1,583,19.0
2024-09-07,WK-15,15#电铲,2020,121.8,566,19.2
2024-09-07,WK-18,18#电铲,2022,115.9,576,18.5
2024-09-07,WK-20,20#电铲,2012,133.3,525,19.5
2024-09-07,WK-22,22#电铲,2019,117.7,639,20.9
2024-09-07,WK-25,25#电铲,2023,119.0,629,20.8
2024-09-07,WK-28,28#电铲,2016,135.9,506,19.1
2024-09-08,WK-10,10#电铲,2015,134.3,520,19.4
2024-09-08,WK-12,12#电铲,2018,121.3,563,19.0
2024-09-08,WK-15,15#电铲,2020,123.0,561,19.2
2024-09-08,WK-18,18#电铲,2022,117.4,568,18.5
2024-09-08,WK-20,20#电铲,2012,136.0,515,19.5
2024-09-08,WK-22,22#电铲,2019,117.3,641,20.9
2024-09-08,WK-25,25#电铲,2023,116.3,643,20.8
2024-09-08,WK-28,28#电铲,2016,134.1,513,19.1
2024-09-09,WK-10,10#电铲,2015,133.1,525,19.4
2024-09-09,WK-12,12#电铲,2018,120.9,565,19.0
2024-09-09,WK-15,15#电铲,2020,118.8,581,19.2
2024-09-09,WK-18,18#电铲,2022,117.7,567,18.5
2024-09-09,WK-20,20#电铲,2012,135.5,517,19.5
2024-09-09,WK-22,22#电铲,2019,119.9,627,20.9
2024-09-09,WK-25,25#电铲,2023,119.6,626,20.8
2024-09-09,WK-28,28#电铲,2016,133.3,516,19.1
2024-09-10,WK-10,10#电铲,2015,132.6,527,19.4
2024-09-10,WK-12,12#电铲,2018,120.7,566,19.0
2024-09-10,WK-15,15#电铲,2020,119.1,579,19.2
2024-09-10,WK-18,18#电铲,2022,119.0,561,18.5
2024-09-10,WK-20,20#电铲,2012,131.2,534,19.5
2024-09-10,WK-22,22#电铲,2019,123.7,608,20.9
2024-09-10,WK-25,25#电铲,2023,118.5,631,20.8
2024-09-10,WK-28,28#电铲,2016,136.5,504,19.1
2024-09-11,WK-10,10#电铲,2015,133.6,523,19.4
2024-09-11,WK-12,12#电铲,2018,118.1,578,19.0
2024-09-11,WK-15,15#电铲,2020,119.7,576,19.2
2024-09-11,WK-18,18#电铲,2022,118.7,562,18.5
2024-09-11,WK-20,20#电铲,2012,135.0,519,19.5
2024-09-11,WK-22,22#电铲,2019,120.9,622,20.9
2024-09-11,WK-25,25#电铲,2023,120.5,621,20.8
2024-09-11,WK-28,28#电铲,2016,136.8,503,19.1
2024-09-12,WK-10,10#电铲,2015,134.6,519,19.4
2024-09-12,WK-12,12#电铲,2018,118.1,578,19.0
2024-09-12,WK-15,15#电铲,2020,121.0,570,19.2
2024-09-12,WK-18,18#电铲,2022,121.0,551,18.5
2024-09-12,WK-20,20#电铲,2012,134.5,521,19.5
2024-09-12,WK-22,22#电铲,2019,120.2,626,20.9
2024-09-12,WK-25,25#电铲,2023,118.2,633,20.8
2024-09-12,WK-28,28#电铲,2016,133.5,515,19.1
2024-09-13,WK-10,10#电铲,2015,134.2,520,19.4
2024-09-13,WK-12,12#电铲,2018,120.7,566,19.0
2024-09-13,WK-15,15#电铲,2020,121.4,568,19.2
2024-09-13,WK-18,18#电铲,2022,117.6,567,18.5
2024-09-13,WK-20,20#电铲,2012,134.7,520,19.5
2024-09-13,WK-22,22#电铲,2019,119.6,629,20.9
2024-09-13,WK-25,25#电铲,2023,118.7,630,20.8
2024-09-13,WK-28,28#电铲,2016,133.2,516,19.1
2024-09-14,WK-10,10#电铲,2015,134.6,519,19.4
2024-09-14,WK-12,12#电铲,2018,118.7,575,19.0
2024-09-14,WK-15,15#电铲,2020,118.7,581,19.2
2024-09-14,WK-18,18#电铲,2022,112.5,593,18.5
2024-09-14,WK-20,20#电铲,2012,134.3,521,19.5
2024-09-14,WK-22,22#电铲,2019,119.9,627,20.9
2024-09-14,WK-25,25#电铲,2023,119.1,628,20.8
2024-09-14,WK-28,28#电铲,2016,134.7,511,19.1
2024-09-15,WK-10,10#电铲,2015,135.5,515,19.4
2024-09-15,WK-12,12#电铲,2018,118.1,578,19.0
2024-09-15,WK-15,15#电铲,2020,118.8,581,19.2
2024-09-15,WK-18,18#电铲,2022,113.5,588,18.5
2024-09-15,WK-20,20#电铲,2012,135.2,518,19.5
2024-09-15,WK-22,22#电铲,2019,121.8,617,20.9
2024-09-15,WK-25,25#电铲,2023,117.1,639,20.8
2024-09-15,WK-28,28#电铲,2016,133.2,516,19.1
2024-09-16,WK-10,10#电铲,2015,135.9,514,19.4
2024-09-16,WK-12,12#电铲,2018,121.5,562,19.0
2024-09-16,WK-15,15#电铲,2020,118.4,582,19.2
2024-09-16,WK-18,18#电铲,2022,114.9,581,18.5
2024-09-16,WK-20,20#电铲,2012,134.2,522,19.5
2024-09-16,WK-22,22#电铲,2019,118.4,635,20.9
2024-09-16,WK-25,25#电铲,2023,115.0,650,20.8
2024-09-16,WK-28,28#电铲,2016,135.3,508,19.1
2024-09-17,WK-10,10#电铲,2015,135.3,516,19.4
2024-09-17,WK-12,12#电铲,2018,120.0,569,19.0
2024-09-17,WK-15,15#电铲,2020,117.8,586,19.2
2024-09-17,WK-18,18#电铲,2022,118.0,565,18.5
2024-09-17,WK-20,20#电铲,2012,136.1,515,19.5
2024-09-17,WK-22,22#电铲,2019,119.5,629,20.9
2024-09-17,WK-25,25#电铲,2023,115.7,647,20.8
2024-09-17,WK-28,28#电铲,2016,135.2,508,19.1
2024-09-18,WK-10,10#电铲,2015,135.8,514,19.4
2024-09-18,WK-12,12#电铲,2018,119.9,569,19.0
2024-09-18,WK-15,15#电铲,2020,120.5,573,19.2
2024-09-18,WK-18,18#电铲,2022,117.4,568,18.5
2024-09-18,WK-20,20#电铲,2012,133.3,525,19.5
2024-09-18,WK-22,22#电铲,2019,118.2,636,20.9
2024-09-18,WK-25,25#电铲,2023,117.2,638,20.8
2024-09-18,WK-28,28#电铲,2016,132.3,520,19.1
2024-09-19,WK-10,10#电铲,2015,135.2,516,19.4
2024-09-19,WK-12,12#电铲,2018,120.9,565,19.0
2024-09-19,WK-15,15#电铲,2020,119.0,580,19.2
2024-09-19,WK-18,18#电铲,2022,116.7,571,18.5
2024-09-19,WK-20,20#电铲,2012,132.8,527,19.5
2024-09-19,WK-22,22#电铲,2019,122.1,616,20.9
2024-09-19,WK-25,25#电铲,2023,118.4,632,20.8
2024-09-19,WK-28,28#电铲,2016,134.0,513,19.1
2024-09-20,WK-10,10#电铲,2015,137.2,509,19.4
2024-09-20,WK-12,12#电铲,2018,121.4,562,19.0
2024-09-20,WK-15,15#电铲,2020,119.9,575,19.2
2024-09-20,WK-18,18#电铲,2022,117.5,568,18.5
2024-09-20,WK-20,20#电铲,2012,134.6,520,19.5
2024-09-20,WK-22,22#电铲,2019,119.5,629,20.9
2024-09-20,WK-25,25#电铲,2023,117.1,639,20.8
2024-09-20,WK-28,28#电铲,2016,135.0,509,19.1
2024-09-21,WK-10,10#电铲,2015,136.4,512,19.4
2024-09-21,WK-12,12#电铲,2018,119.4,572,19.0
2024-09-21,WK-15,15#电铲,2020,119.5,577,19.2
2024-09-21,WK-18,18#电铲,2022,117.4,568,18.5
2024-09-21,WK-20,20#电铲,2012,135.6,516,19.5
2024-09-21,WK-22,22#电铲,2019,117.3,641,20.9
2024-09-21,WK-25,25#电铲,2023,120.0,623,20.8
2024-09-21,WK-28,28#电铲,2016,132.1,521,19.1
2024-09-22,WK-10,10#电铲,2015,133.9,521,19.4
2024-09-22,WK-12,12#电铲,2018,121.0,564,19.0
2024-09-22,WK-15,15#电铲,2020,119.9,575,19.2
2024-09-22,WK-18,18#电铲,2022,119.5,558,18.5
2024-09-22,WK-20,20#电铲,2012,134.7,520,19.5
2024-09-22,WK-22,22#电铲,2019,120.1,626,20.9
2024-09-22,WK-25,25#电铲,2023,119.6,626,20.8
2024-09-22,WK-28,28#电铲,2016,131.9,522,19.1
2024-09-23,WK-10,10#电铲,2015,135.8,514,19.4
2024-09-23,WK-12,12#电铲,2018,121.9,560,19.0
2024-09-23,WK-15,15#电铲,2020,120.6,572,19.2
2024-09-23,WK-18,18#电铲,2022,116.7,572,18.5
2024-09-23,WK-20,20#电铲,2012,131.5,532,19.5
2024-09-23,WK-22,22#电铲,2019,120.2,626,20.9
2024-09-23,WK-25,25#电铲,2023,115.6,647,20.8
2024-09-23,WK-28,28#电铲,2016,135.6,507,19.1
2024-09-24,WK-10,10#电铲,2015,135.4,516,19.4
2024-09-24,WK-12,12#电铲,2018,121.6,561,19.0
2024-09-24,WK-15,15#电铲,2020,122.2,564,19.2
2024-09-24,WK-18,18#电铲,2022,116.7,572,18.5
2024-09-24,WK-20,20#电铲,2012,133.1,526,19.5
2024-09-24,WK-22,22#电铲,2019,121.5,619,20.9
2024-09-24,WK-25,25#电铲,2023,115.5,648,20.8
2024-09-24,WK-28,28#电铲,2016,133.8,514,19.1
2024-09-25,WK-10,10#电铲,2015,134.2,520,19.4
2024-09-25,WK-12,12#电铲,2018,120.0,569,19.0
2024-09-25,WK-15,15#电铲,2020,120.8,571,19.2
2024-09-25,WK-18,18#电铲,2022,116.9,571,18.5
2024-09-25,WK-20,20#电铲,2012,134.2,522,19.5
2024-09-25,WK-22,22#电铲,2019,120.0,627,20.9
2024-09-25,WK-25,25#电铲,2023,118.3,632,20.8
2024-09-25,WK-28,28#电铲,2016,134.6,511,19.1
2024-09-26,WK-10,10#电铲,2015,136.1,513,19.4
2024-09-26,WK-12,12#电铲,2018,121.6,561,19.0
2024-09-26,WK-15,15#电铲,2020,122.7,562,19.2
2024-09-26,WK-18,18#电铲,2022,118.6,562,18.5
2024-09-26,WK-20,20#电铲,2012,135.7,516,19.5
2024-09-26,WK-22,22#电铲,2019,121.7,618,20.9
2024-09-26,WK-25,25#电铲,2023,118.8,630,20.8
2024-09-26,WK-28,28#电铲,2016,134.6,511,19.1
2024-09-27,WK-10,10#电铲,2015,130.0,537,19.4
2024-09-27,WK-12,12#电铲,2018,122.9,556,19.0
2024-09-27,WK-15,15#电铲,2020,120.6,572,19.2
2024-09-27,WK-18,18#电铲,2022,118.6,562,18.5
2024-09-27,WK-20,20#电铲,2012,135.3,518,19.5
2024-09-27,WK-22,22#电铲,2019,120.8,623,20.9
2024-09-27,WK-25,25#电铲,2023,117.5,636,20.8
2024-09-27,WK-28,28#电铲,2016,133.6,515,19.1
2024-09-28,WK-10,10#电铲,2015,133.0,525,19.4
2024-09-28,WK-12,12#电铲,2018,118.9,574,19.0
2024-09-28,WK-15,15#电铲,2020,120.5,573,19.2
2024-09-28,WK-18,18#电铲,2022,116.6,572,18.5
2024-09-28,WK-20,20#电铲,2012,134.9,519,19.5
2024-09-28,WK-22,22#电铲,2019,118.9,632,20.9
2024-09-28,WK-25,25#电铲,2023,117.5,637,20.8
2024-09-28,WK-28,28#电铲,2016,135.5,507,19.1
2024-09-29,WK-10,10#电铲,2015,133.1,524,19.4
2024-09-29,WK-12,12#电铲,2018,119.1,574,19.0
2024-09-29,WK-15,15#电铲,2020,120.6,572,19.2
2024-09-29,WK-18,18#电铲,2022,115.5,577,18.5
2024-09-29,WK-20,20#电铲,2012,135.2,518,19.5
2024-09-29,WK-22,22#电铲,2019,120.9,622,20.9
2024-09-29,WK-25,25#电铲,2023,119.3,627,20.8
2024-09-29,WK-28,28#电铲,2016,136.7,503,19.1
2024-09-30,WK-10,10#电铲,2015,131.4,531,19.4
2024-09-30,WK-12,12#电铲,2018,121.0,564,19.0
2024-09-30,WK-15,15#电铲,2020,118.5,582,19.2
2024-09-30,WK-18,18#电铲,2022,118.2,564,18.5
2024-09-30,WK-20,20#电铲,2012,134.6,520,19.5
2024-09-30,WK-22,22#电铲,2019,119.7,628,20.9
2024-09-30,WK-25,25#电铲,2023,121.7,615,20.8
2024-09-30,WK-28,28#电铲,2016,136.0,506,19.1
2024-10-01,WK-10,10#电铲,2015,133.7,522,19.4
2024-10-01,WK-12,12#电铲,2018,121.5,562,19.0
2024-10-01,WK-15,15#电铲,2020,117.9,585,19.2
2024-10-01,WK-18,18#电铲,2022,117.3,569,18.5
2024-10-01,WK-20,20#电铲,2012,136.1,514,19.5
2024-10-01,WK-22,22#电铲,2019,119.4,630,20.9
2024-10-01,WK-25,25#电铲,2023,117.6,636,20.8
2024-10-01,WK-28,28#电铲,2016,138.9,495,19.1
2024-10-02,WK-10,10#电铲,2015,134.0,521,19.4
2024-10-02,WK-12,12#电铲,2018,121.9,560,19.0
2024-10-02,WK-15,15#电铲,2020,122.1,565,19.2
2024-10-02,WK-18,18#电铲,2022,116.7,572,18.5
2024-10-02,WK-20,20#电铲,2012,136.5,513,19.5
2024-10-02,WK-22,22#电铲,2019,122.0,616,20.9
2024-10-02,WK-25,25#电铲,2023,115.5,648,20.8
2024-10-02,WK-28,28#电铲,2016,133.7,514,19.1
2024-10-03,WK-10,10#电铲,2015,134.1,521,19.4
2024-10-03,WK-12,12#电铲,2018,119.3,572,19.0
2024-10-03,WK-15,15#电铲,2020,119.2,579,19.2
2024-10-03,WK-18,18#电铲,2022,116.0,575,18.5
2024-10-03,WK-20,20#电铲,2012,134.6,520,19.5
2024-10-03,WK-22,22#电铲,2019,120.1,626,20.9
2024-10-03,WK-25,25#电铲,2023,115.5,648,20.8
2024-10-03,WK-28,28#电铲,2016,135.0,509,19.1
2024-10-04,WK-10,10#电铲,2015,132.5,527,19.4
2024-10-04,WK-12,12#电铲,2018,117.1,583,19.0
2024-10-04,WK-15,15#电铲,2020,120.3,573,19.2
2024-10-04,WK-18,18#电铲,2022,114.6,582,18.5
2024-10-04,WK-20,20#电铲,2012,136.9,512,19.5
2024-10-04,WK-22,22#电铲,2019,118.5,634,20.9
2024-10-04,WK-25,25#电铲,2023,117.3,638,20.8
2024-10-04,WK-28,28#电铲,2016,133.7,514,19.1
2024-10-05,WK-10,10#电铲,2015,133.8,522,19.4
2024-10-05,WK-12,12#电铲,2018,121.0,564,19.0
2024-10-05,WK-15,15#电铲,2020,122.0,565,19.2
2024-10-05,WK-18,18#电铲,2022,115.0,580,18.5
2024-10-05,WK-20,20#电铲,2012,135.2,518,19.5
2024-10-05,WK-22,22#电铲,2019,119.6,629,20.9
2024-10-05,WK-25,25#电铲,2023,117.0,639,20.8
2024-10-05,WK-28,28#电铲,2016,134.4,512,19.1
2024-10-06,WK-10,10#电铲,2015,134.3,520,19.4
2024-10-06,WK-12,12#电铲,2018,122.3,558,19.0
2024-10-06,WK-15,15#电铲,2020,122.6,563,19.2
2024-10-06,WK-18,18#电铲,2022,117.5,568,18.5
2024-10-06,WK-20,20#电铲,2012,133.7,524,19.5
2024-10-06,WK-22,22#电铲,2019,117.6,640,20.9
2024-10-06,WK-25,25#电铲,2023,117.8,635,20.8
2024-10-06,WK-28,28#电铲,2016,135.2,508,19.1
2024-10-07,WK-10,10#电铲,2015,133.5,523,19.4
2024-10-07,WK-12,12#电铲,2018,121.9,560,19.0
2024-10-07,WK-15,15#电铲,2020,121.2,569,19.2
2024-10-07,WK-18,18#电铲,2022,118.4,563,18.5
2024-10-07,WK-20,20#电铲,2012,133.3,525,19.5
2024-10-07,WK-22,22#电铲,2019,121.3,620,20.9
2024-10-07,WK-25,25#电铲,2023,118.2,633,20.8
2024-10-07,WK-28,28#电铲,2016,136.0,506,19.1
2024-10-08,WK-10,10#电铲,2015,136.0,513,19.4
2024-10-08,WK-12,12#电铲,2018,118.5,576,19.0
2024-10-08,WK-15,15#电铲,2020,119.7,576,19.2
2024-10-08,WK-18,18#电铲,2022,117.1,569,18.5
2024-10-08,WK-20,20#电铲,2012,134.3,521,19.5
2024-10-08,WK-22,22#电铲,2019,120.8,622,20.9
2024-10-08,WK-25,25#电铲,2023,118.4,632,20.8
2024-10-08,WK-28,28#电铲,2016,134.2,512,19.1
2024-10-09,WK-10,10#电铲,2015,134.6,519,19.4
2024-10-09,WK-12,12#电铲,2018,120.7,566,19.0
2024-10-09,WK-15,15#电铲,2020,121.7,567,19.2
2024-10-09,WK-18,18#电铲,2022,118.6,562,18.5
2024-10-09,WK-20,20#电铲,2012,136.7,512,19.5
2024-10-09,WK-22,22#电铲,2019,121.1,621,20.9
2024-10-09,WK-25,25#电铲,2023,119.2,628,20.8
2024-10-09,WK-28,28#电铲,2016,136.2,505,19.1
2024-10-10,WK-10,10#电铲,2015,136.1,513,19.4
2024-10-10,WK-12,12#电铲,2018,120.3,568,19.0
2024-10-10,WK-15,15#电铲,2020,122.1,565,19.2
2024-10-10,WK-18,18#电铲,2022,115.8,576,18.5
2024-10-10,WK-20,20#电铲,2012,136.1,515,19.5
2024-10-10,WK-22,22#电铲,2019,118.2,636,20.9
2024-10-10,WK-25,25#电铲,2023,117.6,636,20.8
2024-10-10,WK-28,28#电铲,2016,135.2,509,19.1
2024-10-11,WK-10,10#电铲,2015,133.8,522,19.4
2024-10-11,WK-12,12#电铲,2018,121.9,560,19.0
2024-10-11,WK-15,15#电铲,2020,121.4,568,19.2
2024-10-11,WK-18,18#电铲,2022,115.8,576,18.5
2024-10-11,WK-20,20#电铲,2012,135.1,518,19.5
2024-10-11,WK-22,22#电铲,2019,120.1,626,20.9
2024-10-11,WK-25,25#电铲,2023,114.2,655,20.8
2024-10-11,WK-28,28#电铲,2016,136.1,505,19.1
2024-10-12,WK-10,10#电铲,2015,134.2,520,19.4
2024-10-12,WK-12,12#电铲,2018,122.7,556,19.0
2024-10-12,WK-15,15#电铲,2020,121.7,567,19.2
2024-10-12,WK-18,18#电铲,2022,115.0,580,18.5
2024-10-12,WK-20,20#电铲,2012,135.1,518,19.5
2024-10-12,WK-22,22#电铲,2019,118.7,634,20.9
2024-10-12,WK-25,25#电铲,2023,112.8,663,20.8
2024-10-12,WK-28,28#电铲,2016,135.0,509,19.1
2024-10-13,WK-10,10#电铲,2015,136.2,512,19.4
2024-10-13,WK-12,12#电铲,2018,123.7,552,19.0
2024-10-13,WK-15,15#电铲,2020,120.5,572,19.2
2024-10-13,WK-18,18#电铲,2022,116.7,572,18.5
2024-10-13,WK-20,20#电铲,2012,131.0,534,19.5
2024-10-13,WK-22,22#电铲,2019,119.8,628,20.9
2024-10-13,WK-25,25#电铲,2023,115.9,645,20.8
2024-10-13,WK-28,28#电铲,2016,135.0,509,19.1
2024-10-14,WK-10,10#电铲,2015,136.8,510,19.4
2024-10-14,WK-12,12#电铲,2018,122.6,557,19.0
2024-10-14,WK-15,15#电铲,2020,121.3,568,19.2
2024-10-14,WK-18,18#电铲,2022,117.6,567,18.5
2024-10-14,WK-20,20#电铲,2012,133.2,526,19.5
2024-10-14,WK-22,22#电铲,2019,121.0,622,20.9
2024-10-14,WK-25,25#电铲,2023,118.3,632,20.8
2024-10-14,WK-28,28#电铲,2016,134.2,512,19.1
2024-10-15,WK-10,10#电铲,2015,137.1,509,19.4
2024-10-15,WK-12,12#电铲,2018,123.0,555,19.0
2024-10-15,WK-15,15#电铲,2020,120.9,570,19.2
2024-10-15,WK-18,18#电铲,2022,116.1,575,18.5
2024-10-15,WK-20,20#电铲,2012,135.2,518,19.5
2024-10-15,WK-22,22#电铲,2019,117.1,642,20.9
2024-10-15,WK-25,25#电铲,2023,114.7,652,20.8
2024-10-15,WK-28,28#电铲,2016,132.8,518,19.1
2024-10-16,WK-10,10#电铲,2015,138.7,504,19.4
2024-10-16,WK-12,12#电铲,2018,119.9,570,19.0
2024-10-16,WK-15,15#电铲,2020,121.1,570,19.2
2024-10-16,WK-18,18#电铲,2022,114.9,581,18.5
2024-10-16,WK-20,20#电铲,2012,135.3,517,19.5
2024-10-16,WK-22,22#电铲,2019,119.1,632,20.9
2024-10-16,WK-25,25#电铲,2023,117.1,639,20.8
2024-10-16,WK-28,28#电铲,2016,133.6,515,19.1
2024-10-17,WK-10,10#电铲,2015,136.8,510,19.4
2024-10-17,WK-12,12#电铲,2018,119.0,574,19.0
2024-10-17,WK-15,15#电铲,2020,124.7,553,19.2
2024-10-17,WK-18,18#电铲,2022,115.6,577,18.5
2024-10-17,WK-20,20#电铲,2012,138.8,504,19.5
2024-10-17,WK-22,22#电铲,2019,118.4,635,20.9
2024-10-17,WK-25,25#电铲,2023,120.0,624,20.8
2024-10-17,WK-28,28#电铲,2016,133.5,515,19.1
2024-10-18,WK-10,10#电铲,2015,135.7,514,19.4
2024-10-18,WK-12,12#电铲,2018,118.0,579,19.0
2024-10-18,WK-15,15#电铲,2020,124.5,554,19.2
2024-10-18,WK-18,18#电铲,2022,115.9,575,18.5
2024-10-18,WK-20,20#电铲,2012,138.4,506,19.5
2024-10-18,WK-22,22#电铲,2019,118.6,634,20.9
2024-10-18,WK-25,25#电铲,2023,117.7,636,20.8
2024-10-18,WK-28,28#电铲,2016,138.3,497,19.1
2024-10-19,WK-10,10#电铲,2015,136.0,513,19.4
2024-10-19,WK-12,12#电铲,2018,122.8,556,19.0
2024-10-19,WK-15,15#电铲,2020,121.0,570,19.2
2024-10-19,WK-18,18#电铲,2022,113.9,586,18.5
2024-10-19,WK-20,20#电铲,2012,138.5,505,19.5
2024-10-19,WK-22,22#电铲,2019,117.9,638,20.9
2024-10-19,WK-25,25#电铲,2023,119.4,627,20.8
2024-10-19,WK-28,28#电铲,2016,139.8,492,19.1
2024-10-20,WK-10,10#电铲,2015,136.4,512,19.4
2024-10-20,WK-12,12#电铲,2018,119.7,570,19.0
2024-10-20,WK-15,15#电铲,2020,120.6,572,19.2
2024-10-20,WK-18,18#电铲,2022,114.4,583,18.5
2024-10-20,WK-20,20#电铲,2012,136.8,512,19.5
2024-10-20,WK-22,22#电铲,2019,120.4,625,20.9
2024-10-20,WK-25,25#电铲,2023,121.1,618,20.8
2024-10-20,WK-28,28#电铲,2016,137.8,499,19.1
2024-10-21,WK-10,10#电铲,2015,138.3,505,19.4
2024-10-21,WK-12,12#电铲,2018,119.0,574,19.0
2024-10-21,WK-15,15#电铲,2020,120.8,571,19.2
2024-10-21,WK-18,18#电铲,2022,115.5,577,18.5
2024-10-21,WK-20,20#电铲,2012,138.3,506,19.5
2024-10-21,WK-22,22#电铲,2019,119.3,630,20.9
2024-10-21,WK-25,25#电铲,2023,120.2,622,20.8
2024-10-21,WK-28,28#电铲,2016,136.9,502,19.1
2024-10-22,WK-10,10#电铲,2015,136.3,512,19.4
2024-10-22,WK-12,12#电铲,2018,118.5,576,19.0
2024-10-22,WK-15,15#电铲,2020,120.5,573,19.2
2024-10-22,WK-18,18#电铲,2022,116.7,572,18.5
2024-10-22,WK-20,20#电铲,2012,135.1,518,19.5
2024-10-22,WK-22,22#电铲,2019,121.1,621,20.9
2024-10-22,WK-25,25#电铲,2023,119.7,625,20.8
2024-10-22,WK-28,28#电铲,2016,137.3,501,19.1
2024-10-23,WK-10,10#电铲,2015,136.1,513,19.4
2024-10-23,WK-12,12#电铲,2018,120.4,567,19.0
2024-10-23,WK-15,15#电铲,2020,120.8,571,19.2
2024-10-23,WK-18,18#电铲,2022,116.0,575,18.5
2024-10-23,WK-20,20#电铲,2012,132.3,529,19.5
2024-10-23,WK-22,22#电铲,2019,118.2,636,20.9
2024-10-23,WK-25,25#电铲,2023,118.2,633,20.8
2024-10-23,WK-28,28#电铲,2016,134.0,513,19.1
2024-10-24,WK-10,10#电铲,2015,137.2,509,19.4
2024-10-24,WK-12,12#电铲,2018,120.7,566,19.0
2024-10-24,WK-15,15#电铲,2020,121.2,569,19.2
2024-10-24,WK-18,18#电铲,2022,116.0,575,18.5
2024-10-24,WK-20,20#电铲,2012,204.4,143,8.1
2024-10-24,WK-22,22#电铲,2019,120.9,622,20.9
2024-10-24,WK-25,25#电铲,2023,119.1,628,20.8
2024-10-24,WK-28,28#电铲,2016,134.8,510,19.1
2024-10-25,WK-10,10#电铲,2015,136.0,513,19.4
2024-10-25,WK-12,12#电铲,2018,120.3,568,19.0
2024-10-25,WK-15,15#电铲,2020,122.0,565,19.2
2024-10-25,WK-18,18#电铲,2022,118.4,563,18.5
2024-10-25,WK-20,20#电铲,2012,133.3,525,19.5
2024-10-25,WK-22,22#电铲,2019,119.4,630,20.9
2024-10-25,WK-25,25#电铲,2023,115.6,647,20.8
2024-10-25,WK-28,28#电铲,2016,135.7,507,19.1
2024-10-26,WK-10,10#电铲,2015,138.2,505,19.4
2024-10-26,WK-12,12#电铲,2018,122.3,558,19.0
2024-10-26,WK-15,15#电铲,2020,120.1,575,19.2
2024-10-26,WK-18,18#电铲,2022,118.2,564,18.5
2024-10-26,WK-20,20#电铲,2012,133.3,525,19.5
2024-10-26,WK-22,22#电铲,2019,119.7,628,20.9
2024-10-26,WK-25,25#电铲,2023,119.3,627,20.8
2024-10-26,WK-28,28#电铲,2016,136.8,503,19.1
2024-10-27,WK-10,10#电铲,2015,135.7,515,19.4
2024-10-27,WK-12,12#电铲,2018,120.5,567,19.0
2024-10-27,WK-15,15#电铲,2020,122.0,565,19.2
2024-10-27,WK-18,18#电铲,2022,116.7,572,18.5
2024-10-27,WK-20,20#电铲,2012,135.8,515,19.5
2024-10-27,WK-22,22#电铲,2019,122.3,615,20.9
2024-10-27,WK-25,25#电铲,2023,120.8,619,20.8
2024-10-27,WK-28,28#电铲,2016,136.6,503,19.1
2024-10-28,WK-10,10#电铲,2015,133.6,522,19.4
2024-10-28,WK-12,12#电铲,2018,121.7,561,19.0
2024-10-28,WK-15,15#电铲,2020,120.8,571,19.2
2024-10-28,WK-18,18#电铲,2022,119.1,560,18.5
2024-10-28,WK-20,20#电铲,2012,137.4,510,19.5
2024-10-28,WK-22,22#电铲,2019,119.5,629,20.9
2024-10-28,WK-25,25#电铲,2023,119.1,628,20.8
2024-10-28,WK-28,28#电铲,2016,135.2,508,19.1
2024-10-29,WK-10,10#电铲,2015,135.6,515,19.4
2024-10-29,WK-12,12#电铲,2018,122.4,558,19.0
2024-10-29,WK-15,15#电铲,2020,121.8,566,19.2
2024-10-29,WK-18,18#电铲,2022,114.7,582,18.5
2024-10-29,WK-20,20#电铲,2012,135.8,515,19.5
2024-10-29,WK-22,22#电铲,2019,120.6,623,20.9
2024-10-29,WK-25,25#电铲,2023,118.5,631,20.8
2024-10-29,WK-28,28#电铲,2016,136.3,505,19.1
2024-10-30,WK-10,10#电铲,2015,136.0,513,19.4
2024-10-30,WK-12,12#电铲,2018,122.2,559,19.0
2024-10-30,WK-15,15#电铲,2020,120.7,571,19.2
2024-10-30,WK-18,18#电铲,2022,115.9,575,18.5
2024-10-30,WK-20,20#电铲,2012,134.9,519,19.5
2024-10-30,WK-22,22#电铲,2019,120.9,622,20.9
2024-10-30,WK-25,25#电铲,2023,120.4,621,20.8
2024-10-30,WK-28,28#电铲,2016,137.2,501,19.1
2024-10-31,WK-10,10#电铲,2015,135.3,516,19.4
2024-10-31,WK-12,12#电铲,2018,122.6,557,19.0
2024-10-31,WK-15,15#电铲,2020,119.5,577,19.2
2024-10-31,WK-18,18#电铲,2022,118.6,562,18.5
2024-10-31,WK-20,20#电铲,2012,135.3,517,19.5
2024-10-31,WK-22,22#电铲,2019,119.2,631,20.9
2024-10-31,WK-25,25#电铲,2023,116.9,640,20.8
2024-10-31,WK-28,28#电铲,2016,137.5,500,19.1
2024-11-01,WK-10,10#电铲,2015,133.9,521,19.4
2024-11-01,WK-12,12#电铲,2018,120.9,565,19.0
2024-11-01,WK-15,15#电铲,2020,120.5,573,19.2
2024-11-01,WK-18,18#电铲,2022,120.3,554,18.5
2024-11-01,WK-20,20#电铲,2012,135.7,516,19.5
2024-11-01,WK-22,22#电铲,2019,121.7,618,20.9
2024-11-01,WK-25,25#电铲,2023,116.7,641,20.8
2024-11-01,WK-28,28#电铲,2016,136.7,503,19.1
2024-11-02,WK-10,10#电铲,2015,134.3,520,19.4
2024-11-02,WK-12,12#电铲,2018,120.0,569,19.0
2024-11-02,WK-15,15#电铲,2020,124.2,555,19.2
2024-11-02,WK-18,18#电铲,2022,118.9,561,18.5
2024-11-02,WK-20,20#电铲,2012,136.2,514,19.5
2024-11-02,WK-22,22#电铲,2019,121.1,621,20.9
2024-11-02,WK-25,25#电铲,2023,117.8,635,20.8
2024-11-02,WK-28,28#电铲,2016,137.0,502,19.1
2024-11-03,WK-10,10#电铲,2015,133.5,523,19.4
2024-11-03,WK-12,12#电铲,2018,122.4,558,19.0
2024-11-03,WK-15,15#电铲,2020,120.8,571,19.2
2024-11-03,WK-18,18#电铲,2022,119.5,558,18.5
2024-11-03,WK-20,20#电铲,2012,135.3,517,19.5
2024-11-03,WK-22,22#电铲,2019,121.8,618,20.9
2024-11-03,WK-25,25#电铲,2023,118.9,629,20.8
2024-11-03,WK-28,28#电铲,2016,136.8,503,19.1
2024-11-04,WK-10,10#电铲,2015,134.7,518,19.4
2024-11-04,WK-12,12#电铲,2018,121.8,561,19.0
2024-11-04,WK-15,15#电铲,2020,119.5,577,19.2
2024-11-04,WK-18,18#电铲,2022,119.2,560,18.5
2024-11-04,WK-20,20#电铲,2012,134.0,523,19.5
2024-11-04,WK-22,22#电铲,2019,121.3,620,20.9
2024-11-04,WK-25,25#电铲,2023,117.1,639,20.8
2024-11-04,WK-28,28#电铲,2016,134.5,511,19.1
2024-11-05,WK-10,10#电铲,2015,136.0,513,19.4
2024-11-05,WK-12,12#电铲,2018,121.9,560,19.0
2024-11-05,WK-15,15#电铲,2020,116.7,591,19.2
2024-11-05,WK-18,18#电铲,2022,117.5,567,18.5
2024-11-05,WK-20,20#电铲,2012,132.2,530,19.5
2024-11-05,WK-22,22#电铲,2019,120.6,623,20.9
2024-11-05,WK-25,25#电铲,2023,122.6,610,20.8
2024-11-05,WK-28,28#电铲,2016,133.9,514,19.1
2024-11-06,WK-10,10#电铲,2015,137.2,509,19.4
2024-11-06,WK-12,12#电铲,2018,121.1,564,19.0
2024-11-06,WK-15,15#电铲,2020,119.9,575,19.2
2024-11-06,WK-18,18#电铲,2022,118.2,564,18.5
2024-11-06,WK-20,20#电铲,2012,134.4,521,19.5
2024-11-06,WK-22,22#电铲,2019,120.3,625,20.9
2024-11-06,WK-25,25#电铲,2023,122.8,609,20.8
2024-11-06,WK-28,28#电铲,2016,136.2,505,19.1
2024-11-07,WK-10,10#电铲,2015,136.0,513,19.4
2024-11-07,WK-12,12#电铲,2018,120.6,566,19.0
2024-11-07,WK-15,15#电铲,2020,119.0,580,19.2
2024-11-07,WK-18,18#电铲,2022,115.9,576,18.5
2024-11-07,WK-20,20#电铲,2012,133.7,524,19.5
2024-11-07,WK-22,22#电铲,2019,121.0,622,20.9
2024-11-07,WK-25,25#电铲,2023,119.8,624,20.8
2024-11-07,WK-28,28#电铲,2016,136.7,503,19.1
2024-11-08,WK-10,10#电铲,2015,136.3,512,19.4
2024-11-08,WK-12,12#电铲,2018,122.0,560,19.0
2024-11-08,WK-15,15#电铲,2020,121.3,569,19.2
2024-11-08,WK-18,18#电铲,2022,115.0,580,18.5
2024-11-08,WK-20,20#电铲,2012,135.9,515,19.5
2024-11-08,WK-22,22#电铲,2019,121.3,620,20.9
2024-11-08,WK-25,25#电铲,2023,119.4,626,20.8
2024-11-08,WK-28,28#电铲,2016,134.9,510,19.1
2024-11-09,WK-10,10#电铲,2015,135.3,516,19.4
2024-11-09,WK-12,12#电铲,2018,120.7,566,19.0
2024-11-09,WK-15,15#电铲,2020,120.6,572,19.2
2024-11-09,WK-18,18#电铲,2022,114.9,581,18.5
2024-11-09,WK-20,20#电铲,2012,136.3,514,19.5
2024-11-09,WK-22,22#电铲,2019,121.6,618,20.9
2024-11-09,WK-25,25#电铲,2023,118.2,633,20.8
2024-11-09,WK-28,28#电铲,2016,134.1,513,19.1
2024-11-10,WK-10,10#电铲,2015,134.8,518,19.4
2024-11-10,WK-12,12#电铲,2018,119.4,572,19.0
2024-11-10,WK-15,15#电铲,2020,120.7,571,19.2
2024-11-10,WK-18,18#电铲,2022,114.4,583,18.5
2024-11-10,WK-20,20#电铲,2012,135.8,515,19.5
2024-11-10,WK-22,22#电铲,2019,121.7,618,20.9
2024-11-10,WK-25,25#电铲,2023,116.8,640,20.8
2024-11-10,WK-28,28#电铲,2016,134.3,512,19.1
2024-11-11,WK-10,10#电铲,2015,134.8,518,19.4
2024-11-11,WK-12,12#电铲,2018,122.6,557,19.0
2024-11-11,WK-15,15#电铲,2020,121.7,567,19.2
2024-11-11,WK-18,18#电铲,2022,116.7,572,18.5
2024-11-11,WK-20,20#电铲,2012,136.4,513,19.5
2024-11-11,WK-22,22#电铲,2019,123.7,608,20.9
2024-11-11,WK-25,25#电铲,2023,118.0,634,20.8
2024-11-11,WK-28,28#电铲,2016,135.6,507,19.1
2024-11-12,WK-10,10#电铲,2015,138.3,505,19.4
2024-11-12,WK-12,12#电铲,2018,121.2,563,19.0
2024-11-12,WK-15,15#电铲,2020,122.9,561,19.2
2024-11-12,WK-18,18#电铲,2022,118.2,564,18.5
2024-11-12,WK-20,20#电铲,2012,132.5,529,19.5
2024-11-12,WK-22,22#电铲,2019,123.4,609,20.9
2024-11-12,WK-25,25#电铲,2023,116.7,641,20.8
2024-11-12,WK-28,28#电铲,2016,135.7,507,19.1
2024-11-13,WK-10,10#电铲,2015,137.1,509,19.4
2024-11-13,WK-12,12#电铲,2018,121.5,562,19.0
2024-11-13,WK-15,15#电铲,2020,120.9,571,19.2
2024-11-13,WK-18,18#电铲,2022,116.6,572,18.5
2024-11-13,WK-20,20#电铲,2012,132.4,529,19.5
2024-11-13,WK-22,22#电铲,2019,123.1,611,20.9
2024-11-13,WK-25,25#电铲,2023,116.8,641,20.8
2024-11-13,WK-28,28#电铲,2016,137.6,500,19.1
2024-11-14,WK-10,10#电铲,2015,135.0,517,19.4
2024-11-14,WK-12,12#电铲,2018,122.0,560,19.0
2024-11-14,WK-15,15#电铲,2020,122.8,562,19.2
2024-11-14,WK-18,18#电铲,2022,116.8,571,18.5
2024-11-14,WK-20,20#电铲,2012,136.6,513,19.5
2024-11-14,WK-22,22#电铲,2019,122.4,615,20.9
2024-11-14,WK-25,25#电铲,2023,120.5,621,20.8
2024-11-14,WK-28,28#电铲,2016,135.5,508,19.1
2024-11-15,WK-10,10#电铲,2015,135.3,516,19.4
2024-11-15,WK-12,12#电铲,2018,122.1,559,19.0
2024-11-15,WK-15,15#电铲,2020,122.9,561,19.2
2024-11-15,WK-18,18#电铲,2022,117.6,567,18.5
2024-11-15,WK-20,20#电铲,2012,139.2,503,19.5
2024-11-15,WK-22,22#电铲,2019,122.4,615,20.9
2024-11-15,WK-25,25#电铲,2023,121.2,617,20.8
2024-11-15,WK-28,28#电铲,2016,139.3,494,19.1
2024-11-16,WK-10,10#电铲,2015,136.8,510,19.4
2024-11-16,WK-12,12#电铲,2018,120.7,566,19.0
2024-11-16,WK-15,15#电铲,2020,123.1,560,19.2
2024-11-16,WK-18,18#电铲,2022,116.6,572,18.5
2024-11-16,WK-20,20#电铲,2012,138.5,506,19.5
2024-11-16,WK-22,22#电铲,2019,119.9,627,20.9
2024-11-16,WK-25,25#电铲,2023,119.7,625,20.8
2024-11-16,WK-28,28#电铲,2016,136.9,502,19.1
2024-11-17,WK-10,10#电铲,2015,136.0,513,19.4
2024-11-17,WK-12,12#电铲,2018,119.6,571,19.0
2024-11-17,WK-15,15#电铲,2020,121.9,566,19.2
2024-11-17,WK-18,18#电铲,2022,117.2,569,18.5
2024-11-17,WK-20,20#电铲,2012,135.6,516,19.5
2024-11-17,WK-22,22#电铲,2019,121.1,621,20.9
2024-11-17,WK-25,25#电铲,2023,119.4,626,20.8
2024-11-17,WK-28,28#电铲,2016,137.1,502,19.1
2024-11-18,WK-10,10#电铲,2015,135.5,515,19.4
2024-11-18,WK-12,12#电铲,2018,118.7,575,19.0
2024-11-18,WK-15,15#电铲,2020,119.4,578,19.2
2024-11-18,WK-18,18#电铲,2022,119.6,558,18.5
2024-11-18,WK-20,20#电铲,2012,134.9,519,19.5
2024-11-18,WK-22,22#电铲,2019,122.7,613,20.9
2024-11-18,WK-25,25#电铲,2023,115.2,649,20.8
2024-11-18,WK-28,28#电铲,2016,138.1,498,19.1
2024-11-19,WK-10,10#电铲,2015,134.3,520,19.4
2024-11-19,WK-12,12#电铲,2018,122.8,556,19.0
2024-11-19,WK-15,15#电铲,2020,122.0,565,19.2
2024-11-19,WK-18,18#电铲,2022,118.4,564,18.5
2024-11-19,WK-20,20#电铲,2012,134.3,521,19.5
2024-11-19,WK-22,22#电铲,2019,124.1,606,20.9
2024-11-19,WK-25,25#电铲,2023,119.8,624,20.8
2024-11-19,WK-28,28#电铲,2016,139.2,494,19.1
2024-11-20,WK-10,10#电铲,2015,135.4,516,19.4
2024-11-20,WK-12,12#电铲,2018,122.5,557,19.0
2024-11-20,WK-15,15#电铲,2020,120.5,573,19.2
2024-11-20,WK-18,18#电铲,2022,120.0,556,18.5
2024-11-20,WK-20,20#电铲,2012,132.8,527,19.5
2024-11-20,WK-22,22#电铲,2019,121.0,622,20.9
2024-11-20,WK-25,25#电铲,2023,116.3,643,20.8
2024-11-20,WK-28,28#电铲,2016,136.8,503,19.1
2024-11-21,WK-10,10#电铲,2015,134.8,518,19.4
2024-11-21,WK-12,12#电铲,2018,121.2,564,19.0
2024-11-21,WK-15,15#电铲,2020,119.8,576,19.2
2024-11-21,WK-18,18#电铲,2022,120.7,552,18.5
2024-11-21,WK-20,20#电铲,2012,136.2,514,19.5
2024-11-21,WK-22,22#电铲,2019,123.0,612,20.9
2024-11-21,WK-25,25#电铲,2023,117.9,635,20.8
2024-11-21,WK-28,28#电铲,2016,134.5,511,19.1
2024-11-22,WK-10,10#电铲,2015,136.0,513,19.4
2024-11-22,WK-12,12#电铲,2018,120.3,568,19.0
2024-11-22,WK-15,15#电铲,2020,121.1,570,19.2
2024-11-22,WK-18,18#电铲,2022,121.5,549,18.5
2024-11-22,WK-20,20#电铲,2012,135.7,516,19.5
2024-11-22,WK-22,22#电铲,2019,120.5,624,20.9
2024-11-22,WK-25,25#电铲,2023,118.2,633,20.8
2024-11-22,WK-28,28#电铲,2016,135.5,507,19.1
2024-11-23,WK-10,10#电铲,2015,135.4,516,19.4
2024-11-23,WK-12,12#电铲,2018,123.1,555,19.0
2024-11-23,WK-15,15#电铲,2020,120.3,574,19.2
2024-11-23,WK-18,18#电铲,2022,116.3,574,18.5
2024-11-23,WK-20,20#电铲,2012,138.7,505,19.5
2024-11-23,WK-22,22#电铲,2019,121.3,620,20.9
2024-11-23,WK-25,25#电铲,2023,119.3,627,20.8
2024-11-23,WK-28,28#电铲,2016,137.2,501,19.1
2024-11-24,WK-10,10#电铲,2015,134.3,520,19.4
2024-11-24,WK-12,12#电铲,2018,124.3,549,19.0
2024-11-24,WK-15,15#电铲,2020,119.7,576,19.2
2024-11-24,WK-18,18#电铲,2022,117.4,568,18.5
2024-11-24,WK-20,20#电铲,2012,136.0,515,19.5
2024-11-24,WK-22,22#电铲,2019,119.8,628,20.9
2024-11-24,WK-25,25#电铲,2023,186.9,97,5.0
2024-11-24,WK-28,28#电铲,2016,136.3,504,19.1
2024-11-25,WK-10,10#电铲,2015,134.6,519,19.4
2024-11-25,WK-12,12#电铲,2018,208.4,124,7.2
2024-11-25,WK-15,15#电铲,2020,120.7,571,19.2
2024-11-25,WK-18,18#电铲,2022,118.9,561,18.5
2024-11-25,WK-20,20#电铲,2012,135.9,515,19.5
2024-11-25,WK-22,22#电铲,2019,121.1,621,20.9
2024-11-25,WK-25,25#电铲,2023,120.0,623,20.8
2024-11-25,WK-28,28#电铲,2016,136.4,504,19.1
2024-11-26,WK-10,10#电铲,2015,136.6,511,19.4
2024-11-26,WK-12,12#电铲,2018,123.0,555,19.0
2024-11-26,WK-15,15#电铲,2020,122.3,564,19.2
2024-11-26,WK-18,18#电铲,2022,116.1,575,18.5
2024-11-26,WK-20,20#电铲,2012,138.9,504,19.5
2024-11-26,WK-22,22#电铲,2019,121.3,620,20.9
2024-11-26,WK-25,25#电铲,2023,122.6,610,20.8
2024-11-26,WK-28,28#电铲,2016,137.1,502,19.1
2024-11-27,WK-10,10#电铲,2015,136.6,511,19.4
2024-11-27,WK-12,12#电铲,2018,120.4,567,19.0
2024-11-27,WK-15,15#电铲,2020,122.3,564,19.2
2024-11-27,WK-18,18#电铲,2022,117.0,570,18.5
2024-11-27,WK-20,20#电铲,2012,134.5,521,19.5
2024-11-27,WK-22,22#电铲,2019,121.3,620,20.9
2024-11-27,WK-25,25#电铲,2023,119.4,626,20.8
2024-11-27,WK-28,28#电铲,2016,139.3,494,19.1
2024-11-28,WK-10,10#电铲,2015,138.5,504,19.4
2024-11-28,WK-12,12#电铲,2018,119.3,572,19.0
2024-11-28,WK-15,15#电铲,2020,122.3,564,19.2
2024-11-28,WK-18,18#电铲,2022,120.2,555,18.5
2024-11-28,WK-20,20#电铲,2012,136.4,513,19.5
2024-11-28,WK-22,22#电铲,2019,122.1,616,20.9
2024-11-28,WK-25,25#电铲,2023,117.6,636,20.8
2024-11-28,WK-28,28#电铲,2016,138.5,496,19.1
2024-11-29,WK-10,10#电铲,2015,138.0,506,19.4
2024-11-29,WK-12,12#电铲,2018,120.3,568,19.0
2024-11-29,WK-15,15#电铲,2020,120.8,571,19.2
2024-11-29,WK-18,18#电铲,2022,118.7,562,18.5
2024-11-29,WK-20,20#电铲,2012,136.3,514,19.5
2024-11-29,WK-22,22#电铲,2019,123.1,611,20.9
2024-11-29,WK-25,25#电铲,2023,120.1,623,20.8
2024-11-29,WK-28,28#电铲,2016,139.0,495,19.1
2024-11-30,WK-10,10#电铲,2015,138.7,503,19.4
2024-11-30,WK-12,12#电铲,2018,124.3,550,19.0
2024-11-30,WK-15,15#电铲,2020,123.8,557,19.2
2024-11-30,WK-18,18#电铲,2022,118.3,564,18.5
2024-11-30,WK-20,20#电铲,2012,135.6,516,19.5
2024-11-30,WK-22,22#电铲,2019,120.6,623,20.9
2024-11-30,WK-25,25#电铲,2023,120.8,619,20.8
2024-11-30,WK-28,28#电铲,2016,137.7,499,19.1
2024-12-01,WK-10,10#电铲,2015,136.5,511,19.4
2024-12-01,WK-12,12#电铲,2018,118.1,578,19.0
2024-12-01,WK-15,15#电铲,2020,123.1,561,19.2
2024-12-01,WK-18,18#电铲,2022,115.1,580,18.5
2024-12-01,WK-20,20#电铲,2012,209.6,88,5.2
2024-12-01,WK-22,22#电铲,2019,121.0,622,20.9
2024-12-01,WK-25,25#电铲,2023,119.6,625,20.8
2024-12-01,WK-28,28#电铲,2016,137.7,500,19.1
2024-12-02,WK-10,10#电铲,2015,136.2,513,19.4
2024-12-02,WK-12,12#电铲,2018,121.1,564,19.0
2024-12-02,WK-15,15#电铲,2020,122.3,564,19.2
2024-12-02,WK-18,18#电铲,2022,114.7,582,18.5
2024-12-02,WK-20,20#电铲,2012,137.5,509,19.5
2024-12-02,WK-22,22#电铲,2019,122.7,613,20.9
2024-12-02,WK-25,25#电铲,2023,120.2,622,20.8
2024-12-02,WK-28,28#电铲,2016,139.0,495,19.1
2024-12-03,WK-10,10#电铲,2015,135.3,516,19.4
2024-12-03,WK-12,12#电铲,2018,123.4,553,19.0
2024-12-03,WK-15,15#电铲,2020,124.5,554,19.2
2024-12-03,WK-18,18#电铲,2022,116.1,575,18.5
2024-12-03,WK-20,20#电铲,2012,140.2,499,19.5
2024-12-03,WK-22,22#电铲,2019,122.4,614,20.9
2024-12-03,WK-25,25#电铲,2023,121.2,617,20.8
2024-12-03,WK-28,28#电铲,2016,139.5,493,19.1
2024-12-04,WK-10,10#电铲,2015,137.8,507,19.4
2024-12-04,WK-12,12#电铲,2018,124.8,547,19.0
2024-12-04,WK-15,15#电铲,2020,124.3,555,19.2
2024-12-04,WK-18,18#电铲,2022,118.1,565,18.5
2024-12-04,WK-20,20#电铲,2012,138.2,507,19.5
2024-12-04,WK-22,22#电铲,2019,120.2,626,20.9
2024-12-04,WK-25,25#电铲,2023,118.8,630,20.8
2024-12-04,WK-28,28#电铲,2016,139.4,493,19.1
2024-12-05,WK-10,10#电铲,2015,136.7,511,19.4
2024-12-05,WK-12,12#电铲,2018,125.5,544,19.0
2024-12-05,WK-15,15#电铲,2020,121.9,566,19.2
2024-12-05,WK-18,18#电铲,2022,115.5,577,18.5
2024-12-05,WK-20,20#电铲,2012,136.6,513,19.5
2024-12-05,WK-22,22#电铲,2019,123.9,607,20.9
2024-12-05,WK-25,25#电铲,2023,120.0,624,20.8
2024-12-05,WK-28,28#电铲,2016,139.1,494,19.1
2024-12-06,WK-10,10#电铲,2015,137.3,509,19.4
2024-12-06,WK-12,12#电铲,2018,124.4,549,19.0
2024-12-06,WK-15,15#电铲,2020,120.9,570,19.2
2024-12-06,WK-18,18#电铲,2022,118.0,565,18.5
2024-12-06,WK-20,20#电铲,2012,137.9,508,19.5
2024-12-06,WK-22,22#电铲,2019,120.3,625,20.9
2024-12-06,WK-25,25#电铲,2023,121.4,616,20.8
2024-12-06,WK-28,28#电铲,2016,139.1,494,19.1
2024-12-07,WK-10,10#电铲,2015,136.2,513,19.4
2024-12-07,WK-12,12#电铲,2018,126.0,542,19.0
2024-12-07,WK-15,15#电铲,2020,122.1,565,19.2
2024-12-07,WK-18,18#电铲,2022,116.9,570,18.5
2024-12-07,WK-20,20#电铲,2012,137.7,508,19.5
2024-12-07,WK-22,22#电铲,2019,122.9,612,20.9
2024-12-07,WK-25,25#电铲,2023,119.2,627,20.8
2024-12-07,WK-28,28#电铲,2016,138.8,495,19.1
2024-12-08,WK-10,10#电铲,2015,139.7,500,19.4
2024-12-08,WK-12,12#电铲,2018,124.9,547,19.0
2024-12-08,WK-15,15#电铲,2020,122.8,562,19.2
2024-12-08,WK-18,18#电铲,2022,117.2,569,18.5
2024-12-08,WK-20,20#电铲,2012,137.0,511,19.5
2024-12-08,WK-22,22#电铲,2019,122.1,616,20.9
2024-12-08,WK-25,25#电铲,2023,119.8,625,20.8
2024-12-08,WK-28,28#电铲,2016,140.7,489,19.1
2024-12-09,WK-10,10#电铲,2015,136.7,511,19.4
2024-12-09,WK-12,12#电铲,2018,126.1,542,19.0
2024-12-09,WK-15,15#电铲,2020,121.9,566,19.2
2024-12-09,WK-18,18#电铲,2022,118.0,565,18.5
2024-12-09,WK-20,20#电铲,2012,137.6,509,19.5
2024-12-09,WK-22,22#电铲,2019,123.2,611,20.9
2024-12-09,WK-25,25#电铲,2023,122.7,609,20.8
2024-12-09,WK-28,28#电铲,2016,142.2,484,19.1
2024-12-10,WK-10,10#电铲,2015,138.0,506,19.4
2024-12-10,WK-12,12#电铲,2018,123.2,554,19.0
2024-12-10,WK-15,15#电铲,2020,123.9,557,19.2
2024-12-10,WK-18,18#电铲,2022,118.2,564,18.5
2024-12-10,WK-20,20#电铲,2012,138.9,504,19.5
2024-12-10,WK-22,22#电铲,2019,122.9,612,20.9
2024-12-10,WK-25,25#电铲,2023,120.4,621,20.8
2024-12-10,WK-28,28#电铲,2016,137.7,499,19.1
2024-12-11,WK-10,10#电铲,2015,139.9,499,19.4
2024-12-11,WK-12,12#电铲,2018,121.0,564,19.0
2024-12-11,WK-15,15#电铲,2020,119.3,578,19.2
2024-12-11,WK-18,18#电铲,2022,118.0,565,18.5
2024-12-11,WK-20,20#电铲,2012,137.8,508,19.5
2024-12-11,WK-22,22#电铲,2019,122.6,613,20.9
2024-12-11,WK-25,25#电铲,2023,121.4,616,20.8
2024-12-11,WK-28,28#电铲,2016,138.2,497,19.1
2024-12-12,WK-10,10#电铲,2015,137.2,509,19.4
2024-12-12,WK-12,12#电铲,2018,121.3,563,19.0
2024-12-12,WK-15,15#电铲,2020,123.6,558,19.2
2024-12-12,WK-18,18#电铲,2022,119.7,557,18.5
2024-12-12,WK-20,20#电铲,2012,138.5,505,19.5
2024-12-12,WK-22,22#电铲,2019,121.4,620,20.9
2024-12-12,WK-25,25#电铲,2023,122.3,612,20.8
2024-12-12,WK-28,28#电铲,2016,138.3,497,19.1
2024-12-13,WK-10,10#电铲,2015,135.5,515,19.4
2024-12-13,WK-12,12#电铲,2018,122.9,555,19.0
2024-12-13,WK-15,15#电铲,2020,124.4,555,19.2
2024-12-13,WK-18,18#电铲,2022,118.4,563,18.5
2024-12-13,WK-20,20#电铲,2012,137.3,510,19.5
2024-12-13,WK-22,22#电铲,2019,122.4,614,20.9
2024-12-13,WK-25,25#电铲,2023,121.6,615,20.8
2024-12-13,WK-28,28#电铲,2016,136.1,505,19.1
2024-12-14,WK-10,10#电铲,2015,139.5,500,19.4
2024-12-14,WK-12,12#电铲,2018,121.1,564,19.0
2024-12-14,WK-15,15#电铲,2020,124.2,555,19.2
2024-12-14,WK-18,18#电铲,2022,120.1,555,18.5
2024-12-14,WK-20,20#电铲,2012,136.6,512,19.5
2024-12-14,WK-22,22#电铲,2019,120.8,623,20.9
2024-12-14,WK-25,25#电铲,2023,118.6,631,20.8
2024-12-14,WK-28,28#电铲,2016,138.3,497,19.1
2024-12-15,WK-10,10#电铲,2015,139.6,500,19.4
2024-12-15,WK-12,12#电铲,2018,122.4,558,19.0
2024-12-15,WK-15,15#电铲,2020,123.3,559,19.2
2024-12-15,WK-18,18#电铲,2022,122.4,545,18.5
2024-12-15,WK-20,20#电铲,2012,136.6,512,19.5
2024-12-15,WK-22,22#电铲,2019,122.0,616,20.9
2024-12-15,WK-25,25#电铲,2023,121.2,617,20.8
2024-12-15,WK-28,28#电铲,2016,139.7,492,19.1
2024-12-16,WK-10,10#电铲,2015,136.8,510,19.4
2024-12-16,WK-12,12#电铲,2018,121.5,562,19.0
2024-12-16,WK-15,15#电铲,2020,125.5,550,19.2
2024-12-16,WK-18,18#电铲,2022,117.5,568,18.5
2024-12-16,WK-20,20#电铲,2012,136.0,515,19.5
2024-12-16,WK-22,22#电铲,2019,123.7,608,20.9
2024-12-16,WK-25,25#电铲,2023,124.8,600,20.8
2024-12-16,WK-28,28#电铲,2016,140.6,489,19.1
2024-12-17,WK-10,10#电铲,2015,137.3,509,19.4
2024-12-17,WK-12,12#电铲,2018,121.7,561,19.0
2024-12-17,WK-15,15#电铲,2020,123.9,557,19.2
2024-12-17,WK-18,18#电铲,2022,121.3,550,18.5
2024-12-17,WK-20,20#电铲,2012,134.5,521,19.5
2024-12-17,WK-22,22#电铲,2019,123.2,610,20.9
2024-12-17,WK-25,25#电铲,2023,121.8,614,20.8
2024-12-17,WK-28,28#电铲,2016,139.7,492,19.1
2024-12-18,WK-10,10#电铲,2015,136.8,511,19.4
2024-12-18,WK-12,12#电铲,2018,119.1,573,19.0
2024-12-18,WK-15,15#电铲,2020,122.0,565,19.2
2024-12-18,WK-18,18#电铲,2022,119.7,557,18.5
2024-12-18,WK-20,20#电铲,2012,137.0,511,19.5
2024-12-18,WK-22,22#电铲,2019,123.3,610,20.9
2024-12-18,WK-25,25#电铲,2023,121.6,615,20.8
2024-12-18,WK-28,28#电铲,2016,140.9,488,19.1
2024-12-19,WK-10,10#电铲,2015,136.5,511,19.4
2024-12-19,WK-12,12#电铲,2018,124.5,549,19.0
2024-12-19,WK-15,15#电铲,2020,124.0,556,19.2
2024-12-19,WK-18,18#电铲,2022,118.8,561,18.5
2024-12-19,WK-20,20#电铲,2012,140.3,499,19.5
2024-12-19,WK-22,22#电铲,2019,123.4,609,20.9
2024-12-19,WK-25,25#电铲,2023,123.7,605,20.8
2024-12-19,WK-28,28#电铲,2016,138.2,498,19.1
2024-12-20,WK-10,10#电铲,2015,137.9,506,19.4
2024-12-20,WK-12,12#电铲,2018,124.8,547,19.0
2024-12-20,WK-15,15#电铲,2020,120.9,571,19.2
2024-12-20,WK-18,18#电铲,2022,117.2,569,18.5
2024-12-20,WK-20,20#电铲,2012,139.2,503,19.5
2024-12-20,WK-22,22#电铲,2019,124.2,605,20.9
2024-12-20,WK-25,25#电铲,2023,120.8,619,20.8
2024-12-20,WK-28,28#电铲,2016,138.5,497,19.1
2024-12-21,WK-10,10#电铲,2015,137.5,508,19.4
2024-12-21,WK-12,12#电铲,2018,124.8,547,19.0
2024-12-21,WK-15,15#电铲,2020,122.1,565,19.2
2024-12-21,WK-18,18#电铲,2022,119.3,559,18.5
2024-12-21,WK-20,20#电铲,2012,141.3,496,19.5
2024-12-21,WK-22,22#电铲,2019,121.0,622,20.9
2024-12-21,WK-25,25#电铲,2023,121.3,617,20.8
2024-12-21,WK-28,28#电铲,2016,137.0,502,19.1
2024-12-22,WK-10,10#电铲,2015,135.7,514,19.4
2024-12-22,WK-12,12#电铲,2018,175.6,210,10.3
2024-12-22,WK-15,15#电铲,2020,125.9,548,19.2
2024-12-22,WK-18,18#电铲,2022,118.1,565,18.5
2024-12-22,WK-20,20#电铲,2012,138.9,504,19.5
2024-12-22,WK-22,22#电铲,2019,123.6,608,20.9
2024-12-22,WK-25,25#电铲,2023,118.9,629,20.8
2024-12-22,WK-28,28#电铲,2016,135.9,506,19.1
2024-12-23,WK-10,10#电铲,2015,138.7,503,19.4
2024-12-23,WK-12,12#电铲,2018,123.6,552,19.0
2024-12-23,WK-15,15#电铲,2020,123.8,557,19.2
2024-12-23,WK-18,18#电铲,2022,121.1,551,18.5
2024-12-23,WK-20,20#电铲,2012,136.9,511,19.5
2024-12-23,WK-22,22#电铲,2019,123.5,609,20.9
2024-12-23,WK-25,25#电铲,2023,121.9,614,20.8
2024-12-23,WK-28,28#电铲,2016,136.6,503,19.1
2024-12-24,WK-10,10#电铲,2015,140.1,498,19.4
2024-12-24,WK-12,12#电铲,2018,124.6,548,19.0
2024-12-24,WK-15,15#电铲,2020,125.7,549,19.2
2024-12-24,WK-18,18#电铲,2022,121.4,549,18.5
2024-12-24,WK-20,20#电铲,2012,136.2,514,19.5
2024-12-24,WK-22,22#电铲,2019,122.9,612,20.9
2024-12-24,WK-25,25#电铲,2023,120.7,620,20.8
2024-12-24,WK-28,28#电铲,2016,137.9,499,19.1
2024-12-25,WK-10,10#电铲,2015,142.4,490,19.4
2024-12-25,WK-12,12#电铲,2018,125.4,544,19.0
2024-12-25,WK-15,15#电铲,2020,125.0,552,19.2
2024-12-25,WK-18,18#电铲,2022,118.7,562,18.5
2024-12-25,WK-20,20#电铲,2012,135.9,515,19.5
2024-12-25,WK-22,22#电铲,2019,120.9,622,20.9
2024-12-25,WK-25,25#电铲,2023,120.5,621,20.8
2024-12-25,WK-28,28#电铲,2016,140.1,491,19.1
2024-12-26,WK-10,10#电铲,2015,138.2,505,19.4
2024-12-26,WK-12,12#电铲,2018,124.1,550,19.0
2024-12-26,WK-15,15#电铲,2020,121.8,566,19.2
2024-12-26,WK-18,18#电铲,2022,117.5,568,18.5
2024-12-26,WK-20,20#电铲,2012,137.9,508,19.5
2024-12-26,WK-22,22#电铲,2019,123.3,610,20.9
2024-12-26,WK-25,25#电铲,2023,121.4,616,20.8
2024-12-26,WK-28,28#电铲,2016,138.8,496,19.1
2024-12-27,WK-10,10#电铲,2015,138.9,503,19.4
2024-12-27,WK-12,12#电铲,2018,125.6,544,19.0
2024-12-27,WK-15,15#电铲,2020,123.0,561,19.2
2024-12-27,WK-18,18#电铲,2022,120.0,556,18.5
2024-12-27,WK-20,20#电铲,2012,138.6,505,19.5
2024-12-27,WK-22,22#电铲,2019,123.9,607,20.9
2024-12-27,WK-25,25#电铲,2023,119.0,629,20.8
2024-12-27,WK-28,28#电铲,2016,139.1,494,19.1
2024-12-28,WK-10,10#电铲,2015,141.0,495,19.4
2024-12-28,WK-12,12#电铲,2018,123.8,552,19.0
2024-12-28,WK-15,15#电铲,2020,122.8,562,19.2
2024-12-28,WK-18,18#电铲,2022,119.7,557,18.5
2024-12-28,WK-20,20#电铲,2012,139.8,501,19.5
2024-12-28,WK-22,22#电铲,2019,124.8,603,20.9
2024-12-28,WK-25,25#电铲,2023,120.1,623,20.8
2024-12-28,WK-28,28#电铲,2016,138.1,498,19.1
2024-12-29,WK-10,10#电铲,2015,140.3,498,19.4
2024-12-29,WK-12,12#电铲,2018,123.5,553,19.0
2024-12-29,WK-15,15#电铲,2020,123.1,560,19.2
2024-12-29,WK-18,18#电铲,2022,119.9,556,18.5
2024-12-29,WK-20,20#电铲,2012,140.1,500,19.5
2024-12-29,WK-22,22#电铲,2019,124.7,603,20.9
2024-12-29,WK-25,25#电铲,2023,119.8,625,20.8
2024-12-29,WK-28,28#电铲,2016,138.9,495,19.1
2024-12-30,WK-10,10#电铲,2015,140.6,497,19.4
2024-12-30,WK-12,12#电铲,2018,125.7,543,19.0
2024-12-30,WK-15,15#电铲,2020,124.3,555,19.2
2024-12-30,WK-18,18#电铲,2022,118.3,564,18.5
2024-12-30,WK-20,20#电铲,2012,140.2,499,19.5
2024-12-30,WK-22,22#电铲,2019,125.1,601,20.9
2024-12-30,WK-25,25#电铲,2023,120.6,620,20.8
2024-12-30,WK-28,28#电铲,2016,138.8,495,19.1
2024-12-31,WK-10,10#电铲,2015,141.3,494,19.4
2024-12-31,WK-12,12#电铲,2018,122.7,557,19.0
2024-12-31,WK-15,15#电铲,2020,123.9,557,19.2
2024-12-31,WK-18,18#电铲,2022,122.0,547,18.5
2024-12-31,WK-20,20#电铲,2012,139.1,503,19.5
2024-12-31,WK-22,22#电铲,2019,122.4,615,20.9
2024-12-31,WK-25,25#电铲,2023,121.3,617,20.8
2024-12-31,WK-28,28#电铲,2016,137.6,500,19.1
2025-01-01,WK-10,10#电铲,2015,141.0,495,19.4
2025-01-01,WK-12,12#电铲,2018,124.6,548,19.0
2025-01-01,WK-15,15#电铲,2020,123.7,558,19.2
2025-01-01,WK-18,18#电铲,2022,121.8,548,18.5
2025-01-01,WK-20,20#电铲,2012,140.0,500,19.5
2025-01-01,WK-22,22#电铲,2019,121.9,617,20.9
2025-01-01,WK-25,25#电铲,2023,121.6,615,20.8
2025-01-01,WK-28,28#电铲,2016,142.3,483,19.1
2025-01-02,WK-10,10#电铲,2015,140.8,496,19.4
2025-01-02,WK-12,12#电铲,2018,123.0,555,19.0
2025-01-02,WK-15,15#电铲,2020,128.5,537,19.2
2025-01-02,WK-18,18#电铲,2022,121.7,548,18.5
2025-01-02,WK-20,20#电铲,2012,139.4,502,19.5
2025-01-02,WK-22,22#电铲,2019,124.0,606,20.9
2025-01-02,WK-25,25#电铲,2023,123.8,604,20.8
2025-01-02,WK-28,28#电铲,2016,143.3,480,19.1
2025-01-03,WK-10,10#电铲,2015,140.1,498,19.4
2025-01-03,WK-12,12#电铲,2018,125.7,543,19.0
2025-01-03,WK-15,15#电铲,2020,126.1,547,19.2
2025-01-03,WK-18,18#电铲,2022,120.4,554,18.5
2025-01-03,WK-20,20#电铲,2012,217.8,111,6.8
2025-01-03,WK-22,22#电铲,2019,121.0,621,20.9
2025-01-03,WK-25,25#电铲,2023,122.6,610,20.8
2025-01-03,WK-28,28#电铲,2016,142.5,483,19.1
2025-01-04,WK-10,10#电铲,2015,140.6,497,19.4
2025-01-04,WK-12,12#电铲,2018,126.5,540,19.0
2025-01-04,WK-15,15#电铲,2020,124.3,555,19.2
2025-01-04,WK-18,18#电铲,2022,119.6,558,18.5
2025-01-04,WK-20,20#电铲,2012,139.6,502,19.5
2025-01-04,WK-22,22#电铲,2019,121.7,618,20.9
2025-01-04,WK-25,25#电铲,2023,125.9,594,20.8
2025-01-04,WK-28,28#电铲,2016,139.7,492,19.1
2025-01-05,WK-10,10#电铲,2015,140.2,498,19.4
2025-01-05,WK-12,12#电铲,2018,125.1,546,19.0
2025-01-05,WK-15,15#电铲,2020,126.5,545,19.2
2025-01-05,WK-18,18#电铲,2022,122.7,544,18.5
2025-01-05,WK-20,20#电铲,2012,141.0,497,19.5
2025-01-05,WK-22,22#电铲,2019,121.6,618,20.9
2025-01-05,WK-25,25#电铲,2023,125.7,595,20.8
2025-01-05,WK-28,28#电铲,2016,141.2,487,19.1
2025-01-06,WK-10,10#电铲,2015,139.4,501,19.4
2025-01-06,WK-12,12#电铲,2018,122.6,557,19.0
2025-01-06,WK-15,15#电铲,2020,126.4,546,19.2
2025-01-06,WK-18,18#电铲,2022,120.3,554,18.5
2025-01-06,WK-20,20#电铲,2012,142.4,492,19.5
2025-01-06,WK-22,22#电铲,2019,122.3,615,20.9
2025-01-06,WK-25,25#电铲,2023,120.7,620,20.8
2025-01-06,WK-28,28#电铲,2016,140.3,490,19.1
2025-01-07,WK-10,10#电铲,2015,139.9,499,19.4
2025-01-07,WK-12,12#电铲,2018,125.7,543,19.0
2025-01-07,WK-15,15#电铲,2020,125.4,550,19.2
2025-01-07,WK-18,18#电铲,2022,120.4,554,18.5
2025-01-07,WK-20,20#电铲,2012,141.7,494,19.5
2025-01-07,WK-22,22#电铲,2019,125.1,601,20.9
2025-01-07,WK-25,25#电铲,2023,120.9,619,20.8
2025-01-07,WK-28,28#电铲,2016,141.3,487,19.1
2025-01-08,WK-10,10#电铲,2015,139.7,500,19.4
2025-01-08,WK-12,12#电铲,2018,128.7,531,19.0
2025-01-08,WK-15,15#电铲,2020,127.0,543,19.2
2025-01-08,WK-18,18#电铲,2022,122.8,543,18.5
2025-01-08,WK-20,20#电铲,2012,137.4,510,19.5
2025-01-08,WK-22,22#电铲,2019,123.9,607,20.9
2025-01-08,WK-25,25#电铲,2023,122.2,612,20.8
2025-01-08,WK-28,28#电铲,2016,143.2,480,19.1
2025-01-09,WK-10,10#电铲,2015,140.0,499,19.4
2025-01-09,WK-12,12#电铲,2018,125.6,544,19.0
2025-01-09,WK-15,15#电铲,2020,125.6,549,19.2
2025-01-09,WK-18,18#电铲,2022,123.1,542,18.5
2025-01-09,WK-20,20#电铲,2012,139.2,503,19.5
2025-01-09,WK-22,22#电铲,2019,126.1,596,20.9
2025-01-09,WK-25,25#电铲,2023,122.8,609,20.8
2025-01-09,WK-28,28#电铲,2016,142.5,482,19.1
2025-01-10,WK-10,10#电铲,2015,143.5,487,19.4
2025-01-10,WK-12,12#电铲,2018,125.7,543,19.0
2025-01-10,WK-15,15#电铲,2020,126.7,544,19.2
2025-01-10,WK-18,18#电铲,2022,122.8,543,18.5
2025-01-10,WK-20,20#电铲,2012,139.5,502,19.5
2025-01-10,WK-22,22#电铲,2019,125.4,599,20.9
2025-01-10,WK-25,25#电铲,2023,122.3,612,20.8
2025-01-10,WK-28,28#电铲,2016,141.4,486,19.1
2025-01-11,WK-10,10#电铲,2015,140.1,498,19.4
2025-01-11,WK-12,12#电铲,2018,128.1,533,19.0
2025-01-11,WK-15,15#电铲,2020,124.4,554,19.2
2025-01-11,WK-18,18#电铲,2022,125.1,533,18.5
2025-01-11,WK-20,20#电铲,2012,139.1,503,19.5
2025-01-11,WK-22,22#电铲,2019,123.4,609,20.9
2025-01-11,WK-25,25#电铲,2023,122.8,609,20.8
2025-01-11,WK-28,28#电铲,2016,141.2,487,19.1
2025-01-12,WK-10,10#电铲,2015,138.7,503,19.4
2025-01-12,WK-12,12#电铲,2018,126.9,538,19.0
2025-01-12,WK-15,15#电铲,2020,128.2,538,19.2
2025-01-12,WK-18,18#电铲,2022,121.8,547,18.5
2025-01-12,WK-20,20#电铲,2012,140.1,500,19.5
2025-01-12,WK-22,22#电铲,2019,123.0,611,20.9
2025-01-12,WK-25,25#电铲,2023,120.4,621,20.8
2025-01-12,WK-28,28#电铲,2016,142.8,481,19.1
2025-01-13,WK-10,10#电铲,2015,140.1,498,19.4
2025-01-13,WK-12,12#电铲,2018,123.4,553,19.0
2025-01-13,WK-15,15#电铲,2020,126.7,545,19.2
2025-01-13,WK-18,18#电铲,2022,122.6,544,18.5
2025-01-13,WK-20,20#电铲,2012,137.7,509,19.5
2025-01-13,WK-22,22#电铲,2019,123.3,610,20.9
2025-01-13,WK-25,25#电铲,2023,120.3,622,20.8
2025-01-13,WK-28,28#电铲,2016,139.6,493,19.1
2025-01-14,WK-10,10#电铲,2015,140.3,498,19.4
2025-01-14,WK-12,12#电铲,2018,123.8,551,19.0
2025-01-14,WK-15,15#电铲,2020,191.1,111,5.9
2025-01-14,WK-18,18#电铲,2022,122.2,546,18.5
2025-01-14,WK-20,20#电铲,2012,140.2,499,19.5
2025-01-14,WK-22,22#电铲,2019,123.9,607,20.9
2025-01-14,WK-25,25#电铲,2023,126.5,591,20.8
2025-01-14,WK-28,28#电铲,2016,139.2,494,19.1
2025-01-15,WK-10,10#电铲,2015,141.6,493,19.4
2025-01-15,WK-12,12#电铲,2018,123.9,551,19.0
2025-01-15,WK-15,15#电铲,2020,125.7,549,19.2
2025-01-15,WK-18,18#电铲,2022,121.4,550,18.5
2025-01-15,WK-20,20#电铲,2012,138.6,505,19.5
2025-01-15,WK-22,22#电铲,2019,126.3,595,20.9
2025-01-15,WK-25,25#电铲,2023,126.7,590,20.8
2025-01-15,WK-28,28#电铲,2016,139.7,492,19.1
2025-01-16,WK-10,10#电铲,2015,139.1,502,19.4
2025-01-16,WK-12,12#电铲,2018,123.8,552,19.0
2025-01-16,WK-15,15#电铲,2020,127.8,540,19.2
2025-01-16,WK-18,18#电铲,2022,122.0,547,18.5
2025-01-16,WK-20,20#电铲,2012,137.7,508,19.5
2025-01-16,WK-22,22#电铲,2019,125.3,600,20.9
2025-01-16,WK-25,25#电铲,2023,125.2,598,20.8
2025-01-16,WK-28,28#电铲,2016,143.6,479,19.1
2025-01-17,WK-10,10#电铲,2015,142.3,490,19.4
2025-01-17,WK-12,12#电铲,2018,125.3,545,19.0
2025-01-17,WK-15,15#电铲,2020,129.1,534,19.2
2025-01-17,WK-18,18#电铲,2022,122.8,543,18.5
2025-01-17,WK-20,20#电铲,2012,138.9,504,19.5
2025-01-17,WK-22,22#电铲,2019,125.8,598,20.9
2025-01-17,WK-25,25#电铲,2023,124.0,603,20.8
2025-01-17,WK-28,28#电铲,2016,141.1,487,19.1
2025-01-18,WK-10,10#电铲,2015,142.5,490,19.4
2025-01-18,WK-12,12#电铲,2018,125.8,543,19.0
2025-01-18,WK-15,15#电铲,2020,211.5,154,9.1
2025-01-18,WK-18,18#电铲,2022,123.5,540,18.5
2025-01-18,WK-20,20#电铲,2012,137.6,509,19.5
2025-01-18,WK-22,22#电铲,2019,125.2,601,20.9
2025-01-18,WK-25,25#电铲,2023,124.9,599,20.8
2025-01-18,WK-28,28#电铲,2016,141.2,487,19.1
2025-01-19,WK-10,10#电铲,2015,139.2,501,19.4
2025-01-19,WK-12,12#电铲,2018,124.4,549,19.0
2025-01-19,WK-15,15#电铲,2020,126.1,547,19.2
2025-01-19,WK-18,18#电铲,2022,123.7,539,18.5
2025-01-19,WK-20,20#电铲,2012,138.5,506,19.5
2025-01-19,WK-22,22#电铲,2019,124.9,602,20.9
2025-01-19,WK-25,25#电铲,2023,123.9,604,20.8
2025-01-19,WK-28,28#电铲,2016,140.7,489,19.1
2025-01-20,WK-10,10#电铲,2015,138.5,504,19.4
2025-01-20,WK-12,12#电铲,2018,128.9,530,19.0
2025-01-20,WK-15,15#电铲,2020,127.1,543,19.2
2025-01-20,WK-18,18#电铲,2022,123.7,539,18.5
2025-01-20,WK-20,20#电铲,2012,141.8,494,19.5
2025-01-20,WK-22,22#电铲,2019,124.7,603,20.9
2025-01-20,WK-25,25#电铲,2023,124.6,600,20.8
2025-01-20,WK-28,28#电铲,2016,141.9,484,19.1
2025-01-21,WK-10,10#电铲,2015,137.8,506,19.4
2025-01-21,WK-12,12#电铲,2018,126.3,540,19.0
2025-01-21,WK-15,15#电铲,2020,125.2,551,19.2
2025-01-21,WK-18,18#电铲,2022,122.9,543,18.5
2025-01-21,WK-20,20#电铲,2012,141.3,496,19.5
2025-01-21,WK-22,22#电铲,2019,124.3,605,20.9
2025-01-21,WK-25,25#电铲,2023,122.8,609,20.8
2025-01-21,WK-28,28#电铲,2016,142.6,482,19.1
2025-01-22,WK-10,10#电铲,2015,140.0,499,19.4
2025-01-22,WK-12,12#电铲,2018,129.2,528,19.0
2025-01-22,WK-15,15#电铲,2020,123.8,557,19.2
2025-01-22,WK-18,18#电铲,2022,122.8,543,18.5
2025-01-22,WK-20,20#电铲,2012,142.3,492,19.5
2025-01-22,WK-22,22#电铲,2019,124.8,603,20.9
2025-01-22,WK-25,25#电铲,2023,123.6,605,20.8
2025-01-22,WK-28,28#电铲,2016,141.0,488,19.1
2025-01-23,WK-10,10#电铲,2015,142.1,491,19.4
2025-01-23,WK-12,12#电铲,2018,128.3,532,19.0
2025-01-23,WK-15,15#电铲,2020,124.9,552,19.2
2025-01-23,WK-18,18#电铲,2022,123.3,541,18.5
2025-01-23,WK-20,20#电铲,2012,140.7,497,19.5
2025-01-23,WK-22,22#电铲,2019,127.2,591,20.9
2025-01-23,WK-25,25#电铲,2023,122.3,612,20.8
2025-01-23,WK-28,28#电铲,2016,140.7,489,19.1
2025-01-24,WK-10,10#电铲,2015,140.9,496,19.4
2025-01-24,WK-12,12#电铲,2018,129.9,526,19.0
2025-01-24,WK-15,15#电铲,2020,125.1,551,19.2
2025-01-24,WK-18,18#电铲,2022,123.9,538,18.5
2025-01-24,WK-20,20#电铲,2012,140.1,500,19.5
2025-01-24,WK-22,22#电铲,2019,126.3,595,20.9
2025-01-24,WK-25,25#电铲,2023,125.1,598,20.8
2025-01-24,WK-28,28#电铲,2016,144.7,475,19.1
2025-01-25,WK-10,10#电铲,2015,140.9,495,19.4
2025-01-25,WK-12,12#电铲,2018,128.2,532,19.0
2025-01-25,WK-15,15#电铲,2020,126.5,545,19.2
2025-01-25,WK-18,18#电铲,2022,122.3,546,18.5
2025-01-25,WK-20,20#电铲,2012,141.3,496,19.5
2025-01-25,WK-22,22#电铲,2019,127.3,591,20.9
2025-01-25,WK-25,25#电铲,2023,124.9,599,20.8
2025-01-25,WK-28,28#电铲,2016,144.2,477,19.1
2025-01-26,WK-10,10#电铲,2015,143.5,487,19.4
2025-01-26,WK-12,12#电铲,2018,128.4,532,19.0
2025-01-26,WK-15,15#电铲,2020,127.6,541,19.2
2025-01-26,WK-18,18#电铲,2022,121.6,549,18.5
2025-01-26,WK-20,20#电铲,2012,140.6,498,19.5
2025-01-26,WK-22,22#电铲,2019,124.6,603,20.9
2025-01-26,WK-25,25#电铲,2023,124.9,599,20.8
2025-01-26,WK-28,28#电铲,2016,140.6,489,19.1
2025-01-27,WK-10,10#电铲,2015,141.7,493,19.4
2025-01-27,WK-12,12#电铲,2018,130.1,525,19.0
2025-01-27,WK-15,15#电铲,2020,129.3,534,19.2
2025-01-27,WK-18,18#电铲,2022,124.9,534,18.5
2025-01-27,WK-20,20#电铲,2012,139.5,502,19.5
2025-01-27,WK-22,22#电铲,2019,125.0,601,20.9
2025-01-27,WK-25,25#电铲,2023,124.7,600,20.8
2025-01-27,WK-28,28#电铲,2016,140.8,488,19.1
2025-01-28,WK-10,10#电铲,2015,141.5,493,19.4
2025-01-28,WK-12,12#电铲,2018,128.3,532,19.0
2025-01-28,WK-15,15#电铲,2020,129.1,534,19.2
2025-01-28,WK-18,18#电铲,2022,122.9,543,18.5
2025-01-28,WK-20,20#电铲,2012,140.5,498,19.5
2025-01-28,WK-22,22#电铲,2019,126.4,595,20.9
2025-01-28,WK-25,25#电铲,2023,123.5,606,20.8
2025-01-28,WK-28,28#电铲,2016,142.1,484,19.1
2025-01-29,WK-10,10#电铲,2015,138.3,505,19.4
2025-01-29,WK-12,12#电铲,2018,128.1,533,19.0
2025-01-29,WK-15,15#电铲,2020,129.5,533,19.2
2025-01-29,WK-18,18#电铲,2022,121.7,548,18.5
2025-01-29,WK-20,20#电铲,2012,141.6,494,19.5
2025-01-29,WK-22,22#电铲,2019,126.4,595,20.9
2025-01-29,WK-25,25#电铲,2023,124.9,599,20.8
2025-01-29,WK-28,28#电铲,2016,142.7,482,19.1
2025-01-30,WK-10,10#电铲,2015,138.6,504,19.4
2025-01-30,WK-12,12#电铲,2018,127.4,536,19.0
2025-01-30,WK-15,15#电铲,2020,127.6,540,19.2
2025-01-30,WK-18,18#电铲,2022,122.0,547,18.5
2025-01-30,WK-20,20#电铲,2012,201.0,72,4.1
2025-01-30,WK-22,22#电铲,2019,126.4,595,20.9
2025-01-30,WK-25,25#电铲,2023,123.4,606,20.8
2025-01-30,WK-28,28#电铲,2016,139.8,492,19.1
2025-01-31,WK-10,10#电铲,2015,141.1,495,19.4
2025-01-31,WK-12,12#电铲,2018,126.6,539,19.0
2025-01-31,WK-15,15#电铲,2020,130.5,528,19.2
2025-01-31,WK-18,18#电铲,2022,123.4,541,18.5
2025-01-31,WK-20,20#电铲,2012,137.6,509,19.5
2025-01-31,WK-22,22#电铲,2019,127.0,592,20.9
2025-01-31,WK-25,25#电铲,2023,124.1,603,20.8
2025-01-31,WK-28,28#电铲,2016,138.3,497,19.1
2025-02-01,WK-10,10#电铲,2015,143.0,488,19.4
2025-02-01,WK-12,12#电铲,2018,129.5,527,19.0
2025-02-01,WK-15,15#电铲,2020,131.1,526,19.2
2025-02-01,WK-18,18#电铲,2022,124.0,538,18.5
2025-02-01,WK-20,20#电铲,2012,138.5,505,19.5
2025-02-01,WK-22,22#电铲,2019,128.1,587,20.9
2025-02-01,WK-25,25#电铲,2023,122.9,609,20.8
2025-02-01,WK-28,28#电铲,2016,141.3,487,19.1
2025-02-02,WK-10,10#电铲,2015,144.6,483,19.4
2025-02-02,WK-12,12#电铲,2018,127.0,538,19.0
2025-02-02,WK-15,15#电铲,2020,130.2,530,19.2
2025-02-02,WK-18,18#电铲,2022,123.4,540,18.5
2025-02-02,WK-20,20#电铲,2012,140.8,497,19.5
2025-02-02,WK-22,22#电铲,2019,127.5,590,20.9
2025-02-02,WK-25,25#电铲,2023,124.6,601,20.8
2025-02-02,WK-28,28#电铲,2016,144.0,478,19.1
2025-02-03,WK-10,10#电铲,2015,144.1,484,19.4
2025-02-03,WK-12,12#电铲,2018,128.6,531,19.0
2025-02-03,WK-15,15#电铲,2020,128.6,536,19.2
2025-02-03,WK-18,18#电铲,2022,124.2,537,18.5
2025-02-03,WK-20,20#电铲,2012,141.7,494,19.5
2025-02-03,WK-22,22#电铲,2019,126.2,596,20.9
2025-02-03,WK-25,25#电铲,2023,126.7,591,20.8
2025-02-03,WK-28,28#电铲,2016,145.3,473,19.1
2025-02-04,WK-10,10#电铲,2015,144.4,483,19.4
2025-02-04,WK-12,12#电铲,2018,127.1,537,19.0
2025-02-04,WK-15,15#电铲,2020,129.0,535,19.2
2025-02-04,WK-18,18#电铲,2022,122.5,545,18.5
2025-02-04,WK-20,20#电铲,2012,140.3,499,19.5
2025-02-04,WK-22,22#电铲,2019,124.5,604,20.9
2025-02-04,WK-25,25#电铲,2023,125.7,595,20.8
2025-02-04,WK-28,28#电铲,2016,144.5,476,19.1
2025-02-05,WK-10,10#电铲,2015,142.8,489,19.4
2025-02-05,WK-12,12#电铲,2018,129.7,527,19.0
2025-02-05,WK-15,15#电铲,2020,128.7,536,19.2
2025-02-05,WK-18,18#电铲,2022,123.2,541,18.5
2025-02-05,WK-20,20#电铲,2012,144.7,484,19.5
2025-02-05,WK-22,22#电铲,2019,128.0,587,20.9
2025-02-05,WK-25,25#电铲,2023,123.6,605,20.8
2025-02-05,WK-28,28#电铲,2016,142.1,484,19.1
2025-02-06,WK-10,10#电铲,2015,142.6,490,19.4
2025-02-06,WK-12,12#电铲,2018,128.6,531,19.0
2025-02-06,WK-15,15#电铲,2020,127.3,542,19.2
2025-02-06,WK-18,18#电铲,2022,124.4,536,18.5
2025-02-06,WK-20,20#电铲,2012,141.6,495,19.5
2025-02-06,WK-22,22#电铲,2019,127.4,590,20.9
2025-02-06,WK-25,25#电铲,2023,125.3,597,20.8
2025-02-06,WK-28,28#电铲,2016,142.1,484,19.1
2025-02-07,WK-10,10#电铲,2015,141.2,494,19.4
2025-02-07,WK-12,12#电铲,2018,128.8,530,19.0
2025-02-07,WK-15,15#电铲,2020,129.5,533,19.2
2025-02-07,WK-18,18#电铲,2022,125.5,531,18.5
2025-02-07,WK-20,20#电铲,2012,141.0,496,19.5
2025-02-07,WK-22,22#电铲,2019,126.6,594,20.9
2025-02-07,WK-25,25#电铲,2023,127.9,585,20.8
2025-02-07,WK-28,28#电铲,2016,142.2,484,19.1
2025-02-08,WK-10,10#电铲,2015,142.5,490,19.4
2025-02-08,WK-12,12#电铲,2018,129.0,529,19.0
2025-02-08,WK-15,15#电铲,2020,128.8,536,19.2
2025-02-08,WK-18,18#电铲,2022,123.9,538,18.5
2025-02-08,WK-20,20#电铲,2012,142.1,493,19.5
2025-02-08,WK-22,22#电铲,2019,127.6,589,20.9
2025-02-08,WK-25,25#电铲,2023,126.0,594,20.8
2025-02-08,WK-28,28#电铲,2016,142.9,481,19.1
2025-02-09,WK-10,10#电铲,2015,141.9,492,19.4
2025-02-09,WK-12,12#电铲,2018,128.9,530,19.0
2025-02-09,WK-15,15#电铲,2020,127.5,541,19.2
2025-02-09,WK-18,18#电铲,2022,122.9,543,18.5
2025-02-09,WK-20,20#电铲,2012,141.8,494,19.5
2025-02-09,WK-22,22#电铲,2019,126.5,594,20.9
2025-02-09,WK-25,25#电铲,2023,126.7,591,20.8
2025-02-09,WK-28,28#电铲,2016,143.3,480,19.1
2025-02-10,WK-10,10#电铲,2015,141.0,495,19.4
2025-02-10,WK-12,12#电铲,2018,128.1,533,19.0
2025-02-10,WK-15,15#电铲,2020,129.9,531,19.2
2025-02-10,WK-18,18#电铲,2022,123.2,541,18.5
2025-02-10,WK-20,20#电铲,2012,142.6,491,19.5
2025-02-10,WK-22,22#电铲,2019,126.6,594,20.9
2025-02-10,WK-25,25#电铲,2023,125.4,596,20.8
2025-02-10,WK-28,28#电铲,2016,141.7,485,19.1
2025-02-11,WK-10,10#电铲,2015,143.5,486,19.4
2025-02-11,WK-12,12#电铲,2018,129.6,527,19.0
2025-02-11,WK-15,15#电铲,2020,131.4,525,19.2
2025-02-11,WK-18,18#电铲,2022,123.1,542,18.5
2025-02-11,WK-20,20#电铲,2012,144.6,484,19.5
2025-02-11,WK-22,22#电铲,2019,128.9,583,20.9
2025-02-11,WK-25,25#电铲,2023,124.8,600,20.8
2025-02-11,WK-28,28#电铲,2016,143.8,478,19.1
2025-02-12,WK-10,10#电铲,2015,143.6,486,19.4
2025-02-12,WK-12,12#电铲,2018,130.6,523,19.0
2025-02-12,WK-15,15#电铲,2020,125.5,550,19.2
2025-02-12,WK-18,18#电铲,2022,125.5,531,18.5
2025-02-12,WK-20,20#电铲,2012,141.9,493,19.5
2025-02-12,WK-22,22#电铲,2019,126.0,597,20.9
2025-02-12,WK-25,25#电铲,2023,124.2,602,20.8
2025-02-12,WK-28,28#电铲,2016,141.5,486,19.1
2025-02-13,WK-10,10#电铲,2015,143.4,487,19.4
2025-02-13,WK-12,12#电铲,2018,130.5,523,19.0
2025-02-13,WK-15,15#电铲,2020,126.2,547,19.2
2025-02-13,WK-18,18#电铲,2022,124.3,537,18.5
2025-02-13,WK-20,20#电铲,2012,142.0,493,19.5
2025-02-13,WK-22,22#电铲,2019,127.4,590,20.9
2025-02-13,WK-25,25#电铲,2023,126.2,593,20.8
2025-02-13,WK-28,28#电铲,2016,142.4,483,19.1
2025-02-14,WK-10,10#电铲,2015,142.4,490,19.4
2025-02-14,WK-12,12#电铲,2018,129.6,527,19.0
2025-02-14,WK-15,15#电铲,2020,127.4,541,19.2
2025-02-14,WK-18,18#电铲,2022,122.6,544,18.5
2025-02-14,WK-20,20#电铲,2012,141.9,493,19.5
2025-02-14,WK-22,22#电铲,2019,125.0,602,20.9
2025-02-14,WK-25,25#电铲,2023,125.8,595,20.8
2025-02-14,WK-28,28#电铲,2016,146.2,470,19.1
2025-02-15,WK-10,10#电铲,2015,142.1,491,19.4
2025-02-15,WK-12,12#电铲,2018,130.2,524,19.0
2025-02-15,WK-15,15#电铲,2020,127.1,543,19.2
2025-02-15,WK-18,18#电铲,2022,126.2,529,18.5
2025-02-15,WK-20,20#电铲,2012,141.9,493,19.5
2025-02-15,WK-22,22#电铲,2019,124.5,604,20.9
2025-02-15,WK-25,25#电铲,2023,125.8,595,20.8
2025-02-15,WK-28,28#电铲,2016,144.5,476,19.1
2025-02-16,WK-10,10#电铲,2015,141.7,493,19.4
2025-02-16,WK-12,12#电铲,2018,133.2,512,19.0
2025-02-16,WK-15,15#电铲,2020,126.8,544,19.2
2025-02-16,WK-18,18#电铲,2022,122.3,545,18.5
2025-02-16,WK-20,20#电铲,2012,139.8,501,19.5
2025-02-16,WK-22,22#电铲,2019,128.2,587,20.9
2025-02-16,WK-25,25#电铲,2023,127.0,589,20.8
2025-02-16,WK-28,28#电铲,2016,143.3,480,19.1
2025-02-17,WK-10,10#电铲,2015,143.0,488,19.4
2025-02-17,WK-12,12#电铲,2018,129.0,529,19.0
2025-02-17,WK-15,15#电铲,2020,127.9,539,19.2
2025-02-17,WK-18,18#电铲,2022,124.1,538,18.5
2025-02-17,WK-20,20#电铲,2012,141.0,497,19.5
2025-02-17,WK-22,22#电铲,2019,126.4,595,20.9
2025-02-17,WK-25,25#电铲,2023,125.0,599,20.8
2025-02-17,WK-28,28#电铲,2016,144.3,477,19.1
2025-02-18,WK-10,10#电铲,2015,140.8,496,19.4
2025-02-18,WK-12,12#电铲,2018,127.7,535,19.0
2025-02-18,WK-15,15#电铲,2020,127.9,539,19.2
2025-02-18,WK-18,18#电铲,2022,123.1,542,18.5
2025-02-18,WK-20,20#电铲,2012,142.4,492,19.5
2025-02-18,WK-22,22#电铲,2019,129.0,583,20.9
2025-02-18,WK-25,25#电铲,2023,124.9,599,20.8
2025-02-18,WK-28,28#电铲,2016,144.6,476,19.1
2025-02-19,WK-10,10#电铲,2015,142.8,489,19.4
2025-02-19,WK-12,12#电铲,2018,125.7,543,19.0
2025-02-19,WK-15,15#电铲,2020,126.3,546,19.2
2025-02-19,WK-18,18#电铲,2022,122.7,544,18.5
2025-02-19,WK-20,20#电铲,2012,143.4,488,19.5
2025-02-19,WK-22,22#电铲,2019,128.8,584,20.9
2025-02-19,WK-25,25#电铲,2023,126.0,594,20.8
2025-02-19,WK-28,28#电铲,2016,144.1,477,19.1
2025-02-20,WK-10,10#电铲,2015,142.4,490,19.4
2025-02-20,WK-12,12#电铲,2018,128.7,531,19.0
2025-02-20,WK-15,15#电铲,2020,127.0,543,19.2
2025-02-20,WK-18,18#电铲,2022,120.9,552,18.5
2025-02-20,WK-20,20#电铲,2012,143.0,490,19.5
2025-02-20,WK-22,22#电铲,2019,127.6,589,20.9
2025-02-20,WK-25,25#电铲,2023,124.1,603,20.8
2025-02-20,WK-28,28#电铲,2016,145.6,472,19.1
2025-02-21,WK-10,10#电铲,2015,143.8,486,19.4
2025-02-21,WK-12,12#电铲,2018,128.6,531,19.0
2025-02-21,WK-15,15#电铲,2020,128.2,538,19.2
2025-02-21,WK-18,18#电铲,2022,120.6,553,18.5
2025-02-21,WK-20,20#电铲,2012,143.9,487,19.5
2025-02-21,WK-22,22#电铲,2019,128.8,584,20.9
2025-02-21,WK-25,25#电铲,2023,123.5,606,20.8
2025-02-21,WK-28,28#电铲,2016,142.9,481,19.1
2025-02-22,WK-10,10#电铲,2015,142.9,489,19.4
2025-02-22,WK-12,12#电铲,2018,127.6,535,19.0
2025-02-22,WK-15,15#电铲,2020,128.0,539,19.2
2025-02-22,WK-18,18#电铲,2022,120.2,555,18.5
2025-02-22,WK-20,20#电铲,2012,145.2,482,19.5
2025-02-22,WK-22,22#电铲,2019,127.2,591,20.9
2025-02-22,WK-25,25#电铲,2023,124.4,601,20.8
2025-02-22,WK-28,28#电铲,2016,143.6,479,19.1
2025-02-23,WK-10,10#电铲,2015,141.3,494,19.4
2025-02-23,WK-12,12#电铲,2018,126.5,540,19.0
2025-02-23,WK-15,15#电铲,2020,127.8,540,19.2
2025-02-23,WK-18,18#电铲,2022,123.6,540,18.5
2025-02-23,WK-20,20#电铲,2012,144.5,484,19.5
2025-02-23,WK-22,22#电铲,2019,128.2,587,20.9
2025-02-23,WK-25,25#电铲,2023,126.4,592,20.8
2025-02-23,WK-28,28#电铲,2016,144.8,475,19.1
2025-02-24,WK-10,10#电铲,2015,142.8,489,19.4
2025-02-24,WK-12,12#电铲,2018,129.8,526,19.0
2025-02-24,WK-15,15#电铲,2020,128.7,536,19.2
2025-02-24,WK-18,18#电铲,2022,125.6,531,18.5
2025-02-24,WK-20,20#电铲,2012,145.4,482,19.5
2025-02-24,WK-22,22#电铲,2019,130.1,578,20.9
2025-02-24,WK-25,25#电铲,2023,127.6,586,20.8
2025-02-24,WK-28,28#电铲,2016,144.5,476,19.1
2025-02-25,WK-10,10#电铲,2015,143.2,488,19.4
2025-02-25,WK-12,12#电铲,2018,131.6,519,19.0
2025-02-25,WK-15,15#电铲,2020,128.1,538,19.2
2025-02-25,WK-18,18#电铲,2022,126.9,525,18.5
2025-02-25,WK-20,20#电铲,2012,145.5,481,19.5
2025-02-25,WK-22,22#电铲,2019,127.8,588,20.9
2025-02-25,WK-25,25#电铲,2023,127.0,589,20.8
2025-02-25,WK-28,28#电铲,2016,141.5,486,19.1
2025-02-26,WK-10,10#电铲,2015,143.5,487,19.4
2025-02-26,WK-12,12#电铲,2018,128.1,533,19.0
2025-02-26,WK-15,15#电铲,2020,129.0,535,19.2
2025-02-26,WK-18,18#电铲,2022,124.9,534,18.5
2025-02-26,WK-20,20#电铲,2012,143.9,487,19.5
2025-02-26,WK-22,22#电铲,2019,127.7,589,20.9
2025-02-26,WK-25,25#电铲,2023,125.6,595,20.8
2025-02-26,WK-28,28#电铲,2016,143.3,480,19.1
2025-02-27,WK-10,10#电铲,2015,145.2,481,19.4
2025-02-27,WK-12,12#电铲,2018,129.0,529,19.0
2025-02-27,WK-15,15#电铲,2020,126.9,544,19.2
2025-02-27,WK-18,18#电铲,2022,123.9,538,18.5
2025-02-27,WK-20,20#电铲,2012,144.6,484,19.5
2025-02-27,WK-22,22#电铲,2019,126.4,595,20.9
2025-02-27,WK-25,25#电铲,2023,126.8,590,20.8
2025-02-27,WK-28,28#电铲,2016,142.8,482,19.1
2025-02-28,WK-10,10#电铲,2015,141.5,493,19.4
2025-02-28,WK-12,12#电铲,2018,129.9,525,19.0
2025-02-28,WK-15,15#电铲,2020,132.5,521,19.2
2025-02-28,WK-18,18#电铲,2022,122.1,546,18.5
2025-02-28,WK-20,20#电铲,2012,141.9,493,19.5
2025-02-28,WK-22,22#电铲,2019,125.7,598,20.9
2025-02-28,WK-25,25#电铲,2023,127.9,585,20.8
2025-02-28,WK-28,28#电铲,2016,141.5,486,19.1
2025-03-01,WK-10,10#电铲,2015,142.4,490,19.4
2025-03-01,WK-12,12#电铲,2018,128.1,533,19.0
2025-03-01,WK-15,15#电铲,2020,129.9,531,19.2
2025-03-01,WK-18,18#电铲,2022,124.3,536,18.5
2025-03-01,WK-20,20#电铲,2012,141.3,496,19.5
2025-03-01,WK-22,22#电铲,2019,125.4,600,20.9
2025-03-01,WK-25,25#电铲,2023,126.7,591,20.8
2025-03-01,WK-28,28#电铲,2016,142.8,482,19.1
2025-03-02,WK-10,10#电铲,2015,140.7,496,19.4
2025-03-02,WK-12,12#电铲,2018,128.6,531,19.0
2025-03-02,WK-15,15#电铲,2020,128.8,535,19.2
2025-03-02,WK-18,18#电铲,2022,124.6,535,18.5
2025-03-02,WK-20,20#电铲,2012,142.3,492,19.5
2025-03-02,WK-22,22#电铲,2019,124.9,602,20.9
2025-03-02,WK-25,25#电铲,2023,127.6,586,20.8
2025-03-02,WK-28,28#电铲,2016,143.6,479,19.1
2025-03-03,WK-10,10#电铲,2015,140.4,497,19.4
2025-03-03,WK-12,12#电铲,2018,129.1,529,19.0
2025-03-03,WK-15,15#电铲,2020,129.1,534,19.2
2025-03-03,WK-18,18#电铲,2022,127.0,525,18.5
2025-03-03,WK-20,20#电铲,2012,144.3,485,19.5
2025-03-03,WK-22,22#电铲,2019,125.9,597,20.9
2025-03-03,WK-25,25#电铲,2023,127.4,587,20.8
2025-03-03,WK-28,28#电铲,2016,143.9,478,19.1
2025-03-04,WK-10,10#电铲,2015,140.6,497,19.4
2025-03-04,WK-12,12#电铲,2018,128.3,532,19.0
2025-03-04,WK-15,15#电铲,2020,130.8,527,19.2
2025-03-04,WK-18,18#电铲,2022,123.6,540,18.5
2025-03-04,WK-20,20#电铲,2012,144.8,484,19.5
2025-03-04,WK-22,22#电铲,2019,125.2,601,20.9
2025-03-04,WK-25,25#电铲,2023,129.4,578,20.8
2025-03-04,WK-28,28#电铲,2016,143.0,481,19.1
2025-03-05,WK-10,10#电铲,2015,139.8,499,19.4
2025-03-05,WK-12,12#电铲,2018,127.2,537,19.0
2025-03-05,WK-15,15#电铲,2020,127.1,543,19.2
2025-03-05,WK-18,18#电铲,2022,124.5,536,18.5
2025-03-05,WK-20,20#电铲,2012,145.8,480,19.5
2025-03-05,WK-22,22#电铲,2019,125.6,599,20.9
2025-03-05,WK-25,25#电铲,2023,126.0,594,20.8
2025-03-05,WK-28,28#电铲,2016,142.1,484,19.1
2025-03-06,WK-10,10#电铲,2015,146.2,477,19.4
2025-03-06,WK-12,12#电铲,2018,129.2,529,19.0
2025-03-06,WK-15,15#电铲,2020,131.4,525,19.2
2025-03-06,WK-18,18#电铲,2022,127.7,522,18.5
2025-03-06,WK-20,20#电铲,2012,143.2,489,19.5
2025-03-06,WK-22,22#电铲,2019,125.1,601,20.9
2025-03-06,WK-25,25#电铲,2023,126.1,593,20.8
2025-03-06,WK-28,28#电铲,2016,143.5,479,19.1
2025-03-07,WK-10,10#电铲,2015,144.5,483,19.4
2025-03-07,WK-12,12#电铲,2018,127.1,537,19.0
2025-03-07,WK-15,15#电铲,2020,133.6,516,19.2
2025-03-07,WK-18,18#电铲,2022,129.7,514,18.5
2025-03-07,WK-20,20#电铲,2012,143.2,489,19.5
2025-03-07,WK-22,22#电铲,2019,126.9,593,20.9
2025-03-07,WK-25,25#电铲,2023,126.8,590,20.8
2025-03-07,WK-28,28#电铲,2016,143.7,478,19.1
2025-03-08,WK-10,10#电铲,2015,143.6,486,19.4
2025-03-08,WK-12,12#电铲,2018,128.3,532,19.0
2025-03-08,WK-15,15#电铲,2020,132.1,522,19.2
2025-03-08,WK-18,18#电铲,2022,127.2,524,18.5
2025-03-08,WK-20,20#电铲,2012,142.1,493,19.5
2025-03-08,WK-22,22#电铲,2019,124.4,605,20.9
2025-03-08,WK-25,25#电铲,2023,125.7,595,20.8
2025-03-08,WK-28,28#电铲,2016,143.1,480,19.1
2025-03-09,WK-10,10#电铲,2015,146.1,478,19.4
2025-03-09,WK-12,12#电铲,2018,128.6,531,19.0
2025-03-09,WK-15,15#电铲,2020,130.5,528,19.2
2025-03-09,WK-18,18#电铲,2022,128.3,520,18.5
2025-03-09,WK-20,20#电铲,2012,141.1,496,19.5
2025-03-09,WK-22,22#电铲,2019,125.5,599,20.9
2025-03-09,WK-25,25#电铲,2023,121.9,614,20.8
2025-03-09,WK-28,28#电铲,2016,143.0,481,19.1
2025-03-10,WK-10,10#电铲,2015,142.4,490,19.4
2025-03-10,WK-12,12#电铲,2018,130.4,524,19.0
2025-03-10,WK-15,15#电铲,2020,131.8,523,19.2
2025-03-10,WK-18,18#电铲,2022,126.2,528,18.5
2025-03-10,WK-20,20#电铲,2012,144.9,483,19.5
2025-03-10,WK-22,22#电铲,2019,126.5,594,20.9
2025-03-10,WK-25,25#电铲,2023,124.3,602,20.8
2025-03-10,WK-28,28#电铲,2016,145.0,474,19.1
2025-03-11,WK-10,10#电铲,2015,141.8,492,19.4
2025-03-11,WK-12,12#电铲,2018,131.4,520,19.0
2025-03-11,WK-15,15#电铲,2020,130.1,530,19.2
2025-03-11,WK-18,18#电铲,2022,125.4,532,18.5
2025-03-11,WK-20,20#电铲,2012,146.4,478,19.5
2025-03-11,WK-22,22#电铲,2019,128.8,584,20.9
2025-03-11,WK-25,25#电铲,2023,124.2,602,20.8
2025-03-11,WK-28,28#电铲,2016,144.3,477,19.1
2025-03-12,WK-10,10#电铲,2015,142.9,489,19.4
2025-03-12,WK-12,12#电铲,2018,125.5,544,19.0
2025-03-12,WK-15,15#电铲,2020,128.2,538,19.2
2025-03-12,WK-18,18#电铲,2022,124.5,536,18.5
2025-03-12,WK-20,20#电铲,2012,142.2,492,19.5
2025-03-12,WK-22,22#电铲,2019,130.5,576,20.9
2025-03-12,WK-25,25#电铲,2023,128.9,580,20.8
2025-03-12,WK-28,28#电铲,2016,143.7,478,19.1
2025-03-13,WK-10,10#电铲,2015,143.9,485,19.4
2025-03-13,WK-12,12#电铲,2018,128.6,531,19.0
2025-03-13,WK-15,15#电铲,2020,128.4,537,19.2
2025-03-13,WK-18,18#电铲,2022,124.6,535,18.5
2025-03-13,WK-20,20#电铲,2012,142.0,493,19.5
2025-03-13,WK-22,22#电铲,2019,127.8,588,20.9
2025-03-13,WK-25,25#电铲,2023,125.4,596,20.8
2025-03-13,WK-28,28#电铲,2016,144.4,476,19.1
2025-03-14,WK-10,10#电铲,2015,144.6,483,19.4
2025-03-14,WK-12,12#电铲,2018,128.4,532,19.0
2025-03-14,WK-15,15#电铲,2020,128.8,536,19.2
2025-03-14,WK-18,18#电铲,2022,124.2,537,18.5
2025-03-14,WK-20,20#电铲,2012,144.4,485,19.5
2025-03-14,WK-22,22#电铲,2019,127.8,588,20.9
2025-03-14,WK-25,25#电铲,2023,124.7,600,20.8
2025-03-14,WK-28,28#电铲,2016,144.6,475,19.1
2025-03-15,WK-10,10#电铲,2015,144.5,483,19.4
2025-03-15,WK-12,12#电铲,2018,127.8,534,19.0
2025-03-15,WK-15,15#电铲,2020,131.3,525,19.2
2025-03-15,WK-18,18#电铲,2022,126.9,526,18.5
2025-03-15,WK-20,20#电铲,2012,144.5,485,19.5
2025-03-15,WK-22,22#电铲,2019,127.3,591,20.9
2025-03-15,WK-25,25#电铲,2023,129.3,579,20.8
2025-03-15,WK-28,28#电铲,2016,143.6,479,19.1
2025-03-16,WK-10,10#电铲,2015,145.3,481,19.4
2025-03-16,WK-12,12#电铲,2018,127.5,535,19.0
2025-03-16,WK-15,15#电铲,2020,129.3,533,19.2
2025-03-16,WK-18,18#电铲,2022,125.1,533,18.5
2025-03-16,WK-20,20#电铲,2012,142.0,493,19.5
2025-03-16,WK-22,22#电铲,2019,129.6,580,20.9
2025-03-16,WK-25,25#电铲,2023,127.7,586,20.8
2025-03-16,WK-28,28#电铲,2016,145.3,473,19.1
2025-03-17,WK-10,10#电铲,2015,146.0,478,19.4
2025-03-17,WK-12,12#电铲,2018,131.3,520,19.0
2025-03-17,WK-15,15#电铲,2020,127.8,540,19.2
2025-03-17,WK-18,18#电铲,2022,125.1,533,18.5
2025-03-17,WK-20,20#电铲,2012,141.2,496,19.5
2025-03-17,WK-22,22#电铲,2019,129.6,580,20.9
2025-03-17,WK-25,25#电铲,2023,125.6,596,20.8
2025-03-17,WK-28,28#电铲,2016,144.6,475,19.1
2025-03-18,WK-10,10#电铲,2015,145.6,480,19.4
2025-03-18,WK-12,12#电铲,2018,127.0,537,19.0
2025-03-18,WK-15,15#电铲,2020,128.7,536,19.2
2025-03-18,WK-18,18#电铲,2022,124.6,535,18.5
2025-03-18,WK-20,20#电铲,2012,139.4,502,19.5
2025-03-18,WK-22,22#电铲,2019,127.0,592,20.9
2025-03-18,WK-25,25#电铲,2023,123.7,605,20.8
2025-03-18,WK-28,28#电铲,2016,145.6,472,19.1
2025-03-19,WK-10,10#电铲,2015,142.8,489,19.4
2025-03-19,WK-12,12#电铲,2018,128.3,532,19.0
2025-03-19,WK-15,15#电铲,2020,128.1,538,19.2
2025-03-19,WK-18,18#电铲,2022,124.9,534,18.5
2025-03-19,WK-20,20#电铲,2012,139.8,501,19.5
2025-03-19,WK-22,22#电铲,2019,125.4,599,20.9
2025-03-19,WK-25,25#电铲,2023,125.9,594,20.8
2025-03-19,WK-28,28#电铲,2016,143.3,480,19.1
2025-03-20,WK-10,10#电铲,2015,143.1,488,19.4
2025-03-20,WK-12,12#电铲,2018,131.0,521,19.0
2025-03-20,WK-15,15#电铲,2020,128.9,535,19.2
2025-03-20,WK-18,18#电铲,2022,123.4,541,18.5
2025-03-20,WK-20,20#电铲,2012,141.3,496,19.5
2025-03-20,WK-22,22#电铲,2019,127.0,592,20.9
2025-03-20,WK-25,25#电铲,2023,123.6,605,20.8
2025-03-20,WK-28,28#电铲,2016,146.3,470,19.1
2025-03-21,WK-10,10#电铲,2015,143.8,486,19.4
2025-03-21,WK-12,12#电铲,2018,130.9,522,19.0
2025-03-21,WK-15,15#电铲,2020,131.9,523,19.2
2025-03-21,WK-18,18#电铲,2022,122.5,545,18.5
2025-03-21,WK-20,20#电铲,2012,141.4,495,19.5
2025-03-21,WK-22,22#电铲,2019,127.6,589,20.9
2025-03-21,WK-25,25#电铲,2023,126.5,591,20.8
2025-03-21,WK-28,28#电铲,2016,145.5,472,19.1
2025-03-22,WK-10,10#电铲,2015,142.2,491,19.4
2025-03-22,WK-12,12#电铲,2018,129.4,528,19.0
2025-03-22,WK-15,15#电铲,2020,131.1,526,19.2
2025-03-22,WK-18,18#电铲,2022,123.7,539,18.5
2025-03-22,WK-20,20#电铲,2012,143.8,487,19.5
2025-03-22,WK-22,22#电铲,2019,129.3,581,20.9
2025-03-22,WK-25,25#电铲,2023,125.7,595,20.8
2025-03-22,WK-28,28#电铲,2016,143.6,479,19.1
2025-03-23,WK-10,10#电铲,2015,143.4,487,19.4
2025-03-23,WK-12,12#电铲,2018,129.7,527,19.0
2025-03-23,WK-15,15#电铲,2020,130.4,529,19.2
2025-03-23,WK-18,18#电铲,2022,124.4,536,18.5
2025-03-23,WK-20,20#电铲,2012,145.8,480,19.5
2025-03-23,WK-22,22#电铲,2019,126.5,595,20.9
2025-03-23,WK-25,25#电铲,2023,126.7,591,20.8
2025-03-23,WK-28,28#电铲,2016,145.8,472,19.1
2025-03-24,WK-10,10#电铲,2015,143.1,488,19.4
2025-03-24,WK-12,12#电铲,2018,130.7,523,19.0
2025-03-24,WK-15,15#电铲,2020,130.1,530,19.2
2025-03-24,WK-18,18#电铲,2022,126.2,529,18.5
2025-03-24,WK-20,20#电铲,2012,143.2,489,19.5
2025-03-24,WK-22,22#电铲,2019,128.2,587,20.9
2025-03-24,WK-25,25#电铲,2023,128.6,582,20.8
2025-03-24,WK-28,28#电铲,2016,144.8,475,19.1
2025-03-25,WK-10,10#电铲,2015,144.7,483,19.4
2025-03-25,WK-12,12#电铲,2018,133.4,512,19.0
2025-03-25,WK-15,15#电铲,2020,129.9,531,19.2
2025-03-25,WK-18,18#电铲,2022,125.5,531,18.5
2025-03-25,WK-20,20#电铲,2012,144.6,484,19.5
2025-03-25,WK-22,22#电铲,2019,128.6,585,20.9
2025-03-25,WK-25,25#电铲,2023,126.4,592,20.8
2025-03-25,WK-28,28#电铲,2016,143.5,479,19.1
2025-03-26,WK-10,10#电铲,2015,144.8,482,19.4
2025-03-26,WK-12,12#电铲,2018,127.8,534,19.0
2025-03-26,WK-15,15#电铲,2020,128.2,538,19.2
2025-03-26,WK-18,18#电铲,2022,127.5,523,18.5
2025-03-26,WK-20,20#电铲,2012,143.4,488,19.5
2025-03-26,WK-22,22#电铲,2019,131.3,573,20.9
2025-03-26,WK-25,25#电铲,2023,128.3,583,20.8
2025-03-26,WK-28,28#电铲,2016,142.8,481,19.1
2025-03-27,WK-10,10#电铲,2015,145.2,481,19.4
2025-03-27,WK-12,12#电铲,2018,126.0,542,19.0
2025-03-27,WK-15,15#电铲,2020,127.6,540,19.2
2025-03-27,WK-18,18#电铲,2022,124.3,536,18.5
2025-03-27,WK-20,20#电铲,2012,144.0,486,19.5
2025-03-27,WK-22,22#电铲,2019,130.9,574,20.9
2025-03-27,WK-25,25#电铲,2023,126.7,590,20.8
2025-03-27,WK-28,28#电铲,2016,143.5,479,19.1
2025-03-28,WK-10,10#电铲,2015,146.3,477,19.4
2025-03-28,WK-12,12#电铲,2018,127.4,536,19.0
2025-03-28,WK-15,15#电铲,2020,127.5,541,19.2
2025-03-28,WK-18,18#电铲,2022,128.4,519,18.5
2025-03-28,WK-20,20#电铲,2012,144.2,486,19.5
2025-03-28,WK-22,22#电铲,2019,128.2,587,20.9
2025-03-28,WK-25,25#电铲,2023,127.2,588,20.8
2025-03-28,WK-28,28#电铲,2016,145.5,472,19.1
2025-03-29,WK-10,10#电铲,2015,143.9,485,19.4
2025-03-29,WK-12,12#电铲,2018,128.8,530,19.0
2025-03-29,WK-15,15#电铲,2020,130.3,529,19.2
2025-03-29,WK-18,18#电铲,2022,127.0,525,18.5
2025-03-29,WK-20,20#电铲,2012,142.9,490,19.5
2025-03-29,WK-22,22#电铲,2019,130.6,576,20.9
2025-03-29,WK-25,25#电铲,2023,124.3,602,20.8
2025-03-29,WK-28,28#电铲,2016,142.9,481,19.1
2025-03-30,WK-10,10#电铲,2015,145.1,481,19.4
2025-03-30,WK-12,12#电铲,2018,128.5,531,19.0
2025-03-30,WK-15,15#电铲,2020,132.4,521,19.2
2025-03-30,WK-18,18#电铲,2022,123.4,541,18.5
2025-03-30,WK-20,20#电铲,2012,142.6,491,19.5
2025-03-30,WK-22,22#电铲,2019,127.8,588,20.9
2025-03-30,WK-25,25#电铲,2023,125.1,598,20.8
2025-03-30,WK-28,28#电铲,2016,143.1,480,19.1
2025-03-31,WK-10,10#电铲,2015,148.1,471,19.4
2025-03-31,WK-12,12#电铲,2018,126.9,538,19.0
2025-03-31,WK-15,15#电铲,2020,128.4,537,19.2
2025-03-31,WK-18,18#电铲,2022,124.9,534,18.5
2025-03-31,WK-20,20#电铲,2012,141.2,496,19.5
2025-03-31,WK-22,22#电铲,2019,130.7,576,20.9
2025-03-31,WK-25,25#电铲,2023,127.4,587,20.8
2025-03-31,WK-28,28#电铲,2016,143.2,480,19.1
2025-04-01,WK-10,10#电铲,2015,145.3,481,19.4
2025-04-01,WK-12,12#电铲,2018,128.3,532,19.0
2025-04-01,WK-15,15#电铲,2020,126.4,546,19.2
2025-04-01,WK-18,18#电铲,2022,126.9,526,18.5
2025-04-01,WK-20,20#电铲,2012,145.5,481,19.5
2025-04-01,WK-22,22#电铲,2019,130.7,575,20.9
2025-04-01,WK-25,25#电铲,2023,126.1,593,20.8
2025-04-01,WK-28,28#电铲,2016,143.5,479,19.1
2025-04-02,WK-10,10#电铲,2015,145.0,482,19.4
2025-04-02,WK-12,12#电铲,2018,128.3,532,19.0
2025-04-02,WK-15,15#电铲,2020,129.1,534,19.2
2025-04-02,WK-18,18#电铲,2022,129.5,515,18.5
2025-04-02,WK-20,20#电铲,2012,145.0,483,19.5
2025-04-02,WK-22,22#电铲,2019,128.2,587,20.9
2025-04-02,WK-25,25#电铲,2023,126.6,591,20.8
2025-04-02,WK-28,28#电铲,2016,144.8,475,19.1
2025-04-03,WK-10,10#电铲,2015,144.9,482,19.4
2025-04-03,WK-12,12#电铲,2018,127.7,535,19.0
2025-04-03,WK-15,15#电铲,2020,129.6,532,19.2
2025-04-03,WK-18,18#电铲,2022,128.8,518,18.5
2025-04-03,WK-20,20#电铲,2012,144.1,486,19.5
2025-04-03,WK-22,22#电铲,2019,130.3,577,20.9
2025-04-03,WK-25,25#电铲,2023,125.3,597,20.8
2025-04-03,WK-28,28#电铲,2016,143.5,479,19.1
2025-04-04,WK-10,10#电铲,2015,144.6,483,19.4
2025-04-04,WK-12,12#电铲,2018,130.1,525,19.0
2025-04-04,WK-15,15#电铲,2020,126.9,544,19.2
2025-04-04,WK-18,18#电铲,2022,126.8,526,18.5
2025-04-04,WK-20,20#电铲,2012,143.5,488,19.5
2025-04-04,WK-22,22#电铲,2019,129.5,581,20.9
2025-04-04,WK-25,25#电铲,2023,127.0,589,20.8
2025-04-04,WK-28,28#电铲,2016,144.4,476,19.1
2025-04-05,WK-10,10#电铲,2015,144.1,485,19.4
2025-04-05,WK-12,12#电铲,2018,129.3,528,19.0
2025-04-05,WK-15,15#电铲,2020,130.7,528,19.2
2025-04-05,WK-18,18#电铲,2022,126.7,527,18.5
2025-04-05,WK-20,20#电铲,2012,141.5,495,19.5
2025-04-05,WK-22,22#电铲,2019,126.3,595,20.9
2025-04-05,WK-25,25#电铲,2023,124.7,600,20.8
2025-04-05,WK-28,28#电铲,2016,144.6,475,19.1
2025-04-06,WK-10,10#电铲,2015,144.9,482,19.4
2025-04-06,WK-12,12#电铲,2018,126.8,539,19.0
2025-04-06,WK-15,15#电铲,2020,128.8,535,19.2
2025-04-06,WK-18,18#电铲,2022,123.1,542,18.5
2025-04-06,WK-20,20#电铲,2012,141.6,495,19.5
2025-04-06,WK-22,22#电铲,2019,128.6,585,20.9
2025-04-06,WK-25,25#电铲,2023,126.1,593,20.8
2025-04-06,WK-28,28#电铲,2016,144.5,476,19.1
2025-04-07,WK-10,10#电铲,2015,145.1,481,19.4
2025-04-07,WK-12,12#电铲,2018,127.8,534,19.0
2025-04-07,WK-15,15#电铲,2020,128.9,535,19.2
2025-04-07,WK-18,18#电铲,2022,124.4,536,18.5
2025-04-07,WK-20,20#电铲,2012,144.4,485,19.5
2025-04-07,WK-22,22#电铲,2019,127.7,589,20.9
2025-04-07,WK-25,25#电铲,2023,125.2,597,20.8
2025-04-07,WK-28,28#电铲,2016,144.9,474,19.1
2025-04-08,WK-10,10#电铲,2015,144.4,483,19.4
2025-04-08,WK-12,12#电铲,2018,129.0,529,19.0
2025-04-08,WK-15,15#电铲,2020,129.3,534,19.2
2025-04-08,WK-18,18#电铲,2022,125.1,533,18.5
2025-04-08,WK-20,20#电铲,2012,143.8,487,19.5
2025-04-08,WK-22,22#电铲,2019,131.1,573,20.9
2025-04-08,WK-25,25#电铲,2023,127.0,589,20.8
2025-04-08,WK-28,28#电铲,2016,145.8,472,19.1
2025-04-09,WK-10,10#电铲,2015,143.8,485,19.4
2025-04-09,WK-12,12#电铲,2018,129.0,529,19.0
2025-04-09,WK-15,15#电铲,2020,129.8,532,19.2
2025-04-09,WK-18,18#电铲,2022,125.3,532,18.5
2025-04-09,WK-20,20#电铲,2012,144.9,483,19.5
2025-04-09,WK-22,22#电铲,2019,130.8,575,20.9
2025-04-09,WK-25,25#电铲,2023,125.4,597,20.8
2025-04-09,WK-28,28#电铲,2016,145.4,473,19.1
2025-04-10,WK-10,10#电铲,2015,147.3,474,19.4
2025-04-10,WK-12,12#电铲,2018,128.5,531,19.0
2025-04-10,WK-15,15#电铲,2020,133.5,517,19.2
2025-04-10,WK-18,18#电铲,2022,123.4,541,18.5
2025-04-10,WK-20,20#电铲,2012,142.8,490,19.5
2025-04-10,WK-22,22#电铲,2019,130.4,576,20.9
2025-04-10,WK-25,25#电铲,2023,127.4,587,20.8
2025-04-10,WK-28,28#电铲,2016,144.4,476,19.1
2025-04-11,WK-10,10#电铲,2015,144.3,484,19.4
2025-04-11,WK-12,12#电铲,2018,127.5,536,19.0
2025-04-11,WK-15,15#电铲,2020,132.7,520,19.2
2025-04-11,WK-18,18#电铲,2022,124.9,534,18.5
2025-04-11,WK-20,20#电铲,2012,142.9,490,19.5
2025-04-11,WK-22,22#电铲,2019,129.2,582,20.9
2025-04-11,WK-25,25#电铲,2023,127.1,589,20.8
2025-04-11,WK-28,28#电铲,2016,145.4,473,19.1
2025-04-12,WK-10,10#电铲,2015,146.1,478,19.4
2025-04-12,WK-12,12#电铲,2018,128.9,530,19.0
2025-04-12,WK-15,15#电铲,2020,128.3,538,19.2
2025-04-12,WK-18,18#电铲,2022,123.5,540,18.5
2025-04-12,WK-20,20#电铲,2012,140.7,498,19.5
2025-04-12,WK-22,22#电铲,2019,126.1,596,20.9
2025-04-12,WK-25,25#电铲,2023,126.4,592,20.8
2025-04-12,WK-28,28#电铲,2016,145.9,471,19.1
2025-04-13,WK-10,10#电铲,2015,144.0,485,19.4
2025-04-13,WK-12,12#电铲,2018,129.9,526,19.0
2025-04-13,WK-15,15#电铲,2020,128.1,538,19.2
2025-04-13,WK-18,18#电铲,2022,127.0,525,18.5
2025-04-13,WK-20,20#电铲,2012,138.5,505,19.5
2025-04-13,WK-22,22#电铲,2019,127.5,590,20.9
2025-04-13,WK-25,25#电铲,2023,128.0,584,20.8
2025-04-13,WK-28,28#电铲,2016,147.8,465,19.1
2025-04-14,WK-10,10#电铲,2015,142.6,490,19.4
2025-04-14,WK-12,12#电铲,2018,128.8,530,19.0
2025-04-14,WK-15,15#电铲,2020,127.0,543,19.2
2025-04-14,WK-18,18#电铲,2022,126.8,526,18.5
2025-04-14,WK-20,20#电铲,2012,139.6,501,19.5
2025-04-14,WK-22,22#电铲,2019,127.4,590,20.9
2025-04-14,WK-25,25#电铲,2023,127.0,589,20.8
2025-04-14,WK-28,28#电铲,2016,144.7,475,19.1
2025-04-15,WK-10,10#电铲,2015,144.9,482,19.4
2025-04-15,WK-12,12#电铲,2018,129.9,525,19.0
2025-04-15,WK-15,15#电铲,2020,129.0,535,19.2
2025-04-15,WK-18,18#电铲,2022,125.2,533,18.5
2025-04-15,WK-20,20#电铲,2012,139.2,503,19.5
2025-04-15,WK-22,22#电铲,2019,126.9,593,20.9
2025-04-15,WK-25,25#电铲,2023,128.1,584,20.8
2025-04-15,WK-28,28#电铲,2016,146.3,470,19.1
2025-04-16,WK-10,10#电铲,2015,142.7,489,19.4
2025-04-16,WK-12,12#电铲,2018,129.6,527,19.0
2025-04-16,WK-15,15#电铲,2020,127.3,542,19.2
2025-04-16,WK-18,18#电铲,2022,124.8,534,18.5
2025-04-16,WK-20,20#电铲,2012,142.7,491,19.5
2025-04-16,WK-22,22#电铲,2019,126.8,593,20.9
2025-04-16,WK-25,25#电铲,2023,126.0,594,20.8
2025-04-16,WK-28,28#电铲,2016,145.0,474,19.1
2025-04-17,WK-10,10#电铲,2015,142.5,490,19.4
2025-04-17,WK-12,12#电铲,2018,132.5,515,19.0
2025-04-17,WK-15,15#电铲,2020,128.3,538,19.2
2025-04-17,WK-18,18#电铲,2022,126.9,526,18.5
2025-04-17,WK-20,20#电铲,2012,145.2,482,19.5
2025-04-17,WK-22,22#电铲,2019,128.4,586,20.9
2025-04-17,WK-25,25#电铲,2023,122.9,609,20.8
2025-04-17,WK-28,28#电铲,2016,144.0,478,19.1
2025-04-18,WK-10,10#电铲,2015,142.6,489,19.4
2025-04-18,WK-12,12#电铲,2018,131.9,518,19.0
2025-04-18,WK-15,15#电铲,2020,128.4,537,19.2
2025-04-18,WK-18,18#电铲,2022,127.4,524,18.5
2025-04-18,WK-20,20#电铲,2012,145.3,482,19.5
2025-04-18,WK-22,22#电铲,2019,128.6,585,20.9
2025-04-18,WK-25,25#电铲,2023,125.2,597,20.8
2025-04-18,WK-28,28#电铲,2016,226.9,142,9.0
2025-04-19,WK-10,10#电铲,2015,144.7,482,19.4
2025-04-19,WK-12,12#电铲,2018,130.1,525,19.0
2025-04-19,WK-15,15#电铲,2020,129.9,531,19.2
2025-04-19,WK-18,18#电铲,2022,126.5,527,18.5
2025-04-19,WK-20,20#电铲,2012,144.0,486,19.5
2025-04-19,WK-22,22#电铲,2019,127.3,591,20.9
2025-04-19,WK-25,25#电铲,2023,128.4,582,20.8
2025-04-19,WK-28,28#电铲,2016,144.9,475,19.1
2025-04-20,WK-10,10#电铲,2015,146.3,477,19.4
2025-04-20,WK-12,12#电铲,2018,129.0,529,19.0
2025-04-20,WK-15,15#电铲,2020,129.2,534,19.2
2025-04-20,WK-18,18#电铲,2022,124.3,536,18.5
2025-04-20,WK-20,20#电铲,2012,146.2,479,19.5
2025-04-20,WK-22,22#电铲,2019,128.6,585,20.9
2025-04-20,WK-25,25#电铲,2023,127.0,589,20.8
2025-04-20,WK-28,28#电铲,2016,144.7,475,19.1
2025-04-21,WK-10,10#电铲,2015,144.4,483,19.4
2025-04-21,WK-12,12#电铲,2018,129.3,528,19.0
2025-04-21,WK-15,15#电铲,2020,128.9,535,19.2
2025-04-21,WK-18,18#电铲,2022,127.8,522,18.5
2025-04-21,WK-20,20#电铲,2012,144.6,484,19.5
2025-04-21,WK-22,22#电铲,2019,128.9,583,20.9
2025-04-21,WK-25,25#电铲,2023,125.7,595,20.8
2025-04-21,WK-28,28#电铲,2016,143.0,481,19.1
2025-04-22,WK-10,10#电铲,2015,146.7,476,19.4
2025-04-22,WK-12,12#电铲,2018,129.1,529,19.0
2025-04-22,WK-15,15#电铲,2020,127.6,541,19.2
2025-04-22,WK-18,18#电铲,2022,127.7,523,18.5
2025-04-22,WK-20,20#电铲,2012,144.2,486,19.5
2025-04-22,WK-22,22#电铲,2019,130.1,578,20.9
2025-04-22,WK-25,25#电铲,2023,127.9,585,20.8
2025-04-22,WK-28,28#电铲,2016,139.9,491,19.1
2025-04-23,WK-10,10#电铲,2015,144.3,484,19.4
2025-04-23,WK-12,12#电铲,2018,130.3,524,19.0
2025-04-23,WK-15,15#电铲,2020,129.5,533,19.2
2025-04-23,WK-18,18#电铲,2022,123.1,542,18.5
2025-04-23,WK-20,20#电铲,2012,144.4,485,19.5
2025-04-23,WK-22,22#电铲,2019,129.9,579,20.9
2025-04-23,WK-25,25#电铲,2023,126.9,589,20.8
2025-04-23,WK-28,28#电铲,2016,143.3,480,19.1
2025-04-24,WK-10,10#电铲,2015,142.9,489,19.4
2025-04-24,WK-12,12#电铲,2018,129.5,527,19.0
2025-04-24,WK-15,15#电铲,2020,128.4,537,19.2
2025-04-24,WK-18,18#电铲,2022,122.4,545,18.5
2025-04-24,WK-20,20#电铲,2012,146.2,479,19.5
2025-04-24,WK-22,22#电铲,2019,129.4,581,20.9
2025-04-24,WK-25,25#电铲,2023,126.0,594,20.8
2025-04-24,WK-28,28#电铲,2016,141.8,485,19.1
2025-04-25,WK-10,10#电铲,2015,141.5,494,19.4
2025-04-25,WK-12,12#电铲,2018,127.0,537,19.0
2025-04-25,WK-15,15#电铲,2020,126.7,544,19.2
2025-04-25,WK-18,18#电铲,2022,124.0,538,18.5
2025-04-25,WK-20,20#电铲,2012,140.1,500,19.5
2025-04-25,WK-22,22#电铲,2019,130.1,578,20.9
2025-04-25,WK-25,25#电铲,2023,123.6,605,20.8
2025-04-25,WK-28,28#电铲,2016,140.3,490,19.1
2025-04-26,WK-10,10#电铲,2015,141.1,495,19.4
2025-04-26,WK-12,12#电铲,2018,129.3,528,19.0
2025-04-26,WK-15,15#电铲,2020,125.7,549,19.2
2025-04-26,WK-18,18#电铲,2022,127.0,525,18.5
2025-04-26,WK-20,20#电铲,2012,142.9,490,19.5
2025-04-26,WK-22,22#电铲,2019,131.4,572,20.9
2025-04-26,WK-25,25#电铲,2023,127.0,589,20.8
2025-04-26,WK-28,28#电铲,2016,144.0,477,19.1
2025-04-27,WK-10,10#电铲,2015,144.4,483,19.4
2025-04-27,WK-12,12#电铲,2018,129.2,528,19.0
2025-04-27,WK-15,15#电铲,2020,129.2,534,19.2
2025-04-27,WK-18,18#电铲,2022,129.3,516,18.5
2025-04-27,WK-20,20#电铲,2012,145.1,483,19.5
2025-04-27,WK-22,22#电铲,2019,129.4,581,20.9
2025-04-27,WK-25,25#电铲,2023,123.6,605,20.8
2025-04-27,WK-28,28#电铲,2016,145.1,474,19.1
2025-04-28,WK-10,10#电铲,2015,144.2,484,19.4
2025-04-28,WK-12,12#电铲,2018,127.8,534,19.0
2025-04-28,WK-15,15#电铲,2020,129.9,531,19.2
2025-04-28,WK-18,18#电铲,2022,127.4,524,18.5
2025-04-28,WK-20,20#电铲,2012,146.0,480,19.5
2025-04-28,WK-22,22#电铲,2019,130.4,577,20.9
2025-04-28,WK-25,25#电铲,2023,126.3,592,20.8
2025-04-28,WK-28,28#电铲,2016,143.5,479,19.1
2025-04-29,WK-10,10#电铲,2015,144.9,482,19.4
2025-04-29,WK-12,12#电铲,2018,127.7,535,19.0
2025-04-29,WK-15,15#电铲,2020,130.7,528,19.2
2025-04-29,WK-18,18#电铲,2022,124.8,535,18.5
2025-04-29,WK-20,20#电铲,2012,141.4,495,19.5
2025-04-29,WK-22,22#电铲,2019,131.2,573,20.9
2025-04-29,WK-25,25#电铲,2023,125.6,596,20.8
2025-04-29,WK-28,28#电铲,2016,142.9,481,19.1
2025-04-30,WK-10,10#电铲,2015,142.6,489,19.4
2025-04-30,WK-12,12#电铲,2018,129.3,528,19.0
2025-04-30,WK-15,15#电铲,2020,129.7,532,19.2
2025-04-30,WK-18,18#电铲,2022,126.2,529,18.5
2025-04-30,WK-20,20#电铲,2012,142.8,490,19.5
2025-04-30,WK-22,22#电铲,2019,129.6,580,20.9
2025-04-30,WK-25,25#电铲,2023,126.5,592,20.8
2025-04-30,WK-28,28#电铲,2016,143.3,480,19.1
2025-05-01,WK-10,10#电铲,2015,141.8,492,19.4
2025-05-01,WK-12,12#电铲,2018,131.6,519,19.0
2025-05-01,WK-15,15#电铲,2020,130.6,528,19.2
2025-05-01,WK-18,18#电铲,2022,126.2,528,18.5
2025-05-01,WK-20,20#电铲,2012,140.7,498,19.5
2025-05-01,WK-22,22#电铲,2019,127.2,591,20.9
2025-05-01,WK-25,25#电铲,2023,126.5,591,20.8
2025-05-01,WK-28,28#电铲,2016,143.2,480,19.1
2025-05-02,WK-10,10#电铲,2015,143.9,485,19.4
2025-05-02,WK-12,12#电铲,2018,129.7,526,19.0
2025-05-02,WK-15,15#电铲,2020,129.8,531,19.2
2025-05-02,WK-18,18#电铲,2022,126.2,528,18.5
2025-05-02,WK-20,20#电铲,2012,141.1,496,19.5
2025-05-02,WK-22,22#电铲,2019,129.0,583,20.9
2025-05-02,WK-25,25#电铲,2023,126.3,592,20.8
2025-05-02,WK-28,28#电铲,2016,146.1,470,19.1
2025-05-03,WK-10,10#电铲,2015,143.3,487,19.4
2025-05-03,WK-12,12#电铲,2018,128.7,531,19.0
2025-05-03,WK-15,15#电铲,2020,129.7,532,19.2
2025-05-03,WK-18,18#电铲,2022,122.9,543,18.5
2025-05-03,WK-20,20#电铲,2012,139.5,502,19.5
2025-05-03,WK-22,22#电铲,2019,129.5,581,20.9
2025-05-03,WK-25,25#电铲,2023,125.0,599,20.8
2025-05-03,WK-28,28#电铲,2016,143.7,478,19.1
2025-05-04,WK-10,10#电铲,2015,142.6,490,19.4
2025-05-04,WK-12,12#电铲,2018,128.9,530,19.0
2025-05-04,WK-15,15#电铲,2020,127.5,541,19.2
2025-05-04,WK-18,18#电铲,2022,123.8,539,18.5
2025-05-04,WK-20,20#电铲,2012,141.0,497,19.5
2025-05-04,WK-22,22#电铲,2019,127.3,591,20.9
2025-05-04,WK-25,25#电铲,2023,128.0,584,20.8
2025-05-04,WK-28,28#电铲,2016,144.6,476,19.1
2025-05-05,WK-10,10#电铲,2015,145.0,482,19.4
2025-05-05,WK-12,12#电铲,2018,129.0,529,19.0
2025-05-05,WK-15,15#电铲,2020,128.4,537,19.2
2025-05-05,WK-18,18#电铲,2022,126.2,529,18.5
2025-05-05,WK-20,20#电铲,2012,140.9,497,19.5
2025-05-05,WK-22,22#电铲,2019,129.6,580,20.9
2025-05-05,WK-25,25#电铲,2023,126.3,592,20.8
2025-05-05,WK-28,28#电铲,2016,142.8,482,19.1
2025-05-06,WK-10,10#电铲,2015,144.6,483,19.4
2025-05-06,WK-12,12#电铲,2018,132.5,515,19.0
2025-05-06,WK-15,15#电铲,2020,129.8,532,19.2
2025-05-06,WK-18,18#电铲,2022,126.4,528,18.5
2025-05-06,WK-20,20#电铲,2012,143.3,489,19.5
2025-05-06,WK-22,22#电铲,2019,129.7,580,20.9
2025-05-06,WK-25,25#电铲,2023,126.3,592,20.8
2025-05-06,WK-28,28#电铲,2016,143.3,480,19.1
2025-05-07,WK-10,10#电铲,2015,142.0,492,19.4
2025-05-07,WK-12,12#电铲,2018,129.0,529,19.0
2025-05-07,WK-15,15#电铲,2020,127.6,540,19.2
2025-05-07,WK-18,18#电铲,2022,125.3,532,18.5
2025-05-07,WK-20,20#电铲,2012,144.2,485,19.5
2025-05-07,WK-22,22#电铲,2019,127.2,591,20.9
2025-05-07,WK-25,25#电铲,2023,124.2,602,20.8
2025-05-07,WK-28,28#电铲,2016,143.8,478,19.1
2025-05-08,WK-10,10#电铲,2015,142.3,491,19.4
2025-05-08,WK-12,12#电铲,2018,130.2,525,19.0
2025-05-08,WK-15,15#电铲,2020,131.7,524,19.2
2025-05-08,WK-18,18#电铲,2022,124.5,536,18.5
2025-05-08,WK-20,20#电铲,2012,142.7,491,19.5
2025-05-08,WK-22,22#电铲,2019,126.5,595,20.9
2025-05-08,WK-25,25#电铲,2023,123.1,608,20.8
2025-05-08,WK-28,28#电铲,2016,144.3,476,19.1
2025-05-09,WK-10,10#电铲,2015,145.2,481,19.4
2025-05-09,WK-12,12#电铲,2018,130.5,523,19.0
2025-05-09,WK-15,15#电铲,2020,129.6,532,19.2
2025-05-09,WK-18,18#电铲,2022,123.6,540,18.5
2025-05-09,WK-20,20#电铲,2012,140.1,500,19.5
2025-05-09,WK-22,22#电铲,2019,126.6,594,20.9
2025-05-09,WK-25,25#电铲,2023,123.8,604,20.8
2025-05-09,WK-28,28#电铲,2016,142.8,481,19.1
2025-05-10,WK-10,10#电铲,2015,143.1,488,19.4
2025-05-10,WK-12,12#电铲,2018,128.3,532,19.0
2025-05-10,WK-15,15#电铲,2020,128.2,538,19.2
2025-05-10,WK-18,18#电铲,2022,124.2,537,18.5
2025-05-10,WK-20,20#电铲,2012,142.2,492,19.5
2025-05-10,WK-22,22#电铲,2019,126.1,596,20.9
2025-05-10,WK-25,25#电铲,2023,123.3,607,20.8
2025-05-10,WK-28,28#电铲,2016,140.5,489,19.1
2025-05-11,WK-10,10#电铲,2015,141.7,493,19.4
2025-05-11,WK-12,12#电铲,2018,126.4,540,19.0
2025-05-11,WK-15,15#电铲,2020,128.8,535,19.2
2025-05-11,WK-18,18#电铲,2022,125.6,531,18.5
2025-05-11,WK-20,20#电铲,2012,141.9,493,19.5
2025-05-11,WK-22,22#电铲,2019,126.0,597,20.9
2025-05-11,WK-25,25#电铲,2023,125.0,598,20.8
2025-05-11,WK-28,28#电铲,2016,138.8,495,19.1
2025-05-12,WK-10,10#电铲,2015,142.6,490,19.4
2025-05-12,WK-12,12#电铲,2018,125.1,546,19.0
2025-05-12,WK-15,15#电铲,2020,128.6,536,19.2
2025-05-12,WK-18,18#电铲,2022,123.8,539,18.5
2025-05-12,WK-20,20#电铲,2012,140.7,498,19.5
2025-05-12,WK-22,22#电铲,2019,128.2,586,20.9
2025-05-12,WK-25,25#电铲,2023,127.6,586,20.8
2025-05-12,WK-28,28#电铲,2016,143.1,481,19.1
2025-05-13,WK-10,10#电铲,2015,142.0,492,19.4
2025-05-13,WK-12,12#电铲,2018,122.7,556,19.0
2025-05-13,WK-15,15#电铲,2020,131.3,525,19.2
2025-05-13,WK-18,18#电铲,2022,126.1,529,18.5
2025-05-13,WK-20,20#电铲,2012,138.9,504,19.5
2025-05-13,WK-22,22#电铲,2019,128.8,584,20.9
2025-05-13,WK-25,25#电铲,2023,125.5,596,20.8
2025-05-13,WK-28,28#电铲,2016,187.0,141,7.3
2025-05-14,WK-10,10#电铲,2015,140.1,498,19.4
2025-05-14,WK-12,12#电铲,2018,123.8,552,19.0
2025-05-14,WK-15,15#电铲,2020,131.8,523,19.2
2025-05-14,WK-18,18#电铲,2022,126.3,528,18.5
2025-05-14,WK-20,20#电铲,2012,143.3,489,19.5
2025-05-14,WK-22,22#电铲,2019,130.1,578,20.9
2025-05-14,WK-25,25#电铲,2023,126.8,590,20.8
2025-05-14,WK-28,28#电铲,2016,143.0,481,19.1
2025-05-15,WK-10,10#电铲,2015,140.4,497,19.4
2025-05-15,WK-12,12#电铲,2018,128.6,531,19.0
2025-05-15,WK-15,15#电铲,2020,129.9,531,19.2
2025-05-15,WK-18,18#电铲,2022,122.9,543,18.5
2025-05-15,WK-20,20#电铲,2012,142.0,493,19.5
2025-05-15,WK-22,22#电铲,2019,129.5,581,20.9
2025-05-15,WK-25,25#电铲,2023,122.8,609,20.8
2025-05-15,WK-28,28#电铲,2016,143.4,479,19.1
2025-05-16,WK-10,10#电铲,2015,141.6,493,19.4
2025-05-16,WK-12,12#电铲,2018,127.4,536,19.0
2025-05-16,WK-15,15#电铲,2020,129.8,532,19.2
2025-05-16,WK-18,18#电铲,2022,123.2,541,18.5
2025-05-16,WK-20,20#电铲,2012,146.2,479,19.5
2025-05-16,WK-22,22#电铲,2019,129.2,582,20.9
2025-05-16,WK-25,25#电铲,2023,124.0,603,20.8
2025-05-16,WK-28,28#电铲,2016,143.8,478,19.1
2025-05-17,WK-10,10#电铲,2015,144.1,484,19.4
2025-05-17,WK-12,12#电铲,2018,127.2,537,19.0
2025-05-17,WK-15,15#电铲,2020,128.8,535,19.2
2025-05-17,WK-18,18#电铲,2022,122.0,547,18.5
2025-05-17,WK-20,20#电铲,2012,144.2,486,19.5
2025-05-17,WK-22,22#电铲,2019,127.1,592,20.9
2025-05-17,WK-25,25#电铲,2023,124.2,602,20.8
2025-05-17,WK-28,28#电铲,2016,142.4,483,19.1
2025-05-18,WK-10,10#电铲,2015,143.6,486,19.4
2025-05-18,WK-12,12#电铲,2018,127.7,535,19.0
2025-05-18,WK-15,15#电铲,2020,127.7,540,19.2
2025-05-18,WK-18,18#电铲,2022,123.8,539,18.5
2025-05-18,WK-20,20#电铲,2012,140.7,498,19.5
2025-05-18,WK-22,22#电铲,2019,126.0,597,20.9
2025-05-18,WK-25,25#电铲,2023,126.3,592,20.8
2025-05-18,WK-28,28#电铲,2016,142.1,484,19.1
2025-05-19,WK-10,10#电铲,2015,143.2,488,19.4
2025-05-19,WK-12,12#电铲,2018,127.5,536,19.0
2025-05-19,WK-15,15#电铲,2020,129.2,534,19.2
2025-05-19,WK-18,18#电铲,2022,125.0,534,18.5
2025-05-19,WK-20,20#电铲,2012,142.9,490,19.5
2025-05-19,WK-22,22#电铲,2019,125.9,597,20.9
2025-05-19,WK-25,25#电铲,2023,127.4,587,20.8
2025-05-19,WK-28,28#电铲,2016,141.9,485,19.1
2025-05-20,WK-10,10#电铲,2015,145.6,480,19.4
2025-05-20,WK-12,12#电铲,2018,129.8,526,19.0
2025-05-20,WK-15,15#电铲,2020,129.4,533,19.2
2025-05-20,WK-18,18#电铲,2022,202.1,196,11.0
2025-05-20,WK-20,20#电铲,2012,140.5,498,19.5
2025-05-20,WK-22,22#电铲,2019,128.4,586,20.9
2025-05-20,WK-25,25#电铲,2023,126.4,592,20.8
2025-05-20,WK-28,28#电铲,2016,143.9,478,19.1
2025-05-21,WK-10,10#电铲,2015,144.3,484,19.4
2025-05-21,WK-12,12#电铲,2018,127.0,538,19.0
2025-05-21,WK-15,15#电铲,2020,129.0,534,19.2
2025-05-21,WK-18,18#电铲,2022,124.6,535,18.5
2025-05-21,WK-20,20#电铲,2012,144.0,486,19.5
2025-05-21,WK-22,22#电铲,2019,127.4,590,20.9
2025-05-21,WK-25,25#电铲,2023,125.4,597,20.8
2025-05-21,WK-28,28#电铲,2016,145.1,474,19.1
2025-05-22,WK-10,10#电铲,2015,145.0,481,19.4
2025-05-22,WK-12,12#电铲,2018,128.1,533,19.0
2025-05-22,WK-15,15#电铲,2020,131.3,525,19.2
2025-05-22,WK-18,18#电铲,2022,126.2,529,18.5
2025-05-22,WK-20,20#电铲,2012,144.2,485,19.5
2025-05-22,WK-22,22#电铲,2019,129.9,579,20.9
2025-05-22,WK-25,25#电铲,2023,125.5,596,20.8
2025-05-22,WK-28,28#电铲,2016,143.9,478,19.1
2025-05-23,WK-10,10#电铲,2015,142.3,491,19.4
2025-05-23,WK-12,12#电铲,2018,128.3,532,19.0
2025-05-23,WK-15,15#电铲,2020,128.0,539,19.2
2025-05-23,WK-18,18#电铲,2022,125.8,530,18.5
2025-05-23,WK-20,20#电铲,2012,142.0,493,19.5
2025-05-23,WK-22,22#电铲,2019,125.3,600,20.9
2025-05-23,WK-25,25#电铲,2023,121.0,618,20.8
2025-05-23,WK-28,28#电铲,2016,146.4,470,19.1
2025-05-24,WK-10,10#电铲,2015,142.4,490,19.4
2025-05-24,WK-12,12#电铲,2018,125.5,544,19.0
2025-05-24,WK-15,15#电铲,2020,126.5,545,19.2
2025-05-24,WK-18,18#电铲,2022,125.0,534,18.5
2025-05-24,WK-20,20#电铲,2012,140.4,499,19.5
2025-05-24,WK-22,22#电铲,2019,125.7,598,20.9
2025-05-24,WK-25,25#电铲,2023,124.8,599,20.8
2025-05-24,WK-28,28#电铲,2016,144.6,476,19.1
2025-05-25,WK-10,10#电铲,2015,143.5,486,19.4
2025-05-25,WK-12,12#电铲,2018,126.2,541,19.0
2025-05-25,WK-15,15#电铲,2020,127.3,542,19.2
2025-05-25,WK-18,18#电铲,2022,124.9,534,18.5
2025-05-25,WK-20,20#电铲,2012,139.8,501,19.5
2025-05-25,WK-22,22#电铲,2019,128.0,587,20.9
2025-05-25,WK-25,25#电铲,2023,125.5,596,20.8
2025-05-25,WK-28,28#电铲,2016,141.5,486,19.1
2025-05-26,WK-10,10#电铲,2015,141.2,494,19.4
2025-05-26,WK-12,12#电铲,2018,127.5,535,19.0
2025-05-26,WK-15,15#电铲,2020,127.3,542,19.2
2025-05-26,WK-18,18#电铲,2022,123.3,541,18.5
2025-05-26,WK-20,20#电铲,2012,139.9,500,19.5
2025-05-26,WK-22,22#电铲,2019,126.1,596,20.9
2025-05-26,WK-25,25#电铲,2023,124.8,600,20.8
2025-05-26,WK-28,28#电铲,2016,146.2,470,19.1
2025-05-27,WK-10,10#电铲,2015,142.3,491,19.4
2025-05-27,WK-12,12#电铲,2018,130.2,524,19.0
2025-05-27,WK-15,15#电铲,2020,127.9,539,19.2
2025-05-27,WK-18,18#电铲,2022,123.5,540,18.5
2025-05-27,WK-20,20#电铲,2012,140.6,498,19.5
2025-05-27,WK-22,22#电铲,2019,126.3,595,20.9
2025-05-27,WK-25,25#电铲,2023,123.3,607,20.8
2025-05-27,WK-28,28#电铲,2016,145.1,474,19.1
2025-05-28,WK-10,10#电铲,2015,143.7,486,19.4
2025-05-28,WK-12,12#电铲,2018,126.7,539,19.0
2025-05-28,WK-15,15#电铲,2020,126.6,545,19.2
2025-05-28,WK-18,18#电铲,2022,122.1,546,18.5
2025-05-28,WK-20,20#电铲,2012,139.5,502,19.5
2025-05-28,WK-22,22#电铲,2019,128.8,584,20.9
2025-05-28,WK-25,25#电铲,2023,125.1,598,20.8
2025-05-28,WK-28,28#电铲,2016,142.2,483,19.1
2025-05-29,WK-10,10#电铲,2015,143.3,487,19.4
2025-05-29,WK-12,12#电铲,2018,130.7,522,19.0
2025-05-29,WK-15,15#电铲,2020,131.7,524,19.2
2025-05-29,WK-18,18#电铲,2022,124.7,535,18.5
2025-05-29,WK-20,20#电铲,2012,142.0,493,19.5
2025-05-29,WK-22,22#电铲,2019,128.8,584,20.9
2025-05-29,WK-25,25#电铲,2023,126.9,590,20.8
2025-05-29,WK-28,28#电铲,2016,142.3,483,19.1
2025-05-30,WK-10,10#电铲,2015,145.0,482,19.4
2025-05-30,WK-12,12#电铲,2018,130.3,524,19.0
2025-05-30,WK-15,15#电铲,2020,130.2,530,19.2
2025-05-30,WK-18,18#电铲,2022,124.6,535,18.5
2025-05-30,WK-20,20#电铲,2012,142.8,490,19.5
2025-05-30,WK-22,22#电铲,2019,127.1,592,20.9
2025-05-30,WK-25,25#电铲,2023,123.5,606,20.8
2025-05-30,WK-28,28#电铲,2016,141.3,486,19.1
2025-05-31,WK-10,10#电铲,2015,142.9,489,19.4
2025-05-31,WK-12,12#电铲,2018,131.3,520,19.0
2025-05-31,WK-15,15#电铲,2020,126.9,544,19.2
2025-05-31,WK-18,18#电铲,2022,125.5,531,18.5
2025-05-31,WK-20,20#电铲,2012,141.2,496,19.5
2025-05-31,WK-22,22#电铲,2019,127.6,589,20.9
2025-05-31,WK-25,25#电铲,2023,124.5,601,20.8
2025-05-31,WK-28,28#电铲,2016,139.7,492,19.1
2025-06-01,WK-10,10#电铲,2015,142.2,491,19.4
2025-06-01,WK-12,12#电铲,2018,129.3,528,19.0
2025-06-01,WK-15,15#电铲,2020,126.7,544,19.2
2025-06-01,WK-18,18#电铲,2022,124.4,536,18.5
2025-06-01,WK-20,20#电铲,2012,139.5,502,19.5
2025-06-01,WK-22,22#电铲,2019,124.7,603,20.9
2025-06-01,WK-25,25#电铲,2023,125.1,598,20.8
2025-06-01,WK-28,28#电铲,2016,141.3,486,19.1
2025-06-02,WK-10,10#电铲,2015,142.9,489,19.4
2025-06-02,WK-12,12#电铲,2018,126.4,540,19.0
2025-06-02,WK-15,15#电铲,2020,129.2,534,19.2
2025-06-02,WK-18,18#电铲,2022,126.0,529,18.5
2025-06-02,WK-20,20#电铲,2012,136.3,514,19.5
2025-06-02,WK-22,22#电铲,2019,126.9,593,20.9
2025-06-02,WK-25,25#电铲,2023,126.5,591,20.8
2025-06-02,WK-28,28#电铲,2016,142.6,482,19.1
2025-06-03,WK-10,10#电铲,2015,140.2,498,19.4
2025-06-03,WK-12,12#电铲,2018,128.7,530,19.0
2025-06-03,WK-15,15#电铲,2020,127.3,542,19.2
2025-06-03,WK-18,18#电铲,2022,124.5,536,18.5
2025-06-03,WK-20,20#电铲,2012,140.8,497,19.5
2025-06-03,WK-22,22#电铲,2019,127.1,591,20.9
2025-06-03,WK-25,25#电铲,2023,122.6,610,20.8
2025-06-03,WK-28,28#电铲,2016,143.1,480,19.1
2025-06-04,WK-10,10#电铲,2015,138.0,506,19.4
2025-06-04,WK-12,12#电铲,2018,129.1,529,19.0
2025-06-04,WK-15,15#电铲,2020,127.5,541,19.2
2025-06-04,WK-18,18#电铲,2022,122.7,544,18.5
2025-06-04,WK-20,20#电铲,2012,139.3,503,19.5
2025-06-04,WK-22,22#电铲,2019,129.4,581,20.9
2025-06-04,WK-25,25#电铲,2023,123.7,605,20.8
2025-06-04,WK-28,28#电铲,2016,145.8,471,19.1
2025-06-05,WK-10,10#电铲,2015,139.9,499,19.4
2025-06-05,WK-12,12#电铲,2018,128.1,533,19.0
2025-06-05,WK-15,15#电铲,2020,126.7,544,19.2
2025-06-05,WK-18,18#电铲,2022,124.8,534,18.5
2025-06-05,WK-20,20#电铲,2012,143.4,488,19.5
2025-06-05,WK-22,22#电铲,2019,128.2,586,20.9
2025-06-05,WK-25,25#电铲,2023,123.6,605,20.8
2025-06-05,WK-28,28#电铲,2016,143.1,481,19.1
2025-06-06,WK-10,10#电铲,2015,141.5,494,19.4
2025-06-06,WK-12,12#电铲,2018,127.6,535,19.0
2025-06-06,WK-15,15#电铲,2020,125.1,551,19.2
2025-06-06,WK-18,18#电铲,2022,123.8,539,18.5
2025-06-06,WK-20,20#电铲,2012,140.1,500,19.5
2025-06-06,WK-22,22#电铲,2019,128.6,585,20.9
2025-06-06,WK-25,25#电铲,2023,124.1,603,20.8
2025-06-06,WK-28,28#电铲,2016,142.7,482,19.1
2025-06-07,WK-10,10#电铲,2015,141.9,492,19.4
2025-06-07,WK-12,12#电铲,2018,125.3,545,19.0
2025-06-07,WK-15,15#电铲,2020,126.2,546,19.2
2025-06-07,WK-18,18#电铲,2022,123.3,541,18.5
2025-06-07,WK-20,20#电铲,2012,140.6,498,19.5
2025-06-07,WK-22,22#电铲,2019,127.7,589,20.9
2025-06-07,WK-25,25#电铲,2023,126.3,592,20.8
2025-06-07,WK-28,28#电铲,2016,143.9,478,19.1
2025-06-08,WK-10,10#电铲,2015,141.2,494,19.4
2025-06-08,WK-12,12#电铲,2018,127.9,534,19.0
2025-06-08,WK-15,15#电铲,2020,125.1,552,19.2
2025-06-08,WK-18,18#电铲,2022,121.5,549,18.5
2025-06-08,WK-20,20#电铲,2012,141.7,494,19.5
2025-06-08,WK-22,22#电铲,2019,126.4,595,20.9
2025-06-08,WK-25,25#电铲,2023,125.2,598,20.8
2025-06-08,WK-28,28#电铲,2016,143.4,479,19.1
2025-06-09,WK-10,10#电铲,2015,143.3,487,19.4
2025-06-09,WK-12,12#电铲,2018,128.8,530,19.0
2025-06-09,WK-15,15#电铲,2020,125.2,551,19.2
2025-06-09,WK-18,18#电铲,2022,121.7,548,18.5
2025-06-09,WK-20,20#电铲,2012,143.6,488,19.5
2025-06-09,WK-22,22#电铲,2019,128.2,587,20.9
2025-06-09,WK-25,25#电铲,2023,123.8,604,20.8
2025-06-09,WK-28,28#电铲,2016,142.9,481,19.1
2025-06-10,WK-10,10#电铲,2015,142.8,489,19.4
2025-06-10,WK-12,12#电铲,2018,126.1,542,19.0
2025-06-10,WK-15,15#电铲,2020,125.0,552,19.2
2025-06-10,WK-18,18#电铲,2022,124.8,535,18.5
2025-06-10,WK-20,20#电铲,2012,143.4,488,19.5
2025-06-10,WK-22,22#电铲,2019,130.0,579,20.9
2025-06-10,WK-25,25#电铲,2023,124.0,603,20.8
2025-06-10,WK-28,28#电铲,2016,145.8,471,19.1
2025-06-11,WK-10,10#电铲,2015,140.4,497,19.4
2025-06-11,WK-12,12#电铲,2018,128.0,533,19.0
2025-06-11,WK-15,15#电铲,2020,124.8,553,19.2
2025-06-11,WK-18,18#电铲,2022,123.2,541,18.5
2025-06-11,WK-20,20#电铲,2012,141.5,495,19.5
2025-06-11,WK-22,22#电铲,2019,128.3,586,20.9
2025-06-11,WK-25,25#电铲,2023,123.3,607,20.8
2025-06-11,WK-28,28#电铲,2016,142.2,484,19.1
2025-06-12,WK-10,10#电铲,2015,141.6,493,19.4
2025-06-12,WK-12,12#电铲,2018,127.5,536,19.0
2025-06-12,WK-15,15#电铲,2020,125.6,549,19.2
2025-06-12,WK-18,18#电铲,2022,121.6,548,18.5
2025-06-12,WK-20,20#电铲,2012,142.0,493,19.5
2025-06-12,WK-22,22#电铲,2019,127.9,588,20.9
2025-06-12,WK-25,25#电铲,2023,122.9,609,20.8
2025-06-12,WK-28,28#电铲,2016,145.0,474,19.1
2025-06-13,WK-10,10#电铲,2015,142.3,491,19.4
2025-06-13,WK-12,12#电铲,2018,126.9,538,19.0
2025-06-13,WK-15,15#电铲,2020,126.4,546,19.2
2025-06-13,WK-18,18#电铲,2022,123.4,541,18.5
2025-06-13,WK-20,20#电铲,2012,141.8,494,19.5
2025-06-13,WK-22,22#电铲,2019,125.8,598,20.9
2025-06-13,WK-25,25#电铲,2023,123.2,607,20.8
2025-06-13,WK-28,28#电铲,2016,141.5,486,19.1
2025-06-14,WK-10,10#电铲,2015,143.5,487,19.4
2025-06-14,WK-12,12#电铲,2018,126.8,538,19.0
2025-06-14,WK-15,15#电铲,2020,128.9,535,19.2
2025-06-14,WK-18,18#电铲,2022,125.1,533,18.5
2025-06-14,WK-20,20#电铲,2012,142.0,493,19.5
2025-06-14,WK-22,22#电铲,2019,127.1,592,20.9
2025-06-14,WK-25,25#电铲,2023,122.3,612,20.8
2025-06-14,WK-28,28#电铲,2016,140.5,489,19.1
2025-06-15,WK-10,10#电铲,2015,141.7,493,19.4
2025-06-15,WK-12,12#电铲,2018,128.8,530,19.0
2025-06-15,WK-15,15#电铲,2020,128.2,538,19.2
2025-06-15,WK-18,18#电铲,2022,124.3,537,18.5
2025-06-15,WK-20,20#电铲,2012,141.3,495,19.5
2025-06-15,WK-22,22#电铲,2019,126.7,594,20.9
2025-06-15,WK-25,25#电铲,2023,123.4,606,20.8
2025-06-15,WK-28,28#电铲,2016,141.5,486,19.1
2025-06-16,WK-10,10#电铲,2015,139.8,499,19.4
2025-06-16,WK-12,12#电铲,2018,130.5,523,19.0
2025-06-16,WK-15,15#电铲,2020,126.2,547,19.2
2025-06-16,WK-18,18#电铲,2022,121.8,548,18.5
2025-06-16,WK-20,20#电铲,2012,140.4,499,19.5
2025-06-16,WK-22,22#电铲,2019,122.9,612,20.9
2025-06-16,WK-25,25#电铲,2023,125.4,597,20.8
2025-06-16,WK-28,28#电铲,2016,140.0,491,19.1
2025-06-17,WK-10,10#电铲,2015,138.7,503,19.4
2025-06-17,WK-12,12#电铲,2018,127.0,538,19.0
2025-06-17,WK-15,15#电铲,2020,125.7,549,19.2
2025-06-17,WK-18,18#电铲,2022,124.1,538,18.5
2025-06-17,WK-20,20#电铲,2012,142.8,490,19.5
2025-06-17,WK-22,22#电铲,2019,123.2,611,20.9
2025-06-17,WK-25,25#电铲,2023,124.5,601,20.8
2025-06-17,WK-28,28#电铲,2016,138.4,497,19.1
2025-06-18,WK-10,10#电铲,2015,139.1,502,19.4
2025-06-18,WK-12,12#电铲,2018,124.7,547,19.0
2025-06-18,WK-15,15#电铲,2020,125.3,551,19.2
2025-06-18,WK-18,18#电铲,2022,122.5,545,18.5
2025-06-18,WK-20,20#电铲,2012,140.5,498,19.5
2025-06-18,WK-22,22#电铲,2019,125.7,598,20.9
2025-06-18,WK-25,25#电铲,2023,123.8,604,20.8
2025-06-18,WK-28,28#电铲,2016,139.1,494,19.1
2025-06-19,WK-10,10#电铲,2015,139.7,500,19.4
2025-06-19,WK-12,12#电铲,2018,126.2,541,19.0
2025-06-19,WK-15,15#电铲,2020,126.9,544,19.2
2025-06-19,WK-18,18#电铲,2022,121.7,548,18.5
2025-06-19,WK-20,20#电铲,2012,142.2,492,19.5
2025-06-19,WK-22,22#电铲,2019,126.4,595,20.9
2025-06-19,WK-25,25#电铲,2023,124.6,601,20.8
2025-06-19,WK-28,28#电铲,2016,139.9,491,19.1
2025-06-20,WK-10,10#电铲,2015,140.9,496,19.4
2025-06-20,WK-12,12#电铲,2018,126.1,541,19.0
2025-06-20,WK-15,15#电铲,2020,129.7,532,19.2
2025-06-20,WK-18,18#电铲,2022,121.9,547,18.5
2025-06-20,WK-20,20#电铲,2012,139.1,504,19.5
2025-06-20,WK-22,22#电铲,2019,125.9,597,20.9
2025-06-20,WK-25,25#电铲,2023,122.6,610,20.8
2025-06-20,WK-28,28#电铲,2016,140.4,490,19.1
2025-06-21,WK-10,10#电铲,2015,142.6,490,19.4
2025-06-21,WK-12,12#电铲,2018,125.9,542,19.0
2025-06-21,WK-15,15#电铲,2020,126.8,544,19.2
2025-06-21,WK-18,18#电铲,2022,121.5,549,18.5
2025-06-21,WK-20,20#电铲,2012,138.9,504,19.5
2025-06-21,WK-22,22#电铲,2019,125.8,598,20.9
2025-06-21,WK-25,25#电铲,2023,122.5,611,20.8
2025-06-21,WK-28,28#电铲,2016,141.4,486,19.1
2025-06-22,WK-10,10#电铲,2015,140.7,496,19.4
2025-06-22,WK-12,12#电铲,2018,127.8,534,19.0
2025-06-22,WK-15,15#电铲,2020,129.4,533,19.2
2025-06-22,WK-18,18#电铲,2022,120.0,556,18.5
2025-06-22,WK-20,20#电铲,2012,139.8,501,19.5
2025-06-22,WK-22,22#电铲,2019,124.0,606,20.9
2025-06-22,WK-25,25#电铲,2023,125.6,595,20.8
2025-06-22,WK-28,28#电铲,2016,142.8,481,19.1
2025-06-23,WK-10,10#电铲,2015,139.3,501,19.4
2025-06-23,WK-12,12#电铲,2018,124.3,549,19.0
2025-06-23,WK-15,15#电铲,2020,126.5,545,19.2
2025-06-23,WK-18,18#电铲,2022,117.2,569,18.5
2025-06-23,WK-20,20#电铲,2012,142.8,490,19.5
2025-06-23,WK-22,22#电铲,2019,125.2,601,20.9
2025-06-23,WK-25,25#电铲,2023,122.0,613,20.8
2025-06-23,WK-28,28#电铲,2016,141.0,488,19.1
2025-06-24,WK-10,10#电铲,2015,139.3,501,19.4
2025-06-24,WK-12,12#电铲,2018,126.9,538,19.0
2025-06-24,WK-15,15#电铲,2020,127.8,540,19.2
2025-06-24,WK-18,18#电铲,2022,120.6,553,18.5
2025-06-24,WK-20,20#电铲,2012,141.8,494,19.5
2025-06-24,WK-22,22#电铲,2019,125.3,600,20.9
2025-06-24,WK-25,25#电铲,2023,120.0,624,20.8
2025-06-24,WK-28,28#电铲,2016,140.3,490,19.1
2025-06-25,WK-10,10#电铲,2015,141.0,495,19.4
2025-06-25,WK-12,12#电铲,2018,126.7,539,19.0
2025-06-25,WK-15,15#电铲,2020,125.0,552,19.2
2025-06-25,WK-18,18#电铲,2022,119.0,560,18.5
2025-06-25,WK-20,20#电铲,2012,139.5,502,19.5
2025-06-25,WK-22,22#电铲,2019,122.2,616,20.9
2025-06-25,WK-25,25#电铲,2023,120.8,619,20.8
2025-06-25,WK-28,28#电铲,2016,138.8,495,19.1
2025-06-26,WK-10,10#电铲,2015,141.1,495,19.4
2025-06-26,WK-12,12#电铲,2018,127.0,538,19.0
2025-06-26,WK-15,15#电铲,2020,123.9,557,19.2
2025-06-26,WK-18,18#电铲,2022,120.8,552,18.5
2025-06-26,WK-20,20#电铲,2012,141.1,496,19.5
2025-06-26,WK-22,22#电铲,2019,122.9,612,20.9
2025-06-26,WK-25,25#电铲,2023,122.0,613,20.8
2025-06-26,WK-28,28#电铲,2016,140.5,489,19.1
2025-06-27,WK-10,10#电铲,2015,140.1,498,19.4
2025-06-27,WK-12,12#电铲,2018,126.1,541,19.0
2025-06-27,WK-15,15#电铲,2020,128.1,538,19.2
2025-06-27,WK-18,18#电铲,2022,120.6,553,18.5
2025-06-27,WK-20,20#电铲,2012,141.8,494,19.5
2025-06-27,WK-22,22#电铲,2019,125.4,600,20.9
2025-06-27,WK-25,25#电铲,2023,121.1,618,20.8
2025-06-27,WK-28,28#电铲,2016,138.8,495,19.1
2025-06-28,WK-10,10#电铲,2015,140.7,496,19.4
2025-06-28,WK-12,12#电铲,2018,128.6,531,19.0
2025-06-28,WK-15,15#电铲,2020,126.0,548,19.2
2025-06-28,WK-18,18#电铲,2022,121.8,547,18.5
2025-06-28,WK-20,20#电铲,2012,137.7,509,19.5
2025-06-28,WK-22,22#电铲,2019,124.3,605,20.9
2025-06-28,WK-25,25#电铲,2023,122.2,612,20.8
2025-06-28,WK-28,28#电铲,2016,141.3,487,19.1
2025-06-29,WK-10,10#电铲,2015,140.5,497,19.4
2025-06-29,WK-12,12#电铲,2018,127.1,537,19.0
2025-06-29,WK-15,15#电铲,2020,127.3,542,19.2
2025-06-29,WK-18,18#电铲,2022,121.7,548,18.5
2025-06-29,WK-20,20#电铲,2012,138.7,505,19.5
2025-06-29,WK-22,22#电铲,2019,126.4,595,20.9
2025-06-29,WK-25,25#电铲,2023,121.2,617,20.8
2025-06-29,WK-28,28#电铲,2016,140.2,490,19.1
2025-06-30,WK-10,10#电铲,2015,140.5,497,19.4
2025-06-30,WK-12,12#电铲,2018,126.3,541,19.0
2025-06-30,WK-15,15#电铲,2020,124.7,553,19.2
2025-06-30,WK-18,18#电铲,2022,123.8,539,18.5
2025-06-30,WK-20,20#电铲,2012,141.1,496,19.5
2025-06-30,WK-22,22#电铲,2019,124.5,604,20.9
2025-06-30,WK-25,25#电铲,2023,123.4,606,20.8
2025-06-30,WK-28,28#电铲,2016,141.7,485,19.1
2025-07-01,WK-10,10#电铲,2015,140.1,498,19.4
2025-07-01,WK-12,12#电铲,2018,125.8,543,19.0
2025-07-01,WK-15,15#电铲,2020,125.2,551,19.2
2025-07-01,WK-18,18#电铲,2022,122.2,546,18.5
2025-07-01,WK-20,20#电铲,2012,139.4,502,19.5
2025-07-01,WK-22,22#电铲,2019,124.1,606,20.9
2025-07-01,WK-25,25#电铲,2023,122.9,609,20.8
2025-07-01,WK-28,28#电铲,2016,140.2,491,19.1
2025-07-02,WK-10,10#电铲,2015,141.6,493,19.4
2025-07-02,WK-12,12#电铲,2018,125.1,546,19.0
2025-07-02,WK-15,15#电铲,2020,123.7,558,19.2
2025-07-02,WK-18,18#电铲,2022,123.9,538,18.5
2025-07-02,WK-20,20#电铲,2012,138.2,507,19.5
2025-07-02,WK-22,22#电铲,2019,126.2,596,20.9
2025-07-02,WK-25,25#电铲,2023,122.3,611,20.8
2025-07-02,WK-28,28#电铲,2016,140.6,489,19.1
2025-07-03,WK-10,10#电铲,2015,141.6,493,19.4
2025-07-03,WK-12,12#电铲,2018,124.8,547,19.0
2025-07-03,WK-15,15#电铲,2020,124.3,555,19.2
2025-07-03,WK-18,18#电铲,2022,121.6,548,18.5
2025-07-03,WK-20,20#电铲,2012,137.7,508,19.5
2025-07-03,WK-22,22#电铲,2019,122.1,616,20.9
2025-07-03,WK-25,25#电铲,2023,120.3,622,20.8
2025-07-03,WK-28,28#电铲,2016,138.1,498,19.1
2025-07-04,WK-10,10#电铲,2015,138.6,504,19.4
2025-07-04,WK-12,12#电铲,2018,126.6,539,19.0
2025-07-04,WK-15,15#电铲,2020,125.7,549,19.2
2025-07-04,WK-18,18#电铲,2022,119.3,559,18.5
2025-07-04,WK-20,20#电铲,2012,138.8,504,19.5
2025-07-04,WK-22,22#电铲,2019,124.3,605,20.9
2025-07-04,WK-25,25#电铲,2023,120.8,619,20.8
2025-07-04,WK-28,28#电铲,2016,138.2,498,19.1
2025-07-05,WK-10,10#电铲,2015,141.5,493,19.4
2025-07-05,WK-12,12#电铲,2018,126.0,542,19.0
2025-07-05,WK-15,15#电铲,2020,126.8,544,19.2
2025-07-05,WK-18,18#电铲,2022,121.0,551,18.5
2025-07-05,WK-20,20#电铲,2012,142.0,493,19.5
2025-07-05,WK-22,22#电铲,2019,124.9,602,20.9
2025-07-05,WK-25,25#电铲,2023,119.7,625,20.8
2025-07-05,WK-28,28#电铲,2016,138.1,498,19.1
2025-07-06,WK-10,10#电铲,2015,139.4,501,19.4
2025-07-06,WK-12,12#电铲,2018,125.7,543,19.0
2025-07-06,WK-15,15#电铲,2020,128.7,536,19.2
2025-07-06,WK-18,18#电铲,2022,123.6,540,18.5
2025-07-06,WK-20,20#电铲,2012,139.4,502,19.5
2025-07-06,WK-22,22#电铲,2019,124.7,603,20.9
2025-07-06,WK-25,25#电铲,2023,121.5,616,20.8
2025-07-06,WK-28,28#电铲,2016,140.2,490,19.1
2025-07-07,WK-10,10#电铲,2015,141.2,494,19.4
2025-07-07,WK-12,12#电铲,2018,124.9,547,19.0
2025-07-07,WK-15,15#电铲,2020,127.0,543,19.2
2025-07-07,WK-18,18#电铲,2022,121.4,549,18.5
2025-07-07,WK-20,20#电铲,2012,135.9,515,19.5
2025-07-07,WK-22,22#电铲,2019,123.3,610,20.9
2025-07-07,WK-25,25#电铲,2023,122.0,613,20.8
2025-07-07,WK-28,28#电铲,2016,137.6,500,19.1
2025-07-08,WK-10,10#电铲,2015,143.0,488,19.4
2025-07-08,WK-12,12#电铲,2018,123.8,551,19.0
2025-07-08,WK-15,15#电铲,2020,125.6,549,19.2
2025-07-08,WK-18,18#电铲,2022,121.5,549,18.5
2025-07-08,WK-20,20#电铲,2012,136.4,513,19.5
2025-07-08,WK-22,22#电铲,2019,123.9,607,20.9
2025-07-08,WK-25,25#电铲,2023,120.6,620,20.8
2025-07-08,WK-28,28#电铲,2016,138.2,498,19.1
2025-07-09,WK-10,10#电铲,2015,140.9,496,19.4
2025-07-09,WK-12,12#电铲,2018,123.0,555,19.0
2025-07-09,WK-15,15#电铲,2020,126.1,547,19.2
2025-07-09,WK-18,18#电铲,2022,121.4,549,18.5
2025-07-09,WK-20,20#电铲,2012,138.9,504,19.5
2025-07-09,WK-22,22#电铲,2019,125.9,598,20.9
2025-07-09,WK-25,25#电铲,2023,123.5,606,20.8
2025-07-09,WK-28,28#电铲,2016,140.9,488,19.1
2025-07-10,WK-10,10#电铲,2015,141.2,494,19.4
2025-07-10,WK-12,12#电铲,2018,120.6,566,19.0
2025-07-10,WK-15,15#电铲,2020,124.3,555,19.2
2025-07-10,WK-18,18#电铲,2022,122.1,546,18.5
2025-07-10,WK-20,20#电铲,2012,137.3,510,19.5
2025-07-10,WK-22,22#电铲,2019,124.6,603,20.9
2025-07-10,WK-25,25#电铲,2023,119.5,626,20.8
2025-07-10,WK-28,28#电铲,2016,140.5,489,19.1
2025-07-11,WK-10,10#电铲,2015,139.5,500,19.4
2025-07-11,WK-12,12#电铲,2018,121.4,562,19.0
2025-07-11,WK-15,15#电铲,2020,125.3,551,19.2
2025-07-11,WK-18,18#电铲,2022,118.3,564,18.5
2025-07-11,WK-20,20#电铲,2012,137.7,508,19.5
2025-07-11,WK-22,22#电铲,2019,125.2,600,20.9
2025-07-11,WK-25,25#电铲,2023,120.5,621,20.8
2025-07-11,WK-28,28#电铲,2016,141.8,485,19.1
2025-07-12,WK-10,10#电铲,2015,138.5,504,19.4
2025-07-12,WK-12,12#电铲,2018,120.8,565,19.0
2025-07-12,WK-15,15#电铲,2020,123.3,559,19.2
2025-07-12,WK-18,18#电铲,2022,118.6,563,18.5
2025-07-12,WK-20,20#电铲,2012,140.0,500,19.5
2025-07-12,WK-22,22#电铲,2019,124.2,605,20.9
2025-07-12,WK-25,25#电铲,2023,122.2,612,20.8
2025-07-12,WK-28,28#电铲,2016,138.9,495,19.1
2025-07-13,WK-10,10#电铲,2015,135.2,516,19.4
2025-07-13,WK-12,12#电铲,2018,121.4,562,19.0
2025-07-13,WK-15,15#电铲,2020,124.9,552,19.2
2025-07-13,WK-18,18#电铲,2022,120.2,555,18.5
2025-07-13,WK-20,20#电铲,2012,137.6,509,19.5
2025-07-13,WK-22,22#电铲,2019,123.7,608,20.9
2025-07-13,WK-25,25#电铲,2023,122.2,612,20.8
2025-07-13,WK-28,28#电铲,2016,139.4,493,19.1
2025-07-14,WK-10,10#电铲,2015,137.6,507,19.4
2025-07-14,WK-12,12#电铲,2018,120.9,565,19.0
2025-07-14,WK-15,15#电铲,2020,125.6,549,19.2
2025-07-14,WK-18,18#电铲,2022,121.6,549,18.5
2025-07-14,WK-20,20#电铲,2012,137.9,508,19.5
2025-07-14,WK-22,22#电铲,2019,123.0,611,20.9
2025-07-14,WK-25,25#电铲,2023,122.1,613,20.8
2025-07-14,WK-28,28#电铲,2016,138.1,498,19.1
2025-07-15,WK-10,10#电铲,2015,137.3,509,19.4
2025-07-15,WK-12,12#电铲,2018,125.6,544,19.0
2025-07-15,WK-15,15#电铲,2020,124.3,555,19.2
2025-07-15,WK-18,18#电铲,2022,121.7,548,18.5
2025-07-15,WK-20,20#电铲,2012,135.8,516,19.5
2025-07-15,WK-22,22#电铲,2019,126.9,593,20.9
2025-07-15,WK-25,25#电铲,2023,121.5,616,20.8
2025-07-15,WK-28,28#电铲,2016,136.8,503,19.1
2025-07-16,WK-10,10#电铲,2015,136.0,513,19.4
2025-07-16,WK-12,12#电铲,2018,123.8,552,19.0
2025-07-16,WK-15,15#电铲,2020,125.9,548,19.2
2025-07-16,WK-18,18#电铲,2022,119.7,557,18.5
2025-07-16,WK-20,20#电铲,2012,137.6,509,19.5
2025-07-16,WK-22,22#电铲,2019,124.5,604,20.9
2025-07-16,WK-25,25#电铲,2023,124.4,601,20.8
2025-07-16,WK-28,28#电铲,2016,138.1,498,19.1
2025-07-17,WK-10,10#电铲,2015,139.1,502,19.4
2025-07-17,WK-12,12#电铲,2018,124.0,551,19.0
2025-07-17,WK-15,15#电铲,2020,125.1,551,19.2
2025-07-17,WK-18,18#电铲,2022,120.7,553,18.5
2025-07-17,WK-20,20#电铲,2012,139.4,502,19.5
2025-07-17,WK-22,22#电铲,2019,121.2,620,20.9
2025-07-17,WK-25,25#电铲,2023,123.2,607,20.8
2025-07-17,WK-28,28#电铲,2016,137.8,499,19.1
2025-07-18,WK-10,10#电铲,2015,139.3,501,19.4
2025-07-18,WK-12,12#电铲,2018,122.9,555,19.0
2025-07-18,WK-15,15#电铲,2020,123.8,557,19.2
2025-07-18,WK-18,18#电铲,2022,122.0,547,18.5
2025-07-18,WK-20,20#电铲,2012,140.1,500,19.5
2025-07-18,WK-22,22#电铲,2019,122.4,615,20.9
2025-07-18,WK-25,25#电铲,2023,121.5,616,20.8
2025-07-18,WK-28,28#电铲,2016,139.7,492,19.1
2025-07-19,WK-10,10#电铲,2015,140.9,495,19.4
2025-07-19,WK-12,12#电铲,2018,124.7,548,19.0
2025-07-19,WK-15,15#电铲,2020,125.7,549,19.2
2025-07-19,WK-18,18#电铲,2022,121.4,549,18.5
2025-07-19,WK-20,20#电铲,2012,139.1,504,19.5
2025-07-19,WK-22,22#电铲,2019,120.9,622,20.9
2025-07-19,WK-25,25#电铲,2023,120.8,619,20.8
2025-07-19,WK-28,28#电铲,2016,139.1,494,19.1
2025-07-20,WK-10,10#电铲,2015,139.1,502,19.4
2025-07-20,WK-12,12#电铲,2018,123.7,552,19.0
2025-07-20,WK-15,15#电铲,2020,126.9,544,19.2
2025-07-20,WK-18,18#电铲,2022,122.3,545,18.5
2025-07-20,WK-20,20#电铲,2012,138.5,505,19.5
2025-07-20,WK-22,22#电铲,2019,122.1,616,20.9
2025-07-20,WK-25,25#电铲,2023,117.9,634,20.8
2025-07-20,WK-28,28#电铲,2016,137.9,499,19.1
2025-07-21,WK-10,10#电铲,2015,138.6,504,19.4
2025-07-21,WK-12,12#电铲,2018,125.0,546,19.0
2025-07-21,WK-15,15#电铲,2020,127.7,540,19.2
2025-07-21,WK-18,18#电铲,2022,122.8,543,18.5
2025-07-21,WK-20,20#电铲,2012,137.5,509,19.5
2025-07-21,WK-22,22#电铲,2019,124.5,604,20.9
2025-07-21,WK-25,25#电铲,2023,120.7,620,20.8
2025-07-21,WK-28,28#电铲,2016,135.3,508,19.1
2025-07-22,WK-10,10#电铲,2015,139.6,500,19.4
2025-07-22,WK-12,12#电铲,2018,121.5,562,19.0
2025-07-22,WK-15,15#电铲,2020,126.3,546,19.2
2025-07-22,WK-18,18#电铲,2022,120.4,554,18.5
2025-07-22,WK-20,20#电铲,2012,136.5,513,19.5
2025-07-22,WK-22,22#电铲,2019,125.4,600,20.9
2025-07-22,WK-25,25#电铲,2023,119.4,626,20.8
2025-07-22,WK-28,28#电铲,2016,136.4,504,19.1
2025-07-23,WK-10,10#电铲,2015,139.7,500,19.4
2025-07-23,WK-12,12#电铲,2018,123.2,554,19.0
2025-07-23,WK-15,15#电铲,2020,123.9,557,19.2
2025-07-23,WK-18,18#电铲,2022,119.1,560,18.5
2025-07-23,WK-20,20#电铲,2012,137.5,509,19.5
2025-07-23,WK-22,22#电铲,2019,127.8,588,20.9
2025-07-23,WK-25,25#电铲,2023,122.0,613,20.8
2025-07-23,WK-28,28#电铲,2016,136.3,504,19.1
2025-07-24,WK-10,10#电铲,2015,139.9,499,19.4
2025-07-24,WK-12,12#电铲,2018,122.3,558,19.0
2025-07-24,WK-15,15#电铲,2020,123.3,559,19.2
2025-07-24,WK-18,18#电铲,2022,118.1,565,18.5
2025-07-24,WK-20,20#电铲,2012,140.9,497,19.5
2025-07-24,WK-22,22#电铲,2019,126.7,594,20.9
2025-07-24,WK-25,25#电铲,2023,120.2,623,20.8
2025-07-24,WK-28,28#电铲,2016,138.4,497,19.1
2025-07-25,WK-10,10#电铲,2015,139.3,501,19.4
2025-07-25,WK-12,12#电铲,2018,123.8,552,19.0
2025-07-25,WK-15,15#电铲,2020,125.1,552,19.2
2025-07-25,WK-18,18#电铲,2022,119.4,559,18.5
2025-07-25,WK-20,20#电铲,2012,138.5,506,19.5
2025-07-25,WK-22,22#电铲,2019,124.0,606,20.9
2025-07-25,WK-25,25#电铲,2023,118.3,632,20.8
2025-07-25,WK-28,28#电铲,2016,136.2,505,19.1
2025-07-26,WK-10,10#电铲,2015,138.5,504,19.4
2025-07-26,WK-12,12#电铲,2018,124.8,547,19.0
2025-07-26,WK-15,15#电铲,2020,125.3,550,19.2
2025-07-26,WK-18,18#电铲,2022,117.3,569,18.5
2025-07-26,WK-20,20#电铲,2012,140.6,498,19.5
2025-07-26,WK-22,22#电铲,2019,120.7,623,20.9
2025-07-26,WK-25,25#电铲,2023,118.9,629,20.8
2025-07-26,WK-28,28#电铲,2016,137.3,501,19.1
2025-07-27,WK-10,10#电铲,2015,138.7,503,19.4
2025-07-27,WK-12,12#电铲,2018,123.3,554,19.0
2025-07-27,WK-15,15#电铲,2020,123.1,560,19.2
2025-07-27,WK-18,18#电铲,2022,118.6,562,18.5
2025-07-27,WK-20,20#电铲,2012,137.6,509,19.5
2025-07-27,WK-22,22#电铲,2019,120.7,623,20.9
2025-07-27,WK-25,25#电铲,2023,120.7,620,20.8
2025-07-27,WK-28,28#电铲,2016,138.3,497,19.1
2025-07-28,WK-10,10#电铲,2015,140.8,496,19.4
2025-07-28,WK-12,12#电铲,2018,124.0,551,19.0
2025-07-28,WK-15,15#电铲,2020,125.1,551,19.2
2025-07-28,WK-18,18#电铲,2022,118.2,564,18.5
2025-07-28,WK-20,20#电铲,2012,139.5,502,19.5
2025-07-28,WK-22,22#电铲,2019,121.4,619,20.9
2025-07-28,WK-25,25#电铲,2023,120.8,619,20.8
2025-07-28,WK-28,28#电铲,2016,137.0,502,19.1
2025-07-29,WK-10,10#电铲,2015,141.1,495,19.4
2025-07-29,WK-12,12#电铲,2018,125.0,546,19.0
2025-07-29,WK-15,15#电铲,2020,124.5,554,19.2
2025-07-29,WK-18,18#电铲,2022,118.5,563,18.5
2025-07-29,WK-20,20#电铲,2012,139.6,502,19.5
2025-07-29,WK-22,22#电铲,2019,121.4,619,20.9
2025-07-29,WK-25,25#电铲,2023,122.2,612,20.8
2025-07-29,WK-28,28#电铲,2016,138.3,497,19.1
2025-07-30,WK-10,10#电铲,2015,141.8,492,19.4
2025-07-30,WK-12,12#电铲,2018,124.3,549,19.0
2025-07-30,WK-15,15#电铲,2020,125.2,551,19.2
2025-07-30,WK-18,18#电铲,2022,120.9,552,18.5
2025-07-30,WK-20,20#电铲,2012,139.0,504,19.5
2025-07-30,WK-22,22#电铲,2019,122.4,614,20.9
2025-07-30,WK-25,25#电铲,2023,121.1,618,20.8
2025-07-30,WK-28,28#电铲,2016,138.7,496,19.1
2025-07-31,WK-10,10#电铲,2015,142.0,492,19.4
2025-07-31,WK-12,12#电铲,2018,122.9,556,19.0
2025-07-31,WK-15,15#电铲,2020,125.2,551,19.2
2025-07-31,WK-18,18#电铲,2022,120.9,552,18.5
2025-07-31,WK-20,20#电铲,2012,139.5,502,19.5
2025-07-31,WK-22,22#电铲,2019,123.6,608,20.9
2025-07-31,WK-25,25#电铲,2023,122.5,611,20.8
2025-07-31,WK-28,28#电铲,2016,137.3,501,19.1
2025-08-01,WK-10,10#电铲,2015,141.2,494,19.4
2025-08-01,WK-12,12#电铲,2018,121.9,560,19.0
2025-08-01,WK-15,15#电铲,2020,126.1,547,19.2
2025-08-01,WK-18,18#电铲,2022,119.3,559,18.5
2025-08-01,WK-20,20#电铲,2012,138.9,504,19.5
2025-08-01,WK-22,22#电铲,2019,121.5,619,20.9
2025-08-01,WK-25,25#电铲,2023,120.5,621,20.8
2025-08-01,WK-28,28#电铲,2016,135.5,507,19.1
2025-08-02,WK-10,10#电铲,2015,138.0,506,19.4
2025-08-02,WK-12,12#电铲,2018,123.9,551,19.0
2025-08-02,WK-15,15#电铲,2020,125.9,548,19.2
2025-08-02,WK-18,18#电铲,2022,118.1,565,18.5
2025-08-02,WK-20,20#电铲,2012,138.2,507,19.5
2025-08-02,WK-22,22#电铲,2019,124.2,606,20.9
2025-08-02,WK-25,25#电铲,2023,120.0,624,20.8
2025-08-02,WK-28,28#电铲,2016,137.6,500,19.1
2025-08-03,WK-10,10#电铲,2015,137.4,508,19.4
2025-08-03,WK-12,12#电铲,2018,125.0,546,19.0
2025-08-03,WK-15,15#电铲,2020,121.3,568,19.2
2025-08-03,WK-18,18#电铲,2022,119.5,558,18.5
2025-08-03,WK-20,20#电铲,2012,136.7,512,19.5
2025-08-03,WK-22,22#电铲,2019,122.2,615,20.9
2025-08-03,WK-25,25#电铲,2023,120.8,619,20.8
2025-08-03,WK-28,28#电铲,2016,136.5,504,19.1
2025-08-04,WK-10,10#电铲,2015,136.2,513,19.4
2025-08-04,WK-12,12#电铲,2018,124.8,547,19.0
2025-08-04,WK-15,15#电铲,2020,123.9,557,19.2
2025-08-04,WK-18,18#电铲,2022,119.9,557,18.5
2025-08-04,WK-20,20#电铲,2012,134.6,520,19.5
2025-08-04,WK-22,22#电铲,2019,121.8,617,20.9
2025-08-04,WK-25,25#电铲,2023,119.8,624,20.8
2025-08-04,WK-28,28#电铲,2016,136.5,504,19.1
2025-08-05,WK-10,10#电铲,2015,137.7,507,19.4
2025-08-05,WK-12,12#电铲,2018,121.8,561,19.0
2025-08-05,WK-15,15#电铲,2020,123.4,559,19.2
2025-08-05,WK-18,18#电铲,2022,118.7,562,18.5
2025-08-05,WK-20,20#电铲,2012,138.0,507,19.5
2025-08-05,WK-22,22#电铲,2019,123.9,607,20.9
2025-08-05,WK-25,25#电铲,2023,121.7,615,20.8
2025-08-05,WK-28,28#电铲,2016,137.6,500,19.1
2025-08-06,WK-10,10#电铲,2015,136.5,511,19.4
2025-08-06,WK-12,12#电铲,2018,122.9,556,19.0
2025-08-06,WK-15,15#电铲,2020,125.0,552,19.2
2025-08-06,WK-18,18#电铲,2022,117.5,567,18.5
2025-08-06,WK-20,20#电铲,2012,138.2,507,19.5
2025-08-06,WK-22,22#电铲,2019,124.5,604,20.9
2025-08-06,WK-25,25#电铲,2023,120.8,620,20.8
2025-08-06,WK-28,28#电铲,2016,137.2,501,19.1
2025-08-07,WK-10,10#电铲,2015,139.8,499,19.4
2025-08-07,WK-12,12#电铲,2018,119.0,574,19.0
2025-08-07,WK-15,15#电铲,2020,125.1,551,19.2
2025-08-07,WK-18,18#电铲,2022,119.9,556,18.5
2025-08-07,WK-20,20#电铲,2012,135.6,517,19.5
2025-08-07,WK-22,22#电铲,2019,121.3,620,20.9
2025-08-07,WK-25,25#电铲,2023,121.1,618,20.8
2025-08-07,WK-28,28#电铲,2016,139.6,493,19.1
2025-08-08,WK-10,10#电铲,2015,139.5,500,19.4
2025-08-08,WK-12,12#电铲,2018,122.8,556,19.0
2025-08-08,WK-15,15#电铲,2020,127.3,542,19.2
2025-08-08,WK-18,18#电铲,2022,121.1,551,18.5
2025-08-08,WK-20,20#电铲,2012,135.5,517,19.5
2025-08-08,WK-22,22#电铲,2019,119.2,631,20.9
2025-08-08,WK-25,25#电铲,2023,121.2,617,20.8
2025-08-08,WK-28,28#电铲,2016,139.2,494,19.1
2025-08-09,WK-10,10#电铲,2015,137.7,507,19.4
2025-08-09,WK-12,12#电铲,2018,122.2,559,19.0
2025-08-09,WK-15,15#电铲,2020,126.3,546,19.2
2025-08-09,WK-18,18#电铲,2022,121.2,550,18.5
2025-08-09,WK-20,20#电铲,2012,133.1,526,19.5
2025-08-09,WK-22,22#电铲,2019,119.3,630,20.9
2025-08-09,WK-25,25#电铲,2023,120.0,623,20.8
2025-08-09,WK-28,28#电铲,2016,137.9,499,19.1
2025-08-10,WK-10,10#电铲,2015,136.8,510,19.4
2025-08-10,WK-12,12#电铲,2018,119.8,570,19.0
2025-08-10,WK-15,15#电铲,2020,125.0,552,19.2
2025-08-10,WK-18,18#电铲,2022,121.2,550,18.5
2025-08-10,WK-20,20#电铲,2012,133.3,525,19.5
2025-08-10,WK-22,22#电铲,2019,122.6,613,20.9
2025-08-10,WK-25,25#电铲,2023,121.8,614,20.8
2025-08-10,WK-28,28#电铲,2016,137.9,499,19.1
2025-08-11,WK-10,10#电铲,2015,139.2,501,19.4
2025-08-11,WK-12,12#电铲,2018,120.6,566,19.0
2025-08-11,WK-15,15#电铲,2020,124.5,554,19.2
2025-08-11,WK-18,18#电铲,2022,117.9,566,18.5
2025-08-11,WK-20,20#电铲,2012,136.2,514,19.5
2025-08-11,WK-22,22#电铲,2019,120.5,624,20.9
2025-08-11,WK-25,25#电铲,2023,121.2,617,20.8
2025-08-11,WK-28,28#电铲,2016,139.2,494,19.1
2025-08-12,WK-10,10#电铲,2015,138.6,504,19.4
2025-08-12,WK-12,12#电铲,2018,120.1,569,19.0
2025-08-12,WK-15,15#电铲,2020,123.1,560,19.2
2025-08-12,WK-18,18#电铲,2022,121.1,551,18.5
2025-08-12,WK-20,20#电铲,2012,135.4,517,19.5
2025-08-12,WK-22,22#电铲,2019,122.1,616,20.9
2025-08-12,WK-25,25#电铲,2023,121.1,618,20.8
2025-08-12,WK-28,28#电铲,2016,139.7,492,19.1
2025-08-13,WK-10,10#电铲,2015,137.2,509,19.4
2025-08-13,WK-12,12#电铲,2018,120.6,566,19.0
2025-08-13,WK-15,15#电铲,2020,120.3,573,19.2
2025-08-13,WK-18,18#电铲,2022,119.8,557,18.5
2025-08-13,WK-20,20#电铲,2012,137.4,510,19.5
2025-08-13,WK-22,22#电铲,2019,120.7,623,20.9
2025-08-13,WK-25,25#电铲,2023,118.0,634,20.8
2025-08-13,WK-28,28#电铲,2016,139.9,492,19.1
2025-08-14,WK-10,10#电铲,2015,137.7,507,19.4
2025-08-14,WK-12,12#电铲,2018,121.7,561,19.0
2025-08-14,WK-15,15#电铲,2020,122.2,564,19.2
2025-08-14,WK-18,18#电铲,2022,118.4,563,18.5
2025-08-14,WK-20,20#电铲,2012,134.8,520,19.5
2025-08-14,WK-22,22#电铲,2019,122.3,615,20.9
2025-08-14,WK-25,25#电铲,2023,120.2,623,20.8
2025-08-14,WK-28,28#电铲,2016,135.0,510,19.1
2025-08-15,WK-10,10#电铲,2015,138.1,506,19.4
2025-08-15,WK-12,12#电铲,2018,125.5,544,19.0
2025-08-15,WK-15,15#电铲,2020,125.4,550,19.2
2025-08-15,WK-18,18#电铲,2022,116.9,571,18.5
2025-08-15,WK-20,20#电铲,2012,137.1,511,19.5
2025-08-15,WK-22,22#电铲,2019,124.1,606,20.9
2025-08-15,WK-25,25#电铲,2023,118.3,632,20.8
2025-08-15,WK-28,28#电铲,2016,136.3,504,19.1
2025-08-16,WK-10,10#电铲,2015,137.7,507,19.4
2025-08-16,WK-12,12#电铲,2018,122.4,558,19.0
2025-08-16,WK-15,15#电铲,2020,123.2,560,19.2
2025-08-16,WK-18,18#电铲,2022,118.0,565,18.5
2025-08-16,WK-20,20#电铲,2012,135.0,519,19.5
2025-08-16,WK-22,22#电铲,2019,122.6,613,20.9
2025-08-16,WK-25,25#电铲,2023,120.3,622,20.8
2025-08-16,WK-28,28#电铲,2016,138.6,496,19.1
2025-08-17,WK-10,10#电铲,2015,134.7,518,19.4
2025-08-17,WK-12,12#电铲,2018,122.8,556,19.0
2025-08-17,WK-15,15#电铲,2020,125.9,548,19.2
2025-08-17,WK-18,18#电铲,2022,118.5,563,18.5
2025-08-17,WK-20,20#电铲,2012,134.1,522,19.5
2025-08-17,WK-22,22#电铲,2019,119.7,628,20.9
2025-08-17,WK-25,25#电铲,2023,118.4,632,20.8
2025-08-17,WK-28,28#电铲,2016,138.1,498,19.1
2025-08-18,WK-10,10#电铲,2015,139.1,502,19.4
2025-08-18,WK-12,12#电铲,2018,119.3,572,19.0
2025-08-18,WK-15,15#电铲,2020,122.3,564,19.2
2025-08-18,WK-18,18#电铲,2022,119.8,557,18.5
2025-08-18,WK-20,20#电铲,2012,134.3,522,19.5
2025-08-18,WK-22,22#电铲,2019,121.6,618,20.9
2025-08-18,WK-25,25#电铲,2023,120.5,621,20.8
2025-08-18,WK-28,28#电铲,2016,137.9,499,19.1
2025-08-19,WK-10,10#电铲,2015,210.3,160,9.4
2025-08-19,WK-12,12#电铲,2018,122.6,557,19.0
2025-08-19,WK-15,15#电铲,2020,123.2,560,19.2
2025-08-19,WK-18,18#电铲,2022,119.2,559,18.5
2025-08-19,WK-20,20#电铲,2012,134.6,520,19.5
2025-08-19,WK-22,22#电铲,2019,121.3,620,20.9
2025-08-19,WK-25,25#电铲,2023,120.4,621,20.8
2025-08-19,WK-28,28#电铲,2016,135.1,509,19.1
2025-08-20,WK-10,10#电铲,2015,138.3,505,19.4
2025-08-20,WK-12,12#电铲,2018,120.7,566,19.0
2025-08-20,WK-15,15#电铲,2020,124.2,556,19.2
2025-08-20,WK-18,18#电铲,2022,116.9,571,18.5
2025-08-20,WK-20,20#电铲,2012,136.6,513,19.5
2025-08-20,WK-22,22#电铲,2019,122.2,616,20.9
2025-08-20,WK-25,25#电铲,2023,119.7,625,20.8
2025-08-20,WK-28,28#电铲,2016,139.4,493,19.1
2025-08-21,WK-10,10#电铲,2015,137.3,509,19.4
2025-08-21,WK-12,12#电铲,2018,121.7,561,19.0
2025-08-21,WK-15,15#电铲,2020,181.4,139,7.1
2025-08-21,WK-18,18#电铲,2022,114.7,581,18.5
2025-08-21,WK-20,20#电铲,2012,137.0,511,19.5
2025-08-21,WK-22,22#电铲,2019,123.6,608,20.9
2025-08-21,WK-25,25#电铲,2023,119.7,625,20.8
2025-08-21,WK-28,28#电铲,2016,135.2,509,19.1
2025-08-22,WK-10,10#电铲,2015,138.4,504,19.4
2025-08-22,WK-12,12#电铲,2018,122.2,559,19.0
2025-08-22,WK-15,15#电铲,2020,123.9,557,19.2
2025-08-22,WK-18,18#电铲,2022,116.2,574,18.5
2025-08-22,WK-20,20#电铲,2012,136.5,513,19.5
2025-08-22,WK-22,22#电铲,2019,121.5,619,20.9
2025-08-22,WK-25,25#电铲,2023,119.8,624,20.8
2025-08-22,WK-28,28#电铲,2016,135.9,506,19.1
2025-08-23,WK-10,10#电铲,2015,138.0,506,19.4
2025-08-23,WK-12,12#电铲,2018,123.6,552,19.0
2025-08-23,WK-15,15#电铲,2020,122.2,564,19.2
2025-08-23,WK-18,18#电铲,2022,117.1,570,18.5
2025-08-23,WK-20,20#电铲,2012,134.9,519,19.5
2025-08-23,WK-22,22#电铲,2019,120.5,624,20.9
2025-08-23,WK-25,25#电铲,2023,121.1,618,20.8
2025-08-23,WK-28,28#电铲,2016,134.3,512,19.1
2025-08-24,WK-10,10#电铲,2015,137.0,510,19.4
2025-08-24,WK-12,12#电铲,2018,123.7,552,19.0
2025-08-24,WK-15,15#电铲,2020,123.5,559,19.2
2025-08-24,WK-18,18#电铲,2022,116.0,575,18.5
2025-08-24,WK-20,20#电铲,2012,134.8,519,19.5
2025-08-24,WK-22,22#电铲,2019,119.6,629,20.9
2025-08-24,WK-25,25#电铲,2023,120.4,621,20.8
2025-08-24,WK-28,28#电铲,2016,138.4,497,19.1
2025-08-25,WK-10,10#电铲,2015,135.3,516,19.4
2025-08-25,WK-12,12#电铲,2018,122.2,559,19.0
2025-08-25,WK-15,15#电铲,2020,121.5,568,19.2
2025-08-25,WK-18,18#电铲,2022,116.7,572,18.5
2025-08-25,WK-20,20#电铲,2012,135.3,517,19.5
2025-08-25,WK-22,22#电铲,2019,122.2,616,20.9
2025-08-25,WK-25,25#电铲,2023,121.8,614,20.8
2025-08-25,WK-28,28#电铲,2016,135.5,508,19.1
2025-08-26,WK-10,10#电铲,2015,131.8,530,19.4
2025-08-26,WK-12,12#电铲,2018,123.3,554,19.0
2025-08-26,WK-15,15#电铲,2020,122.0,566,19.2
2025-08-26,WK-18,18#电铲,2022,116.8,571,18.5
2025-08-26,WK-20,20#电铲,2012,138.6,505,19.5
2025-08-26,WK-22,22#电铲,2019,119.4,630,20.9
2025-08-26,WK-25,25#电铲,2023,122.1,613,20.8
2025-08-26,WK-28,28#电铲,2016,133.8,514,19.1
2025-08-27,WK-10,10#电铲,2015,134.7,518,19.4
2025-08-27,WK-12,12#电铲,2018,124.0,550,19.0
2025-08-27,WK-15,15#电铲,2020,121.4,568,19.2
2025-08-27,WK-18,18#电铲,2022,119.9,556,18.5
2025-08-27,WK-20,20#电铲,2012,136.9,511,19.5
2025-08-27,WK-22,22#电铲,2019,118.8,633,20.9
2025-08-27,WK-25,25#电铲,2023,120.9,619,20.8
2025-08-27,WK-28,28#电铲,2016,132.2,520,19.1
2025-08-28,WK-10,10#电铲,2015,133.6,523,19.4
2025-08-28,WK-12,12#电铲,2018,123.7,552,19.0
2025-08-28,WK-15,15#电铲,2020,123.4,559,19.2
2025-08-28,WK-18,18#电铲,2022,119.7,557,18.5
2025-08-28,WK-20,20#电铲,2012,137.8,508,19.5
2025-08-28,WK-22,22#电铲,2019,121.1,621,20.9
2025-08-28,WK-25,25#电铲,2023,120.5,621,20.8
2025-08-28,WK-28,28#电铲,2016,135.3,508,19.1
2025-08-29,WK-10,10#电铲,2015,136.6,511,19.4
2025-08-29,WK-12,12#电铲,2018,122.3,558,19.0
2025-08-29,WK-15,15#电铲,2020,123.1,560,19.2
2025-08-29,WK-18,18#电铲,2022,118.9,561,18.5
2025-08-29,WK-20,20#电铲,2012,138.8,505,19.5
2025-08-29,WK-22,22#电铲,2019,120.4,625,20.9
2025-08-29,WK-25,25#电铲,2023,119.5,626,20.8
2025-08-29,WK-28,28#电铲,2016,136.9,502,19.1
2025-08-30,WK-10,10#电铲,2015,135.4,516,19.4
2025-08-30,WK-12,12#电铲,2018,121.9,560,19.0
2025-08-30,WK-15,15#电铲,2020,122.2,564,19.2
2025-08-30,WK-18,18#电铲,2022,117.7,567,18.5
2025-08-30,WK-20,20#电铲,2012,137.3,510,19.5
2025-08-30,WK-22,22#电铲,2019,121.8,618,20.9
2025-08-30,WK-25,25#电铲,2023,120.3,622,20.8
2025-08-30,WK-28,28#电铲,2016,136.8,503,19.1
2025-08-31,WK-10,10#电铲,2015,137.5,508,19.4
2025-08-31,WK-12,12#电铲,2018,121.1,564,19.0
2025-08-31,WK-15,15#电铲,2020,120.5,572,19.2
2025-08-31,WK-18,18#电铲,2022,120.0,556,18.5
2025-08-31,WK-20,20#电铲,2012,137.2,510,19.5
2025-08-31,WK-22,22#电铲,2019,122.5,614,20.9
2025-08-31,WK-25,25#电铲,2023,120.1,623,20.8
2025-08-31,WK-28,28#电铲,2016,138.1,498,19.1
2025-09-01,WK-10,10#电铲,2015,137.3,509,19.4
2025-09-01,WK-12,12#电铲,2018,123.0,555,19.0
2025-09-01,WK-15,15#电铲,2020,122.4,564,19.2
2025-09-01,WK-18,18#电铲,2022,118.6,562,18.5
2025-09-01,WK-20,20#电铲,2012,135.7,516,19.5
2025-09-01,WK-22,22#电铲,2019,122.1,616,20.9
2025-09-01,WK-25,25#电铲,2023,121.2,617,20.8
2025-09-01,WK-28,28#电铲,2016,138.5,497,19.1
2025-09-02,WK-10,10#电铲,2015,134.7,518,19.4
2025-09-02,WK-12,12#电铲,2018,122.9,556,19.0
2025-09-02,WK-15,15#电铲,2020,120.6,572,19.2
2025-09-02,WK-18,18#电铲,2022,118.7,562,18.5
2025-09-02,WK-20,20#电铲,2012,135.1,518,19.5
2025-09-02,WK-22,22#电铲,2019,124.1,606,20.9
2025-09-02,WK-25,25#电铲,2023,118.3,632,20.8
2025-09-02,WK-28,28#电铲,2016,138.4,497,19.1
2025-09-03,WK-10,10#电铲,2015,136.1,513,19.4
2025-09-03,WK-12,12#电铲,2018,123.5,553,19.0
2025-09-03,WK-15,15#电铲,2020,121.8,566,19.2
2025-09-03,WK-18,18#电铲,2022,116.6,572,18.5
2025-09-03,WK-20,20#电铲,2012,137.4,510,19.5
2025-09-03,WK-22,22#电铲,2019,121.0,622,20.9
2025-09-03,WK-25,25#电铲,2023,121.0,618,20.8
2025-09-03,WK-28,28#电铲,2016,135.0,509,19.1
2025-09-04,WK-10,10#电铲,2015,134.6,519,19.4
2025-09-04,WK-12,12#电铲,2018,121.5,562,19.0
2025-09-04,WK-15,15#电铲,2020,124.3,555,19.2
2025-09-04,WK-18,18#电铲,2022,116.1,575,18.5
2025-09-04,WK-20,20#电铲,2012,136.8,512,19.5
2025-09-04,WK-22,22#电铲,2019,119.1,632,20.9
2025-09-04,WK-25,25#电铲,2023,118.8,630,20.8
2025-09-04,WK-28,28#电铲,2016,135.7,507,19.1
2025-09-05,WK-10,10#电铲,2015,134.3,520,19.4
2025-09-05,WK-12,12#电铲,2018,120.1,569,19.0
2025-09-05,WK-15,15#电铲,2020,121.6,567,19.2
2025-09-05,WK-18,18#电铲,2022,116.0,575,18.5
2025-09-05,WK-20,20#电铲,2012,133.7,524,19.5
2025-09-05,WK-22,22#电铲,2019,122.3,615,20.9
2025-09-05,WK-25,25#电铲,2023,120.2,622,20.8
2025-09-05,WK-28,28#电铲,2016,135.1,509,19.1
2025-09-06,WK-10,10#电铲,2015,133.8,522,19.4
2025-09-06,WK-12,12#电铲,2018,121.2,564,19.0
2025-09-06,WK-15,15#电铲,2020,120.0,575,19.2
2025-09-06,WK-18,18#电铲,2022,116.0,575,18.5
2025-09-06,WK-20,20#电铲,2012,136.3,514,19.5
2025-09-06,WK-22,22#电铲,2019,119.9,627,20.9
2025-09-06,WK-25,25#电铲,2023,118.7,630,20.8
2025-09-06,WK-28,28#电铲,2016,137.1,502,19.1
2025-09-07,WK-10,10#电铲,2015,135.5,515,19.4
2025-09-07,WK-12,12#电铲,2018,119.2,573,19.0
2025-09-07,WK-15,15#电铲,2020,119.8,576,19.2
2025-09-07,WK-18,18#电铲,2022,117.5,568,18.5
2025-09-07,WK-20,20#电铲,2012,136.1,514,19.5
2025-09-07,WK-22,22#电铲,2019,119.3,630,20.9
2025-09-07,WK-25,25#电铲,2023,121.3,617,20.8
2025-09-07,WK-28,28#电铲,2016,136.7,503,19.1
2025-09-08,WK-10,10#电铲,2015,134.4,520,19.4
2025-09-08,WK-12,12#电铲,2018,120.6,566,19.0
2025-09-08,WK-15,15#电铲,2020,121.4,568,19.2
2025-09-08,WK-18,18#电铲,2022,115.1,579,18.5
2025-09-08,WK-20,20#电铲,2012,134.9,519,19.5
2025-09-08,WK-22,22#电铲,2019,118.9,632,20.9
2025-09-08,WK-25,25#电铲,2023,116.8,640,20.8
2025-09-08,WK-28,28#电铲,2016,133.8,514,19.1
2025-09-09,WK-10,10#电铲,2015,134.5,519,19.4
2025-09-09,WK-12,12#电铲,2018,118.3,577,19.0
2025-09-09,WK-15,15#电铲,2020,121.3,569,19.2
2025-09-09,WK-18,18#电铲,2022,116.6,572,18.5
2025-09-09,WK-20,20#电铲,2012,137.3,510,19.5
2025-09-09,WK-22,22#电铲,2019,118.9,632,20.9
2025-09-09,WK-25,25#电铲,2023,119.9,624,20.8
2025-09-09,WK-28,28#电铲,2016,137.7,499,19.1
2025-09-10,WK-10,10#电铲,2015,136.0,513,19.4
2025-09-10,WK-12,12#电铲,2018,119.2,573,19.0
2025-09-10,WK-15,15#电铲,2020,120.7,572,19.2
2025-09-10,WK-18,18#电铲,2022,118.0,565,18.5
2025-09-10,WK-20,20#电铲,2012,134.5,520,19.5
2025-09-10,WK-22,22#电铲,2019,119.8,628,20.9
2025-09-10,WK-25,25#电铲,2023,119.9,624,20.8
2025-09-10,WK-28,28#电铲,2016,136.5,504,19.1
2025-09-11,WK-10,10#电铲,2015,136.3,512,19.4
2025-09-11,WK-12,12#电铲,2018,122.3,558,19.0
2025-09-11,WK-15,15#电铲,2020,120.3,574,19.2
2025-09-11,WK-18,18#电铲,2022,116.2,574,18.5
2025-09-11,WK-20,20#电铲,2012,133.7,524,19.5
2025-09-11,WK-22,22#电铲,2019,119.7,628,20.9
2025-09-11,WK-25,25#电铲,2023,118.8,630,20.8
2025-09-11,WK-28,28#电铲,2016,135.3,508,19.1
2025-09-12,WK-10,10#电铲,2015,136.3,512,19.4
2025-09-12,WK-12,12#电铲,2018,122.3,558,19.0
2025-09-12,WK-15,15#电铲,2020,122.3,564,19.2
2025-09-12,WK-18,18#电铲,2022,115.5,577,18.5
2025-09-12,WK-20,20#电铲,2012,134.9,519,19.5
2025-09-12,WK-22,22#电铲,2019,121.0,622,20.9
2025-09-12,WK-25,25#电铲,2023,118.0,634,20.8
2025-09-12,WK-28,28#电铲,2016,136.2,505,19.1
2025-09-13,WK-10,10#电铲,2015,138.2,505,19.4
2025-09-13,WK-12,12#电铲,2018,123.2,554,19.0
2025-09-13,WK-15,15#电铲,2020,120.4,573,19.2
2025-09-13,WK-18,18#电铲,2022,115.1,579,18.5
2025-09-13,WK-20,20#电铲,2012,135.6,516,19.5
2025-09-13,WK-22,22#电铲,2019,121.1,621,20.9
2025-09-13,WK-25,25#电铲,2023,118.7,630,20.8
2025-09-13,WK-28,28#电铲,2016,138.4,497,19.1
2025-09-14,WK-10,10#电铲,2015,136.0,513,19.4
2025-09-14,WK-12,12#电铲,2018,122.6,557,19.0
2025-09-14,WK-15,15#电铲,2020,121.1,569,19.2
2025-09-14,WK-18,18#电铲,2022,114.6,582,18.5
2025-09-14,WK-20,20#电铲,2012,133.8,523,19.5
2025-09-14,WK-22,22#电铲,2019,119.5,630,20.9
2025-09-14,WK-25,25#电铲,2023,118.2,633,20.8
2025-09-14,WK-28,28#电铲,2016,134.0,513,19.1
2025-09-15,WK-10,10#电铲,2015,135.9,514,19.4
2025-09-15,WK-12,12#电铲,2018,122.9,556,19.0
2025-09-15,WK-15,15#电铲,2020,119.7,576,19.2
2025-09-15,WK-18,18#电铲,2022,119.4,558,18.5
2025-09-15,WK-20,20#电铲,2012,133.3,525,19.5
2025-09-15,WK-22,22#电铲,2019,117.7,639,20.9
2025-09-15,WK-25,25#电铲,2023,118.2,633,20.8
2025-09-15,WK-28,28#电铲,2016,133.6,515,19.1
2025-09-16,WK-10,10#电铲,2015,136.2,513,19.4
2025-09-16,WK-12,12#电铲,2018,122.5,557,19.0
2025-09-16,WK-15,15#电铲,2020,118.1,584,19.2
2025-09-16,WK-18,18#电铲,2022,118.7,562,18.5
2025-09-16,WK-20,20#电铲,2012,134.9,519,19.5
2025-09-16,WK-22,22#电铲,2019,119.5,629,20.9
2025-09-16,WK-25,25#电铲,2023,119.6,626,20.8
2025-09-16,WK-28,28#电铲,2016,134.1,513,19.1
2025-09-17,WK-10,10#电铲,2015,136.2,512,19.4
2025-09-17,WK-12,12#电铲,2018,120.5,567,19.0
2025-09-17,WK-15,15#电铲,2020,124.4,554,19.2
2025-09-17,WK-18,18#电铲,2022,116.1,575,18.5
2025-09-17,WK-20,20#电铲,2012,136.8,512,19.5
2025-09-17,WK-22,22#电铲,2019,121.0,621,20.9
2025-09-17,WK-25,25#电铲,2023,116.4,643,20.8
2025-09-17,WK-28,28#电铲,2016,137.6,500,19.1
2025-09-18,WK-10,10#电铲,2015,136.2,513,19.4
2025-09-18,WK-12,12#电铲,2018,121.3,563,19.0
2025-09-18,WK-15,15#电铲,2020,122.2,564,19.2
2025-09-18,WK-18,18#电铲,2022,119.1,560,18.5
2025-09-18,WK-20,20#电铲,2012,137.8,508,19.5
2025-09-18,WK-22,22#电铲,2019,123.0,612,20.9
2025-09-18,WK-25,25#电铲,2023,118.6,631,20.8
2025-09-18,WK-28,28#电铲,2016,135.3,508,19.1
2025-09-19,WK-10,10#电铲,2015,133.6,522,19.4
2025-09-19,WK-12,12#电铲,2018,119.9,570,19.0
2025-09-19,WK-15,15#电铲,2020,122.8,562,19.2
2025-09-19,WK-18,18#电铲,2022,178.0,200,9.9
2025-09-19,WK-20,20#电铲,2012,134.9,519,19.5
2025-09-19,WK-22,22#电铲,2019,119.5,630,20.9
2025-09-19,WK-25,25#电铲,2023,118.3,633,20.8
2025-09-19,WK-28,28#电铲,2016,134.5,511,19.1
2025-09-20,WK-10,10#电铲,2015,137.2,509,19.4
2025-09-20,WK-12,12#电铲,2018,121.0,564,19.0
2025-09-20,WK-15,15#电铲,2020,121.4,568,19.2
2025-09-20,WK-18,18#电铲,2022,116.0,575,18.5
2025-09-20,WK-20,20#电铲,2012,134.9,519,19.5
2025-09-20,WK-22,22#电铲,2019,120.7,623,20.9
2025-09-20,WK-25,25#电铲,2023,118.8,630,20.8
2025-09-20,WK-28,28#电铲,2016,137.3,501,19.1
2025-09-21,WK-10,10#电铲,2015,134.9,517,19.4
2025-09-21,WK-12,12#电铲,2018,120.6,566,19.0
2025-09-21,WK-15,15#电铲,2020,121.8,566,19.2
2025-09-21,WK-18,18#电铲,2022,116.6,572,18.5
2025-09-21,WK-20,20#电铲,2012,135.2,518,19.5
2025-09-21,WK-22,22#电铲,2019,120.1,626,20.9
2025-09-21,WK-25,25#电铲,2023,119.9,624,20.8
2025-09-21,WK-28,28#电铲,2016,136.2,505,19.1
2025-09-22,WK-10,10#电铲,2015,137.0,510,19.4
2025-09-22,WK-12,12#电铲,2018,120.3,568,19.0
2025-09-22,WK-15,15#电铲,2020,119.5,577,19.2
2025-09-22,WK-18,18#电铲,2022,117.9,566,18.5
2025-09-22,WK-20,20#电铲,2012,135.7,516,19.5
2025-09-22,WK-22,22#电铲,2019,120.3,625,20.9
2025-09-22,WK-25,25#电铲,2023,117.5,637,20.8
2025-09-22,WK-28,28#电铲,2016,137.1,501,19.1
2025-09-23,WK-10,10#电铲,2015,135.4,516,19.4
2025-09-23,WK-12,12#电铲,2018,120.2,568,19.0
2025-09-23,WK-15,15#电铲,2020,122.9,561,19.2
2025-09-23,WK-18,18#电铲,2022,119.3,559,18.5
2025-09-23,WK-20,20#电铲,2012,134.7,520,19.5
2025-09-23,WK-22,22#电铲,2019,123.2,610,20.9
2025-09-23,WK-25,25#电铲,2023,120.1,623,20.8
2025-09-23,WK-28,28#电铲,2016,134.7,510,19.1
2025-09-24,WK-10,10#电铲,2015,134.5,519,19.4
2025-09-24,WK-12,12#电铲,2018,121.4,563,19.0
2025-09-24,WK-15,15#电铲,2020,122.2,565,19.2
2025-09-24,WK-18,18#电铲,2022,117.8,566,18.5
2025-09-24,WK-20,20#电铲,2012,132.8,527,19.5
2025-09-24,WK-22,22#电铲,2019,120.0,627,20.9
2025-09-24,WK-25,25#电铲,2023,122.6,610,20.8
2025-09-24,WK-28,28#电铲,2016,136.2,505,19.1
2025-09-25,WK-10,10#电铲,2015,137.3,509,19.4
2025-09-25,WK-12,12#电铲,2018,122.5,558,19.0
2025-09-25,WK-15,15#电铲,2020,121.2,569,19.2
2025-09-25,WK-18,18#电铲,2022,117.2,569,18.5
2025-09-25,WK-20,20#电铲,2012,135.1,518,19.5
2025-09-25,WK-22,22#电铲,2019,119.2,631,20.9
2025-09-25,WK-25,25#电铲,2023,122.1,613,20.8
2025-09-25,WK-28,28#电铲,2016,138.6,496,19.1
2025-09-26,WK-10,10#电铲,2015,135.5,515,19.4
2025-09-26,WK-12,12#电铲,2018,120.5,567,19.0
2025-09-26,WK-15,15#电铲,2020,120.8,571,19.2
2025-09-26,WK-18,18#电铲,2022,118.0,565,18.5
2025-09-26,WK-20,20#电铲,2012,134.6,520,19.5
2025-09-26,WK-22,22#电铲,2019,121.7,618,20.9
2025-09-26,WK-25,25#电铲,2023,120.7,620,20.8
2025-09-26,WK-28,28#电铲,2016,140.3,490,19.1
2025-09-27,WK-10,10#电铲,2015,140.6,497,19.4
2025-09-27,WK-12,12#电铲,2018,123.9,551,19.0
2025-09-27,WK-15,15#电铲,2020,120.1,575,19.2
2025-09-27,WK-18,18#电铲,2022,116.5,572,18.5
2025-09-27,WK-20,20#电铲,2012,136.1,515,19.5
2025-09-27,WK-22,22#电铲,2019,122.9,612,20.9
2025-09-27,WK-25,25#电铲,2023,116.0,645,20.8
2025-09-27,WK-28,28#电铲,2016,138.6,496,19.1
2025-09-28,WK-10,10#电铲,2015,136.8,510,19.4
2025-09-28,WK-12,12#电铲,2018,123.0,555,19.0
2025-09-28,WK-15,15#电铲,2020,120.0,575,19.2
2025-09-28,WK-18,18#电铲,2022,117.5,568,18.5
2025-09-28,WK-20,20#电铲,2012,136.3,514,19.5
2025-09-28,WK-22,22#电铲,2019,121.9,617,20.9
2025-09-28,WK-25,25#电铲,2023,118.0,634,20.8
2025-09-28,WK-28,28#电铲,2016,136.7,503,19.1
2025-09-29,WK-10,10#电铲,2015,134.1,520,19.4
2025-09-29,WK-12,12#电铲,2018,123.5,553,19.0
2025-09-29,WK-15,15#电铲,2020,120.7,571,19.2
2025-09-29,WK-18,18#电铲,2022,116.5,572,18.5
2025-09-29,WK-20,20#电铲,2012,139.0,504,19.5
2025-09-29,WK-22,22#电铲,2019,118.6,634,20.9
2025-09-29,WK-25,25#电铲,2023,119.8,625,20.8
2025-09-29,WK-28,28#电铲,2016,138.9,495,19.1
2025-09-30,WK-10,10#电铲,2015,136.8,510,19.4
2025-09-30,WK-12,12#电铲,2018,122.5,558,19.0
2025-09-30,WK-15,15#电铲,2020,121.3,569,19.2
2025-09-30,WK-18,18#电铲,2022,117.3,569,18.5
2025-09-30,WK-20,20#电铲,2012,138.0,507,19.5
2025-09-30,WK-22,22#电铲,2019,121.3,620,20.9
2025-09-30,WK-25,25#电铲,2023,120.5,621,20.8
2025-09-30,WK-28,28#电铲,2016,136.6,504,19.1
2025-10-01,WK-10,10#电铲,2015,137.8,507,19.4
2025-10-01,WK-12,12#电铲,2018,124.1,550,19.0
2025-10-01,WK-15,15#电铲,2020,121.4,568,19.2
2025-10-01,WK-18,18#电铲,2022,118.9,561,18.5
2025-10-01,WK-20,20#电铲,2012,136.9,511,19.5
2025-10-01,WK-22,22#电铲,2019,119.9,627,20.9
2025-10-01,WK-25,25#电铲,2023,120.3,622,20.8
2025-10-01,WK-28,28#电铲,2016,137.9,499,19.1
2025-10-02,WK-10,10#电铲,2015,135.9,514,19.4
2025-10-02,WK-12,12#电铲,2018,122.3,558,19.0
2025-10-02,WK-15,15#电铲,2020,119.4,578,19.2
2025-10-02,WK-18,18#电铲,2022,119.8,557,18.5
2025-10-02,WK-20,20#电铲,2012,138.5,505,19.5
2025-10-02,WK-22,22#电铲,2019,120.3,625,20.9
2025-10-02,WK-25,25#电铲,2023,121.4,616,20.8
2025-10-02,WK-28,28#电铲,2016,135.4,508,19.1
2025-10-03,WK-10,10#电铲,2015,135.1,517,19.4
2025-10-03,WK-12,12#电铲,2018,122.2,559,19.0
2025-10-03,WK-15,15#电铲,2020,118.4,582,19.2
2025-10-03,WK-18,18#电铲,2022,117.9,566,18.5
2025-10-03,WK-20,20#电铲,2012,135.6,517,19.5
2025-10-03,WK-22,22#电铲,2019,119.3,630,20.9
2025-10-03,WK-25,25#电铲,2023,205.0,176,10.0
2025-10-03,WK-28,28#电铲,2016,136.9,502,19.1
2025-10-04,WK-10,10#电铲,2015,133.9,522,19.4
2025-10-04,WK-12,12#电铲,2018,120.3,568,19.0
2025-10-04,WK-15,15#电铲,2020,123.2,560,19.2
2025-10-04,WK-18,18#电铲,2022,119.2,559,18.5
2025-10-04,WK-20,20#电铲,2012,136.1,514,19.5
2025-10-04,WK-22,22#电铲,2019,116.5,645,20.9
2025-10-04,WK-25,25#电铲,2023,119.7,625,20.8
2025-10-04,WK-28,28#电铲,2016,134.6,511,19.1
2025-10-05,WK-10,10#电铲,2015,134.3,520,19.4
2025-10-05,WK-12,12#电铲,2018,121.2,564,19.0
2025-10-05,WK-15,15#电铲,2020,121.6,567,19.2
2025-10-05,WK-18,18#电铲,2022,118.2,565,18.5
2025-10-05,WK-20,20#电铲,2012,138.8,504,19.5
2025-10-05,WK-22,22#电铲,2019,118.5,635,20.9
2025-10-05,WK-25,25#电铲,2023,117.6,636,20.8
2025-10-05,WK-28,28#电铲,2016,192.0,192,10.2
2025-10-06,WK-10,10#电铲,2015,137.8,507,19.4
2025-10-06,WK-12,12#电铲,2018,121.1,564,19.0
2025-10-06,WK-15,15#电铲,2020,120.5,572,19.2
2025-10-06,WK-18,18#电铲,2022,116.3,573,18.5
2025-10-06,WK-20,20#电铲,2012,136.8,512,19.5
2025-10-06,WK-22,22#电铲,2019,120.1,626,20.9
2025-10-06,WK-25,25#电铲,2023,117.3,638,20.8
2025-10-06,WK-28,28#电铲,2016,135.6,507,19.1
2025-10-07,WK-10,10#电铲,2015,134.8,518,19.4
2025-10-07,WK-12,12#电铲,2018,119.7,571,19.0
2025-10-07,WK-15,15#电铲,2020,120.9,571,19.2
2025-10-07,WK-18,18#电铲,2022,117.8,566,18.5
2025-10-07,WK-20,20#电铲,2012,135.4,517,19.5
2025-10-07,WK-22,22#电铲,2019,120.9,622,20.9
2025-10-07,WK-25,25#电铲,2023,119.1,628,20.8
2025-10-07,WK-28,28#电铲,2016,133.5,515,19.1
2025-10-08,WK-10,10#电铲,2015,135.6,515,19.4
2025-10-08,WK-12,12#电铲,2018,119.3,572,19.0
2025-10-08,WK-15,15#电铲,2020,122.1,565,19.2
2025-10-08,WK-18,18#电铲,2022,116.9,571,18.5
2025-10-08,WK-20,20#电铲,2012,135.5,517,19.5
2025-10-08,WK-22,22#电铲,2019,121.2,620,20.9
2025-10-08,WK-25,25#电铲,2023,118.6,631,20.8
2025-10-08,WK-28,28#电铲,2016,136.1,505,19.1
2025-10-09,WK-10,10#电铲,2015,135.0,517,19.4
2025-10-09,WK-12,12#电铲,2018,118.4,577,19.0
2025-10-09,WK-15,15#电铲,2020,124.9,552,19.2
2025-10-09,WK-18,18#电铲,2022,117.3,569,18.5
2025-10-09,WK-20,20#电铲,2012,133.9,523,19.5
2025-10-09,WK-22,22#电铲,2019,121.3,620,20.9
2025-10-09,WK-25,25#电铲,2023,117.9,635,20.8
2025-10-09,WK-28,28#电铲,2016,135.4,508,19.1
2025-10-10,WK-10,10#电铲,2015,133.5,523,19.4
2025-10-10,WK-12,12#电铲,2018,119.4,572,19.0
2025-10-10,WK-15,15#电铲,2020,124.9,552,19.2
2025-10-10,WK-18,18#电铲,2022,116.4,573,18.5
2025-10-10,WK-20,20#电铲,2012,135.4,517,19.5
2025-10-10,WK-22,22#电铲,2019,120.4,625,20.9
2025-10-10,WK-25,25#电铲,2023,120.3,622,20.8
2025-10-10,WK-28,28#电铲,2016,136.6,503,19.1
2025-10-11,WK-10,10#电铲,2015,134.4,519,19.4
2025-10-11,WK-12,12#电铲,2018,122.7,556,19.0
2025-10-11,WK-15,15#电铲,2020,123.2,560,19.2
2025-10-11,WK-18,18#电铲,2022,116.1,574,18.5
2025-10-11,WK-20,20#电铲,2012,134.4,521,19.5
2025-10-11,WK-22,22#电铲,2019,120.4,624,20.9
2025-10-11,WK-25,25#电铲,2023,119.2,627,20.8
2025-10-11,WK-28,28#电铲,2016,137.3,501,19.1
2025-10-12,WK-10,10#电铲,2015,134.5,519,19.4
2025-10-12,WK-12,12#电铲,2018,123.1,555,19.0
2025-10-12,WK-15,15#电铲,2020,123.9,557,19.2
2025-10-12,WK-18,18#电铲,2022,119.4,559,18.5
2025-10-12,WK-20,20#电铲,2012,136.3,514,19.5
2025-10-12,WK-22,22#电铲,2019,167.7,110,5.2
2025-10-12,WK-25,25#电铲,2023,119.9,624,20.8
2025-10-12,WK-28,28#电铲,2016,136.8,503,19.1
2025-10-13,WK-10,10#电铲,2015,137.2,509,19.4
2025-10-13,WK-12,12#电铲,2018,119.9,569,19.0
2025-10-13,WK-15,15#电铲,2020,123.7,558,19.2
2025-10-13,WK-18,18#电铲,2022,114.3,583,18.5
2025-10-13,WK-20,20#电铲,2012,135.6,516,19.5
2025-10-13,WK-22,22#电铲,2019,124.0,607,20.9
2025-10-13,WK-25,25#电铲,2023,119.4,627,20.8
2025-10-13,WK-28,28#电铲,2016,137.4,500,19.1
2025-10-14,WK-10,10#电铲,2015,138.3,505,19.4
2025-10-14,WK-12,12#电铲,2018,119.7,570,19.0
2025-10-14,WK-15,15#电铲,2020,123.2,560,19.2
2025-10-14,WK-18,18#电铲,2022,117.6,567,18.5
2025-10-14,WK-20,20#电铲,2012,136.0,515,19.5
2025-10-14,WK-22,22#电铲,2019,122.1,616,20.9
2025-10-14,WK-25,25#电铲,2023,120.5,621,20.8
2025-10-14,WK-28,28#电铲,2016,137.4,500,19.1
2025-10-15,WK-10,10#电铲,2015,137.4,508,19.4
2025-10-15,WK-12,12#电铲,2018,119.0,574,19.0
2025-10-15,WK-15,15#电铲,2020,122.6,563,19.2
2025-10-15,WK-18,18#电铲,2022,114.3,584,18.5
2025-10-15,WK-20,20#电铲,2012,139.1,503,19.5
2025-10-15,WK-22,22#电铲,2019,117.6,639,20.9
2025-10-15,WK-25,25#电铲,2023,120.4,621,20.8
2025-10-15,WK-28,28#电铲,2016,137.1,502,19.1
2025-10-16,WK-10,10#电铲,2015,138.5,504,19.4
2025-10-16,WK-12,12#电铲,2018,120.4,567,19.0
2025-10-16,WK-15,15#电铲,2020,124.2,555,19.2
2025-10-16,WK-18,18#电铲,2022,116.1,574,18.5
2025-10-16,WK-20,20#电铲,2012,139.0,504,19.5
2025-10-16,WK-22,22#电铲,2019,117.9,638,20.9
2025-10-16,WK-25,25#电铲,2023,117.9,635,20.8
2025-10-16,WK-28,28#电铲,2016,134.4,512,19.1
2025-10-17,WK-10,10#电铲,2015,132.5,527,19.4
2025-10-17,WK-12,12#电铲,2018,123.0,555,19.0
2025-10-17,WK-15,15#电铲,2020,121.9,566,19.2
2025-10-17,WK-18,18#电铲,2022,117.4,568,18.5
2025-10-17,WK-20,20#电铲,2012,136.9,511,19.5
2025-10-17,WK-22,22#电铲,2019,120.4,625,20.9
2025-10-17,WK-25,25#电铲,2023,118.8,630,20.8
2025-10-17,WK-28,28#电铲,2016,137.0,502,19.1
2025-10-18,WK-10,10#电铲,2015,134.1,521,19.4
2025-10-18,WK-12,12#电铲,2018,122.9,556,19.0
2025-10-18,WK-15,15#电铲,2020,123.6,558,19.2
2025-10-18,WK-18,18#电铲,2022,118.3,564,18.5
2025-10-18,WK-20,20#电铲,2012,134.8,519,19.5
2025-10-18,WK-22,22#电铲,2019,121.9,617,20.9
2025-10-18,WK-25,25#电铲,2023,117.6,636,20.8
2025-10-18,WK-28,28#电铲,2016,137.0,502,19.1
2025-10-19,WK-10,10#电铲,2015,135.5,515,19.4
2025-10-19,WK-12,12#电铲,2018,123.0,555,19.0
2025-10-19,WK-15,15#电铲,2020,122.7,562,19.2
2025-10-19,WK-18,18#电铲,2022,117.9,566,18.5
2025-10-19,WK-20,20#电铲,2012,135.2,518,19.5
2025-10-19,WK-22,22#电铲,2019,123.9,607,20.9
2025-10-19,WK-25,25#电铲,2023,119.0,629,20.8
2025-10-19,WK-28,28#电铲,2016,139.1,494,19.1
2025-10-20,WK-10,10#电铲,2015,138.0,506,19.4
2025-10-20,WK-12,12#电铲,2018,122.7,556,19.0
2025-10-20,WK-15,15#电铲,2020,120.6,572,19.2
2025-10-20,WK-18,18#电铲,2022,116.8,571,18.5
2025-10-20,WK-20,20#电铲,2012,137.4,510,19.5
2025-10-20,WK-22,22#电铲,2019,122.9,612,20.9
2025-10-20,WK-25,25#电铲,2023,119.2,627,20.8
2025-10-20,WK-28,28#电铲,2016,135.2,509,19.1
2025-10-21,WK-10,10#电铲,2015,138.3,505,19.4
2025-10-21,WK-12,12#电铲,2018,118.8,575,19.0
2025-10-21,WK-15,15#电铲,2020,119.7,576,19.2
2025-10-21,WK-18,18#电铲,2022,115.4,578,18.5
2025-10-21,WK-20,20#电铲,2012,138.0,507,19.5
2025-10-21,WK-22,22#电铲,2019,122.6,613,20.9
2025-10-21,WK-25,25#电铲,2023,120.9,619,20.8
2025-10-21,WK-28,28#电铲,2016,138.5,497,19.1
2025-10-22,WK-10,10#电铲,2015,137.3,508,19.4
2025-10-22,WK-12,12#电铲,2018,122.7,556,19.0
2025-10-22,WK-15,15#电铲,2020,122.1,565,19.2
2025-10-22,WK-18,18#电铲,2022,117.3,569,18.5
2025-10-22,WK-20,20#电铲,2012,135.4,517,19.5
2025-10-22,WK-22,22#电铲,2019,123.6,608,20.9
2025-10-22,WK-25,25#电铲,2023,120.1,623,20.8
2025-10-22,WK-28,28#电铲,2016,138.5,496,19.1
2025-10-23,WK-10,10#电铲,2015,135.7,514,19.4
2025-10-23,WK-12,12#电铲,2018,121.4,562,19.0
2025-10-23,WK-15,15#电铲,2020,124.1,556,19.2
2025-10-23,WK-18,18#电铲,2022,118.9,561,18.5
2025-10-23,WK-20,20#电铲,2012,137.3,510,19.5
2025-10-23,WK-22,22#电铲,2019,122.9,612,20.9
2025-10-23,WK-25,25#电铲,2023,120.1,623,20.8
2025-10-23,WK-28,28#电铲,2016,139.4,493,19.1
2025-10-24,WK-10,10#电铲,2015,134.4,520,19.4
2025-10-24,WK-12,12#电铲,2018,121.7,561,19.0
2025-10-24,WK-15,15#电铲,2020,123.2,560,19.2
2025-10-24,WK-18,18#电铲,2022,117.9,566,18.5
2025-10-24,WK-20,20#电铲,2012,134.1,522,19.5
2025-10-24,WK-22,22#电铲,2019,120.2,626,20.9
2025-10-24,WK-25,25#电铲,2023,117.3,638,20.8
2025-10-24,WK-28,28#电铲,2016,137.7,500,19.1
2025-10-25,WK-10,10#电铲,2015,135.6,515,19.4
2025-10-25,WK-12,12#电铲,2018,120.7,566,19.0
2025-10-25,WK-15,15#电铲,2020,121.0,570,19.2
2025-10-25,WK-18,18#电铲,2022,118.9,561,18.5
2025-10-25,WK-20,20#电铲,2012,136.3,514,19.5
2025-10-25,WK-22,22#电铲,2019,120.1,626,20.9
2025-10-25,WK-25,25#电铲,2023,117.5,637,20.8
2025-10-25,WK-28,28#电铲,2016,134.3,512,19.1
2025-10-26,WK-10,10#电铲,2015,187.9,144,7.5
2025-10-26,WK-12,12#电铲,2018,120.9,565,19.0
2025-10-26,WK-15,15#电铲,2020,120.6,572,19.2
2025-10-26,WK-18,18#电铲,2022,118.4,563,18.5
2025-10-26,WK-20,20#电铲,2012,136.3,514,19.5
2025-10-26,WK-22,22#电铲,2019,118.6,634,20.9
2025-10-26,WK-25,25#电铲,2023,120.1,623,20.8
2025-10-26,WK-28,28#电铲,2016,134.3,512,19.1
2025-10-27,WK-10,10#电铲,2015,136.6,511,19.4
2025-10-27,WK-12,12#电铲,2018,119.3,572,19.0
2025-10-27,WK-15,15#电铲,2020,122.5,563,19.2
2025-10-27,WK-18,18#电铲,2022,117.5,568,18.5
2025-10-27,WK-20,20#电铲,2012,134.7,520,19.5
2025-10-27,WK-22,22#电铲,2019,119.5,629,20.9
2025-10-27,WK-25,25#电铲,2023,122.2,612,20.8
2025-10-27,WK-28,28#电铲,2016,138.7,496,19.1
2025-10-28,WK-10,10#电铲,2015,134.9,518,19.4
2025-10-28,WK-12,12#电铲,2018,122.2,559,19.0
2025-10-28,WK-15,15#电铲,2020,184.1,225,11.5
2025-10-28,WK-18,18#电铲,2022,171.3,190,9.1
2025-10-28,WK-20,20#电铲,2012,137.5,509,19.5
2025-10-28,WK-22,22#电铲,2019,119.3,630,20.9
2025-10-28,WK-25,25#电铲,2023,120.8,619,20.8
2025-10-28,WK-28,28#电铲,2016,138.2,497,19.1
2025-10-29,WK-10,10#电铲,2015,137.3,508,19.4
2025-10-29,WK-12,12#电铲,2018,123.4,553,19.0
2025-10-29,WK-15,15#电铲,2020,123.1,560,19.2
2025-10-29,WK-18,18#电铲,2022,114.0,585,18.5
2025-10-29,WK-20,20#电铲,2012,140.4,499,19.5
2025-10-29,WK-22,22#电铲,2019,122.6,614,20.9
2025-10-29,WK-25,25#电铲,2023,119.4,626,20.8
2025-10-29,WK-28,28#电铲,2016,137.2,501,19.1
2025-10-30,WK-10,10#电铲,2015,135.9,514,19.4
2025-10-30,WK-12,12#电铲,2018,122.6,557,19.0
2025-10-30,WK-15,15#电铲,2020,124.7,553,19.2
2025-10-30,WK-18,18#电铲,2022,116.4,573,18.5
2025-10-30,WK-20,20#电铲,2012,139.9,500,19.5
2025-10-30,WK-22,22#电铲,2019,122.2,615,20.9
2025-10-30,WK-25,25#电铲,2023,118.4,632,20.8
2025-10-30,WK-28,28#电铲,2016,138.8,495,19.1
2025-10-31,WK-10,10#电铲,2015,134.9,518,19.4
2025-10-31,WK-12,12#电铲,2018,123.2,554,19.0
2025-10-31,WK-15,15#电铲,2020,121.2,569,19.2
2025-10-31,WK-18,18#电铲,2022,114.4,583,18.5
2025-10-31,WK-20,20#电铲,2012,139.5,502,19.5
2025-10-31,WK-22,22#电铲,2019,122.4,614,20.9
2025-10-31,WK-25,25#电铲,2023,121.0,618,20.8
2025-10-31,WK-28,28#电铲,2016,135.9,506,19.1
2025-11-01,WK-10,10#电铲,2015,136.5,512,19.4
2025-11-01,WK-12,12#电铲,2018,121.2,563,19.0
2025-11-01,WK-15,15#电铲,2020,119.6,577,19.2
2025-11-01,WK-18,18#电铲,2022,117.9,566,18.5
2025-11-01,WK-20,20#电铲,2012,137.2,510,19.5
2025-11-01,WK-22,22#电铲,2019,122.5,614,20.9
2025-11-01,WK-25,25#电铲,2023,120.9,619,20.8
2025-11-01,WK-28,28#电铲,2016,137.2,501,19.1
2025-11-02,WK-10,10#电铲,2015,135.9,514,19.4
2025-11-02,WK-12,12#电铲,2018,122.3,558,19.0
2025-11-02,WK-15,15#电铲,2020,120.4,573,19.2
2025-11-02,WK-18,18#电铲,2022,116.7,572,18.5
2025-11-02,WK-20,20#电铲,2012,137.0,511,19.5
2025-11-02,WK-22,22#电铲,2019,118.6,634,20.9
2025-11-02,WK-25,25#电铲,2023,119.0,629,20.8
2025-11-02,WK-28,28#电铲,2016,136.5,504,19.1
2025-11-03,WK-10,10#电铲,2015,137.7,507,19.4
2025-11-03,WK-12,12#电铲,2018,121.2,563,19.0
2025-11-03,WK-15,15#电铲,2020,121.1,570,19.2
2025-11-03,WK-18,18#电铲,2022,117.3,568,18.5
2025-11-03,WK-20,20#电铲,2012,136.4,513,19.5
2025-11-03,WK-22,22#电铲,2019,118.3,635,20.9
2025-11-03,WK-25,25#电铲,2023,118.7,630,20.8
2025-11-03,WK-28,28#电铲,2016,138.1,498,19.1
2025-11-04,WK-10,10#电铲,2015,136.0,514,19.4
2025-11-04,WK-12,12#电铲,2018,121.9,560,19.0
2025-11-04,WK-15,15#电铲,2020,122.9,561,19.2
2025-11-04,WK-18,18#电铲,2022,120.9,552,18.5
2025-11-04,WK-20,20#电铲,2012,134.9,519,19.5
2025-11-04,WK-22,22#电铲,2019,119.1,632,20.9
2025-11-04,WK-25,25#电铲,2023,119.3,627,20.8
2025-11-04,WK-28,28#电铲,2016,135.9,506,19.1
2025-11-05,WK-10,10#电铲,2015,133.8,522,19.4
2025-11-05,WK-12,12#电铲,2018,121.9,560,19.0
2025-11-05,WK-15,15#电铲,2020,122.6,563,19.2
2025-11-05,WK-18,18#电铲,2022,120.8,552,18.5
2025-11-05,WK-20,20#电铲,2012,135.5,517,19.5
2025-11-05,WK-22,22#电铲,2019,119.7,628,20.9
2025-11-05,WK-25,25#电铲,2023,121.1,618,20.8
2025-11-05,WK-28,28#电铲,2016,136.0,505,19.1
2025-11-06,WK-10,10#电铲,2015,137.4,508,19.4
2025-11-06,WK-12,12#电铲,2018,125.6,544,19.0
2025-11-06,WK-15,15#电铲,2020,122.4,563,19.2
2025-11-06,WK-18,18#电铲,2022,117.7,567,18.5
2025-11-06,WK-20,20#电铲,2012,140.2,499,19.5
2025-11-06,WK-22,22#电铲,2019,118.9,632,20.9
2025-11-06,WK-25,25#电铲,2023,123.2,607,20.8
2025-11-06,WK-28,28#电铲,2016,134.4,511,19.1
2025-11-07,WK-10,10#电铲,2015,139.2,501,19.4
2025-11-07,WK-12,12#电铲,2018,122.4,558,19.0
2025-11-07,WK-15,15#电铲,2020,123.4,559,19.2
2025-11-07,WK-18,18#电铲,2022,121.9,547,18.5
2025-11-07,WK-20,20#电铲,2012,140.3,499,19.5
2025-11-07,WK-22,22#电铲,2019,121.3,620,20.9
2025-11-07,WK-25,25#电铲,2023,120.6,620,20.8
2025-11-07,WK-28,28#电铲,2016,135.8,506,19.1
2025-11-08,WK-10,10#电铲,2015,138.7,503,19.4
2025-11-08,WK-12,12#电铲,2018,121.3,563,19.0
2025-11-08,WK-15,15#电铲,2020,125.2,551,19.2
2025-11-08,WK-18,18#电铲,2022,117.8,566,18.5
2025-11-08,WK-20,20#电铲,2012,137.7,508,19.5
2025-11-08,WK-22,22#电铲,2019,122.3,615,20.9
2025-11-08,WK-25,25#电铲,2023,117.4,637,20.8
2025-11-08,WK-28,28#电铲,2016,133.4,516,19.1
2025-11-09,WK-10,10#电铲,2015,137.3,508,19.4
2025-11-09,WK-12,12#电铲,2018,122.7,556,19.0
2025-11-09,WK-15,15#电铲,2020,123.0,561,19.2
2025-11-09,WK-18,18#电铲,2022,120.4,554,18.5
2025-11-09,WK-20,20#电铲,2012,138.3,506,19.5
2025-11-09,WK-22,22#电铲,2019,120.8,623,20.9
2025-11-09,WK-25,25#电铲,2023,120.5,621,20.8
2025-11-09,WK-28,28#电铲,2016,134.0,513,19.1
2025-11-10,WK-10,10#电铲,2015,136.7,511,19.4
2025-11-10,WK-12,12#电铲,2018,121.7,561,19.0
2025-11-10,WK-15,15#电铲,2020,123.0,561,19.2
2025-11-10,WK-18,18#电铲,2022,119.2,559,18.5
2025-11-10,WK-20,20#电铲,2012,136.6,513,19.5
2025-11-10,WK-22,22#电铲,2019,119.0,632,20.9
2025-11-10,WK-25,25#电铲,2023,118.0,634,20.8
2025-11-10,WK-28,28#电铲,2016,132.1,521,19.1
2025-11-11,WK-10,10#电铲,2015,139.9,499,19.4
2025-11-11,WK-12,12#电铲,2018,119.5,571,19.0
2025-11-11,WK-15,15#电铲,2020,123.3,560,19.2
2025-11-11,WK-18,18#电铲,2022,119.1,560,18.5
2025-11-11,WK-20,20#电铲,2012,135.9,515,19.5
2025-11-11,WK-22,22#电铲,2019,200.2,204,11.4
2025-11-11,WK-25,25#电铲,2023,119.2,627,20.8
2025-11-11,WK-28,28#电铲,2016,135.4,508,19.1
2025-11-12,WK-10,10#电铲,2015,138.8,503,19.4
2025-11-12,WK-12,12#电铲,2018,119.8,570,19.0
2025-11-12,WK-15,15#电铲,2020,121.3,569,19.2
2025-11-12,WK-18,18#电铲,2022,117.8,566,18.5
2025-11-12,WK-20,20#电铲,2012,137.3,510,19.5
2025-11-12,WK-22,22#电铲,2019,120.0,626,20.9
2025-11-12,WK-25,25#电铲,2023,120.0,623,20.8
2025-11-12,WK-28,28#电铲,2016,138.9,495,19.1
2025-11-13,WK-10,10#电铲,2015,137.1,509,19.4
2025-11-13,WK-12,12#电铲,2018,122.2,559,19.0
2025-11-13,WK-15,15#电铲,2020,121.9,566,19.2
2025-11-13,WK-18,18#电铲,2022,119.4,558,18.5
2025-11-13,WK-20,20#电铲,2012,137.4,509,19.5
2025-11-13,WK-22,22#电铲,2019,122.3,615,20.9
2025-11-13,WK-25,25#电铲,2023,119.8,625,20.8
2025-11-13,WK-28,28#电铲,2016,137.3,501,19.1
2025-11-14,WK-10,10#电铲,2015,136.3,512,19.4
2025-11-14,WK-12,12#电铲,2018,121.8,560,19.0
2025-11-14,WK-15,15#电铲,2020,120.9,570,19.2
2025-11-14,WK-18,18#电铲,2022,120.1,555,18.5
2025-11-14,WK-20,20#电铲,2012,137.1,511,19.5
2025-11-14,WK-22,22#电铲,2019,123.3,610,20.9
2025-11-14,WK-25,25#电铲,2023,119.4,626,20.8
2025-11-14,WK-28,28#电铲,2016,139.6,492,19.1
2025-11-15,WK-10,10#电铲,2015,135.9,514,19.4
2025-11-15,WK-12,12#电铲,2018,124.2,550,19.0
2025-11-15,WK-15,15#电铲,2020,119.3,578,19.2
2025-11-15,WK-18,18#电铲,2022,117.6,567,18.5
2025-11-15,WK-20,20#电铲,2012,137.4,510,19.5
2025-11-15,WK-22,22#电铲,2019,119.6,629,20.9
2025-11-15,WK-25,25#电铲,2023,121.0,618,20.8
2025-11-15,WK-28,28#电铲,2016,138.8,495,19.1
2025-11-16,WK-10,10#电铲,2015,135.2,516,19.4
2025-11-16,WK-12,12#电铲,2018,123.3,554,19.0
2025-11-16,WK-15,15#电铲,2020,121.9,566,19.2
2025-11-16,WK-18,18#电铲,2022,117.6,567,18.5
2025-11-16,WK-20,20#电铲,2012,138.3,506,19.5
2025-11-16,WK-22,22#电铲,2019,119.5,630,20.9
2025-11-16,WK-25,25#电铲,2023,120.1,623,20.8
2025-11-16,WK-28,28#电铲,2016,138.7,496,19.1
2025-11-17,WK-10,10#电铲,2015,137.8,507,19.4
2025-11-17,WK-12,12#电铲,2018,121.8,561,19.0
2025-11-17,WK-15,15#电铲,2020,121.4,568,19.2
2025-11-17,WK-18,18#电铲,2022,119.7,557,18.5
2025-11-17,WK-20,20#电铲,2012,138.5,505,19.5
2025-11-17,WK-22,22#电铲,2019,120.6,624,20.9
2025-11-17,WK-25,25#电铲,2023,121.5,616,20.8
2025-11-17,WK-28,28#电铲,2016,136.6,503,19.1
2025-11-18,WK-10,10#电铲,2015,138.5,504,19.4
2025-11-18,WK-12,12#电铲,2018,121.0,565,19.0
2025-11-18,WK-15,15#电铲,2020,120.2,574,19.2
2025-11-18,WK-18,18#电铲,2022,118.9,561,18.5
2025-11-18,WK-20,20#电铲,2012,137.3,510,19.5
2025-11-18,WK-22,22#电铲,2019,122.0,616,20.9
2025-11-18,WK-25,25#电铲,2023,120.3,622,20.8
2025-11-18,WK-28,28#电铲,2016,140.1,491,19.1
2025-11-19,WK-10,10#电铲,2015,138.1,505,19.4
2025-11-19,WK-12,12#电铲,2018,119.2,573,19.0
2025-11-19,WK-15,15#电铲,2020,121.7,567,19.2
2025-11-19,WK-18,18#电铲,2022,117.4,568,18.5
2025-11-19,WK-20,20#电铲,2012,136.7,512,19.5
2025-11-19,WK-22,22#电铲,2019,121.7,618,20.9
2025-11-19,WK-25,25#电铲,2023,123.5,606,20.8
2025-11-19,WK-28,28#电铲,2016,137.2,501,19.1
2025-11-20,WK-10,10#电铲,2015,138.8,503,19.4
2025-11-20,WK-12,12#电铲,2018,121.7,561,19.0
2025-11-20,WK-15,15#电铲,2020,123.5,558,19.2
2025-11-20,WK-18,18#电铲,2022,197.7,125,6.9
2025-11-20,WK-20,20#电铲,2012,139.2,503,19.5
2025-11-20,WK-22,22#电铲,2019,120.7,623,20.9
2025-11-20,WK-25,25#电铲,2023,124.0,603,20.8
2025-11-20,WK-28,28#电铲,2016,137.3,501,19.1
2025-11-21,WK-10,10#电铲,2015,135.9,514,19.4
2025-11-21,WK-12,12#电铲,2018,119.2,573,19.0
2025-11-21,WK-15,15#电铲,2020,125.2,551,19.2
2025-11-21,WK-18,18#电铲,2022,118.7,562,18.5
2025-11-21,WK-20,20#电铲,2012,137.7,509,19.5
2025-11-21,WK-22,22#电铲,2019,119.7,628,20.9
2025-11-21,WK-25,25#电铲,2023,119.7,625,20.8
2025-11-21,WK-28,28#电铲,2016,136.6,503,19.1
2025-11-22,WK-10,10#电铲,2015,139.9,499,19.4
2025-11-22,WK-12,12#电铲,2018,121.5,562,19.0
2025-11-22,WK-15,15#电铲,2020,122.8,562,19.2
2025-11-22,WK-18,18#电铲,2022,117.4,568,18.5
2025-11-22,WK-20,20#电铲,2012,137.7,508,19.5
2025-11-22,WK-22,22#电铲,2019,121.1,621,20.9
2025-11-22,WK-25,25#电铲,2023,120.0,623,20.8
2025-11-22,WK-28,28#电铲,2016,135.4,508,19.1
2025-11-23,WK-10,10#电铲,2015,138.4,505,19.4
2025-11-23,WK-12,12#电铲,2018,122.5,557,19.0
2025-11-23,WK-15,15#电铲,2020,125.1,551,19.2
2025-11-23,WK-18,18#电铲,2022,123.0,542,18.5
2025-11-23,WK-20,20#电铲,2012,137.9,508,19.5
2025-11-23,WK-22,22#电铲,2019,122.4,615,20.9
2025-11-23,WK-25,25#电铲,2023,119.6,625,20.8
2025-11-23,WK-28,28#电铲,2016,135.3,508,19.1
2025-11-24,WK-10,10#电铲,2015,139.6,500,19.4
2025-11-24,WK-12,12#电铲,2018,124.8,547,19.0
2025-11-24,WK-15,15#电铲,2020,125.1,551,19.2
2025-11-24,WK-18,18#电铲,2022,118.2,564,18.5
2025-11-24,WK-20,20#电铲,2012,138.7,505,19.5
2025-11-24,WK-22,22#电铲,2019,124.9,602,20.9
2025-11-24,WK-25,25#电铲,2023,122.1,613,20.8
2025-11-24,WK-28,28#电铲,2016,135.8,506,19.1
2025-11-25,WK-10,10#电铲,2015,139.4,501,19.4
2025-11-25,WK-12,12#电铲,2018,123.6,552,19.0
2025-11-25,WK-15,15#电铲,2020,123.0,561,19.2
2025-11-25,WK-18,18#电铲,2022,119.3,559,18.5
2025-11-25,WK-20,20#电铲,2012,138.5,505,19.5
2025-11-25,WK-22,22#电铲,2019,123.8,608,20.9
2025-11-25,WK-25,25#电铲,2023,120.8,619,20.8
2025-11-25,WK-28,28#电铲,2016,135.5,507,19.1
2025-11-26,WK-10,10#电铲,2015,141.9,492,19.4
2025-11-26,WK-12,12#电铲,2018,122.9,555,19.0
2025-11-26,WK-15,15#电铲,2020,124.1,556,19.2
2025-11-26,WK-18,18#电铲,2022,118.7,562,18.5
2025-11-26,WK-20,20#电铲,2012,136.8,512,19.5
2025-11-26,WK-22,22#电铲,2019,123.2,611,20.9
2025-11-26,WK-25,25#电铲,2023,120.8,619,20.8
2025-11-26,WK-28,28#电铲,2016,138.7,496,19.1
2025-11-27,WK-10,10#电铲,2015,139.7,500,19.4
2025-11-27,WK-12,12#电铲,2018,123.0,555,19.0
2025-11-27,WK-15,15#电铲,2020,122.4,564,19.2
2025-11-27,WK-18,18#电铲,2022,119.7,557,18.5
2025-11-27,WK-20,20#电铲,2012,136.0,515,19.5
2025-11-27,WK-22,22#电铲,2019,125.4,600,20.9
2025-11-27,WK-25,25#电铲,2023,121.5,616,20.8
2025-11-27,WK-28,28#电铲,2016,139.2,494,19.1
2025-11-28,WK-10,10#电铲,2015,138.6,504,19.4
2025-11-28,WK-12,12#电铲,2018,121.6,561,19.0
2025-11-28,WK-15,15#电铲,2020,124.5,554,19.2
2025-11-28,WK-18,18#电铲,2022,117.5,568,18.5
2025-11-28,WK-20,20#电铲,2012,136.2,514,19.5
2025-11-28,WK-22,22#电铲,2019,124.2,605,20.9
2025-11-28,WK-25,25#电铲,2023,122.9,609,20.8
2025-11-28,WK-28,28#电铲,2016,139.0,495,19.1
2025-11-29,WK-10,10#电铲,2015,136.8,510,19.4
2025-11-29,WK-12,12#电铲,2018,123.0,555,19.0
2025-11-29,WK-15,15#电铲,2020,124.0,556,19.2
2025-11-29,WK-18,18#电铲,2022,120.8,552,18.5
2025-11-29,WK-20,20#电铲,2012,136.4,513,19.5
2025-11-29,WK-22,22#电铲,2019,127.9,588,20.9
2025-11-29,WK-25,25#电铲,2023,123.4,606,20.8
2025-11-29,WK-28,28#电铲,2016,138.9,495,19.1
2025-11-30,WK-10,10#电铲,2015,138.6,504,19.4
2025-11-30,WK-12,12#电铲,2018,124.5,548,19.0
2025-11-30,WK-15,15#电铲,2020,125.1,552,19.2
2025-11-30,WK-18,18#电铲,2022,116.3,573,18.5
2025-11-30,WK-20,20#电铲,2012,138.2,507,19.5
2025-11-30,WK-22,22#电铲,2019,126.0,597,20.9
2025-11-30,WK-25,25#电铲,2023,120.4,621,20.8
2025-11-30,WK-28,28#电铲,2016,138.1,498,19.1
2025-12-01,WK-10,10#电铲,2015,136.2,513,19.4
2025-12-01,WK-12,12#电铲,2018,124.0,551,19.0
2025-12-01,WK-15,15#电铲,2020,123.8,557,19.2
2025-12-01,WK-18,18#电铲,2022,120.6,553,18.5
2025-12-01,WK-20,20#电铲,2012,139.4,502,19.5
2025-12-01,WK-22,22#电铲,2019,122.8,612,20.9
2025-12-01,WK-25,25#电铲,2023,122.1,613,20.8
2025-12-01,WK-28,28#电铲,2016,136.9,502,19.1
2025-12-02,WK-10,10#电铲,2015,139.9,499,19.4
2025-12-02,WK-12,12#电铲,2018,123.2,554,19.0
2025-12-02,WK-15,15#电铲,2020,122.9,561,19.2
2025-12-02,WK-18,18#电铲,2022,117.6,567,18.5
2025-12-02,WK-20,20#电铲,2012,140.2,500,19.5
2025-12-02,WK-22,22#电铲,2019,121.1,621,20.9
2025-12-02,WK-25,25#电铲,2023,121.7,615,20.8
2025-12-02,WK-28,28#电铲,2016,135.3,508,19.1
2025-12-03,WK-10,10#电铲,2015,139.7,500,19.4
2025-12-03,WK-12,12#电铲,2018,122.8,556,19.0
2025-12-03,WK-15,15#电铲,2020,120.7,571,19.2
2025-12-03,WK-18,18#电铲,2022,121.3,550,18.5
2025-12-03,WK-20,20#电铲,2012,138.5,506,19.5
2025-12-03,WK-22,22#电铲,2019,123.0,612,20.9
2025-12-03,WK-25,25#电铲,2023,123.4,606,20.8
2025-12-03,WK-28,28#电铲,2016,135.4,508,19.1
2025-12-04,WK-10,10#电铲,2015,136.4,512,19.4
2025-12-04,WK-12,12#电铲,2018,125.8,543,19.0
2025-12-04,WK-15,15#电铲,2020,122.7,562,19.2
2025-12-04,WK-18,18#电铲,2022,117.1,569,18.5
2025-12-04,WK-20,20#电铲,2012,139.0,504,19.5
2025-12-04,WK-22,22#电铲,2019,122.9,612,20.9
2025-12-04,WK-25,25#电铲,2023,122.2,612,20.8
2025-12-04,WK-28,28#电铲,2016,137.0,502,19.1
2025-12-05,WK-10,10#电铲,2015,138.5,504,19.4
2025-12-05,WK-12,12#电铲,2018,126.6,539,19.0
2025-12-05,WK-15,15#电铲,2020,125.5,550,19.2
2025-12-05,WK-18,18#电铲,2022,117.5,568,18.5
2025-12-05,WK-20,20#电铲,2012,138.7,505,19.5
2025-12-05,WK-22,22#电铲,2019,121.3,620,20.9
2025-12-05,WK-25,25#电铲,2023,121.4,616,20.8
2025-12-05,WK-28,28#电铲,2016,136.4,504,19.1
2025-12-06,WK-10,10#电铲,2015,136.2,512,19.4
2025-12-06,WK-12,12#电铲,2018,124.7,547,19.0
2025-12-06,WK-15,15#电铲,2020,125.4,550,19.2
2025-12-06,WK-18,18#电铲,2022,119.7,557,18.5
2025-12-06,WK-20,20#电铲,2012,137.0,511,19.5
2025-12-06,WK-22,22#电铲,2019,121.3,620,20.9
2025-12-06,WK-25,25#电铲,2023,121.4,616,20.8
2025-12-06,WK-28,28#电铲,2016,137.9,498,19.1
2025-12-07,WK-10,10#电铲,2015,138.3,505,19.4
2025-12-07,WK-12,12#电铲,2018,126.2,541,19.0
2025-12-07,WK-15,15#电铲,2020,125.4,550,19.2
2025-12-07,WK-18,18#电铲,2022,120.1,555,18.5
2025-12-07,WK-20,20#电铲,2012,136.6,513,19.5
2025-12-07,WK-22,22#电铲,2019,123.4,609,20.9
2025-12-07,WK-25,25#电铲,2023,123.2,607,20.8
2025-12-07,WK-28,28#电铲,2016,140.3,490,19.1
2025-12-08,WK-10,10#电铲,2015,143.4,487,19.4
2025-12-08,WK-12,12#电铲,2018,125.6,543,19.0
2025-12-08,WK-15,15#电铲,2020,125.3,550,19.2
2025-12-08,WK-18,18#电铲,2022,122.3,545,18.5
2025-12-08,WK-20,20#电铲,2012,138.8,504,19.5
2025-12-08,WK-22,22#电铲,2019,123.4,609,20.9
2025-12-08,WK-25,25#电铲,2023,120.9,619,20.8
2025-12-08,WK-28,28#电铲,2016,139.9,492,19.1
2025-12-09,WK-10,10#电铲,2015,140.7,496,19.4
2025-12-09,WK-12,12#电铲,2018,125.0,546,19.0
2025-12-09,WK-15,15#电铲,2020,123.9,557,19.2
2025-12-09,WK-18,18#电铲,2022,119.8,557,18.5
2025-12-09,WK-20,20#电铲,2012,137.4,509,19.5
2025-12-09,WK-22,22#电铲,2019,124.8,603,20.9
2025-12-09,WK-25,25#电铲,2023,120.2,622,20.8
2025-12-09,WK-28,28#电铲,2016,137.5,500,19.1
2025-12-10,WK-10,10#电铲,2015,138.4,505,19.4
2025-12-10,WK-12,12#电铲,2018,122.9,556,19.0
2025-12-10,WK-15,15#电铲,2020,123.3,559,19.2
2025-12-10,WK-18,18#电铲,2022,119.6,557,18.5
2025-12-10,WK-20,20#电铲,2012,135.1,518,19.5
2025-12-10,WK-22,22#电铲,2019,124.4,605,20.9
2025-12-10,WK-25,25#电铲,2023,119.6,625,20.8
2025-12-10,WK-28,28#电铲,2016,137.0,502,19.1
2025-12-11,WK-10,10#电铲,2015,139.5,501,19.4
2025-12-11,WK-12,12#电铲,2018,124.9,547,19.0
2025-12-11,WK-15,15#电铲,2020,123.1,560,19.2
2025-12-11,WK-18,18#电铲,2022,120.1,555,18.5
2025-12-11,WK-20,20#电铲,2012,140.3,499,19.5
2025-12-11,WK-22,22#电铲,2019,123.3,610,20.9
2025-12-11,WK-25,25#电铲,2023,121.7,615,20.8
2025-12-11,WK-28,28#电铲,2016,138.0,498,19.1
2025-12-12,WK-10,10#电铲,2015,142.4,490,19.4
2025-12-12,WK-12,12#电铲,2018,123.6,552,19.0
2025-12-12,WK-15,15#电铲,2020,122.5,563,19.2
2025-12-12,WK-18,18#电铲,2022,120.6,553,18.5
2025-12-12,WK-20,20#电铲,2012,137.6,509,19.5
2025-12-12,WK-22,22#电铲,2019,123.2,610,20.9
2025-12-12,WK-25,25#电铲,2023,122.9,609,20.8
2025-12-12,WK-28,28#电铲,2016,137.8,499,19.1
2025-12-13,WK-10,10#电铲,2015,141.2,494,19.4
2025-12-13,WK-12,12#电铲,2018,124.4,549,19.0
2025-12-13,WK-15,15#电铲,2020,122.6,563,19.2
2025-12-13,WK-18,18#电铲,2022,119.6,557,18.5
2025-12-13,WK-20,20#电铲,2012,137.4,510,19.5
2025-12-13,WK-22,22#电铲,2019,127.4,590,20.9
2025-12-13,WK-25,25#电铲,2023,122.5,611,20.8
2025-12-13,WK-28,28#电铲,2016,136.6,503,19.1
2025-12-14,WK-10,10#电铲,2015,139.9,499,19.4
2025-12-14,WK-12,12#电铲,2018,124.4,549,19.0
2025-12-14,WK-15,15#电铲,2020,123.3,560,19.2
2025-12-14,WK-18,18#电铲,2022,120.6,553,18.5
2025-12-14,WK-20,20#电铲,2012,134.3,521,19.5
2025-12-14,WK-22,22#电铲,2019,123.8,608,20.9
2025-12-14,WK-25,25#电铲,2023,121.3,617,20.8
2025-12-14,WK-28,28#电铲,2016,195.7,93,5.1
2025-12-15,WK-10,10#电铲,2015,137.5,508,19.4
2025-12-15,WK-12,12#电铲,2018,122.2,559,19.0
2025-12-15,WK-15,15#电铲,2020,125.2,551,19.2
2025-12-15,WK-18,18#电铲,2022,119.9,556,18.5
2025-12-15,WK-20,20#电铲,2012,137.7,508,19.5
2025-12-15,WK-22,22#电铲,2019,126.1,596,20.9
2025-12-15,WK-25,25#电铲,2023,122.2,612,20.8
2025-12-15,WK-28,28#电铲,2016,140.0,491,19.1
2025-12-16,WK-10,10#电铲,2015,137.0,510,19.4
2025-12-16,WK-12,12#电铲,2018,123.7,552,19.0
2025-12-16,WK-15,15#电铲,2020,125.3,551,19.2
2025-12-16,WK-18,18#电铲,2022,119.8,557,18.5
2025-12-16,WK-20,20#电铲,2012,139.4,502,19.5
2025-12-16,WK-22,22#电铲,2019,126.5,594,20.9
2025-12-16,WK-25,25#电铲,2023,122.2,612,20.8
2025-12-16,WK-28,28#电铲,2016,143.2,480,19.1
2025-12-17,WK-10,10#电铲,2015,135.0,517,19.4
2025-12-17,WK-12,12#电铲,2018,126.0,542,19.0
2025-12-17,WK-15,15#电铲,2020,125.3,550,19.2
2025-12-17,WK-18,18#电铲,2022,120.8,552,18.5
2025-12-17,WK-20,20#电铲,2012,139.5,502,19.5
2025-12-17,WK-22,22#电铲,2019,123.6,608,20.9
2025-12-17,WK-25,25#电铲,2023,120.6,620,20.8
2025-12-17,WK-28,28#电铲,2016,140.5,489,19.1
2025-12-18,WK-10,10#电铲,2015,135.3,516,19.4
2025-12-18,WK-12,12#电铲,2018,123.8,551,19.0
2025-12-18,WK-15,15#电铲,2020,124.5,554,19.2
2025-12-18,WK-18,18#电铲,2022,120.0,556,18.5
2025-12-18,WK-20,20#电铲,2012,138.8,504,19.5
2025-12-18,WK-22,22#电铲,2019,123.1,611,20.9
2025-12-18,WK-25,25#电铲,2023,122.8,609,20.8
2025-12-18,WK-28,28#电铲,2016,141.1,487,19.1
2025-12-19,WK-10,10#电铲,2015,138.8,503,19.4
2025-12-19,WK-12,12#电铲,2018,122.5,557,19.0
2025-12-19,WK-15,15#电铲,2020,124.0,556,19.2
2025-12-19,WK-18,18#电铲,2022,123.4,541,18.5
2025-12-19,WK-20,20#电铲,2012,138.1,507,19.5
2025-12-19,WK-22,22#电铲,2019,124.6,604,20.9
2025-12-19,WK-25,25#电铲,2023,123.7,605,20.8
2025-12-19,WK-28,28#电铲,2016,139.9,491,19.1
2025-12-20,WK-10,10#电铲,2015,139.7,500,19.4
2025-12-20,WK-12,12#电铲,2018,123.9,551,19.0
2025-12-20,WK-15,15#电铲,2020,123.7,558,19.2
2025-12-20,WK-18,18#电铲,2022,121.0,551,18.5
2025-12-20,WK-20,20#电铲,2012,139.6,502,19.5
2025-12-20,WK-22,22#电铲,2019,124.3,605,20.9
2025-12-20,WK-25,25#电铲,2023,123.5,606,20.8
2025-12-20,WK-28,28#电铲,2016,140.9,488,19.1
2025-12-21,WK-10,10#电铲,2015,138.9,503,19.4
2025-12-21,WK-12,12#电铲,2018,124.9,546,19.0
2025-12-21,WK-15,15#电铲,2020,126.5,545,19.2
2025-12-21,WK-18,18#电铲,2022,122.1,546,18.5
2025-12-21,WK-20,20#电铲,2012,138.7,505,19.5
2025-12-21,WK-22,22#电铲,2019,124.1,606,20.9
2025-12-21,WK-25,25#电铲,2023,127.0,589,20.8
2025-12-21,WK-28,28#电铲,2016,137.3,501,19.1
2025-12-22,WK-10,10#电铲,2015,139.9,499,19.4
2025-12-22,WK-12,12#电铲,2018,124.4,549,19.0
2025-12-22,WK-15,15#电铲,2020,127.0,543,19.2
2025-12-22,WK-18,18#电铲,2022,122.9,543,18.5
2025-12-22,WK-20,20#电铲,2012,136.0,515,19.5
2025-12-22,WK-22,22#电铲,2019,122.1,616,20.9
2025-12-22,WK-25,25#电铲,2023,124.4,602,20.8
2025-12-22,WK-28,28#电铲,2016,142.0,484,19.1
2025-12-23,WK-10,10#电铲,2015,141.1,495,19.4
2025-12-23,WK-12,12#电铲,2018,126.9,538,19.0
2025-12-23,WK-15,15#电铲,2020,125.5,550,19.2
2025-12-23,WK-18,18#电铲,2022,121.4,550,18.5
2025-12-23,WK-20,20#电铲,2012,134.2,522,19.5
2025-12-23,WK-22,22#电铲,2019,124.2,605,20.9
2025-12-23,WK-25,25#电铲,2023,122.2,612,20.8
2025-12-23,WK-28,28#电铲,2016,140.1,491,19.1
2025-12-24,WK-10,10#电铲,2015,138.9,503,19.4
2025-12-24,WK-12,12#电铲,2018,126.1,542,19.0
2025-12-24,WK-15,15#电铲,2020,126.2,547,19.2
2025-12-24,WK-18,18#电铲,2022,121.6,548,18.5
2025-12-24,WK-20,20#电铲,2012,137.9,508,19.5
2025-12-24,WK-22,22#电铲,2019,125.3,600,20.9
2025-12-24,WK-25,25#电铲,2023,122.1,613,20.8
2025-12-24,WK-28,28#电铲,2016,140.5,489,19.1
2025-12-25,WK-10,10#电铲,2015,139.7,500,19.4
2025-12-25,WK-12,12#电铲,2018,124.8,547,19.0
2025-12-25,WK-15,15#电铲,2020,125.2,551,19.2
2025-12-25,WK-18,18#电铲,2022,120.8,552,18.5
2025-12-25,WK-20,20#电铲,2012,139.0,504,19.5
2025-12-25,WK-22,22#电铲,2019,124.3,605,20.9
2025-12-25,WK-25,25#电铲,2023,122.2,612,20.8
2025-12-25,WK-28,28#电铲,2016,137.7,499,19.1
2025-12-26,WK-10,10#电铲,2015,138.5,504,19.4
2025-12-26,WK-12,12#电铲,2018,126.3,540,19.0
2025-12-26,WK-15,15#电铲,2020,124.9,552,19.2
2025-12-26,WK-18,18#电铲,2022,120.0,556,18.5
2025-12-26,WK-20,20#电铲,2012,139.5,502,19.5
2025-12-26,WK-22,22#电铲,2019,124.2,606,20.9
2025-12-26,WK-25,25#电铲,2023,121.5,616,20.8
2025-12-26,WK-28,28#电铲,2016,138.9,495,19.1
2025-12-27,WK-10,10#电铲,2015,138.7,503,19.4
2025-12-27,WK-12,12#电铲,2018,124.6,548,19.0
2025-12-27,WK-15,15#电铲,2020,125.8,548,19.2
2025-12-27,WK-18,18#电铲,2022,120.4,554,18.5
2025-12-27,WK-20,20#电铲,2012,140.6,498,19.5
2025-12-27,WK-22,22#电铲,2019,122.7,613,20.9
2025-12-27,WK-25,25#电铲,2023,122.4,611,20.8
2025-12-27,WK-28,28#电铲,2016,138.9,495,19.1
2025-12-28,WK-10,10#电铲,2015,138.5,504,19.4
2025-12-28,WK-12,12#电铲,2018,127.7,535,19.0
2025-12-28,WK-15,15#电铲,2020,125.9,548,19.2
2025-12-28,WK-18,18#电铲,2022,120.7,553,18.5
2025-12-28,WK-20,20#电铲,2012,139.7,501,19.5
2025-12-28,WK-22,22#电铲,2019,123.6,608,20.9
2025-12-28,WK-25,25#电铲,2023,122.7,610,20.8
2025-12-28,WK-28,28#电铲,2016,138.1,498,19.1
2025-12-29,WK-10,10#电铲,2015,140.8,496,19.4
2025-12-29,WK-12,12#电铲,2018,124.2,550,19.0
2025-12-29,WK-15,15#电铲,2020,122.5,563,19.2
2025-12-29,WK-18,18#电铲,2022,120.1,555,18.5
2025-12-29,WK-20,20#电铲,2012,138.5,506,19.5
2025-12-29,WK-22,22#电铲,2019,122.8,612,20.9
2025-12-29,WK-25,25#电铲,2023,122.5,611,20.8
2025-12-29,WK-28,28#电铲,2016,141.4,486,19.1
2025-12-30,WK-10,10#电铲,2015,140.5,497,19.4
2025-12-30,WK-12,12#电铲,2018,122.0,560,19.0
2025-12-30,WK-15,15#电铲,2020,123.7,558,19.2
2025-12-30,WK-18,18#电铲,2022,121.9,547,18.5
2025-12-30,WK-20,20#电铲,2012,140.1,500,19.5
2025-12-30,WK-22,22#电铲,2019,124.1,606,20.9
2025-12-30,WK-25,25#电铲,2023,122.6,610,20.8
2025-12-30,WK-28,28#电铲,2016,142.1,484,19.1
2025-12-31,WK-10,10#电铲,2015,143.4,487,19.4
2025-12-31,WK-12,12#电铲,2018,125.9,542,19.0
2025-12-31,WK-15,15#电铲,2020,127.6,540,19.2
2025-12-31,WK-18,18#电铲,2022,121.7,548,18.5
2025-12-31,WK-20,20#电铲,2012,139.0,504,19.5
2025-12-31,WK-22,22#电铲,2019,125.0,602,20.9
2025-12-31,WK-25,25#电铲,2023,121.2,617,20.8
2025-12-31,WK-28,28#电铲,2016,136.9,502,19.1
2026-01-01,WK-10,10#电铲,2015,140.6,497,19.4
2026-01-01,WK-12,12#电铲,2018,126.8,538,19.0
2026-01-01,WK-15,15#电铲,2020,126.9,544,19.2
2026-01-01,WK-18,18#电铲,2022,123.0,542,18.5
2026-01-01,WK-20,20#电铲,2012,138.9,504,19.5
2026-01-01,WK-22,22#电铲,2019,126.6,594,20.9
2026-01-01,WK-25,25#电铲,2023,123.4,606,20.8
2026-01-01,WK-28,28#电铲,2016,144.1,477,19.1
2026-01-02,WK-10,10#电铲,2015,141.7,493,19.4
2026-01-02,WK-12,12#电铲,2018,124.2,550,19.0
2026-01-02,WK-15,15#电铲,2020,126.8,544,19.2
2026-01-02,WK-18,18#电铲,2022,122.5,545,18.5
2026-01-02,WK-20,20#电铲,2012,140.9,497,19.5
2026-01-02,WK-22,22#电铲,2019,124.3,605,20.9
2026-01-02,WK-25,25#电铲,2023,122.2,612,20.8
2026-01-02,WK-28,28#电铲,2016,140.5,489,19.1
2026-01-03,WK-10,10#电铲,2015,139.6,500,19.4
2026-01-03,WK-12,12#电铲,2018,127.8,534,19.0
2026-01-03,WK-15,15#电铲,2020,129.4,533,19.2
2026-01-03,WK-18,18#电铲,2022,121.7,548,18.5
2026-01-03,WK-20,20#电铲,2012,142.6,491,19.5
2026-01-03,WK-22,22#电铲,2019,124.5,604,20.9
2026-01-03,WK-25,25#电铲,2023,125.6,596,20.8
2026-01-03,WK-28,28#电铲,2016,140.8,488,19.1
2026-01-04,WK-10,10#电铲,2015,139.8,499,19.4
2026-01-04,WK-12,12#电铲,2018,127.7,535,19.0
2026-01-04,WK-15,15#电铲,2020,124.2,556,19.2
2026-01-04,WK-18,18#电铲,2022,125.0,534,18.5
2026-01-04,WK-20,20#电铲,2012,141.6,494,19.5
2026-01-04,WK-22,22#电铲,2019,124.9,602,20.9
2026-01-04,WK-25,25#电铲,2023,126.7,590,20.8
2026-01-04,WK-28,28#电铲,2016,142.6,482,19.1
2026-01-05,WK-10,10#电铲,2015,141.5,493,19.4
2026-01-05,WK-12,12#电铲,2018,127.9,534,19.0
2026-01-05,WK-15,15#电铲,2020,124.9,552,19.2
2026-01-05,WK-18,18#电铲,2022,123.4,541,18.5
2026-01-05,WK-20,20#电铲,2012,138.5,506,19.5
2026-01-05,WK-22,22#电铲,2019,126.2,596,20.9
2026-01-05,WK-25,25#电铲,2023,124.1,603,20.8
2026-01-05,WK-28,28#电铲,2016,144.3,476,19.1
2026-01-06,WK-10,10#电铲,2015,143.5,487,19.4
2026-01-06,WK-12,12#电铲,2018,126.8,539,19.0
2026-01-06,WK-15,15#电铲,2020,181.7,190,9.6
2026-01-06,WK-18,18#电铲,2022,125.1,533,18.5
2026-01-06,WK-20,20#电铲,2012,140.7,498,19.5
2026-01-06,WK-22,22#电铲,2019,123.7,608,20.9
2026-01-06,WK-25,25#电铲,2023,124.6,600,20.8
2026-01-06,WK-28,28#电铲,2016,142.1,484,19.1
2026-01-07,WK-10,10#电铲,2015,141.6,493,19.4
2026-01-07,WK-12,12#电铲,2018,126.7,539,19.0
2026-01-07,WK-15,15#电铲,2020,130.1,530,19.2
2026-01-07,WK-18,18#电铲,2022,123.4,540,18.5
2026-01-07,WK-20,20#电铲,2012,141.7,494,19.5
2026-01-07,WK-22,22#电铲,2019,126.5,594,20.9
2026-01-07,WK-25,25#电铲,2023,123.2,607,20.8
2026-01-07,WK-28,28#电铲,2016,140.5,489,19.1
2026-01-08,WK-10,10#电铲,2015,140.9,495,19.4
2026-01-08,WK-12,12#电铲,2018,124.6,548,19.0
2026-01-08,WK-15,15#电铲,2020,129.5,533,19.2
2026-01-08,WK-18,18#电铲,2022,122.4,545,18.5
2026-01-08,WK-20,20#电铲,2012,140.8,497,19.5
2026-01-08,WK-22,22#电铲,2019,128.6,585,20.9
2026-01-08,WK-25,25#电铲,2023,123.1,608,20.8
2026-01-08,WK-28,28#电铲,2016,139.5,493,19.1
2026-01-09,WK-10,10#电铲,2015,141.1,495,19.4
2026-01-09,WK-12,12#电铲,2018,126.7,539,19.0
2026-01-09,WK-15,15#电铲,2020,129.0,535,19.2
2026-01-09,WK-18,18#电铲,2022,121.1,551,18.5
2026-01-09,WK-20,20#电铲,2012,140.1,500,19.5
2026-01-09,WK-22,22#电铲,2019,127.6,590,20.9
2026-01-09,WK-25,25#电铲,2023,123.9,604,20.8
2026-01-09,WK-28,28#电铲,2016,142.0,484,19.1
2026-01-10,WK-10,10#电铲,2015,140.1,498,19.4
2026-01-10,WK-12,12#电铲,2018,126.6,539,19.0
2026-01-10,WK-15,15#电铲,2020,128.0,539,19.2
2026-01-10,WK-18,18#电铲,2022,121.0,551,18.5
2026-01-10,WK-20,20#电铲,2012,140.1,500,19.5
2026-01-10,WK-22,22#电铲,2019,127.3,591,20.9
2026-01-10,WK-25,25#电铲,2023,124.8,599,20.8
2026-01-10,WK-28,28#电铲,2016,143.6,479,19.1
2026-01-11,WK-10,10#电铲,2015,140.5,497,19.4
2026-01-11,WK-12,12#电铲,2018,126.1,542,19.0
2026-01-11,WK-15,15#电铲,2020,124.4,555,19.2
2026-01-11,WK-18,18#电铲,2022,122.3,546,18.5
2026-01-11,WK-20,20#电铲,2012,139.9,501,19.5
2026-01-11,WK-22,22#电铲,2019,126.8,593,20.9
2026-01-11,WK-25,25#电铲,2023,123.4,606,20.8
2026-01-11,WK-28,28#电铲,2016,143.5,479,19.1
2026-01-12,WK-10,10#电铲,2015,140.5,497,19.4
2026-01-12,WK-12,12#电铲,2018,124.6,548,19.0
2026-01-12,WK-15,15#电铲,2020,125.9,548,19.2
2026-01-12,WK-18,18#电铲,2022,124.0,538,18.5
2026-01-12,WK-20,20#电铲,2012,140.7,498,19.5
2026-01-12,WK-22,22#电铲,2019,128.7,584,20.9
2026-01-12,WK-25,25#电铲,2023,125.3,597,20.8
2026-01-12,WK-28,28#电铲,2016,142.8,482,19.1
2026-01-13,WK-10,10#电铲,2015,139.2,501,19.4
2026-01-13,WK-12,12#电铲,2018,128.6,531,19.0
2026-01-13,WK-15,15#电铲,2020,129.3,533,19.2
2026-01-13,WK-18,18#电铲,2022,127.6,523,18.5
2026-01-13,WK-20,20#电铲,2012,142.0,493,19.5
2026-01-13,WK-22,22#电铲,2019,126.9,593,20.9
2026-01-13,WK-25,25#电铲,2023,124.6,600,20.8
2026-01-13,WK-28,28#电铲,2016,142.5,483,19.1
2026-01-14,WK-10,10#电铲,2015,141.5,493,19.4
2026-01-14,WK-12,12#电铲,2018,127.1,537,19.0
2026-01-14,WK-15,15#电铲,2020,128.2,538,19.2
2026-01-14,WK-18,18#电铲,2022,123.7,539,18.5
2026-01-14,WK-20,20#电铲,2012,140.4,499,19.5
2026-01-14,WK-22,22#电铲,2019,123.8,607,20.9
2026-01-14,WK-25,25#电铲,2023,126.1,593,20.8
2026-01-14,WK-28,28#电铲,2016,141.9,484,19.1
2026-01-15,WK-10,10#电铲,2015,143.9,485,19.4
2026-01-15,WK-12,12#电铲,2018,123.8,552,19.0
2026-01-15,WK-15,15#电铲,2020,128.5,537,19.2
2026-01-15,WK-18,18#电铲,2022,123.7,539,18.5
2026-01-15,WK-20,20#电铲,2012,142.0,493,19.5
2026-01-15,WK-22,22#电铲,2019,123.6,608,20.9
2026-01-15,WK-25,25#电铲,2023,125.4,597,20.8
2026-01-15,WK-28,28#电铲,2016,142.0,484,19.1
2026-01-16,WK-10,10#电铲,2015,144.0,485,19.4
2026-01-16,WK-12,12#电铲,2018,127.5,536,19.0
2026-01-16,WK-15,15#电铲,2020,126.8,544,19.2
2026-01-16,WK-18,18#电铲,2022,122.9,543,18.5
2026-01-16,WK-20,20#电铲,2012,143.0,490,19.5
2026-01-16,WK-22,22#电铲,2019,123.8,607,20.9
2026-01-16,WK-25,25#电铲,2023,126.0,594,20.8
2026-01-16,WK-28,28#电铲,2016,141.8,485,19.1
2026-01-17,WK-10,10#电铲,2015,142.5,490,19.4
2026-01-17,WK-12,12#电铲,2018,127.8,534,19.0
2026-01-17,WK-15,15#电铲,2020,126.4,546,19.2
2026-01-17,WK-18,18#电铲,2022,122.1,546,18.5
2026-01-17,WK-20,20#电铲,2012,142.3,492,19.5
2026-01-17,WK-22,22#电铲,2019,127.9,588,20.9
2026-01-17,WK-25,25#电铲,2023,128.3,583,20.8
2026-01-17,WK-28,28#电铲,2016,142.1,484,19.1
2026-01-18,WK-10,10#电铲,2015,142.0,492,19.4
2026-01-18,WK-12,12#电铲,2018,126.2,541,19.0
2026-01-18,WK-15,15#电铲,2020,129.8,531,19.2
2026-01-18,WK-18,18#电铲,2022,125.8,530,18.5
2026-01-18,WK-20,20#电铲,2012,141.9,493,19.5
2026-01-18,WK-22,22#电铲,2019,124.8,602,20.9
2026-01-18,WK-25,25#电铲,2023,125.6,596,20.8
2026-01-18,WK-28,28#电铲,2016,146.0,471,19.1
2026-01-19,WK-10,10#电铲,2015,144.3,484,19.4
2026-01-19,WK-12,12#电铲,2018,129.2,528,19.0
2026-01-19,WK-15,15#电铲,2020,128.2,538,19.2
2026-01-19,WK-18,18#电铲,2022,124.5,536,18.5
2026-01-19,WK-20,20#电铲,2012,141.4,495,19.5
2026-01-19,WK-22,22#电铲,2019,130.7,575,20.9
2026-01-19,WK-25,25#电铲,2023,127.0,589,20.8
2026-01-19,WK-28,28#电铲,2016,143.9,478,19.1
2026-01-20,WK-10,10#电铲,2015,143.4,487,19.4
2026-01-20,WK-12,12#电铲,2018,128.1,533,19.0
2026-01-20,WK-15,15#电铲,2020,128.3,538,19.2
2026-01-20,WK-18,18#电铲,2022,124.6,535,18.5
2026-01-20,WK-20,20#电铲,2012,141.5,495,19.5
2026-01-20,WK-22,22#电铲,2019,216.6,139,8.4
2026-01-20,WK-25,25#电铲,2023,126.7,591,20.8
2026-01-20,WK-28,28#电铲,2016,141.7,485,19.1
2026-01-21,WK-10,10#电铲,2015,142.3,491,19.4
2026-01-21,WK-12,12#电铲,2018,126.9,538,19.0
2026-01-21,WK-15,15#电铲,2020,128.5,537,19.2
2026-01-21,WK-18,18#电铲,2022,123.3,541,18.5
2026-01-21,WK-20,20#电铲,2012,143.9,487,19.5
2026-01-21,WK-22,22#电铲,2019,127.1,592,20.9
2026-01-21,WK-25,25#电铲,2023,125.7,595,20.8
2026-01-21,WK-28,28#电铲,2016,143.6,479,19.1
2026-01-22,WK-10,10#电铲,2015,140.9,495,19.4
2026-01-22,WK-12,12#电铲,2018,125.6,544,19.0
2026-01-22,WK-15,15#电铲,2020,131.0,527,19.2
2026-01-22,WK-18,18#电铲,2022,123.9,538,18.5
2026-01-22,WK-20,20#电铲,2012,142.5,491,19.5
2026-01-22,WK-22,22#电铲,2019,129.4,581,20.9
2026-01-22,WK-25,25#电铲,2023,125.4,596,20.8
2026-01-22,WK-28,28#电铲,2016,144.1,477,19.1
2026-01-23,WK-10,10#电铲,2015,142.9,489,19.4
2026-01-23,WK-12,12#电铲,2018,126.1,541,19.0
2026-01-23,WK-15,15#电铲,2020,130.2,530,19.2
2026-01-23,WK-18,18#电铲,2022,123.5,540,18.5
2026-01-23,WK-20,20#电铲,2012,143.7,487,19.5
2026-01-23,WK-22,22#电铲,2019,125.4,600,20.9
2026-01-23,WK-25,25#电铲,2023,125.8,595,20.8
2026-01-23,WK-28,28#电铲,2016,142.3,483,19.1
2026-01-24,WK-10,10#电铲,2015,143.7,486,19.4
2026-01-24,WK-12,12#电铲,2018,125.5,544,19.0
2026-01-24,WK-15,15#电铲,2020,126.0,548,19.2
2026-01-24,WK-18,18#电铲,2022,123.3,541,18.5
2026-01-24,WK-20,20#电铲,2012,143.3,488,19.5
2026-01-24,WK-22,22#电铲,2019,127.5,590,20.9
2026-01-24,WK-25,25#电铲,2023,126.2,593,20.8
2026-01-24,WK-28,28#电铲,2016,143.3,480,19.1
2026-01-25,WK-10,10#电铲,2015,143.4,487,19.4
2026-01-25,WK-12,12#电铲,2018,126.9,538,19.0
2026-01-25,WK-15,15#电铲,2020,127.8,540,19.2
2026-01-25,WK-18,18#电铲,2022,123.5,540,18.5
2026-01-25,WK-20,20#电铲,2012,145.1,483,19.5
2026-01-25,WK-22,22#电铲,2019,128.0,588,20.9
2026-01-25,WK-25,25#电铲,2023,126.4,592,20.8
2026-01-25,WK-28,28#电铲,2016,143.6,479,19.1
2026-01-26,WK-10,10#电铲,2015,145.5,480,19.4
2026-01-26,WK-12,12#电铲,2018,129.4,528,19.0
2026-01-26,WK-15,15#电铲,2020,131.5,525,19.2
2026-01-26,WK-18,18#电铲,2022,125.3,532,18.5
2026-01-26,WK-20,20#电铲,2012,142.8,490,19.5
2026-01-26,WK-22,22#电铲,2019,126.9,593,20.9
2026-01-26,WK-25,25#电铲,2023,126.6,591,20.8
2026-01-26,WK-28,28#电铲,2016,146.7,469,19.1
2026-01-27,WK-10,10#电铲,2015,142.2,491,19.4
2026-01-27,WK-12,12#电铲,2018,128.9,530,19.0
2026-01-27,WK-15,15#电铲,2020,127.7,540,19.2
2026-01-27,WK-18,18#电铲,2022,126.4,527,18.5
2026-01-27,WK-20,20#电铲,2012,141.3,496,19.5
2026-01-27,WK-22,22#电铲,2019,127.6,589,20.9
2026-01-27,WK-25,25#电铲,2023,124.5,601,20.8
2026-01-27,WK-28,28#电铲,2016,144.3,476,19.1
2026-01-28,WK-10,10#电铲,2015,143.5,486,19.4
2026-01-28,WK-12,12#电铲,2018,129.2,529,19.0
2026-01-28,WK-15,15#电铲,2020,129.2,534,19.2
2026-01-28,WK-18,18#电铲,2022,127.1,525,18.5
2026-01-28,WK-20,20#电铲,2012,142.0,493,19.5
2026-01-28,WK-22,22#电铲,2019,126.4,595,20.9
2026-01-28,WK-25,25#电铲,2023,126.3,592,20.8
2026-01-28,WK-28,28#电铲,2016,146.0,471,19.1
2026-01-29,WK-10,10#电铲,2015,145.2,481,19.4
2026-01-29,WK-12,12#电铲,2018,129.6,527,19.0
2026-01-29,WK-15,15#电铲,2020,127.1,543,19.2
2026-01-29,WK-18,18#电铲,2022,122.7,544,18.5
2026-01-29,WK-20,20#电铲,2012,141.1,496,19.5
2026-01-29,WK-22,22#电铲,2019,123.6,608,20.9
2026-01-29,WK-25,25#电铲,2023,126.1,593,20.8
2026-01-29,WK-28,28#电铲,2016,146.5,469,19.1
2026-01-30,WK-10,10#电铲,2015,145.0,481,19.4
2026-01-30,WK-12,12#电铲,2018,129.6,527,19.0
2026-01-30,WK-15,15#电铲,2020,127.1,543,19.2
2026-01-30,WK-18,18#电铲,2022,121.6,548,18.5
2026-01-30,WK-20,20#电铲,2012,141.9,493,19.5
2026-01-30,WK-22,22#电铲,2019,124.3,605,20.9
2026-01-30,WK-25,25#电铲,2023,124.9,599,20.8
2026-01-30,WK-28,28#电铲,2016,145.9,471,19.1
2026-01-31,WK-10,10#电铲,2015,145.9,479,19.4
2026-01-31,WK-12,12#电铲,2018,128.2,533,19.0
2026-01-31,WK-15,15#电铲,2020,126.5,545,19.2
2026-01-31,WK-18,18#电铲,2022,125.3,532,18.5
2026-01-31,WK-20,20#电铲,2012,143.1,489,19.5
2026-01-31,WK-22,22#电铲,2019,127.9,588,20.9
2026-01-31,WK-25,25#电铲,2023,125.5,596,20.8
2026-01-31,WK-28,28#电铲,2016,143.7,478,19.1
2026-02-01,WK-10,10#电铲,2015,146.0,478,19.4
2026-02-01,WK-12,12#电铲,2018,127.0,538,19.0
2026-02-01,WK-15,15#电铲,2020,125.9,548,19.2
2026-02-01,WK-18,18#电铲,2022,123.5,540,18.5
2026-02-01,WK-20,20#电铲,2012,142.5,491,19.5
2026-02-01,WK-22,22#电铲,2019,126.8,593,20.9
2026-02-01,WK-25,25#电铲,2023,129.1,580,20.8
2026-02-01,WK-28,28#电铲,2016,145.3,473,19.1
2026-02-02,WK-10,10#电铲,2015,145.8,479,19.4
2026-02-02,WK-12,12#电铲,2018,128.6,531,19.0
2026-02-02,WK-15,15#电铲,2020,128.1,538,19.2
2026-02-02,WK-18,18#电铲,2022,123.0,542,18.5
2026-02-02,WK-20,20#电铲,2012,143.7,487,19.5
2026-02-02,WK-22,22#电铲,2019,129.7,580,20.9
2026-02-02,WK-25,25#电铲,2023,127.6,586,20.8
2026-02-02,WK-28,28#电铲,2016,143.8,478,19.1
2026-02-03,WK-10,10#电铲,2015,143.9,485,19.4
2026-02-03,WK-12,12#电铲,2018,129.7,527,19.0
2026-02-03,WK-15,15#电铲,2020,131.3,525,19.2
2026-02-03,WK-18,18#电铲,2022,125.6,531,18.5
2026-02-03,WK-20,20#电铲,2012,143.6,488,19.5
2026-02-03,WK-22,22#电铲,2019,126.8,593,20.9
2026-02-03,WK-25,25#电铲,2023,129.2,579,20.8
2026-02-03,WK-28,28#电铲,2016,143.0,481,19.1
2026-02-04,WK-10,10#电铲,2015,143.9,485,19.4
2026-02-04,WK-12,12#电铲,2018,129.0,529,19.0
2026-02-04,WK-15,15#电铲,2020,130.9,527,19.2
2026-02-04,WK-18,18#电铲,2022,126.1,529,18.5
2026-02-04,WK-20,20#电铲,2012,146.9,476,19.5
2026-02-04,WK-22,22#电铲,2019,128.4,586,20.9
2026-02-04,WK-25,25#电铲,2023,127.8,585,20.8
2026-02-04,WK-28,28#电铲,2016,144.8,475,19.1
2026-02-05,WK-10,10#电铲,2015,143.5,486,19.4
2026-02-05,WK-12,12#电铲,2018,127.8,534,19.0
2026-02-05,WK-15,15#电铲,2020,130.0,530,19.2
2026-02-05,WK-18,18#电铲,2022,125.3,533,18.5
2026-02-05,WK-20,20#电铲,2012,144.0,486,19.5
2026-02-05,WK-22,22#电铲,2019,124.8,603,20.9
2026-02-05,WK-25,25#电铲,2023,127.1,589,20.8
2026-02-05,WK-28,28#电铲,2016,145.5,473,19.1
2026-02-06,WK-10,10#电铲,2015,144.0,485,19.4
2026-02-06,WK-12,12#电铲,2018,130.3,524,19.0
2026-02-06,WK-15,15#电铲,2020,128.3,538,19.2
2026-02-06,WK-18,18#电铲,2022,122.9,543,18.5
2026-02-06,WK-20,20#电铲,2012,145.0,483,19.5
2026-02-06,WK-22,22#电铲,2019,126.7,594,20.9
2026-02-06,WK-25,25#电铲,2023,125.0,599,20.8
2026-02-06,WK-28,28#电铲,2016,142.6,482,19.1
2026-02-07,WK-10,10#电铲,2015,145.4,480,19.4
2026-02-07,WK-12,12#电铲,2018,129.2,528,19.0
2026-02-07,WK-15,15#电铲,2020,129.1,534,19.2
2026-02-07,WK-18,18#电铲,2022,126.5,527,18.5
2026-02-07,WK-20,20#电铲,2012,141.8,494,19.5
2026-02-07,WK-22,22#电铲,2019,129.2,582,20.9
2026-02-07,WK-25,25#电铲,2023,122.4,611,20.8
2026-02-07,WK-28,28#电铲,2016,144.4,476,19.1
2026-02-08,WK-10,10#电铲,2015,146.1,478,19.4
2026-02-08,WK-12,12#电铲,2018,129.6,527,19.0
2026-02-08,WK-15,15#电铲,2020,127.4,541,19.2
2026-02-08,WK-18,18#电铲,2022,125.6,531,18.5
2026-02-08,WK-20,20#电铲,2012,142.3,492,19.5
2026-02-08,WK-22,22#电铲,2019,126.0,597,20.9
2026-02-08,WK-25,25#电铲,2023,126.5,591,20.8
2026-02-08,WK-28,28#电铲,2016,146.0,471,19.1
2026-02-09,WK-10,10#电铲,2015,143.2,488,19.4
2026-02-09,WK-12,12#电铲,2018,127.6,535,19.0
2026-02-09,WK-15,15#电铲,2020,127.3,542,19.2
2026-02-09,WK-18,18#电铲,2022,127.9,522,18.5
2026-02-09,WK-20,20#电铲,2012,141.0,496,19.5
2026-02-09,WK-22,22#电铲,2019,125.4,600,20.9
2026-02-09,WK-25,25#电铲,2023,125.3,597,20.8
2026-02-09,WK-28,28#电铲,2016,144.8,475,19.1
2026-02-10,WK-10,10#电铲,2015,145.3,480,19.4
2026-02-10,WK-12,12#电铲,2018,127.1,537,19.0
2026-02-10,WK-15,15#电铲,2020,128.5,537,19.2
2026-02-10,WK-18,18#电铲,2022,122.8,543,18.5
2026-02-10,WK-20,20#电铲,2012,141.3,495,19.5
2026-02-10,WK-22,22#电铲,2019,128.5,585,20.9
2026-02-10,WK-25,25#电铲,2023,125.3,597,20.8
2026-02-10,WK-28,28#电铲,2016,145.7,472,19.1
2026-02-11,WK-10,10#电铲,2015,144.8,482,19.4
2026-02-11,WK-12,12#电铲,2018,127.3,536,19.0
2026-02-11,WK-15,15#电铲,2020,129.2,534,19.2
2026-02-11,WK-18,18#电铲,2022,124.2,537,18.5
2026-02-11,WK-20,20#电铲,2012,138.1,507,19.5
2026-02-11,WK-22,22#电铲,2019,129.1,582,20.9
2026-02-11,WK-25,25#电铲,2023,127.8,585,20.8
2026-02-11,WK-28,28#电铲,2016,145.2,473,19.1
2026-02-12,WK-10,10#电铲,2015,147.2,474,19.4
2026-02-12,WK-12,12#电铲,2018,128.1,533,19.0
2026-02-12,WK-15,15#电铲,2020,129.3,534,19.2
2026-02-12,WK-18,18#电铲,2022,124.9,534,18.5
2026-02-12,WK-20,20#电铲,2012,139.4,502,19.5
2026-02-12,WK-22,22#电铲,2019,130.0,579,20.9
2026-02-12,WK-25,25#电铲,2023,129.2,579,20.8
2026-02-12,WK-28,28#电铲,2016,147.5,466,19.1
2026-02-13,WK-10,10#电铲,2015,144.3,484,19.4
2026-02-13,WK-12,12#电铲,2018,215.5,142,8.5
2026-02-13,WK-15,15#电铲,2020,129.5,533,19.2
2026-02-13,WK-18,18#电铲,2022,124.5,536,18.5
2026-02-13,WK-20,20#电铲,2012,141.6,494,19.5
2026-02-13,WK-22,22#电铲,2019,126.3,595,20.9
2026-02-13,WK-25,25#电铲,2023,126.3,592,20.8
2026-02-13,WK-28,28#电铲,2016,144.2,477,19.1
2026-02-14,WK-10,10#电铲,2015,144.8,482,19.4
2026-02-14,WK-12,12#电铲,2018,128.1,533,19.0
2026-02-14,WK-15,15#电铲,2020,130.4,529,19.2
2026-02-14,WK-18,18#电铲,2022,124.1,537,18.5
2026-02-14,WK-20,20#电铲,2012,142.9,490,19.5
2026-02-14,WK-22,22#电铲,2019,126.2,596,20.9
2026-02-14,WK-25,25#电铲,2023,127.8,585,20.8
2026-02-14,WK-28,28#电铲,2016,141.9,485,19.1
2026-02-15,WK-10,10#电铲,2015,144.0,485,19.4
2026-02-15,WK-12,12#电铲,2018,128.5,531,19.0
2026-02-15,WK-15,15#电铲,2020,130.0,530,19.2
2026-02-15,WK-18,18#电铲,2022,124.6,535,18.5
2026-02-15,WK-20,20#电铲,2012,141.2,496,19.5
2026-02-15,WK-22,22#电铲,2019,125.2,601,20.9
2026-02-15,WK-25,25#电铲,2023,128.5,582,20.8
2026-02-15,WK-28,28#电铲,2016,141.3,486,19.1
2026-02-16,WK-10,10#电铲,2015,144.0,485,19.4
2026-02-16,WK-12,12#电铲,2018,129.3,528,19.0
2026-02-16,WK-15,15#电铲,2020,130.4,529,19.2
2026-02-16,WK-18,18#电铲,2022,123.1,542,18.5
2026-02-16,WK-20,20#电铲,2012,144.0,486,19.5
2026-02-16,WK-22,22#电铲,2019,125.9,597,20.9
2026-02-16,WK-25,25#电铲,2023,124.6,600,20.8
2026-02-16,WK-28,28#电铲,2016,142.3,483,19.1
2026-02-17,WK-10,10#电铲,2015,146.5,476,19.4
2026-02-17,WK-12,12#电铲,2018,127.6,535,19.0
2026-02-17,WK-15,15#电铲,2020,129.3,533,19.2
2026-02-17,WK-18,18#电铲,2022,123.8,539,18.5
2026-02-17,WK-20,20#电铲,2012,143.2,489,19.5
2026-02-17,WK-22,22#电铲,2019,124.4,605,20.9
2026-02-17,WK-25,25#电铲,2023,127.4,587,20.8
2026-02-17,WK-28,28#电铲,2016,142.4,483,19.1
2026-02-18,WK-10,10#电铲,2015,145.8,479,19.4
2026-02-18,WK-12,12#电铲,2018,131.0,521,19.0
2026-02-18,WK-15,15#电铲,2020,130.1,530,19.2
2026-02-18,WK-18,18#电铲,2022,123.0,542,18.5
2026-02-18,WK-20,20#电铲,2012,142.0,493,19.5
2026-02-18,WK-22,22#电铲,2019,125.5,599,20.9
2026-02-18,WK-25,25#电铲,2023,123.5,606,20.8
2026-02-18,WK-28,28#电铲,2016,143.9,478,19.1
2026-02-19,WK-10,10#电铲,2015,142.8,489,19.4
2026-02-19,WK-12,12#电铲,2018,130.2,524,19.0
2026-02-19,WK-15,15#电铲,2020,131.6,524,19.2
2026-02-19,WK-18,18#电铲,2022,122.8,543,18.5
2026-02-19,WK-20,20#电铲,2012,140.9,497,19.5
2026-02-19,WK-22,22#电铲,2019,127.2,591,20.9
2026-02-19,WK-25,25#电铲,2023,126.2,593,20.8
2026-02-19,WK-28,28#电铲,2016,143.6,479,19.1
2026-02-20,WK-10,10#电铲,2015,141.4,494,19.4
2026-02-20,WK-12,12#电铲,2018,129.8,526,19.0
2026-02-20,WK-15,15#电铲,2020,128.5,537,19.2
2026-02-20,WK-18,18#电铲,2022,121.4,549,18.5
2026-02-20,WK-20,20#电铲,2012,143.1,489,19.5
2026-02-20,WK-22,22#电铲,2019,127.7,589,20.9
2026-02-20,WK-25,25#电铲,2023,128.6,582,20.8
2026-02-20,WK-28,28#电铲,2016,143.8,478,19.1
2026-02-21,WK-10,10#电铲,2015,141.7,493,19.4
2026-02-21,WK-12,12#电铲,2018,127.6,535,19.0
2026-02-21,WK-15,15#电铲,2020,129.7,532,19.2
2026-02-21,WK-18,18#电铲,2022,124.7,535,18.5
2026-02-21,WK-20,20#电铲,2012,141.5,495,19.5
2026-02-21,WK-22,22#电铲,2019,127.4,590,20.9
2026-02-21,WK-25,25#电铲,2023,127.5,587,20.8
2026-02-21,WK-28,28#电铲,2016,143.9,478,19.1
2026-02-22,WK-10,10#电铲,2015,143.5,486,19.4
2026-02-22,WK-12,12#电铲,2018,127.0,538,19.0
2026-02-22,WK-15,15#电铲,2020,129.8,531,19.2
2026-02-22,WK-18,18#电铲,2022,125.4,532,18.5
2026-02-22,WK-20,20#电铲,2012,144.2,485,19.5
2026-02-22,WK-22,22#电铲,2019,125.9,597,20.9
2026-02-22,WK-25,25#电铲,2023,125.3,597,20.8
2026-02-22,WK-28,28#电铲,2016,145.5,473,19.1
2026-02-23,WK-10,10#电铲,2015,144.3,484,19.4
2026-02-23,WK-12,12#电铲,2018,127.4,536,19.0
2026-02-23,WK-15,15#电铲,2020,132.6,520,19.2
2026-02-23,WK-18,18#电铲,2022,127.5,523,18.5
2026-02-23,WK-20,20#电铲,2012,144.5,484,19.5
2026-02-23,WK-22,22#电铲,2019,126.9,593,20.9
2026-02-23,WK-25,25#电铲,2023,125.9,594,20.8
2026-02-23,WK-28,28#电铲,2016,149.6,460,19.1
2026-02-24,WK-10,10#电铲,2015,144.2,484,19.4
2026-02-24,WK-12,12#电铲,2018,130.3,524,19.0
2026-02-24,WK-15,15#电铲,2020,133.8,515,19.2
2026-02-24,WK-18,18#电铲,2022,124.5,536,18.5
2026-02-24,WK-20,20#电铲,2012,146.3,479,19.5
2026-02-24,WK-22,22#电铲,2019,129.3,582,20.9
2026-02-24,WK-25,25#电铲,2023,126.6,591,20.8
2026-02-24,WK-28,28#电铲,2016,148.3,464,19.1
2026-02-25,WK-10,10#电铲,2015,144.6,483,19.4
2026-02-25,WK-12,12#电铲,2018,129.8,526,19.0
2026-02-25,WK-15,15#电铲,2020,132.9,519,19.2
2026-02-25,WK-18,18#电铲,2022,127.7,522,18.5
2026-02-25,WK-20,20#电铲,2012,144.8,484,19.5
2026-02-25,WK-22,22#电铲,2019,129.9,579,20.9
2026-02-25,WK-25,25#电铲,2023,124.4,601,20.8
2026-02-25,WK-28,28#电铲,2016,148.1,464,19.1
2026-02-26,WK-10,10#电铲,2015,145.5,480,19.4
2026-02-26,WK-12,12#电铲,2018,132.1,517,19.0
2026-02-26,WK-15,15#电铲,2020,130.5,528,19.2
2026-02-26,WK-18,18#电铲,2022,126.4,528,18.5
2026-02-26,WK-20,20#电铲,2012,145.9,480,19.5
2026-02-26,WK-22,22#电铲,2019,126.7,593,20.9
2026-02-26,WK-25,25#电铲,2023,127.5,587,20.8
2026-02-26,WK-28,28#电铲,2016,143.7,479,19.1
2026-02-27,WK-10,10#电铲,2015,147.0,475,19.4
2026-02-27,WK-12,12#电铲,2018,131.8,518,19.0
2026-02-27,WK-15,15#电铲,2020,130.1,530,19.2
2026-02-27,WK-18,18#电铲,2022,125.2,533,18.5
2026-02-27,WK-20,20#电铲,2012,145.7,480,19.5
2026-02-27,WK-22,22#电铲,2019,127.7,589,20.9
2026-02-27,WK-25,25#电铲,2023,124.1,603,20.8
2026-02-27,WK-28,28#电铲,2016,142.1,484,19.1
2026-02-28,WK-10,10#电铲,2015,146.0,478,19.4
2026-02-28,WK-12,12#电铲,2018,129.2,529,19.0
2026-02-28,WK-15,15#电铲,2020,131.1,526,19.2
2026-02-28,WK-18,18#电铲,2022,126.2,529,18.5
2026-02-28,WK-20,20#电铲,2012,144.5,485,19.5
2026-02-28,WK-22,22#电铲,2019,127.4,590,20.9
2026-02-28,WK-25,25#电铲,2023,127.1,589,20.8
2026-02-28,WK-28,28#电铲,2016,141.1,487,19.1
2026-03-01,WK-10,10#电铲,2015,143.8,486,19.4
2026-03-01,WK-12,12#电铲,2018,132.4,516,19.0
2026-03-01,WK-15,15#电铲,2020,133.2,518,19.2
2026-03-01,WK-18,18#电铲,2022,125.2,533,18.5
2026-03-01,WK-20,20#电铲,2012,146.0,480,19.5
2026-03-01,WK-22,22#电铲,2019,126.1,596,20.9
2026-03-01,WK-25,25#电铲,2023,127.1,588,20.8
2026-03-01,WK-28,28#电铲,2016,145.0,474,19.1
2026-03-02,WK-10,10#电铲,2015,142.7,489,19.4
2026-03-02,WK-12,12#电铲,2018,129.9,526,19.0
2026-03-02,WK-15,15#电铲,2020,131.8,523,19.2
2026-03-02,WK-18,18#电铲,2022,125.8,530,18.5
2026-03-02,WK-20,20#电铲,2012,145.4,481,19.5
2026-03-02,WK-22,22#电铲,2019,128.1,587,20.9
2026-03-02,WK-25,25#电铲,2023,128.3,583,20.8
2026-03-02,WK-28,28#电铲,2016,145.0,474,19.1
2026-03-03,WK-10,10#电铲,2015,145.2,481,19.4
2026-03-03,WK-12,12#电铲,2018,129.3,528,19.0
2026-03-03,WK-15,15#电铲,2020,130.2,530,19.2
2026-03-03,WK-18,18#电铲,2022,128.5,519,18.5
2026-03-03,WK-20,20#电铲,2012,144.6,484,19.5
2026-03-03,WK-22,22#电铲,2019,127.5,590,20.9
2026-03-03,WK-25,25#电铲,2023,129.3,579,20.8
2026-03-03,WK-28,28#电铲,2016,146.1,471,19.1
2026-03-04,WK-10,10#电铲,2015,146.6,476,19.4
2026-03-04,WK-12,12#电铲,2018,129.0,529,19.0
2026-03-04,WK-15,15#电铲,2020,128.9,535,19.2
2026-03-04,WK-18,18#电铲,2022,124.8,534,18.5
2026-03-04,WK-20,20#电铲,2012,144.7,484,19.5
2026-03-04,WK-22,22#电铲,2019,129.0,583,20.9
2026-03-04,WK-25,25#电铲,2023,127.6,586,20.8
2026-03-04,WK-28,28#电铲,2016,148.2,464,19.1
2026-03-05,WK-10,10#电铲,2015,145.9,479,19.4
2026-03-05,WK-12,12#电铲,2018,130.2,524,19.0
2026-03-05,WK-15,15#电铲,2020,129.5,533,19.2
2026-03-05,WK-18,18#电铲,2022,125.5,531,18.5
2026-03-05,WK-20,20#电铲,2012,144.4,485,19.5
2026-03-05,WK-22,22#电铲,2019,128.2,587,20.9
2026-03-05,WK-25,25#电铲,2023,126.8,590,20.8
2026-03-05,WK-28,28#电铲,2016,146.0,471,19.1
2026-03-06,WK-10,10#电铲,2015,145.6,480,19.4
2026-03-06,WK-12,12#电铲,2018,128.8,530,19.0
2026-03-06,WK-15,15#电铲,2020,127.8,540,19.2
2026-03-06,WK-18,18#电铲,2022,125.8,530,18.5
2026-03-06,WK-20,20#电铲,2012,145.4,481,19.5
2026-03-06,WK-22,22#电铲,2019,131.0,574,20.9
2026-03-06,WK-25,25#电铲,2023,129.3,579,20.8
2026-03-06,WK-28,28#电铲,2016,145.8,472,19.1
2026-03-07,WK-10,10#电铲,2015,146.2,478,19.4
2026-03-07,WK-12,12#电铲,2018,131.7,518,19.0
2026-03-07,WK-15,15#电铲,2020,130.7,528,19.2
2026-03-07,WK-18,18#电铲,2022,123.7,539,18.5
2026-03-07,WK-20,20#电铲,2012,147.9,473,19.5
2026-03-07,WK-22,22#电铲,2019,135.2,556,20.9
2026-03-07,WK-25,25#电铲,2023,125.0,599,20.8
2026-03-07,WK-28,28#电铲,2016,145.2,473,19.1
2026-03-08,WK-10,10#电铲,2015,146.3,477,19.4
2026-03-08,WK-12,12#电铲,2018,131.0,521,19.0
2026-03-08,WK-15,15#电铲,2020,133.0,518,19.2
2026-03-08,WK-18,18#电铲,2022,128.5,519,18.5
2026-03-08,WK-20,20#电铲,2012,145.5,481,19.5
2026-03-08,WK-22,22#电铲,2019,132.0,570,20.9
2026-03-08,WK-25,25#电铲,2023,126.3,592,20.8
2026-03-08,WK-28,28#电铲,2016,143.1,481,19.1
2026-03-09,WK-10,10#电铲,2015,145.0,481,19.4
2026-03-09,WK-12,12#电铲,2018,131.0,521,19.0
2026-03-09,WK-15,15#电铲,2020,196.9,184,10.1
2026-03-09,WK-18,18#电铲,2022,127.2,524,18.5
2026-03-09,WK-20,20#电铲,2012,145.0,483,19.5
2026-03-09,WK-22,22#电铲,2019,129.8,579,20.9
2026-03-09,WK-25,25#电铲,2023,126.5,591,20.8
2026-03-09,WK-28,28#电铲,2016,144.3,476,19.1
2026-03-10,WK-10,10#电铲,2015,141.8,492,19.4
2026-03-10,WK-12,12#电铲,2018,130.5,523,19.0
2026-03-10,WK-15,15#电铲,2020,127.9,539,19.2
2026-03-10,WK-18,18#电铲,2022,127.5,523,18.5
2026-03-10,WK-20,20#电铲,2012,142.4,492,19.5
2026-03-10,WK-22,22#电铲,2019,129.7,580,20.9
2026-03-10,WK-25,25#电铲,2023,124.6,600,20.8
2026-03-10,WK-28,28#电铲,2016,146.2,470,19.1
2026-03-11,WK-10,10#电铲,2015,144.4,483,19.4
2026-03-11,WK-12,12#电铲,2018,133.1,513,19.0
2026-03-11,WK-15,15#电铲,2020,132.0,523,19.2
2026-03-11,WK-18,18#电铲,2022,127.2,524,18.5
2026-03-11,WK-20,20#电铲,2012,146.1,479,19.5
2026-03-11,WK-22,22#电铲,2019,129.9,579,20.9
2026-03-11,WK-25,25#电铲,2023,128.0,584,20.8
2026-03-11,WK-28,28#电铲,2016,145.9,471,19.1
2026-03-12,WK-10,10#电铲,2015,144.3,484,19.4
2026-03-12,WK-12,12#电铲,2018,130.9,522,19.0
2026-03-12,WK-15,15#电铲,2020,131.0,527,19.2
2026-03-12,WK-18,18#电铲,2022,125.6,531,18.5
2026-03-12,WK-20,20#电铲,2012,149.3,469,19.5
2026-03-12,WK-22,22#电铲,2019,128.8,584,20.9
2026-03-12,WK-25,25#电铲,2023,123.8,604,20.8
2026-03-12,WK-28,28#电铲,2016,145.6,472,19.1
2026-03-13,WK-10,10#电铲,2015,148.0,472,19.4
2026-03-13,WK-12,12#电铲,2018,127.3,536,19.0
2026-03-13,WK-15,15#电铲,2020,130.5,529,19.2
2026-03-13,WK-18,18#电铲,2022,127.5,523,18.5
2026-03-13,WK-20,20#电铲,2012,147.2,476,19.5
2026-03-13,WK-22,22#电铲,2019,128.4,586,20.9
2026-03-13,WK-25,25#电铲,2023,124.4,601,20.8
2026-03-13,WK-28,28#电铲,2016,144.3,477,19.1
2026-03-14,WK-10,10#电铲,2015,146.2,478,19.4
2026-03-14,WK-12,12#电铲,2018,129.9,526,19.0
2026-03-14,WK-15,15#电铲,2020,133.1,518,19.2
2026-03-14,WK-18,18#电铲,2022,126.2,529,18.5
2026-03-14,WK-20,20#电铲,2012,147.8,474,19.5
2026-03-14,WK-22,22#电铲,2019,130.6,576,20.9
2026-03-14,WK-25,25#电铲,2023,126.2,593,20.8
2026-03-14,WK-28,28#电铲,2016,143.9,478,19.1
2026-03-15,WK-10,10#电铲,2015,143.0,488,19.4
2026-03-15,WK-12,12#电铲,2018,128.4,532,19.0
2026-03-15,WK-15,15#电铲,2020,131.2,526,19.2
2026-03-15,WK-18,18#电铲,2022,125.8,530,18.5
2026-03-15,WK-20,20#电铲,2012,143.6,488,19.5
2026-03-15,WK-22,22#电铲,2019,128.0,588,20.9
2026-03-15,WK-25,25#电铲,2023,126.3,592,20.8
2026-03-15,WK-28,28#电铲,2016,145.6,472,19.1
2026-03-16,WK-10,10#电铲,2015,145.4,480,19.4
2026-03-16,WK-12,12#电铲,2018,130.5,523,19.0
2026-03-16,WK-15,15#电铲,2020,129.2,534,19.2
2026-03-16,WK-18,18#电铲,2022,123.2,542,18.5
2026-03-16,WK-20,20#电铲,2012,145.4,481,19.5
2026-03-16,WK-22,22#电铲,2019,130.6,576,20.9
2026-03-16,WK-25,25#电铲,2023,124.3,602,20.8
2026-03-16,WK-28,28#电铲,2016,144.0,478,19.1
2026-03-17,WK-10,10#电铲,2015,145.5,480,19.4
2026-03-17,WK-12,12#电铲,2018,131.0,521,19.0
2026-03-17,WK-15,15#电铲,2020,129.3,533,19.2
2026-03-17,WK-18,18#电铲,2022,127.0,525,18.5
2026-03-17,WK-20,20#电铲,2012,143.7,487,19.5
2026-03-17,WK-22,22#电铲,2019,128.6,585,20.9
2026-03-17,WK-25,25#电铲,2023,125.3,597,20.8
2026-03-17,WK-28,28#电铲,2016,142.8,481,19.1
2026-03-18,WK-10,10#电铲,2015,145.2,481,19.4
2026-03-18,WK-12,12#电铲,2018,131.9,518,19.0
2026-03-18,WK-15,15#电铲,2020,130.0,530,19.2
2026-03-18,WK-18,18#电铲,2022,127.8,522,18.5
2026-03-18,WK-20,20#电铲,2012,144.7,484,19.5
2026-03-18,WK-22,22#电铲,2019,129.0,583,20.9
2026-03-18,WK-25,25#电铲,2023,126.7,590,20.8
2026-03-18,WK-28,28#电铲,2016,140.7,489,19.1
2026-03-19,WK-10,10#电铲,2015,143.1,488,19.4
2026-03-19,WK-12,12#电铲,2018,131.1,521,19.0
2026-03-19,WK-15,15#电铲,2020,129.8,531,19.2
2026-03-19,WK-18,18#电铲,2022,128.0,521,18.5
2026-03-19,WK-20,20#电铲,2012,144.8,483,19.5
2026-03-19,WK-22,22#电铲,2019,129.1,583,20.9
2026-03-19,WK-25,25#电铲,2023,127.8,585,20.8
2026-03-19,WK-28,28#电铲,2016,142.0,484,19.1
2026-03-20,WK-10,10#电铲,2015,144.2,484,19.4
2026-03-20,WK-12,12#电铲,2018,130.1,525,19.0
2026-03-20,WK-15,15#电铲,2020,130.0,531,19.2
2026-03-20,WK-18,18#电铲,2022,126.1,529,18.5
2026-03-20,WK-20,20#电铲,2012,147.4,475,19.5
2026-03-20,WK-22,22#电铲,2019,126.4,595,20.9
2026-03-20,WK-25,25#电铲,2023,126.2,593,20.8
2026-03-20,WK-28,28#电铲,2016,140.7,489,19.1
2026-03-21,WK-10,10#电铲,2015,144.5,483,19.4
2026-03-21,WK-12,12#电铲,2018,128.7,531,19.0
2026-03-21,WK-15,15#电铲,2020,132.3,521,19.2
2026-03-21,WK-18,18#电铲,2022,124.8,534,18.5
2026-03-21,WK-20,20#电铲,2012,147.1,476,19.5
2026-03-21,WK-22,22#电铲,2019,128.5,585,20.9
2026-03-21,WK-25,25#电铲,2023,127.4,587,20.8
2026-03-21,WK-28,28#电铲,2016,144.8,475,19.1
2026-03-22,WK-10,10#电铲,2015,145.0,481,19.4
2026-03-22,WK-12,12#电铲,2018,129.6,527,19.0
2026-03-22,WK-15,15#电铲,2020,129.4,533,19.2
2026-03-22,WK-18,18#电铲,2022,124.6,535,18.5
2026-03-22,WK-20,20#电铲,2012,147.8,474,19.5
2026-03-22,WK-22,22#电铲,2019,129.7,580,20.9
2026-03-22,WK-25,25#电铲,2023,128.7,581,20.8
2026-03-22,WK-28,28#电铲,2016,143.7,478,19.1
2026-03-23,WK-10,10#电铲,2015,145.0,481,19.4
2026-03-23,WK-12,12#电铲,2018,131.0,521,19.0
2026-03-23,WK-15,15#电铲,2020,130.9,527,19.2
2026-03-23,WK-18,18#电铲,2022,125.8,530,18.5
2026-03-23,WK-20,20#电铲,2012,145.4,482,19.5
2026-03-23,WK-22,22#电铲,2019,129.2,582,20.9
2026-03-23,WK-25,25#电铲,2023,131.5,569,20.8
2026-03-23,WK-28,28#电铲,2016,146.2,470,19.1
2026-03-24,WK-10,10#电铲,2015,143.2,487,19.4
2026-03-24,WK-12,12#电铲,2018,131.6,519,19.0
2026-03-24,WK-15,15#电铲,2020,131.4,525,19.2
2026-03-24,WK-18,18#电铲,2022,126.2,529,18.5
2026-03-24,WK-20,20#电铲,2012,143.2,489,19.5
2026-03-24,WK-22,22#电铲,2019,129.9,579,20.9
2026-03-24,WK-25,25#电铲,2023,127.7,586,20.8
2026-03-24,WK-28,28#电铲,2016,144.6,476,19.1
2026-03-25,WK-10,10#电铲,2015,147.9,472,19.4
2026-03-25,WK-12,12#电铲,2018,131.6,519,19.0
2026-03-25,WK-15,15#电铲,2020,131.5,525,19.2
2026-03-25,WK-18,18#电铲,2022,127.1,525,18.5
2026-03-25,WK-20,20#电铲,2012,202.6,152,8.6
2026-03-25,WK-22,22#电铲,2019,128.3,586,20.9
2026-03-25,WK-25,25#电铲,2023,126.9,589,20.8
2026-03-25,WK-28,28#电铲,2016,146.1,471,19.1
2026-03-26,WK-10,10#电铲,2015,145.7,479,19.4
2026-03-26,WK-12,12#电铲,2018,129.7,527,19.0
2026-03-26,WK-15,15#电铲,2020,132.4,521,19.2
2026-03-26,WK-18,18#电铲,2022,125.8,530,18.5
2026-03-26,WK-20,20#电铲,2012,145.2,482,19.5
2026-03-26,WK-22,22#电铲,2019,128.8,584,20.9
2026-03-26,WK-25,25#电铲,2023,128.0,585,20.8
2026-03-26,WK-28,28#电铲,2016,143.5,479,19.1
2026-03-27,WK-10,10#电铲,2015,145.2,481,19.4
2026-03-27,WK-12,12#电铲,2018,132.1,517,19.0
2026-03-27,WK-15,15#电铲,2020,130.6,528,19.2
2026-03-27,WK-18,18#电铲,2022,125.3,532,18.5
2026-03-27,WK-20,20#电铲,2012,146.8,477,19.5
2026-03-27,WK-22,22#电铲,2019,131.7,571,20.9
2026-03-27,WK-25,25#电铲,2023,128.1,584,20.8
2026-03-27,WK-28,28#电铲,2016,146.2,470,19.1
2026-03-28,WK-10,10#电铲,2015,145.6,480,19.4
2026-03-28,WK-12,12#电铲,2018,127.9,534,19.0
2026-03-28,WK-15,15#电铲,2020,129.2,534,19.2
2026-03-28,WK-18,18#电铲,2022,124.0,538,18.5
2026-03-28,WK-20,20#电铲,2012,147.6,474,19.5
2026-03-28,WK-22,22#电铲,2019,129.8,579,20.9
2026-03-28,WK-25,25#电铲,2023,128.0,584,20.8
2026-03-28,WK-28,28#电铲,2016,145.5,473,19.1
2026-03-29,WK-10,10#电铲,2015,144.1,484,19.4
2026-03-29,WK-12,12#电铲,2018,126.9,538,19.0
2026-03-29,WK-15,15#电铲,2020,130.2,530,19.2
2026-03-29,WK-18,18#电铲,2022,127.6,523,18.5
2026-03-29,WK-20,20#电铲,2012,144.5,484,19.5
2026-03-29,WK-22,22#电铲,2019,129.7,580,20.9
2026-03-29,WK-25,25#电铲,2023,126.9,589,20.8
2026-03-29,WK-28,28#电铲,2016,145.2,473,19.1
2026-03-30,WK-10,10#电铲,2015,145.3,480,19.4
2026-03-30,WK-12,12#电铲,2018,129.1,529,19.0
2026-03-30,WK-15,15#电铲,2020,130.3,529,19.2
2026-03-30,WK-18,18#电铲,2022,129.0,517,18.5
2026-03-30,WK-20,20#电铲,2012,145.9,480,19.5
2026-03-30,WK-22,22#电铲,2019,129.2,582,20.9
2026-03-30,WK-25,25#电铲,2023,128.3,583,20.8
2026-03-30,WK-28,28#电铲,2016,144.9,475,19.1
2026-03-31,WK-10,10#电铲,2015,147.9,472,19.4
2026-03-31,WK-12,12#电铲,2018,128.0,533,19.0
2026-03-31,WK-15,15#电铲,2020,129.8,531,19.2
2026-03-31,WK-18,18#电铲,2022,129.2,516,18.5
2026-03-31,WK-20,20#电铲,2012,145.2,482,19.5
2026-03-31,WK-22,22#电铲,2019,129.1,583,20.9
2026-03-31,WK-25,25#电铲,2023,127.5,587,20.8
2026-03-31,WK-28,28#电铲,2016,145.2,474,19.1
2026-04-01,WK-10,10#电铲,2015,146.0,478,19.4
2026-04-01,WK-12,12#电铲,2018,128.1,533,19.0
2026-04-01,WK-15,15#电铲,2020,131.4,525,19.2
2026-04-01,WK-18,18#电铲,2022,125.7,531,18.5
2026-04-01,WK-20,20#电铲,2012,145.1,482,19.5
2026-04-01,WK-22,22#电铲,2019,127.8,589,20.9
2026-04-01,WK-25,25#电铲,2023,127.7,586,20.8
2026-04-01,WK-28,28#电铲,2016,143.4,479,19.1
2026-04-02,WK-10,10#电铲,2015,147.2,474,19.4
2026-04-02,WK-12,12#电铲,2018,131.1,521,19.0
2026-04-02,WK-15,15#电铲,2020,129.6,532,19.2
2026-04-02,WK-18,18#电铲,2022,126.2,528,18.5
2026-04-02,WK-20,20#电铲,2012,146.2,479,19.5
2026-04-02,WK-22,22#电铲,2019,130.0,578,20.9
2026-04-02,WK-25,25#电铲,2023,128.6,582,20.8
2026-04-02,WK-28,28#电铲,2016,140.7,489,19.1
2026-04-03,WK-10,10#电铲,2015,144.0,485,19.4
2026-04-03,WK-12,12#电铲,2018,132.5,515,19.0
2026-04-03,WK-15,15#电铲,2020,128.9,535,19.2
2026-04-03,WK-18,18#电铲,2022,126.5,527,18.5
2026-04-03,WK-20,20#电铲,2012,146.9,477,19.5
2026-04-03,WK-22,22#电铲,2019,130.6,576,20.9
2026-04-03,WK-25,25#电铲,2023,126.6,591,20.8
2026-04-03,WK-28,28#电铲,2016,143.5,479,19.1
2026-04-04,WK-10,10#电铲,2015,145.4,480,19.4
2026-04-04,WK-12,12#电铲,2018,131.1,521,19.0
2026-04-04,WK-15,15#电铲,2020,131.7,524,19.2
2026-04-04,WK-18,18#电铲,2022,125.4,532,18.5
2026-04-04,WK-20,20#电铲,2012,145.7,480,19.5
2026-04-04,WK-22,22#电铲,2019,132.2,569,20.9
2026-04-04,WK-25,25#电铲,2023,126.7,591,20.8
2026-04-04,WK-28,28#电铲,2016,144.3,476,19.1
2026-04-05,WK-10,10#电铲,2015,145.0,481,19.4
2026-04-05,WK-12,12#电铲,2018,129.3,528,19.0
2026-04-05,WK-15,15#电铲,2020,133.2,518,19.2
2026-04-05,WK-18,18#电铲,2022,125.4,532,18.5
2026-04-05,WK-20,20#电铲,2012,146.3,478,19.5
2026-04-05,WK-22,22#电铲,2019,129.6,580,20.9
2026-04-05,WK-25,25#电铲,2023,126.8,590,20.8
2026-04-05,WK-28,28#电铲,2016,143.2,480,19.1
2026-04-06,WK-10,10#电铲,2015,146.4,477,19.4
2026-04-06,WK-12,12#电铲,2018,129.0,529,19.0
2026-04-06,WK-15,15#电铲,2020,131.3,525,19.2
2026-04-06,WK-18,18#电铲,2022,126.9,526,18.5
2026-04-06,WK-20,20#电铲,2012,148.2,472,19.5
2026-04-06,WK-22,22#电铲,2019,130.9,575,20.9
2026-04-06,WK-25,25#电铲,2023,128.0,584,20.8
2026-04-06,WK-28,28#电铲,2016,143.0,481,19.1
2026-04-07,WK-10,10#电铲,2015,145.5,480,19.4
2026-04-07,WK-12,12#电铲,2018,129.5,527,19.0
2026-04-07,WK-15,15#电铲,2020,132.5,520,19.2
2026-04-07,WK-18,18#电铲,2022,124.4,536,18.5
2026-04-07,WK-20,20#电铲,2012,146.1,479,19.5
2026-04-07,WK-22,22#电铲,2019,129.8,579,20.9
2026-04-07,WK-25,25#电铲,2023,127.8,585,20.8
2026-04-07,WK-28,28#电铲,2016,144.1,477,19.1
2026-04-08,WK-10,10#电铲,2015,146.3,477,19.4
2026-04-08,WK-12,12#电铲,2018,129.3,528,19.0
2026-04-08,WK-15,15#电铲,2020,130.8,527,19.2
2026-04-08,WK-18,18#电铲,2022,126.6,527,18.5
2026-04-08,WK-20,20#电铲,2012,145.9,480,19.5
2026-04-08,WK-22,22#电铲,2019,131.3,573,20.9
2026-04-08,WK-25,25#电铲,2023,128.2,584,20.8
2026-04-08,WK-28,28#电铲,2016,142.8,481,19.1
2026-04-09,WK-10,10#电铲,2015,145.3,481,19.4
2026-04-09,WK-12,12#电铲,2018,129.3,528,19.0
2026-04-09,WK-15,15#电铲,2020,135.1,510,19.2
2026-04-09,WK-18,18#电铲,2022,129.4,516,18.5
2026-04-09,WK-20,20#电铲,2012,145.5,481,19.5
2026-04-09,WK-22,22#电铲,2019,133.2,565,20.9
2026-04-09,WK-25,25#电铲,2023,129.6,577,20.8
2026-04-09,WK-28,28#电铲,2016,143.6,479,19.1
2026-04-10,WK-10,10#电铲,2015,145.9,478,19.4
2026-04-10,WK-12,12#电铲,2018,130.0,525,19.0
2026-04-10,WK-15,15#电铲,2020,132.3,521,19.2
2026-04-10,WK-18,18#电铲,2022,126.9,526,18.5
2026-04-10,WK-20,20#电铲,2012,142.3,492,19.5
2026-04-10,WK-22,22#电铲,2019,130.0,578,20.9
2026-04-10,WK-25,25#电铲,2023,128.2,584,20.8
2026-04-10,WK-28,28#电铲,2016,144.0,478,19.1
2026-04-11,WK-10,10#电铲,2015,146.4,477,19.4
2026-04-11,WK-12,12#电铲,2018,130.4,523,19.0
2026-04-11,WK-15,15#电铲,2020,129.2,534,19.2
2026-04-11,WK-18,18#电铲,2022,127.0,525,18.5
2026-04-11,WK-20,20#电铲,2012,141.4,495,19.5
2026-04-11,WK-22,22#电铲,2019,127.1,592,20.9
2026-04-11,WK-25,25#电铲,2023,126.6,591,20.8
2026-04-11,WK-28,28#电铲,2016,143.1,481,19.1
2026-04-12,WK-10,10#电铲,2015,145.7,479,19.4
2026-04-12,WK-12,12#电铲,2018,129.3,528,19.0
2026-04-12,WK-15,15#电铲,2020,130.0,530,19.2
2026-04-12,WK-18,18#电铲,2022,123.8,539,18.5
2026-04-12,WK-20,20#电铲,2012,143.3,489,19.5
2026-04-12,WK-22,22#电铲,2019,128.7,584,20.9
2026-04-12,WK-25,25#电铲,2023,124.7,600,20.8
2026-04-12,WK-28,28#电铲,2016,145.0,474,19.1
2026-04-13,WK-10,10#电铲,2015,146.1,478,19.4
2026-04-13,WK-12,12#电铲,2018,130.9,522,19.0
2026-04-13,WK-15,15#电铲,2020,130.6,528,19.2
2026-04-13,WK-18,18#电铲,2022,127.0,525,18.5
2026-04-13,WK-20,20#电铲,2012,140.4,499,19.5
2026-04-13,WK-22,22#电铲,2019,128.8,584,20.9
2026-04-13,WK-25,25#电铲,2023,123.6,605,20.8
2026-04-13,WK-28,28#电铲,2016,145.1,474,19.1
2026-04-14,WK-10,10#电铲,2015,144.8,482,19.4
2026-04-14,WK-12,12#电铲,2018,132.6,515,19.0
2026-04-14,WK-15,15#电铲,2020,132.0,523,19.2
2026-04-14,WK-18,18#电铲,2022,127.0,525,18.5
2026-04-14,WK-20,20#电铲,2012,145.2,482,19.5
2026-04-14,WK-22,22#电铲,2019,127.9,588,20.9
2026-04-14,WK-25,25#电铲,2023,123.6,605,20.8
2026-04-14,WK-28,28#电铲,2016,144.7,475,19.1
2026-04-15,WK-10,10#电铲,2015,143.9,485,19.4
2026-04-15,WK-12,12#电铲,2018,130.6,523,19.0
2026-04-15,WK-15,15#电铲,2020,133.8,516,19.2
2026-04-15,WK-18,18#电铲,2022,126.2,529,18.5
2026-04-15,WK-20,20#电铲,2012,147.2,476,19.5
2026-04-15,WK-22,22#电铲,2019,128.2,587,20.9
2026-04-15,WK-25,25#电铲,2023,124.6,600,20.8
2026-04-15,WK-28,28#电铲,2016,146.5,469,19.1
2026-04-16,WK-10,10#电铲,2015,144.2,484,19.4
2026-04-16,WK-12,12#电铲,2018,187.5,78,4.1
2026-04-16,WK-15,15#电铲,2020,130.7,528,19.2
2026-04-16,WK-18,18#电铲,2022,128.0,521,18.5
2026-04-16,WK-20,20#电铲,2012,143.4,488,19.5
2026-04-16,WK-22,22#电铲,2019,132.3,568,20.9
2026-04-16,WK-25,25#电铲,2023,125.6,596,20.8
2026-04-16,WK-28,28#电铲,2016,146.3,470,19.1
2026-04-17,WK-10,10#电铲,2015,145.0,482,19.4
2026-04-17,WK-12,12#电铲,2018,132.0,517,19.0
2026-04-17,WK-15,15#电铲,2020,132.2,522,19.2
2026-04-17,WK-18,18#电铲,2022,122.1,546,18.5
2026-04-17,WK-20,20#电铲,2012,140.4,499,19.5
2026-04-17,WK-22,22#电铲,2019,131.7,571,20.9
2026-04-17,WK-25,25#电铲,2023,129.5,578,20.8
2026-04-17,WK-28,28#电铲,2016,145.6,472,19.1
2026-04-18,WK-10,10#电铲,2015,144.3,484,19.4
2026-04-18,WK-12,12#电铲,2018,134.4,508,19.0
2026-04-18,WK-15,15#电铲,2020,132.7,520,19.2
2026-04-18,WK-18,18#电铲,2022,124.9,534,18.5
2026-04-18,WK-20,20#电铲,2012,142.2,492,19.5
2026-04-18,WK-22,22#电铲,2019,131.1,574,20.9
2026-04-18,WK-25,25#电铲,2023,127.8,585,20.8
2026-04-18,WK-28,28#电铲,2016,143.1,480,19.1
2026-04-19,WK-10,10#电铲,2015,141.9,492,19.4
2026-04-19,WK-12,12#电铲,2018,131.8,518,19.0
2026-04-19,WK-15,15#电铲,2020,129.3,534,19.2
2026-04-19,WK-18,18#电铲,2022,125.9,530,18.5
2026-04-19,WK-20,20#电铲,2012,144.9,483,19.5
2026-04-19,WK-22,22#电铲,2019,126.9,593,20.9
2026-04-19,WK-25,25#电铲,2023,130.3,574,20.8
2026-04-19,WK-28,28#电铲,2016,142.6,482,19.1
2026-04-20,WK-10,10#电铲,2015,144.3,484,19.4
2026-04-20,WK-12,12#电铲,2018,132.3,516,19.0
2026-04-20,WK-15,15#电铲,2020,131.7,524,19.2
2026-04-20,WK-18,18#电铲,2022,125.6,531,18.5
2026-04-20,WK-20,20#电铲,2012,142.3,492,19.5
2026-04-20,WK-22,22#电铲,2019,127.4,590,20.9
2026-04-20,WK-25,25#电铲,2023,130.6,573,20.8
2026-04-20,WK-28,28#电铲,2016,142.3,483,19.1
2026-04-21,WK-10,10#电铲,2015,145.4,480,19.4
2026-04-21,WK-12,12#电铲,2018,134.5,508,19.0
2026-04-21,WK-15,15#电铲,2020,129.2,534,19.2
2026-04-21,WK-18,18#电铲,2022,124.4,536,18.5
2026-04-21,WK-20,20#电铲,2012,143.8,487,19.5
2026-04-21,WK-22,22#电铲,2019,130.5,576,20.9
2026-04-21,WK-25,25#电铲,2023,128.7,581,20.8
2026-04-21,WK-28,28#电铲,2016,143.7,478,19.1
2026-04-22,WK-10,10#电铲,2015,145.4,480,19.4
2026-04-22,WK-12,12#电铲,2018,131.4,520,19.0
2026-04-22,WK-15,15#电铲,2020,129.7,532,19.2
2026-04-22,WK-18,18#电铲,2022,128.2,520,18.5
2026-04-22,WK-20,20#电铲,2012,143.8,487,19.5
2026-04-22,WK-22,22#电铲,2019,131.7,571,20.9
2026-04-22,WK-25,25#电铲,2023,127.7,586,20.8
2026-04-22,WK-28,28#电铲,2016,143.7,478,19.1
2026-04-23,WK-10,10#电铲,2015,146.1,478,19.4
2026-04-23,WK-12,12#电铲,2018,131.0,521,19.0
2026-04-23,WK-15,15#电铲,2020,128.8,535,19.2
2026-04-23,WK-18,18#电铲,2022,126.2,529,18.5
2026-04-23,WK-20,20#电铲,2012,142.6,491,19.5
2026-04-23,WK-22,22#电铲,2019,128.5,585,20.9
2026-04-23,WK-25,25#电铲,2023,126.0,594,20.8
2026-04-23,WK-28,28#电铲,2016,146.0,471,19.1
2026-04-24,WK-10,10#电铲,2015,143.4,487,19.4
2026-04-24,WK-12,12#电铲,2018,131.3,520,19.0
2026-04-24,WK-15,15#电铲,2020,130.2,530,19.2
2026-04-24,WK-18,18#电铲,2022,129.2,516,18.5
2026-04-24,WK-20,20#电铲,2012,142.8,490,19.5
2026-04-24,WK-22,22#电铲,2019,125.8,598,20.9
2026-04-24,WK-25,25#电铲,2023,127.4,587,20.8
2026-04-24,WK-28,28#电铲,2016,143.1,480,19.1
2026-04-25,WK-10,10#电铲,2015,144.7,482,19.4
2026-04-25,WK-12,12#电铲,2018,128.5,531,19.0
2026-04-25,WK-15,15#电铲,2020,129.6,532,19.2
2026-04-25,WK-18,18#电铲,2022,125.2,533,18.5
2026-04-25,WK-20,20#电铲,2012,143.5,488,19.5
2026-04-25,WK-22,22#电铲,2019,127.0,592,20.9
2026-04-25,WK-25,25#电铲,2023,127.3,588,20.8
2026-04-25,WK-28,28#电铲,2016,143.6,479,19.1
2026-04-26,WK-10,10#电铲,2015,147.3,474,19.4
2026-04-26,WK-12,12#电铲,2018,127.1,537,19.0
2026-04-26,WK-15,15#电铲,2020,129.6,532,19.2
2026-04-26,WK-18,18#电铲,2022,124.6,535,18.5
2026-04-26,WK-20,20#电铲,2012,145.4,481,19.5
2026-04-26,WK-22,22#电铲,2019,124.7,603,20.9
2026-04-26,WK-25,25#电铲,2023,126.7,590,20.8
2026-04-26,WK-28,28#电铲,2016,143.8,478,19.1
2026-04-27,WK-10,10#电铲,2015,142.7,489,19.4
2026-04-27,WK-12,12#电铲,2018,129.6,527,19.0
2026-04-27,WK-15,15#电铲,2020,131.2,526,19.2
2026-04-27,WK-18,18#电铲,2022,126.2,528,18.5
2026-04-27,WK-20,20#电铲,2012,142.5,491,19.5
2026-04-27,WK-22,22#电铲,2019,126.9,593,20.9
2026-04-27,WK-25,25#电铲,2023,129.2,579,20.8
2026-04-27,WK-28,28#电铲,2016,144.1,477,19.1
2026-04-28,WK-10,10#电铲,2015,144.1,484,19.4
2026-04-28,WK-12,12#电铲,2018,130.5,523,19.0
2026-04-28,WK-15,15#电铲,2020,129.3,534,19.2
2026-04-28,WK-18,18#电铲,2022,127.8,522,18.5
2026-04-28,WK-20,20#电铲,2012,144.8,484,19.5
2026-04-28,WK-22,22#电铲,2019,127.5,590,20.9
2026-04-28,WK-25,25#电铲,2023,127.0,589,20.8
2026-04-28,WK-28,28#电铲,2016,142.4,483,19.1
2026-04-29,WK-10,10#电铲,2015,143.9,485,19.4
2026-04-29,WK-12,12#电铲,2018,130.0,525,19.0
2026-04-29,WK-15,15#电铲,2020,130.3,529,19.2
2026-04-29,WK-18,18#电铲,2022,125.1,533,18.5
2026-04-29,WK-20,20#电铲,2012,145.5,481,19.5
2026-04-29,WK-22,22#电铲,2019,129.8,579,20.9
2026-04-29,WK-25,25#电铲,2023,128.0,584,20.8
2026-04-29,WK-28,28#电铲,2016,144.9,474,19.1
2026-04-30,WK-10,10#电铲,2015,144.8,482,19.4
2026-04-30,WK-12,12#电铲,2018,127.7,535,19.0
2026-04-30,WK-15,15#电铲,2020,130.5,528,19.2
2026-04-30,WK-18,18#电铲,2022,127.7,522,18.5
2026-04-30,WK-20,20#电铲,2012,143.6,487,19.5
2026-04-30,WK-22,22#电铲,2019,129.9,579,20.9
2026-04-30,WK-25,25#电铲,2023,125.7,595,20.8
2026-04-30,WK-28,28#电铲,2016,143.0,481,19.1
2026-05-01,WK-10,10#电铲,2015,143.8,485,19.4
2026-05-01,WK-12,12#电铲,2018,129.9,526,19.0
2026-05-01,WK-15,15#电铲,2020,129.2,534,19.2
2026-05-01,WK-18,18#电铲,2022,125.9,530,18.5
2026-05-01,WK-20,20#电铲,2012,144.8,484,19.5
2026-05-01,WK-22,22#电铲,2019,130.7,575,20.9
2026-05-01,WK-25,25#电铲,2023,122.7,610,20.8
2026-05-01,WK-28,28#电铲,2016,142.3,483,19.1
2026-05-02,WK-10,10#电铲,2015,145.5,480,19.4
2026-05-02,WK-12,12#电铲,2018,127.4,536,19.0
2026-05-02,WK-15,15#电铲,2020,132.7,520,19.2
2026-05-02,WK-18,18#电铲,2022,124.9,534,18.5
2026-05-02,WK-20,20#电铲,2012,144.0,486,19.5
2026-05-02,WK-22,22#电铲,2019,129.9,579,20.9
2026-05-02,WK-25,25#电铲,2023,123.9,604,20.8
2026-05-02,WK-28,28#电铲,2016,143.2,480,19.1
2026-05-03,WK-10,10#电铲,2015,144.3,484,19.4
2026-05-03,WK-12,12#电铲,2018,129.8,526,19.0
2026-05-03,WK-15,15#电铲,2020,130.1,530,19.2
2026-05-03,WK-18,18#电铲,2022,126.3,528,18.5
2026-05-03,WK-20,20#电铲,2012,144.6,484,19.5
2026-05-03,WK-22,22#电铲,2019,130.5,576,20.9
2026-05-03,WK-25,25#电铲,2023,126.4,592,20.8
2026-05-03,WK-28,28#电铲,2016,141.1,487,19.1
2026-05-04,WK-10,10#电铲,2015,142.9,488,19.4
2026-05-04,WK-12,12#电铲,2018,127.5,535,19.0
2026-05-04,WK-15,15#电铲,2020,131.1,526,19.2
2026-05-04,WK-18,18#电铲,2022,125.7,531,18.5
2026-05-04,WK-20,20#电铲,2012,142.4,492,19.5
2026-05-04,WK-22,22#电铲,2019,129.3,582,20.9
2026-05-04,WK-25,25#电铲,2023,128.0,585,20.8
2026-05-04,WK-28,28#电铲,2016,146.7,469,19.1
2026-05-05,WK-10,10#电铲,2015,143.3,487,19.4
2026-05-05,WK-12,12#电铲,2018,128.1,533,19.0
2026-05-05,WK-15,15#电铲,2020,130.9,527,19.2
2026-05-05,WK-18,18#电铲,2022,125.6,531,18.5
2026-05-05,WK-20,20#电铲,2012,142.5,491,19.5
2026-05-05,WK-22,22#电铲,2019,128.5,585,20.9
2026-05-05,WK-25,25#电铲,2023,130.6,573,20.8
2026-05-05,WK-28,28#电铲,2016,147.5,466,19.1
2026-05-06,WK-10,10#电铲,2015,143.9,485,19.4
2026-05-06,WK-12,12#电铲,2018,129.2,528,19.0
2026-05-06,WK-15,15#电铲,2020,130.1,530,19.2
2026-05-06,WK-18,18#电铲,2022,124.0,538,18.5
2026-05-06,WK-20,20#电铲,2012,143.8,487,19.5
2026-05-06,WK-22,22#电铲,2019,126.7,594,20.9
2026-05-06,WK-25,25#电铲,2023,130.1,575,20.8
2026-05-06,WK-28,28#电铲,2016,144.8,475,19.1
2026-05-07,WK-10,10#电铲,2015,145.1,481,19.4
2026-05-07,WK-12,12#电铲,2018,129.9,526,19.0
2026-05-07,WK-15,15#电铲,2020,128.2,538,19.2
2026-05-07,WK-18,18#电铲,2022,128.9,517,18.5
2026-05-07,WK-20,20#电铲,2012,146.5,478,19.5
2026-05-07,WK-22,22#电铲,2019,126.9,593,20.9
2026-05-07,WK-25,25#电铲,2023,128.8,581,20.8
2026-05-07,WK-28,28#电铲,2016,143.9,478,19.1
2026-05-08,WK-10,10#电铲,2015,145.7,479,19.4
2026-05-08,WK-12,12#电铲,2018,129.9,526,19.0
2026-05-08,WK-15,15#电铲,2020,129.1,534,19.2
2026-05-08,WK-18,18#电铲,2022,128.7,518,18.5
2026-05-08,WK-20,20#电铲,2012,141.8,494,19.5
2026-05-08,WK-22,22#电铲,2019,127.4,590,20.9
2026-05-08,WK-25,25#电铲,2023,128.8,581,20.8
2026-05-08,WK-28,28#电铲,2016,143.2,480,19.1
2026-05-09,WK-10,10#电铲,2015,143.9,485,19.4
2026-05-09,WK-12,12#电铲,2018,127.8,534,19.0
2026-05-09,WK-15,15#电铲,2020,128.1,539,19.2
2026-05-09,WK-18,18#电铲,2022,122.9,543,18.5
2026-05-09,WK-20,20#电铲,2012,142.9,490,19.5
2026-05-09,WK-22,22#电铲,2019,127.6,589,20.9
2026-05-09,WK-25,25#电铲,2023,129.2,579,20.8
2026-05-09,WK-28,28#电铲,2016,143.3,480,19.1
2026-05-10,WK-10,10#电铲,2015,142.4,490,19.4
2026-05-10,WK-12,12#电铲,2018,130.0,525,19.0
2026-05-10,WK-15,15#电铲,2020,126.1,547,19.2
2026-05-10,WK-18,18#电铲,2022,122.7,544,18.5
2026-05-10,WK-20,20#电铲,2012,143.5,488,19.5
2026-05-10,WK-22,22#电铲,2019,127.7,589,20.9
2026-05-10,WK-25,25#电铲,2023,126.2,593,20.8
2026-05-10,WK-28,28#电铲,2016,146.1,471,19.1
2026-05-11,WK-10,10#电铲,2015,143.5,487,19.4
2026-05-11,WK-12,12#电铲,2018,126.2,541,19.0
2026-05-11,WK-15,15#电铲,2020,128.3,537,19.2
2026-05-11,WK-18,18#电铲,2022,123.2,541,18.5
2026-05-11,WK-20,20#电铲,2012,144.5,485,19.5
2026-05-11,WK-22,22#电铲,2019,128.2,587,20.9
2026-05-11,WK-25,25#电铲,2023,124.6,600,20.8
2026-05-11,WK-28,28#电铲,2016,144.8,475,19.1
2026-05-12,WK-10,10#电铲,2015,144.8,482,19.4
2026-05-12,WK-12,12#电铲,2018,128.2,533,19.0
2026-05-12,WK-15,15#电铲,2020,129.5,533,19.2
2026-05-12,WK-18,18#电铲,2022,125.8,530,18.5
2026-05-12,WK-20,20#电铲,2012,143.6,488,19.5
2026-05-12,WK-22,22#电铲,2019,127.9,588,20.9
2026-05-12,WK-25,25#电铲,2023,125.3,597,20.8
2026-05-12,WK-28,28#电铲,2016,145.7,472,19.1
2026-05-13,WK-10,10#电铲,2015,146.1,478,19.4
2026-05-13,WK-12,12#电铲,2018,128.8,530,19.0
2026-05-13,WK-15,15#电铲,2020,130.1,530,19.2
2026-05-13,WK-18,18#电铲,2022,125.4,532,18.5
2026-05-13,WK-20,20#电铲,2012,145.6,481,19.5
2026-05-13,WK-22,22#电铲,2019,126.8,593,20.9
2026-05-13,WK-25,25#电铲,2023,125.6,595,20.8
2026-05-13,WK-28,28#电铲,2016,147.0,468,19.1
2026-05-14,WK-10,10#电铲,2015,145.2,481,19.4
2026-05-14,WK-12,12#电铲,2018,129.3,528,19.0
2026-05-14,WK-15,15#电铲,2020,131.5,524,19.2
2026-05-14,WK-18,18#电铲,2022,126.7,526,18.5
2026-05-14,WK-20,20#电铲,2012,147.9,473,19.5
2026-05-14,WK-22,22#电铲,2019,127.8,588,20.9
2026-05-14,WK-25,25#电铲,2023,124.0,603,20.8
2026-05-14,WK-28,28#电铲,2016,145.3,473,19.1
2026-05-15,WK-10,10#电铲,2015,143.4,487,19.4
2026-05-15,WK-12,12#电铲,2018,126.8,539,19.0
2026-05-15,WK-15,15#电铲,2020,129.4,533,19.2
2026-05-15,WK-18,18#电铲,2022,123.2,541,18.5
2026-05-15,WK-20,20#电铲,2012,144.3,485,19.5
2026-05-15,WK-22,22#电铲,2019,129.4,581,20.9
2026-05-15,WK-25,25#电铲,2023,126.2,593,20.8
2026-05-15,WK-28,28#电铲,2016,145.5,473,19.1
2026-05-16,WK-10,10#电铲,2015,146.7,476,19.4
2026-05-16,WK-12,12#电铲,2018,129.2,528,19.0
2026-05-16,WK-15,15#电铲,2020,129.3,533,19.2
2026-05-16,WK-18,18#电铲,2022,123.3,541,18.5
2026-05-16,WK-20,20#电铲,2012,144.0,486,19.5
2026-05-16,WK-22,22#电铲,2019,130.2,577,20.9
2026-05-16,WK-25,25#电铲,2023,125.7,595,20.8
2026-05-16,WK-28,28#电铲,2016,142.8,482,19.1
2026-05-17,WK-10,10#电铲,2015,143.8,485,19.4
2026-05-17,WK-12,12#电铲,2018,127.3,536,19.0
2026-05-17,WK-15,15#电铲,2020,129.2,534,19.2
2026-05-17,WK-18,18#电铲,2022,124.5,536,18.5
2026-05-17,WK-20,20#电铲,2012,147.1,476,19.5
2026-05-17,WK-22,22#电铲,2019,127.9,588,20.9
2026-05-17,WK-25,25#电铲,2023,124.2,602,20.8
2026-05-17,WK-28,28#电铲,2016,143.4,479,19.1
2026-05-18,WK-10,10#电铲,2015,144.5,483,19.4
2026-05-18,WK-12,12#电铲,2018,129.1,529,19.0
2026-05-18,WK-15,15#电铲,2020,129.9,531,19.2
2026-05-18,WK-18,18#电铲,2022,125.0,533,18.5
2026-05-18,WK-20,20#电铲,2012,145.6,481,19.5
2026-05-18,WK-22,22#电铲,2019,127.8,589,20.9
2026-05-18,WK-25,25#电铲,2023,126.2,593,20.8
2026-05-18,WK-28,28#电铲,2016,142.5,483,19.1
2026-05-19,WK-10,10#电铲,2015,140.9,495,19.4
2026-05-19,WK-12,12#电铲,2018,128.7,531,19.0
2026-05-19,WK-15,15#电铲,2020,128.1,538,19.2
2026-05-19,WK-18,18#电铲,2022,126.2,529,18.5
2026-05-19,WK-20,20#电铲,2012,144.4,485,19.5
2026-05-19,WK-22,22#电铲,2019,124.0,607,20.9
2026-05-19,WK-25,25#电铲,2023,125.2,597,20.8
2026-05-19,WK-28,28#电铲,2016,142.1,484,19.1
2026-05-20,WK-10,10#电铲,2015,141.8,492,19.4
2026-05-20,WK-12,12#电铲,2018,127.9,534,19.0
2026-05-20,WK-15,15#电铲,2020,130.6,528,19.2
2026-05-20,WK-18,18#电铲,2022,124.9,534,18.5
2026-05-20,WK-20,20#电铲,2012,143.4,488,19.5
2026-05-20,WK-22,22#电铲,2019,121.4,619,20.9
2026-05-20,WK-25,25#电铲,2023,126.6,591,20.8
2026-05-20,WK-28,28#电铲,2016,141.6,486,19.1
2026-05-21,WK-10,10#电铲,2015,141.7,493,19.4
2026-05-21,WK-12,12#电铲,2018,126.7,539,19.0
2026-05-21,WK-15,15#电铲,2020,130.0,531,19.2
2026-05-21,WK-18,18#电铲,2022,123.6,540,18.5
2026-05-21,WK-20,20#电铲,2012,141.5,495,19.5
2026-05-21,WK-22,22#电铲,2019,124.4,605,20.9
2026-05-21,WK-25,25#电铲,2023,130.2,575,20.8
2026-05-21,WK-28,28#电铲,2016,146.6,469,19.1
2026-05-22,WK-10,10#电铲,2015,144.0,485,19.4
2026-05-22,WK-12,12#电铲,2018,129.0,529,19.0
2026-05-22,WK-15,15#电铲,2020,129.0,535,19.2
2026-05-22,WK-18,18#电铲,2022,123.3,541,18.5
2026-05-22,WK-20,20#电铲,2012,142.1,493,19.5
2026-05-22,WK-22,22#电铲,2019,126.1,596,20.9
2026-05-22,WK-25,25#电铲,2023,127.8,585,20.8
2026-05-22,WK-28,28#电铲,2016,144.4,476,19.1
2026-05-23,WK-10,10#电铲,2015,142.6,490,19.4
2026-05-23,WK-12,12#电铲,2018,127.3,536,19.0
2026-05-23,WK-15,15#电铲,2020,130.9,527,19.2
2026-05-23,WK-18,18#电铲,2022,122.4,545,18.5
2026-05-23,WK-20,20#电铲,2012,139.9,501,19.5
2026-05-23,WK-22,22#电铲,2019,127.4,590,20.9
2026-05-23,WK-25,25#电铲,2023,123.9,604,20.8
2026-05-23,WK-28,28#电铲,2016,142.2,484,19.1
2026-05-24,WK-10,10#电铲,2015,143.7,486,19.4
2026-05-24,WK-12,12#电铲,2018,125.7,543,19.0
2026-05-24,WK-15,15#电铲,2020,128.6,537,19.2
2026-05-24,WK-18,18#电铲,2022,124.7,535,18.5
2026-05-24,WK-20,20#电铲,2012,144.3,485,19.5
2026-05-24,WK-22,22#电铲,2019,128.2,587,20.9
2026-05-24,WK-25,25#电铲,2023,126.0,594,20.8
2026-05-24,WK-28,28#电铲,2016,140.9,488,19.1
2026-05-25,WK-10,10#电铲,2015,142.3,491,19.4
2026-05-25,WK-12,12#电铲,2018,127.6,535,19.0
2026-05-25,WK-15,15#电铲,2020,128.6,536,19.2
2026-05-25,WK-18,18#电铲,2022,124.4,536,18.5
2026-05-25,WK-20,20#电铲,2012,142.2,492,19.5
2026-05-25,WK-22,22#电铲,2019,127.7,589,20.9
2026-05-25,WK-25,25#电铲,2023,125.7,595,20.8
2026-05-25,WK-28,28#电铲,2016,142.5,482,19.1
2026-05-26,WK-10,10#电铲,2015,142.8,489,19.4
2026-05-26,WK-12,12#电铲,2018,129.4,527,19.0
2026-05-26,WK-15,15#电铲,2020,129.7,532,19.2
2026-05-26,WK-18,18#电铲,2022,122.9,543,18.5
2026-05-26,WK-20,20#电铲,2012,142.4,492,19.5
2026-05-26,WK-22,22#电铲,2019,126.7,593,20.9
2026-05-26,WK-25,25#电铲,2023,124.1,603,20.8
2026-05-26,WK-28,28#电铲,2016,141.4,486,19.1
2026-05-27,WK-10,10#电铲,2015,142.3,491,19.4
2026-05-27,WK-12,12#电铲,2018,126.9,538,19.0
2026-05-27,WK-15,15#电铲,2020,129.6,532,19.2
2026-05-27,WK-18,18#电铲,2022,122.8,543,18.5
2026-05-27,WK-20,20#电铲,2012,144.2,486,19.5
2026-05-27,WK-22,22#电铲,2019,128.4,586,20.9
2026-05-27,WK-25,25#电铲,2023,122.4,611,20.8
2026-05-27,WK-28,28#电铲,2016,143.9,478,19.1
2026-05-28,WK-10,10#电铲,2015,143.8,485,19.4
2026-05-28,WK-12,12#电铲,2018,130.4,524,19.0
2026-05-28,WK-15,15#电铲,2020,130.1,530,19.2
2026-05-28,WK-18,18#电铲,2022,122.7,544,18.5
2026-05-28,WK-20,20#电铲,2012,141.3,496,19.5
2026-05-28,WK-22,22#电铲,2019,126.4,595,20.9
2026-05-28,WK-25,25#电铲,2023,125.6,596,20.8
2026-05-28,WK-28,28#电铲,2016,145.8,471,19.1
2026-05-29,WK-10,10#电铲,2015,143.0,488,19.4
2026-05-29,WK-12,12#电铲,2018,129.6,527,19.0
2026-05-29,WK-15,15#电铲,2020,132.8,520,19.2
2026-05-29,WK-18,18#电铲,2022,122.7,544,18.5
2026-05-29,WK-20,20#电铲,2012,141.3,496,19.5
2026-05-29,WK-22,22#电铲,2019,128.1,587,20.9
2026-05-29,WK-25,25#电铲,2023,126.2,593,20.8
2026-05-29,WK-28,28#电铲,2016,143.5,479,19.1
2026-05-30,WK-10,10#电铲,2015,141.8,492,19.4
2026-05-30,WK-12,12#电铲,2018,128.4,532,19.0
2026-05-30,WK-15,15#电铲,2020,130.1,530,19.2
2026-05-30,WK-18,18#电铲,2022,123.8,539,18.5
2026-05-30,WK-20,20#电铲,2012,143.2,489,19.5
2026-05-30,WK-22,22#电铲,2019,126.6,594,20.9
2026-05-30,WK-25,25#电铲,2023,126.1,593,20.8
2026-05-30,WK-28,28#电铲,2016,145.9,471,19.1
2026-05-31,WK-10,10#电铲,2015,141.6,493,19.4
2026-05-31,WK-12,12#电铲,2018,126.5,540,19.0
2026-05-31,WK-15,15#电铲,2020,130.8,528,19.2
2026-05-31,WK-18,18#电铲,2022,123.3,541,18.5
2026-05-31,WK-20,20#电铲,2012,142.4,492,19.5
2026-05-31,WK-22,22#电铲,2019,124.6,604,20.9
2026-05-31,WK-25,25#电铲,2023,126.3,592,20.8
2026-05-31,WK-28,28#电铲,2016,140.4,490,19.1
2026-06-01,WK-10,10#电铲,2015,143.5,487,19.4
2026-06-01,WK-12,12#电铲,2018,124.5,549,19.0
2026-06-01,WK-15,15#电铲,2020,128.5,537,19.2
2026-06-01,WK-18,18#电铲,2022,125.3,532,18.5
2026-06-01,WK-20,20#电铲,2012,145.2,482,19.5
2026-06-01,WK-22,22#电铲,2019,126.5,594,20.9
2026-06-01,WK-25,25#电铲,2023,126.4,592,20.8
2026-06-01,WK-28,28#电铲,2016,144.1,477,19.1
2026-06-02,WK-10,10#电铲,2015,143.5,486,19.4
2026-06-02,WK-12,12#电铲,2018,123.2,554,19.0
2026-06-02,WK-15,15#电铲,2020,127.2,542,19.2
2026-06-02,WK-18,18#电铲,2022,122.0,547,18.5
2026-06-02,WK-20,20#电铲,2012,143.3,489,19.5
2026-06-02,WK-22,22#电铲,2019,127.5,590,20.9
2026-06-02,WK-25,25#电铲,2023,127.2,588,20.8
2026-06-02,WK-28,28#电铲,2016,145.5,472,19.1
2026-06-03,WK-10,10#电铲,2015,145.3,481,19.4
2026-06-03,WK-12,12#电铲,2018,126.2,541,19.0
2026-06-03,WK-15,15#电铲,2020,124.5,554,19.2
2026-06-03,WK-18,18#电铲,2022,124.2,537,18.5
2026-06-03,WK-20,20#电铲,2012,141.8,494,19.5
2026-06-03,WK-22,22#电铲,2019,126.9,593,20.9
2026-06-03,WK-25,25#电铲,2023,125.9,594,20.8
2026-06-03,WK-28,28#电铲,2016,143.2,480,19.1
2026-06-04,WK-10,10#电铲,2015,141.5,493,19.4
2026-06-04,WK-12,12#电铲,2018,126.4,540,19.0
2026-06-04,WK-15,15#电铲,2020,128.4,537,19.2
2026-06-04,WK-18,18#电铲,2022,120.7,553,18.5
2026-06-04,WK-20,20#电铲,2012,140.2,500,19.5
2026-06-04,WK-22,22#电铲,2019,128.2,587,20.9
2026-06-04,WK-25,25#电铲,2023,126.2,593,20.8
2026-06-04,WK-28,28#电铲,2016,143.3,480,19.1
2026-06-05,WK-10,10#电铲,2015,141.4,494,19.4
2026-06-05,WK-12,12#电铲,2018,128.8,530,19.0
2026-06-05,WK-15,15#电铲,2020,126.4,546,19.2
2026-06-05,WK-18,18#电铲,2022,121.4,550,18.5
2026-06-05,WK-20,20#电铲,2012,139.8,501,19.5
2026-06-05,WK-22,22#电铲,2019,127.0,592,20.9
2026-06-05,WK-25,25#电铲,2023,126.1,593,20.8
2026-06-05,WK-28,28#电铲,2016,146.1,471,19.1
2026-06-06,WK-10,10#电铲,2015,139.8,499,19.4
2026-06-06,WK-12,12#电铲,2018,128.8,530,19.0
2026-06-06,WK-15,15#电铲,2020,129.8,531,19.2
2026-06-06,WK-18,18#电铲,2022,119.1,560,18.5
2026-06-06,WK-20,20#电铲,2012,140.1,500,19.5
2026-06-06,WK-22,22#电铲,2019,123.7,608,20.9
2026-06-06,WK-25,25#电铲,2023,122.5,611,20.8
2026-06-06,WK-28,28#电铲,2016,143.7,478,19.1
2026-06-07,WK-10,10#电铲,2015,143.3,487,19.4
2026-06-07,WK-12,12#电铲,2018,129.4,528,19.0
2026-06-07,WK-15,15#电铲,2020,127.0,543,19.2
2026-06-07,WK-18,18#电铲,2022,122.6,544,18.5
2026-06-07,WK-20,20#电铲,2012,142.8,490,19.5
2026-06-07,WK-22,22#电铲,2019,126.2,596,20.9
2026-06-07,WK-25,25#电铲,2023,126.2,593,20.8
2026-06-07,WK-28,28#电铲,2016,144.1,477,19.1
2026-06-08,WK-10,10#电铲,2015,144.0,485,19.4
2026-06-08,WK-12,12#电铲,2018,129.9,526,19.0
2026-06-08,WK-15,15#电铲,2020,128.4,537,19.2
2026-06-08,WK-18,18#电铲,2022,123.9,538,18.5
2026-06-08,WK-20,20#电铲,2012,138.1,507,19.5
2026-06-08,WK-22,22#电铲,2019,127.2,591,20.9
2026-06-08,WK-25,25#电铲,2023,126.4,592,20.8
2026-06-08,WK-28,28#电铲,2016,140.6,489,19.1
2026-06-09,WK-10,10#电铲,2015,144.8,482,19.4
2026-06-09,WK-12,12#电铲,2018,130.2,524,19.0
2026-06-09,WK-15,15#电铲,2020,129.9,531,19.2
2026-06-09,WK-18,18#电铲,2022,127.4,524,18.5
2026-06-09,WK-20,20#电铲,2012,142.7,491,19.5
2026-06-09,WK-22,22#电铲,2019,127.3,591,20.9
2026-06-09,WK-25,25#电铲,2023,123.2,607,20.8
2026-06-09,WK-28,28#电铲,2016,143.3,480,19.1
2026-06-10,WK-10,10#电铲,2015,142.3,491,19.4
2026-06-10,WK-12,12#电铲,2018,130.0,525,19.0
2026-06-10,WK-15,15#电铲,2020,130.7,528,19.2
2026-06-10,WK-18,18#电铲,2022,124.6,535,18.5
2026-06-10,WK-20,20#电铲,2012,141.9,493,19.5
2026-06-10,WK-22,22#电铲,2019,127.5,590,20.9
2026-06-10,WK-25,25#电铲,2023,123.1,608,20.8
2026-06-10,WK-28,28#电铲,2016,144.0,477,19.1
2026-06-11,WK-10,10#电铲,2015,143.6,486,19.4
2026-06-11,WK-12,12#电铲,2018,126.2,541,19.0
2026-06-11,WK-15,15#电铲,2020,129.2,534,19.2
2026-06-11,WK-18,18#电铲,2022,123.2,542,18.5
2026-06-11,WK-20,20#电铲,2012,141.1,496,19.5
2026-06-11,WK-22,22#电铲,2019,127.8,588,20.9
2026-06-11,WK-25,25#电铲,2023,125.5,596,20.8
2026-06-11,WK-28,28#电铲,2016,143.1,480,19.1
2026-06-12,WK-10,10#电铲,2015,142.1,491,19.4
2026-06-12,WK-12,12#电铲,2018,125.3,545,19.0
2026-06-12,WK-15,15#电铲,2020,130.3,529,19.2
2026-06-12,WK-18,18#电铲,2022,120.8,552,18.5
2026-06-12,WK-20,20#电铲,2012,139.3,503,19.5
2026-06-12,WK-22,22#电铲,2019,125.8,598,20.9
2026-06-12,WK-25,25#电铲,2023,126.4,592,20.8
2026-06-12,WK-28,28#电铲,2016,142.0,484,19.1
2026-06-13,WK-10,10#电铲,2015,143.7,486,19.4
2026-06-13,WK-12,12#电铲,2018,128.8,530,19.0
2026-06-13,WK-15,15#电铲,2020,129.4,533,19.2
2026-06-13,WK-18,18#电铲,2022,120.9,552,18.5
2026-06-13,WK-20,20#电铲,2012,139.1,503,19.5
2026-06-13,WK-22,22#电铲,2019,126.1,596,20.9
2026-06-13,WK-25,25#电铲,2023,126.9,590,20.8
2026-06-13,WK-28,28#电铲,2016,142.4,483,19.1
2026-06-14,WK-10,10#电铲,2015,143.2,488,19.4
2026-06-14,WK-12,12#电铲,2018,127.1,537,19.0
2026-06-14,WK-15,15#电铲,2020,128.4,537,19.2
2026-06-14,WK-18,18#电铲,2022,125.1,533,18.5
2026-06-14,WK-20,20#电铲,2012,139.9,501,19.5
2026-06-14,WK-22,22#电铲,2019,127.4,590,20.9
2026-06-14,WK-25,25#电铲,2023,126.1,593,20.8
2026-06-14,WK-28,28#电铲,2016,141.2,487,19.1
2026-06-15,WK-10,10#电铲,2015,139.6,500,19.4
2026-06-15,WK-12,12#电铲,2018,129.2,528,19.0
2026-06-15,WK-15,15#电铲,2020,126.7,544,19.2
2026-06-15,WK-18,18#电铲,2022,127.0,525,18.5
2026-06-15,WK-20,20#电铲,2012,141.0,496,19.5
2026-06-15,WK-22,22#电铲,2019,124.5,604,20.9
2026-06-15,WK-25,25#电铲,2023,126.1,593,20.8
2026-06-15,WK-28,28#电铲,2016,141.4,486,19.1
2026-06-16,WK-10,10#电铲,2015,140.7,496,19.4
2026-06-16,WK-12,12#电铲,2018,127.5,535,19.0
2026-06-16,WK-15,15#电铲,2020,129.1,534,19.2
2026-06-16,WK-18,18#电铲,2022,124.4,536,18.5
2026-06-16,WK-20,20#电铲,2012,141.7,494,19.5
2026-06-16,WK-22,22#电铲,2019,127.0,592,20.9
2026-06-16,WK-25,25#电铲,2023,123.1,608,20.8
2026-06-16,WK-28,28#电铲,2016,140.2,490,19.1
2026-06-17,WK-10,10#电铲,2015,140.9,495,19.4
2026-06-17,WK-12,12#电铲,2018,126.7,539,19.0
2026-06-17,WK-15,15#电铲,2020,127.4,541,19.2
2026-06-17,WK-18,18#电铲,2022,125.8,530,18.5
2026-06-17,WK-20,20#电铲,2012,139.9,501,19.5
2026-06-17,WK-22,22#电铲,2019,127.0,592,20.9
2026-06-17,WK-25,25#电铲,2023,124.0,603,20.8
2026-06-17,WK-28,28#电铲,2016,143.5,479,19.1
2026-06-18,WK-10,10#电铲,2015,141.5,493,19.4
2026-06-18,WK-12,12#电铲,2018,129.7,526,19.0
2026-06-18,WK-15,15#电铲,2020,126.6,545,19.2
2026-06-18,WK-18,18#电铲,2022,124.1,538,18.5
2026-06-18,WK-20,20#电铲,2012,141.7,494,19.5
2026-06-18,WK-22,22#电铲,2019,204.9,111,6.3
2026-06-18,WK-25,25#电铲,2023,122.0,613,20.8
2026-06-18,WK-28,28#电铲,2016,140.9,488,19.1
2026-06-19,WK-10,10#电铲,2015,142.7,489,19.4
2026-06-19,WK-12,12#电铲,2018,127.9,534,19.0
2026-06-19,WK-15,15#电铲,2020,126.4,546,19.2
2026-06-19,WK-18,18#电铲,2022,124.2,537,18.5
2026-06-19,WK-20,20#电铲,2012,140.7,498,19.5
2026-06-19,WK-22,22#电铲,2019,124.8,603,20.9
2026-06-19,WK-25,25#电铲,2023,124.4,601,20.8
2026-06-19,WK-28,28#电铲,2016,140.3,490,19.1
2026-06-20,WK-10,10#电铲,2015,138.4,505,19.4
2026-06-20,WK-12,12#电铲,2018,127.6,535,19.0
2026-06-20,WK-15,15#电铲,2020,130.4,529,19.2
2026-06-20,WK-18,18#电铲,2022,123.9,538,18.5
2026-06-20,WK-20,20#电铲,2012,142.3,492,19.5
2026-06-20,WK-22,22#电铲,2019,126.3,595,20.9
2026-06-20,WK-25,25#电铲,2023,124.7,600,20.8
2026-06-20,WK-28,28#电铲,2016,139.8,492,19.1
2026-06-21,WK-10,10#电铲,2015,141.8,492,19.4
2026-06-21,WK-12,12#电铲,2018,127.2,537,19.0
2026-06-21,WK-15,15#电铲,2020,127.2,542,19.2
2026-06-21,WK-18,18#电铲,2022,126.0,529,18.5
2026-06-21,WK-20,20#电铲,2012,140.9,497,19.5
2026-06-21,WK-22,22#电铲,2019,126.3,595,20.9
2026-06-21,WK-25,25#电铲,2023,126.9,589,20.8
2026-06-21,WK-28,28#电铲,2016,143.0,481,19.1
2026-06-22,WK-10,10#电铲,2015,144.2,484,19.4
2026-06-22,WK-12,12#电铲,2018,128.1,533,19.0
2026-06-22,WK-15,15#电铲,2020,126.6,545,19.2
2026-06-22,WK-18,18#电铲,2022,123.8,539,18.5
2026-06-22,WK-20,20#电铲,2012,140.9,497,19.5
2026-06-22,WK-22,22#电铲,2019,126.1,597,20.9
2026-06-22,WK-25,25#电铲,2023,124.6,600,20.8
2026-06-22,WK-28,28#电铲,2016,142.7,482,19.1
2026-06-23,WK-10,10#电铲,2015,143.9,485,19.4
2026-06-23,WK-12,12#电铲,2018,128.8,530,19.0
2026-06-23,WK-15,15#电铲,2020,125.4,550,19.2
2026-06-23,WK-18,18#电铲,2022,123.7,539,18.5
2026-06-23,WK-20,20#电铲,2012,140.2,500,19.5
2026-06-23,WK-22,22#电铲,2019,123.7,608,20.9
2026-06-23,WK-25,25#电铲,2023,121.7,615,20.8
2026-06-23,WK-28,28#电铲,2016,144.6,475,19.1
2026-06-24,WK-10,10#电铲,2015,142.9,488,19.4
2026-06-24,WK-12,12#电铲,2018,125.8,543,19.0
2026-06-24,WK-15,15#电铲,2020,125.7,549,19.2
2026-06-24,WK-18,18#电铲,2022,121.2,550,18.5
2026-06-24,WK-20,20#电铲,2012,140.0,500,19.5
2026-06-24,WK-22,22#电铲,2019,123.7,608,20.9
2026-06-24,WK-25,25#电铲,2023,123.4,606,20.8
2026-06-24,WK-28,28#电铲,2016,142.8,482,19.1
2026-06-25,WK-10,10#电铲,2015,141.8,492,19.4
2026-06-25,WK-12,12#电铲,2018,127.4,536,19.0
2026-06-25,WK-15,15#电铲,2020,128.4,537,19.2
2026-06-25,WK-18,18#电铲,2022,120.8,552,18.5
2026-06-25,WK-20,20#电铲,2012,139.6,501,19.5
2026-06-25,WK-22,22#电铲,2019,125.9,597,20.9
2026-06-25,WK-25,25#电铲,2023,123.4,606,20.8
2026-06-25,WK-28,28#电铲,2016,142.4,483,19.1
2026-06-26,WK-10,10#电铲,2015,140.7,496,19.4
2026-06-26,WK-12,12#电铲,2018,184.6,207,10.6
2026-06-26,WK-15,15#电铲,2020,127.0,543,19.2
2026-06-26,WK-18,18#电铲,2022,120.3,554,18.5
2026-06-26,WK-20,20#电铲,2012,138.6,505,19.5
2026-06-26,WK-22,22#电铲,2019,127.8,588,20.9
2026-06-26,WK-25,25#电铲,2023,123.8,604,20.8
2026-06-26,WK-28,28#电铲,2016,141.1,487,19.1
2026-06-27,WK-10,10#电铲,2015,142.4,490,19.4
2026-06-27,WK-12,12#电铲,2018,128.1,533,19.0
2026-06-27,WK-15,15#电铲,2020,125.7,549,19.2
2026-06-27,WK-18,18#电铲,2022,120.4,554,18.5
2026-06-27,WK-20,20#电铲,2012,139.2,503,19.5
2026-06-27,WK-22,22#电铲,2019,128.0,588,20.9
2026-06-27,WK-25,25#电铲,2023,121.6,615,20.8
2026-06-27,WK-28,28#电铲,2016,137.4,500,19.1
2026-06-28,WK-10,10#电铲,2015,143.7,486,19.4
2026-06-28,WK-12,12#电铲,2018,124.5,548,19.0
2026-06-28,WK-15,15#电铲,2020,126.6,545,19.2
2026-06-28,WK-18,18#电铲,2022,120.8,552,18.5
2026-06-28,WK-20,20#电铲,2012,140.8,497,19.5
2026-06-28,WK-22,22#电铲,2019,126.5,594,20.9
2026-06-28,WK-25,25#电铲,2023,123.5,606,20.8
2026-06-28,WK-28,28#电铲,2016,139.2,494,19.1
2026-06-29,WK-10,10#电铲,2015,141.5,494,19.4
2026-06-29,WK-12,12#电铲,2018,127.0,538,19.0
2026-06-29,WK-15,15#电铲,2020,172.3,197,9.5
2026-06-29,WK-18,18#电铲,2022,118.4,563,18.5
2026-06-29,WK-20,20#电铲,2012,141.5,495,19.5
2026-06-29,WK-22,22#电铲,2019,127.8,588,20.9
2026-06-29,WK-25,25#电铲,2023,123.8,604,20.8
2026-06-29,WK-28,28#电铲,2016,138.9,495,19.1
2026-06-30,WK-10,10#电铲,2015,140.5,497,19.4
2026-06-30,WK-12,12#电铲,2018,124.6,548,19.0
2026-06-30,WK-15,15#电铲,2020,127.3,542,19.2
2026-06-30,WK-18,18#电铲,2022,122.1,546,18.5
2026-06-30,WK-20,20#电铲,2012,141.3,496,19.5
2026-06-30,WK-22,22#电铲,2019,124.7,603,20.9
2026-06-30,WK-25,25#电铲,2023,123.4,606,20.8
2026-06-30,WK-28,28#电铲,2016,138.7,496,19.1
2026-07-01,WK-10,10#电铲,2015,141.8,492,19.4
2026-07-01,WK-12,12#电铲,2018,123.8,552,19.0
2026-07-01,WK-15,15#电铲,2020,129.1,534,19.2
2026-07-01,WK-18,18#电铲,2022,122.7,544,18.5
2026-07-01,WK-20,20#电铲,2012,143.1,489,19.5
2026-07-01,WK-22,22#电铲,2019,125.7,598,20.9
2026-07-01,WK-25,25#电铲,2023,123.4,606,20.8
2026-07-01,WK-28,28#电铲,2016,138.2,498,19.1
2026-07-02,WK-10,10#电铲,2015,140.8,496,19.4
2026-07-02,WK-12,12#电铲,2018,122.1,559,19.0
2026-07-02,WK-15,15#电铲,2020,129.4,533,19.2
2026-07-02,WK-18,18#电铲,2022,125.2,533,18.5
2026-07-02,WK-20,20#电铲,2012,142.6,491,19.5
2026-07-02,WK-22,22#电铲,2019,129.4,581,20.9
2026-07-02,WK-25,25#电铲,2023,123.9,604,20.8
2026-07-02,WK-28,28#电铲,2016,139.2,494,19.1
2026-07-03,WK-10,10#电铲,2015,137.9,506,19.4
2026-07-03,WK-12,12#电铲,2018,123.3,554,19.0
2026-07-03,WK-15,15#电铲,2020,127.0,543,19.2
2026-07-03,WK-18,18#电铲,2022,123.0,542,18.5
2026-07-03,WK-20,20#电铲,2012,144.3,485,19.5
2026-07-03,WK-22,22#电铲,2019,126.9,593,20.9
2026-07-03,WK-25,25#电铲,2023,125.7,595,20.8
2026-07-03,WK-28,28#电铲,2016,137.8,499,19.1
2026-07-04,WK-10,10#电铲,2015,138.9,503,19.4
2026-07-04,WK-12,12#电铲,2018,124.0,551,19.0
2026-07-04,WK-15,15#电铲,2020,127.3,542,19.2
2026-07-04,WK-18,18#电铲,2022,122.6,544,18.5
2026-07-04,WK-20,20#电铲,2012,141.2,496,19.5
2026-07-04,WK-22,22#电铲,2019,124.3,605,20.9
2026-07-04,WK-25,25#电铲,2023,123.0,608,20.8
2026-07-04,WK-28,28#电铲,2016,139.6,492,19.1
2026-07-05,WK-10,10#电铲,2015,137.6,507,19.4
2026-07-05,WK-12,12#电铲,2018,124.7,548,19.0
2026-07-05,WK-15,15#电铲,2020,126.8,544,19.2
2026-07-05,WK-18,18#电铲,2022,125.2,533,18.5
2026-07-05,WK-20,20#电铲,2012,143.1,489,19.5
2026-07-05,WK-22,22#电铲,2019,127.4,590,20.9
2026-07-05,WK-25,25#电铲,2023,121.6,615,20.8
2026-07-05,WK-28,28#电铲,2016,138.8,495,19.1
2026-07-06,WK-10,10#电铲,2015,137.7,507,19.4
2026-07-06,WK-12,12#电铲,2018,128.0,534,19.0
2026-07-06,WK-15,15#电铲,2020,126.1,547,19.2
2026-07-06,WK-18,18#电铲,2022,123.1,542,18.5
2026-07-06,WK-20,20#电铲,2012,141.0,497,19.5
2026-07-06,WK-22,22#电铲,2019,128.7,584,20.9
2026-07-06,WK-25,25#电铲,2023,123.5,606,20.8
2026-07-06,WK-28,28#电铲,2016,141.4,486,19.1
2026-07-07,WK-10,10#电铲,2015,137.0,510,19.4
2026-07-07,WK-12,12#电铲,2018,127.7,535,19.0
2026-07-07,WK-15,15#电铲,2020,127.5,541,19.2
2026-07-07,WK-18,18#电铲,2022,122.0,547,18.5
2026-07-07,WK-20,20#电铲,2012,140.6,498,19.5
2026-07-07,WK-22,22#电铲,2019,126.9,593,20.9
2026-07-07,WK-25,25#电铲,2023,123.5,606,20.8
2026-07-07,WK-28,28#电铲,2016,143.4,480,19.1
2026-07-08,WK-10,10#电铲,2015,139.0,502,19.4
2026-07-08,WK-12,12#电铲,2018,124.0,551,19.0
2026-07-08,WK-15,15#电铲,2020,124.5,554,19.2
2026-07-08,WK-18,18#电铲,2022,120.8,552,18.5
2026-07-08,WK-20,20#电铲,2012,144.8,484,19.5
2026-07-08,WK-22,22#电铲,2019,124.8,603,20.9
2026-07-08,WK-25,25#电铲,2023,123.2,607,20.8
2026-07-08,WK-28,28#电铲,2016,141.9,485,19.1
2026-07-09,WK-10,10#电铲,2015,138.9,503,19.4
2026-07-09,WK-12,12#电铲,2018,124.0,551,19.0
2026-07-09,WK-15,15#电铲,2020,125.4,550,19.2
2026-07-09,WK-18,18#电铲,2022,118.9,561,18.5
2026-07-09,WK-20,20#电铲,2012,139.0,504,19.5
2026-07-09,WK-22,22#电铲,2019,124.6,604,20.9
2026-07-09,WK-25,25#电铲,2023,124.5,601,20.8
2026-07-09,WK-28,28#电铲,2016,140.3,490,19.1
2026-07-10,WK-10,10#电铲,2015,138.0,506,19.4
2026-07-10,WK-12,12#电铲,2018,126.0,542,19.0
2026-07-10,WK-15,15#电铲,2020,123.7,558,19.2
2026-07-10,WK-18,18#电铲,2022,121.5,549,18.5
2026-07-10,WK-20,20#电铲,2012,138.1,507,19.5
2026-07-10,WK-22,22#电铲,2019,124.8,602,20.9
2026-07-10,WK-25,25#电铲,2023,125.1,598,20.8
2026-07-10,WK-28,28#电铲,2016,140.7,489,19.1
2026-07-11,WK-10,10#电铲,2015,140.6,497,19.4
2026-07-11,WK-12,12#电铲,2018,123.6,552,19.0
2026-07-11,WK-15,15#电铲,2020,127.4,541,19.2
2026-07-11,WK-18,18#电铲,2022,121.4,549,18.5
2026-07-11,WK-20,20#电铲,2012,139.7,501,19.5
2026-07-11,WK-22,22#电铲,2019,124.5,604,20.9
2026-07-11,WK-25,25#电铲,2023,125.8,595,20.8
2026-07-11,WK-28,28#电铲,2016,139.0,495,19.1
2026-07-12,WK-10,10#电铲,2015,139.7,500,19.4
2026-07-12,WK-12,12#电铲,2018,125.6,543,19.0
2026-07-12,WK-15,15#电铲,2020,126.6,545,19.2
2026-07-12,WK-18,18#电铲,2022,123.3,541,18.5
2026-07-12,WK-20,20#电铲,2012,139.1,503,19.5
2026-07-12,WK-22,22#电铲,2019,124.5,604,20.9
2026-07-12,WK-25,25#电铲,2023,123.3,607,20.8
2026-07-12,WK-28,28#电铲,2016,138.6,496,19.1
2026-07-13,WK-10,10#电铲,2015,138.3,505,19.4
2026-07-13,WK-12,12#电铲,2018,123.5,553,19.0
2026-07-13,WK-15,15#电铲,2020,126.0,547,19.2
2026-07-13,WK-18,18#电铲,2022,122.2,546,18.5
2026-07-13,WK-20,20#电铲,2012,203.1,134,7.6
2026-07-13,WK-22,22#电铲,2019,125.6,599,20.9
2026-07-13,WK-25,25#电铲,2023,123.7,605,20.8
2026-07-13,WK-28,28#电铲,2016,138.4,497,19.1
2026-07-14,WK-10,10#电铲,2015,140.2,498,19.4
2026-07-14,WK-12,12#电铲,2018,125.7,543,19.0
2026-07-14,WK-15,15#电铲,2020,128.0,539,19.2
2026-07-14,WK-18,18#电铲,2022,122.8,543,18.5
2026-07-14,WK-20,20#电铲,2012,136.9,511,19.5
2026-07-14,WK-22,22#电铲,2019,123.5,609,20.9
2026-07-14,WK-25,25#电铲,2023,125.1,598,20.8
2026-07-14,WK-28,28#电铲,2016,137.3,501,19.1
2026-07-15,WK-10,10#电铲,2015,140.9,496,19.4
2026-07-15,WK-12,12#电铲,2018,126.5,540,19.0
2026-07-15,WK-15,15#电铲,2020,128.1,538,19.2
2026-07-15,WK-18,18#电铲,2022,122.9,543,18.5
2026-07-15,WK-20,20#电铲,2012,138.9,504,19.5
2026-07-15,WK-22,22#电铲,2019,123.4,609,20.9
2026-07-15,WK-25,25#电铲,2023,121.6,615,20.8
2026-07-15,WK-28,28#电铲,2016,137.7,499,19.1
2026-07-16,WK-10,10#电铲,2015,143.0,488,19.4
2026-07-16,WK-12,12#电铲,2018,128.6,531,19.0
2026-07-16,WK-15,15#电铲,2020,128.7,536,19.2
2026-07-16,WK-18,18#电铲,2022,121.3,550,18.5
2026-07-16,WK-20,20#电铲,2012,139.6,501,19.5
2026-07-16,WK-22,22#电铲,2019,125.6,599,20.9
2026-07-16,WK-25,25#电铲,2023,120.5,621,20.8
2026-07-16,WK-28,28#电铲,2016,140.3,490,19.1
2026-07-17,WK-10,10#电铲,2015,138.6,504,19.4
2026-07-17,WK-12,12#电铲,2018,127.7,535,19.0
2026-07-17,WK-15,15#电铲,2020,126.7,545,19.2
2026-07-17,WK-18,18#电铲,2022,123.5,540,18.5
2026-07-17,WK-20,20#电铲,2012,139.2,503,19.5
2026-07-17,WK-22,22#电铲,2019,126.4,595,20.9
2026-07-17,WK-25,25#电铲,2023,120.1,623,20.8
2026-07-17,WK-28,28#电铲,2016,140.5,490,19.1
2026-07-18,WK-10,10#电铲,2015,139.5,500,19.4
2026-07-18,WK-12,12#电铲,2018,124.8,547,19.0
2026-07-18,WK-15,15#电铲,2020,127.3,542,19.2
2026-07-18,WK-18,18#电铲,2022,121.8,548,18.5
2026-07-18,WK-20,20#电铲,2012,140.7,498,19.5
2026-07-18,WK-22,22#电铲,2019,126.4,595,20.9
2026-07-18,WK-25,25#电铲,2023,121.1,618,20.8
2026-07-18,WK-28,28#电铲,2016,142.5,483,19.1
2026-07-19,WK-10,10#电铲,2015,141.3,494,19.4
2026-07-19,WK-12,12#电铲,2018,124.0,551,19.0
2026-07-19,WK-15,15#电铲,2020,126.1,547,19.2
2026-07-19,WK-18,18#电铲,2022,121.5,549,18.5
2026-07-19,WK-20,20#电铲,2012,140.2,499,19.5
2026-07-19,WK-22,22#电铲,2019,124.5,604,20.9
2026-07-19,WK-25,25#电铲,2023,122.6,610,20.8
2026-07-19,WK-28,28#电铲,2016,143.1,480,19.1
2026-07-20,WK-10,10#电铲,2015,140.3,498,19.4
2026-07-20,WK-12,12#电铲,2018,125.3,545,19.0
2026-07-20,WK-15,15#电铲,2020,125.4,550,19.2
2026-07-20,WK-18,18#电铲,2022,119.5,558,18.5
2026-07-20,WK-20,20#电铲,2012,140.8,497,19.5
2026-07-20,WK-22,22#电铲,2019,125.0,602,20.9
2026-07-20,WK-25,25#电铲,2023,120.7,620,20.8
2026-07-20,WK-28,28#电铲,2016,137.6,500,19.1
2026-07-21,WK-10,10#电铲,2015,139.6,500,19.4
2026-07-21,WK-12,12#电铲,2018,123.4,554,19.0
2026-07-21,WK-15,15#电铲,2020,125.5,550,19.2
2026-07-21,WK-18,18#电铲,2022,122.4,545,18.5
2026-07-21,WK-20,20#电铲,2012,137.9,508,19.5
2026-07-21,WK-22,22#电铲,2019,123.9,607,20.9
2026-07-21,WK-25,25#电铲,2023,122.8,609,20.8
2026-07-21,WK-28,28#电铲,2016,139.1,494,19.1
2026-07-22,WK-10,10#电铲,2015,138.9,503,19.4
2026-07-22,WK-12,12#电铲,2018,123.4,553,19.0
2026-07-22,WK-15,15#电铲,2020,125.8,548,19.2
2026-07-22,WK-18,18#电铲,2022,120.6,553,18.5
2026-07-22,WK-20,20#电铲,2012,141.5,495,19.5
2026-07-22,WK-22,22#电铲,2019,125.9,597,20.9
2026-07-22,WK-25,25#电铲,2023,120.0,623,20.8
2026-07-22,WK-28,28#电铲,2016,137.8,499,19.1
2026-07-23,WK-10,10#电铲,2015,137.6,507,19.4
2026-07-23,WK-12,12#电铲,2018,123.2,554,19.0
2026-07-23,WK-15,15#电铲,2020,122.2,564,19.2
2026-07-23,WK-18,18#电铲,2022,122.0,547,18.5
2026-07-23,WK-20,20#电铲,2012,141.8,494,19.5
2026-07-23,WK-22,22#电铲,2019,122.3,615,20.9
2026-07-23,WK-25,25#电铲,2023,124.5,601,20.8
2026-07-23,WK-28,28#电铲,2016,137.9,499,19.1
2026-07-24,WK-10,10#电铲,2015,137.9,506,19.4
2026-07-24,WK-12,12#电铲,2018,122.9,556,19.0
2026-07-24,WK-15,15#电铲,2020,124.5,554,19.2
2026-07-24,WK-18,18#电铲,2022,121.9,547,18.5
2026-07-24,WK-20,20#电铲,2012,141.0,497,19.5
2026-07-24,WK-22,22#电铲,2019,123.1,611,20.9
2026-07-24,WK-25,25#电铲,2023,123.1,608,20.8
2026-07-24,WK-28,28#电铲,2016,140.3,490,19.1
2026-07-25,WK-10,10#电铲,2015,138.6,504,19.4
2026-07-25,WK-12,12#电铲,2018,124.3,549,19.0
2026-07-25,WK-15,15#电铲,2020,125.4,550,19.2
2026-07-25,WK-18,18#电铲,2022,120.3,555,18.5
2026-07-25,WK-20,20#电铲,2012,142.8,490,19.5
2026-07-25,WK-22,22#电铲,2019,124.8,603,20.9
2026-07-25,WK-25,25#电铲,2023,121.1,618,20.8
2026-07-25,WK-28,28#电铲,2016,139.0,495,19.1
2026-07-26,WK-10,10#电铲,2015,137.7,507,19.4
2026-07-26,WK-12,12#电铲,2018,124.8,547,19.0
2026-07-26,WK-15,15#电铲,2020,127.5,541,19.2
2026-07-26,WK-18,18#电铲,2022,119.2,560,18.5
2026-07-26,WK-20,20#电铲,2012,139.9,500,19.5
2026-07-26,WK-22,22#电铲,2019,122.7,613,20.9
2026-07-26,WK-25,25#电铲,2023,120.8,619,20.8
2026-07-26,WK-28,28#电铲,2016,138.6,496,19.1
2026-07-27,WK-10,10#电铲,2015,141.8,492,19.4
2026-07-27,WK-12,12#电铲,2018,122.5,558,19.0
2026-07-27,WK-15,15#电铲,2020,125.6,549,19.2
2026-07-27,WK-18,18#电铲,2022,119.9,557,18.5
2026-07-27,WK-20,20#电铲,2012,139.2,503,19.5
2026-07-27,WK-22,22#电铲,2019,123.0,611,20.9
2026-07-27,WK-25,25#电铲,2023,122.6,610,20.8
2026-07-27,WK-28,28#电铲,2016,140.2,491,19.1
2026-07-28,WK-10,10#电铲,2015,140.6,497,19.4
2026-07-28,WK-12,12#电铲,2018,119.5,572,19.0
2026-07-28,WK-15,15#电铲,2020,124.4,555,19.2
2026-07-28,WK-18,18#电铲,2022,121.3,550,18.5
2026-07-28,WK-20,20#电铲,2012,137.8,508,19.5
2026-07-28,WK-22,22#电铲,2019,188.1,208,10.9
2026-07-28,WK-25,25#电铲,2023,119.8,624,20.8
2026-07-28,WK-28,28#电铲,2016,139.3,494,19.1
2026-07-29,WK-10,10#电铲,2015,140.8,496,19.4
2026-07-29,WK-12,12#电铲,2018,122.5,557,19.0
2026-07-29,WK-15,15#电铲,2020,125.4,550,19.2
2026-07-29,WK-18,18#电铲,2022,118.4,563,18.5
2026-07-29,WK-20,20#电铲,2012,137.6,509,19.5
2026-07-29,WK-22,22#电铲,2019,123.9,607,20.9
2026-07-29,WK-25,25#电铲,2023,120.5,621,20.8
2026-07-29,WK-28,28#电铲,2016,141.4,486,19.1
2026-07-30,WK-10,10#电铲,2015,140.6,497,19.4
2026-07-30,WK-12,12#电铲,2018,122.2,559,19.0
2026-07-30,WK-15,15#电铲,2020,125.2,551,19.2
2026-07-30,WK-18,18#电铲,2022,119.1,560,18.5
2026-07-30,WK-20,20#电铲,2012,137.3,510,19.5
2026-07-30,WK-22,22#电铲,2019,125.7,598,20.9
2026-07-30,WK-25,25#电铲,2023,117.8,635,20.8
2026-07-30,WK-28,28#电铲,2016,140.9,488,19.1
2026-07-31,WK-10,10#电铲,2015,138.3,505,19.4
2026-07-31,WK-12,12#电铲,2018,121.4,562,19.0
2026-07-31,WK-15,15#电铲,2020,123.1,560,19.2
2026-07-31,WK-18,18#电铲,2022,120.3,554,18.5
2026-07-31,WK-20,20#电铲,2012,137.4,510,19.5
2026-07-31,WK-22,22#电铲,2019,124.6,604,20.9
2026-07-31,WK-25,25#电铲,2023,120.0,623,20.8
2026-07-31,WK-28,28#电铲,2016,138.5,497,19.1
2026-08-01,WK-10,10#电铲,2015,138.7,504,19.4
2026-08-01,WK-12,12#电铲,2018,124.5,549,19.0
2026-08-01,WK-15,15#电铲,2020,125.7,549,19.2
2026-08-01,WK-18,18#电铲,2022,123.1,542,18.5
2026-08-01,WK-20,20#电铲,2012,137.3,510,19.5
2026-08-01,WK-22,22#电铲,2019,125.5,599,20.9
2026-08-01,WK-25,25#电铲,2023,121.2,617,20.8
2026-08-01,WK-28,28#电铲,2016,138.8,495,19.1
2026-08-02,WK-10,10#电铲,2015,138.0,506,19.4
2026-08-02,WK-12,12#电铲,2018,123.9,551,19.0
2026-08-02,WK-15,15#电铲,2020,126.7,544,19.2
2026-08-02,WK-18,18#电铲,2022,119.7,557,18.5
2026-08-02,WK-20,20#电铲,2012,136.9,511,19.5
2026-08-02,WK-22,22#电铲,2019,122.7,613,20.9
2026-08-02,WK-25,25#电铲,2023,118.8,630,20.8
2026-08-02,WK-28,28#电铲,2016,139.2,494,19.1
2026-08-03,WK-10,10#电铲,2015,138.6,504,19.4
2026-08-03,WK-12,12#电铲,2018,125.7,543,19.0
2026-08-03,WK-15,15#电铲,2020,126.1,547,19.2
2026-08-03,WK-18,18#电铲,2022,118.4,563,18.5
2026-08-03,WK-20,20#电铲,2012,138.9,504,19.5
2026-08-03,WK-22,22#电铲,2019,124.2,606,20.9
2026-08-03,WK-25,25#电铲,2023,123.6,605,20.8
2026-08-03,WK-28,28#电铲,2016,139.4,493,19.1
2026-08-04,WK-10,10#电铲,2015,138.0,506,19.4
2026-08-04,WK-12,12#电铲,2018,124.2,550,19.0
2026-08-04,WK-15,15#电铲,2020,125.2,551,19.2
2026-08-04,WK-18,18#电铲,2022,118.0,565,18.5
2026-08-04,WK-20,20#电铲,2012,138.4,506,19.5
2026-08-04,WK-22,22#电铲,2019,121.4,620,20.9
2026-08-04,WK-25,25#电铲,2023,123.5,606,20.8
2026-08-04,WK-28,28#电铲,2016,140.1,491,19.1
2026-08-05,WK-10,10#电铲,2015,138.2,505,19.4
2026-08-05,WK-12,12#电铲,2018,124.7,548,19.0
2026-08-05,WK-15,15#电铲,2020,124.9,552,19.2
2026-08-05,WK-18,18#电铲,2022,117.1,569,18.5
2026-08-05,WK-20,20#电铲,2012,139.2,503,19.5
2026-08-05,WK-22,22#电铲,2019,119.5,629,20.9
2026-08-05,WK-25,25#电铲,2023,121.2,617,20.8
2026-08-05,WK-28,28#电铲,2016,142.5,483,19.1
2026-08-06,WK-10,10#电铲,2015,139.7,500,19.4
2026-08-06,WK-12,12#电铲,2018,123.7,552,19.0
2026-08-06,WK-15,15#电铲,2020,123.6,558,19.2
2026-08-06,WK-18,18#电铲,2022,120.3,554,18.5
2026-08-06,WK-20,20#电铲,2012,136.9,511,19.5
2026-08-06,WK-22,22#电铲,2019,119.8,628,20.9
2026-08-06,WK-25,25#电铲,2023,120.3,622,20.8
2026-08-06,WK-28,28#电铲,2016,140.3,490,19.1
2026-08-07,WK-10,10#电铲,2015,140.9,496,19.4
2026-08-07,WK-12,12#电铲,2018,124.0,551,19.0
2026-08-07,WK-15,15#电铲,2020,125.1,551,19.2
2026-08-07,WK-18,18#电铲,2022,119.1,560,18.5
2026-08-07,WK-20,20#电铲,2012,138.2,507,19.5
2026-08-07,WK-22,22#电铲,2019,122.7,613,20.9
2026-08-07,WK-25,25#电铲,2023,121.7,615,20.8
2026-08-07,WK-28,28#电铲,2016,138.4,497,19.1
2026-08-08,WK-10,10#电铲,2015,140.8,496,19.4
2026-08-08,WK-12,12#电铲,2018,123.1,555,19.0
2026-08-08,WK-15,15#电铲,2020,126.0,548,19.2
2026-08-08,WK-18,18#电铲,2022,117.7,567,18.5
2026-08-08,WK-20,20#电铲,2012,139.0,504,19.5
2026-08-08,WK-22,22#电铲,2019,122.2,615,20.9
2026-08-08,WK-25,25#电铲,2023,122.6,610,20.8
2026-08-08,WK-28,28#电铲,2016,138.7,496,19.1
2026-08-09,WK-10,10#电铲,2015,140.8,496,19.4
2026-08-09,WK-12,12#电铲,2018,123.1,555,19.0
2026-08-09,WK-15,15#电铲,2020,125.6,549,19.2
2026-08-09,WK-18,18#电铲,2022,117.8,566,18.5
2026-08-09,WK-20,20#电铲,2012,137.9,508,19.5
2026-08-09,WK-22,22#电铲,2019,124.0,606,20.9
2026-08-09,WK-25,25#电铲,2023,121.7,615,20.8
2026-08-09,WK-28,28#电铲,2016,139.3,494,19.1
2026-08-10,WK-10,10#电铲,2015,139.4,501,19.4
2026-08-10,WK-12,12#电铲,2018,123.5,553,19.0
2026-08-10,WK-15,15#电铲,2020,124.7,553,19.2
2026-08-10,WK-18,18#电铲,2022,118.4,563,18.5
2026-08-10,WK-20,20#电铲,2012,134.4,521,19.5
2026-08-10,WK-22,22#电铲,2019,123.5,609,20.9
2026-08-10,WK-25,25#电铲,2023,123.2,607,20.8
2026-08-10,WK-28,28#电铲,2016,138.4,497,19.1
2026-08-11,WK-10,10#电铲,2015,137.7,507,19.4
2026-08-11,WK-12,12#电铲,2018,122.9,555,19.0
2026-08-11,WK-15,15#电铲,2020,124.1,556,19.2
2026-08-11,WK-18,18#电铲,2022,118.7,562,18.5
2026-08-11,WK-20,20#电铲,2012,137.5,509,19.5
2026-08-11,WK-22,22#电铲,2019,121.8,617,20.9
2026-08-11,WK-25,25#电铲,2023,119.9,624,20.8
2026-08-11,WK-28,28#电铲,2016,138.2,498,19.1
2026-08-12,WK-10,10#电铲,2015,138.0,506,19.4
2026-08-12,WK-12,12#电铲,2018,124.7,548,19.0
2026-08-12,WK-15,15#电铲,2020,124.2,556,19.2
2026-08-12,WK-18,18#电铲,2022,119.6,558,18.5
2026-08-12,WK-20,20#电铲,2012,137.1,511,19.5
2026-08-12,WK-22,22#电铲,2019,121.3,620,20.9
2026-08-12,WK-25,25#电铲,2023,120.1,623,20.8
2026-08-12,WK-28,28#电铲,2016,137.2,501,19.1
2026-08-13,WK-10,10#电铲,2015,138.4,505,19.4
2026-08-13,WK-12,12#电铲,2018,125.4,545,19.0
2026-08-13,WK-15,15#电铲,2020,123.3,560,19.2
2026-08-13,WK-18,18#电铲,2022,116.6,572,18.5
2026-08-13,WK-20,20#电铲,2012,139.0,504,19.5
2026-08-13,WK-22,22#电铲,2019,122.1,616,20.9
2026-08-13,WK-25,25#电铲,2023,119.8,624,20.8
2026-08-13,WK-28,28#电铲,2016,137.8,499,19.1
2026-08-14,WK-10,10#电铲,2015,142.6,490,19.4
2026-08-14,WK-12,12#电铲,2018,124.3,549,19.0
2026-08-14,WK-15,15#电铲,2020,124.9,552,19.2
2026-08-14,WK-18,18#电铲,2022,116.2,574,18.5
2026-08-14,WK-20,20#电铲,2012,139.1,503,19.5
2026-08-14,WK-22,22#电铲,2019,121.5,619,20.9
2026-08-14,WK-25,25#电铲,2023,117.5,637,20.8
2026-08-14,WK-28,28#电铲,2016,139.0,495,19.1
2026-08-15,WK-10,10#电铲,2015,140.0,499,19.4
2026-08-15,WK-12,12#电铲,2018,123.8,552,19.0
2026-08-15,WK-15,15#电铲,2020,123.5,559,19.2
2026-08-15,WK-18,18#电铲,2022,114.8,581,18.5
2026-08-15,WK-20,20#电铲,2012,140.0,500,19.5
2026-08-15,WK-22,22#电铲,2019,122.3,615,20.9
2026-08-15,WK-25,25#电铲,2023,117.1,639,20.8
2026-08-15,WK-28,28#电铲,2016,141.7,485,19.1
2026-08-16,WK-10,10#电铲,2015,139.2,502,19.4
2026-08-16,WK-12,12#电铲,2018,120.9,565,19.0
2026-08-16,WK-15,15#电铲,2020,124.8,553,19.2
2026-08-16,WK-18,18#电铲,2022,115.4,578,18.5
2026-08-16,WK-20,20#电铲,2012,138.4,506,19.5
2026-08-16,WK-22,22#电铲,2019,124.3,605,20.9
2026-08-16,WK-25,25#电铲,2023,118.0,634,20.8
2026-08-16,WK-28,28#电铲,2016,139.3,493,19.1
2026-08-17,WK-10,10#电铲,2015,140.4,497,19.4
2026-08-17,WK-12,12#电铲,2018,122.5,557,19.0
2026-08-17,WK-15,15#电铲,2020,124.4,554,19.2
2026-08-17,WK-18,18#电铲,2022,122.4,545,18.5
2026-08-17,WK-20,20#电铲,2012,138.9,504,19.5
2026-08-17,WK-22,22#电铲,2019,123.9,607,20.9
2026-08-17,WK-25,25#电铲,2023,119.8,625,20.8
2026-08-17,WK-28,28#电铲,2016,138.9,495,19.1
2026-08-18,WK-10,10#电铲,2015,136.3,512,19.4
2026-08-18,WK-12,12#电铲,2018,124.0,550,19.0
2026-08-18,WK-15,15#电铲,2020,127.0,543,19.2
2026-08-18,WK-18,18#电铲,2022,119.4,559,18.5
2026-08-18,WK-20,20#电铲,2012,137.5,509,19.5
2026-08-18,WK-22,22#电铲,2019,121.4,620,20.9
2026-08-18,WK-25,25#电铲,2023,119.4,627,20.8
2026-08-18,WK-28,28#电铲,2016,136.7,503,19.1
2026-08-19,WK-10,10#电铲,2015,137.1,509,19.4
2026-08-19,WK-12,12#电铲,2018,123.8,552,19.0
2026-08-19,WK-15,15#电铲,2020,124.4,554,19.2
2026-08-19,WK-18,18#电铲,2022,118.6,562,18.5
2026-08-19,WK-20,20#电铲,2012,140.5,498,19.5
2026-08-19,WK-22,22#电铲,2019,120.1,626,20.9
2026-08-19,WK-25,25#电铲,2023,119.7,625,20.8
2026-08-19,WK-28,28#电铲,2016,136.4,504,19.1
2026-08-20,WK-10,10#电铲,2015,136.1,513,19.4
2026-08-20,WK-12,12#电铲,2018,124.3,549,19.0
2026-08-20,WK-15,15#电铲,2020,125.1,552,19.2
2026-08-20,WK-18,18#电铲,2022,120.7,553,18.5
2026-08-20,WK-20,20#电铲,2012,135.3,518,19.5
2026-08-20,WK-22,22#电铲,2019,120.9,622,20.9
2026-08-20,WK-25,25#电铲,2023,118.2,633,20.8
2026-08-20,WK-28,28#电铲,2016,136.9,502,19.1
2026-08-21,WK-10,10#电铲,2015,136.5,512,19.4
2026-08-21,WK-12,12#电铲,2018,120.6,566,19.0
2026-08-21,WK-15,15#电铲,2020,125.1,551,19.2
2026-08-21,WK-18,18#电铲,2022,120.7,553,18.5
2026-08-21,WK-20,20#电铲,2012,135.7,516,19.5
2026-08-21,WK-22,22#电铲,2019,122.9,612,20.9
2026-08-21,WK-25,25#电铲,2023,120.1,623,20.8
2026-08-21,WK-28,28#电铲,2016,139.2,494,19.1
2026-08-22,WK-10,10#电铲,2015,136.5,512,19.4
2026-08-22,WK-12,12#电铲,2018,121.6,562,19.0
2026-08-22,WK-15,15#电铲,2020,125.5,550,19.2
2026-08-22,WK-18,18#电铲,2022,120.7,553,18.5
2026-08-22,WK-20,20#电铲,2012,135.3,518,19.5
2026-08-22,WK-22,22#电铲,2019,117.7,639,20.9
2026-08-22,WK-25,25#电铲,2023,120.2,623,20.8
2026-08-22,WK-28,28#电铲,2016,140.8,488,19.1
2026-08-23,WK-10,10#电铲,2015,136.2,513,19.4
2026-08-23,WK-12,12#电铲,2018,122.9,556,19.0
2026-08-23,WK-15,15#电铲,2020,123.9,557,19.2
2026-08-23,WK-18,18#电铲,2022,117.5,568,18.5
2026-08-23,WK-20,20#电铲,2012,135.9,515,19.5
2026-08-23,WK-22,22#电铲,2019,122.0,616,20.9
2026-08-23,WK-25,25#电铲,2023,119.2,628,20.8
2026-08-23,WK-28,28#电铲,2016,176.3,185,9.1
2026-08-24,WK-10,10#电铲,2015,137.5,508,19.4
2026-08-24,WK-12,12#电铲,2018,123.2,554,19.0
2026-08-24,WK-15,15#电铲,2020,124.6,553,19.2
2026-08-24,WK-18,18#电铲,2022,116.9,570,18.5
2026-08-24,WK-20,20#电铲,2012,137.7,508,19.5
2026-08-24,WK-22,22#电铲,2019,119.9,627,20.9
2026-08-24,WK-25,25#电铲,2023,117.4,637,20.8
2026-08-24,WK-28,28#电铲,2016,137.5,500,19.1
2026-08-25,WK-10,10#电铲,2015,138.2,505,19.4
2026-08-25,WK-12,12#电铲,2018,124.4,549,19.0
2026-08-25,WK-15,15#电铲,2020,123.2,560,19.2
2026-08-25,WK-18,18#电铲,2022,116.0,575,18.5
2026-08-25,WK-20,20#电铲,2012,137.8,508,19.5
2026-08-25,WK-22,22#电铲,2019,122.4,614,20.9
2026-08-25,WK-25,25#电铲,2023,117.0,639,20.8
2026-08-25,WK-28,28#电铲,2016,137.8,499,19.1
2026-08-26,WK-10,10#电铲,2015,138.9,503,19.4
2026-08-26,WK-12,12#电铲,2018,120.3,568,19.0
2026-08-26,WK-15,15#电铲,2020,125.1,552,19.2
2026-08-26,WK-18,18#电铲,2022,119.4,559,18.5
2026-08-26,WK-20,20#电铲,2012,136.3,514,19.5
2026-08-26,WK-22,22#电铲,2019,122.1,616,20.9
2026-08-26,WK-25,25#电铲,2023,118.5,631,20.8
2026-08-26,WK-28,28#电铲,2016,141.9,485,19.1
2026-08-27,WK-10,10#电铲,2015,138.8,503,19.4
2026-08-27,WK-12,12#电铲,2018,119.6,571,19.0
2026-08-27,WK-15,15#电铲,2020,125.0,552,19.2
2026-08-27,WK-18,18#电铲,2022,118.3,564,18.5
2026-08-27,WK-20,20#电铲,2012,137.8,508,19.5
2026-08-27,WK-22,22#电铲,2019,123.1,611,20.9
2026-08-27,WK-25,25#电铲,2023,117.8,635,20.8
2026-08-27,WK-28,28#电铲,2016,138.2,498,19.1
2026-08-28,WK-10,10#电铲,2015,138.4,504,19.4
2026-08-28,WK-12,12#电铲,2018,120.9,565,19.0
2026-08-28,WK-15,15#电铲,2020,124.1,556,19.2
2026-08-28,WK-18,18#电铲,2022,117.9,566,18.5
2026-08-28,WK-20,20#电铲,2012,140.5,498,19.5
2026-08-28,WK-22,22#电铲,2019,122.6,613,20.9
2026-08-28,WK-25,25#电铲,2023,119.8,624,20.8
2026-08-28,WK-28,28#电铲,2016,138.4,497,19.1
2026-08-29,WK-10,10#电铲,2015,138.8,503,19.4
2026-08-29,WK-12,12#电铲,2018,123.8,552,19.0
2026-08-29,WK-15,15#电铲,2020,124.1,556,19.2
2026-08-29,WK-18,18#电铲,2022,119.6,557,18.5
2026-08-29,WK-20,20#电铲,2012,138.7,505,19.5
2026-08-29,WK-22,22#电铲,2019,119.7,628,20.9
2026-08-29,WK-25,25#电铲,2023,120.6,620,20.8
2026-08-29,WK-28,28#电铲,2016,138.4,497,19.1
2026-08-30,WK-10,10#电铲,2015,136.9,510,19.4
2026-08-30,WK-12,12#电铲,2018,123.5,553,19.0
2026-08-30,WK-15,15#电铲,2020,124.3,555,19.2
2026-08-30,WK-18,18#电铲,2022,116.8,571,18.5
2026-08-30,WK-20,20#电铲,2012,138.3,506,19.5
2026-08-30,WK-22,22#电铲,2019,121.0,622,20.9
2026-08-30,WK-25,25#电铲,2023,122.0,613,20.8
2026-08-30,WK-28,28#电铲,2016,138.8,495,19.1
2026-08-31,WK-10,10#电铲,2015,136.3,512,19.4
2026-08-31,WK-12,12#电铲,2018,122.3,558,19.0
2026-08-31,WK-15,15#电铲,2020,122.3,564,19.2
2026-08-31,WK-18,18#电铲,2022,121.1,551,18.5
2026-08-31,WK-20,20#电铲,2012,139.8,501,19.5
2026-08-31,WK-22,22#电铲,2019,122.1,616,20.9
2026-08-31,WK-25,25#电铲,2023,120.4,621,20.8
2026-08-31,WK-28,28#电铲,2016,138.1,498,19.1
2026-09-01,WK-10,10#电铲,2015,137.2,509,19.4
2026-09-01,WK-12,12#电铲,2018,121.1,564,19.0
2026-09-01,WK-15,15#电铲,2020,123.7,557,19.2
2026-09-01,WK-18,18#电铲,2022,119.5,558,18.5
2026-09-01,WK-20,20#电铲,2012,142.1,493,19.5
2026-09-01,WK-22,22#电铲,2019,122.8,612,20.9
2026-09-01,WK-25,25#电铲,2023,120.5,621,20.8
2026-09-01,WK-28,28#电铲,2016,139.3,493,19.1
2026-09-02,WK-10,10#电铲,2015,135.1,517,19.4
2026-09-02,WK-12,12#电铲,2018,121.7,561,19.0
2026-09-02,WK-15,15#电铲,2020,121.3,569,19.2
2026-09-02,WK-18,18#电铲,2022,116.1,575,18.5
2026-09-02,WK-20,20#电铲,2012,139.9,500,19.5
2026-09-02,WK-22,22#电铲,2019,122.2,615,20.9
2026-09-02,WK-25,25#电铲,2023,119.9,624,20.8
2026-09-02,WK-28,28#电铲,2016,187.3,158,8.3
2026-09-03,WK-10,10#电铲,2015,138.0,506,19.4
2026-09-03,WK-12,12#电铲,2018,122.3,558,19.0
2026-09-03,WK-15,15#电铲,2020,122.6,563,19.2
2026-09-03,WK-18,18#电铲,2022,118.6,562,18.5
2026-09-03,WK-20,20#电铲,2012,135.4,517,19.5
2026-09-03,WK-22,22#电铲,2019,122.8,613,20.9
2026-09-03,WK-25,25#电铲,2023,121.3,617,20.8
2026-09-03,WK-28,28#电铲,2016,140.3,490,19.1
2026-09-04,WK-10,10#电铲,2015,136.2,513,19.4
2026-09-04,WK-12,12#电铲,2018,122.4,558,19.0
2026-09-04,WK-15,15#电铲,2020,123.2,560,19.2
2026-09-04,WK-18,18#电铲,2022,120.5,554,18.5
2026-09-04,WK-20,20#电铲,2012,137.1,511,19.5
2026-09-04,WK-22,22#电铲,2019,124.2,605,20.9
2026-09-04,WK-25,25#电铲,2023,120.2,623,20.8
2026-09-04,WK-28,28#电铲,2016,140.9,488,19.1
2026-09-05,WK-10,10#电铲,2015,135.2,516,19.4
2026-09-05,WK-12,12#电铲,2018,122.5,557,19.0
2026-09-05,WK-15,15#电铲,2020,126.3,546,19.2
2026-09-05,WK-18,18#电铲,2022,117.3,569,18.5
2026-09-05,WK-20,20#电铲,2012,135.2,518,19.5
2026-09-05,WK-22,22#电铲,2019,121.5,619,20.9
2026-09-05,WK-25,25#电铲,2023,120.5,621,20.8
2026-09-05,WK-28,28#电铲,2016,140.3,490,19.1
2026-09-06,WK-10,10#电铲,2015,135.9,514,19.4
2026-09-06,WK-12,12#电铲,2018,122.4,558,19.0
2026-09-06,WK-15,15#电铲,2020,125.3,550,19.2
2026-09-06,WK-18,18#电铲,2022,116.9,571,18.5
2026-09-06,WK-20,20#电铲,2012,135.3,517,19.5
2026-09-06,WK-22,22#电铲,2019,122.3,615,20.9
2026-09-06,WK-25,25#电铲,2023,122.4,611,20.8
2026-09-06,WK-28,28#电铲,2016,139.8,492,19.1
2026-09-07,WK-10,10#电铲,2015,137.4,508,19.4
2026-09-07,WK-12,12#电铲,2018,123.1,555,19.0
2026-09-07,WK-15,15#电铲,2020,122.4,564,19.2
2026-09-07,WK-18,18#电铲,2022,119.6,558,18.5
2026-09-07,WK-20,20#电铲,2012,134.7,520,19.5
2026-09-07,WK-22,22#电铲,2019,122.3,615,20.9
2026-09-07,WK-25,25#电铲,2023,118.7,630,20.8
2026-09-07,WK-28,28#电铲,2016,138.9,495,19.1
2026-09-08,WK-10,10#电铲,2015,137.6,507,19.4
2026-09-08,WK-12,12#电铲,2018,124.0,551,19.0
2026-09-08,WK-15,15#电铲,2020,124.8,553,19.2
2026-09-08,WK-18,18#电铲,2022,116.6,572,18.5
2026-09-08,WK-20,20#电铲,2012,135.8,516,19.5
2026-09-08,WK-22,22#电铲,2019,120.8,622,20.9
2026-09-08,WK-25,25#电铲,2023,117.5,637,20.8
2026-09-08,WK-28,28#电铲,2016,138.2,498,19.1
2026-09-09,WK-10,10#电铲,2015,137.2,509,19.4
2026-09-09,WK-12,12#电铲,2018,123.9,551,19.0
2026-09-09,WK-15,15#电铲,2020,124.8,553,19.2
2026-09-09,WK-18,18#电铲,2022,117.0,570,18.5
2026-09-09,WK-20,20#电铲,2012,138.0,507,19.5
2026-09-09,WK-22,22#电铲,2019,121.0,621,20.9
2026-09-09,WK-25,25#电铲,2023,119.1,628,20.8
2026-09-09,WK-28,28#电铲,2016,137.1,501,19.1
2026-09-10,WK-10,10#电铲,2015,138.2,505,19.4
2026-09-10,WK-12,12#电铲,2018,121.3,563,19.0
2026-09-10,WK-15,15#电铲,2020,123.6,558,19.2
2026-09-10,WK-18,18#电铲,2022,117.0,570,18.5
2026-09-10,WK-20,20#电铲,2012,136.6,513,19.5
2026-09-10,WK-22,22#电铲,2019,121.5,619,20.9
2026-09-10,WK-25,25#电铲,2023,120.8,619,20.8
2026-09-10,WK-28,28#电铲,2016,135.1,509,19.1
2026-09-11,WK-10,10#电铲,2015,139.1,502,19.4
2026-09-11,WK-12,12#电铲,2018,123.2,554,19.0
2026-09-11,WK-15,15#电铲,2020,124.5,554,19.2
2026-09-11,WK-18,18#电铲,2022,116.4,573,18.5
2026-09-11,WK-20,20#电铲,2012,135.3,518,19.5
2026-09-11,WK-22,22#电铲,2019,118.7,634,20.9
2026-09-11,WK-25,25#电铲,2023,120.0,623,20.8
2026-09-11,WK-28,28#电铲,2016,136.0,505,19.1
2026-09-12,WK-10,10#电铲,2015,137.4,508,19.4
2026-09-12,WK-12,12#电铲,2018,124.2,550,19.0
2026-09-12,WK-15,15#电铲,2020,122.6,562,19.2
2026-09-12,WK-18,18#电铲,2022,119.1,560,18.5
2026-09-12,WK-20,20#电铲,2012,138.4,506,19.5
2026-09-12,WK-22,22#电铲,2019,119.9,627,20.9
2026-09-12,WK-25,25#电铲,2023,122.4,611,20.8
2026-09-12,WK-28,28#电铲,2016,136.6,503,19.1
2026-09-13,WK-10,10#电铲,2015,136.2,513,19.4
2026-09-13,WK-12,12#电铲,2018,122.8,556,19.0
2026-09-13,WK-15,15#电铲,2020,123.7,557,19.2
2026-09-13,WK-18,18#电铲,2022,118.2,564,18.5
2026-09-13,WK-20,20#电铲,2012,137.4,509,19.5
2026-09-13,WK-22,22#电铲,2019,120.6,624,20.9
2026-09-13,WK-25,25#电铲,2023,122.4,611,20.8
2026-09-13,WK-28,28#电铲,2016,137.0,502,19.1
2026-09-14,WK-10,10#电铲,2015,136.6,511,19.4
2026-09-14,WK-12,12#电铲,2018,123.8,552,19.0
2026-09-14,WK-15,15#电铲,2020,122.8,562,19.2
2026-09-14,WK-18,18#电铲,2022,119.9,556,18.5
2026-09-14,WK-20,20#电铲,2012,137.3,510,19.5
2026-09-14,WK-22,22#电铲,2019,122.2,615,20.9
2026-09-14,WK-25,25#电铲,2023,119.7,625,20.8
2026-09-14,WK-28,28#电铲,2016,138.8,495,19.1
2026-09-15,WK-10,10#电铲,2015,138.6,504,19.4
2026-09-15,WK-12,12#电铲,2018,123.0,555,19.0
2026-09-15,WK-15,15#电铲,2020,122.9,561,19.2
2026-09-15,WK-18,18#电铲,2022,120.2,555,18.5
2026-09-15,WK-20,20#电铲,2012,135.6,516,19.5
2026-09-15,WK-22,22#电铲,2019,124.4,605,20.9
2026-09-15,WK-25,25#电铲,2023,121.9,614,20.8
2026-09-15,WK-28,28#电铲,2016,136.6,503,19.1
2026-09-16,WK-10,10#电铲,2015,137.0,510,19.4
2026-09-16,WK-12,12#电铲,2018,121.5,562,19.0
2026-09-16,WK-15,15#电铲,2020,121.2,569,19.2
2026-09-16,WK-18,18#电铲,2022,119.9,557,18.5
2026-09-16,WK-20,20#电铲,2012,136.2,514,19.5
2026-09-16,WK-22,22#电铲,2019,122.1,616,20.9
2026-09-16,WK-25,25#电铲,2023,119.4,627,20.8
2026-09-16,WK-28,28#电铲,2016,137.3,501,19.1
2026-09-17,WK-10,10#电铲,2015,134.7,518,19.4
2026-09-17,WK-12,12#电铲,2018,122.6,557,19.0
2026-09-17,WK-15,15#电铲,2020,121.8,566,19.2
2026-09-17,WK-18,18#电铲,2022,116.6,572,18.5
2026-09-17,WK-20,20#电铲,2012,135.7,516,19.5
2026-09-17,WK-22,22#电铲,2019,119.1,631,20.9
2026-09-17,WK-25,25#电铲,2023,120.7,620,20.8
2026-09-17,WK-28,28#电铲,2016,138.0,498,19.1
2026-09-18,WK-10,10#电铲,2015,135.5,515,19.4
2026-09-18,WK-12,12#电铲,2018,121.7,561,19.0
2026-09-18,WK-15,15#电铲,2020,124.1,556,19.2
2026-09-18,WK-18,18#电铲,2022,121.4,550,18.5
2026-09-18,WK-20,20#电铲,2012,137.9,508,19.5
2026-09-18,WK-22,22#电铲,2019,121.6,618,20.9
2026-09-18,WK-25,25#电铲,2023,117.1,639,20.8
2026-09-18,WK-28,28#电铲,2016,136.9,502,19.1
2026-09-19,WK-10,10#电铲,2015,134.1,521,19.4
2026-09-19,WK-12,12#电铲,2018,121.3,563,19.0
2026-09-19,WK-15,15#电铲,2020,123.1,561,19.2
2026-09-19,WK-18,18#电铲,2022,120.1,555,18.5
2026-09-19,WK-20,20#电铲,2012,134.7,520,19.5
2026-09-19,WK-22,22#电铲,2019,120.8,622,20.9
2026-09-19,WK-25,25#电铲,2023,119.1,628,20.8
2026-09-19,WK-28,28#电铲,2016,136.9,502,19.1
2026-09-20,WK-10,10#电铲,2015,136.2,513,19.4
2026-09-20,WK-12,12#电铲,2018,123.5,553,19.0
2026-09-20,WK-15,15#电铲,2020,123.1,561,19.2
2026-09-20,WK-18,18#电铲,2022,117.8,566,18.5
2026-09-20,WK-20,20#电铲,2012,136.1,515,19.5
2026-09-20,WK-22,22#电铲,2019,120.8,622,20.9
2026-09-20,WK-25,25#电铲,2023,120.0,623,20.8
2026-09-20,WK-28,28#电铲,2016,137.5,500,19.1
