date,equipment_id,equipment_name,build_year,trips_per_shift,shifts_worked,payload_t,daily_haulage_t
2023-01-01,TR-01,01#矿车,2017,7.94,2,219.5,3487.6
2023-01-01,TR-02,02#矿车,2021,8.57,2,217.3,3722.5
2023-01-01,TR-03,03#矿车,2019,7.88,2,219.3,3457.4
2023-01-01,TR-04,04#矿车,2014,7.1,3,217.8,4640.6
2023-01-01,TR-05,05#矿车,2022,8.45,3,231.5,5869.7
2023-01-01,TR-06,06#矿车,2018,7.77,2,229.1,3561.9
2023-01-01,TR-07,07#矿车,2020,8.57,3,217.4,5588.7
2023-01-01,TR-08,08#矿车,2015,8.54,2,222.5,3801.4
2023-01-01,TR-09,09#矿车,2023,7.94,3,220.5,5251.1
2023-01-01,TR-10,10#矿车,2016,8.54,3,229.2,5873.4
2023-01-01,TR-11,11#矿车,2021,8.54,2,227.1,3876.1
2023-01-01,TR-12,12#矿车,2013,7.03,2,227.1,3194.2
2023-01-02,TR-01,01#矿车,2017,7.95,3,219.5,5232.8
2023-01-02,TR-02,02#矿车,2021,8.22,3,217.3,5357.9
2023-01-02,TR-03,03#矿车,2019,7.6,3,219.3,4997.1
2023-01-02,TR-04,04#矿车,2014,7.48,3,217.8,4884.3
2023-01-02,TR-05,05#矿车,2022,8.8,3,231.5,6113.8
2023-01-02,TR-06,06#矿车,2018,8.32,3,229.1,5716.0
2023-01-02,TR-07,07#矿车,2020,8.33,3,217.4,5428.6
2023-01-02,TR-08,08#矿车,2015,8.52,3,222.5,5690.1
2023-01-02,TR-09,09#矿车,2023,7.84,2,220.5,3458.6
2023-01-02,TR-10,10#矿车,2016,8.06,2,229.2,3693.3
2023-01-02,TR-11,11#矿车,2021,8.58,3,227.1,5845.7
2023-01-02,TR-12,12#矿车,2013,6.8,3,227.1,4634.3
2023-01-03,TR-01,01#矿车,2017,8.23,3,219.5,5419.4
2023-01-03,TR-02,02#矿车,2021,8.33,2,217.3,3622.1
2023-01-03,TR-03,03#矿车,2019,7.99,3,219.3,5256.5
2023-01-03,TR-04,04#矿车,2014,7.47,3,217.8,4882.9
2023-01-03,TR-05,05#矿车,2022,8.62,3,231.5,5988.6
2023-01-03,TR-06,06#矿车,2018,8.05,3,229.1,5535.1
2023-01-03,TR-07,07#矿车,2020,8.74,3,217.4,5695.9
2023-01-03,TR-08,08#矿车,2015,8.35,3,222.5,5575.2
2023-01-03,TR-09,09#矿车,2023,8.08,3,220.5,5342.8
2023-01-03,TR-10,10#矿车,2016,8.57,3,229.2,5892.8
2023-01-03,TR-11,11#矿车,2021,8.76,2,227.1,3977.3
2023-01-03,TR-12,12#矿车,2013,6.78,3,227.1,4617.0
2023-01-04,TR-01,01#矿车,2017,7.81,2,219.5,3430.3
2023-01-04,TR-02,02#矿车,2021,7.7,2,217.3,3346.3
2023-01-04,TR-03,03#矿车,2019,8.22,3,219.3,5405.6
2023-01-04,TR-04,04#矿车,2014,7.13,2,217.8,3105.4
2023-01-04,TR-05,05#矿车,2022,8.11,2,231.5,3754.9
2023-01-04,TR-06,06#矿车,2018,8.14,3,229.1,5593.7
2023-01-04,TR-07,07#矿车,2020,9.18,2,217.4,3989.8
2023-01-04,TR-08,08#矿车,2015,8.34,3,222.5,5567.9
2023-01-04,TR-09,09#矿车,2023,8.09,2,220.5,3568.0
2023-01-04,TR-10,10#矿车,2016,8.94,2,229.2,4097.3
2023-01-04,TR-11,11#矿车,2021,8.91,3,227.1,6066.5
2023-01-04,TR-12,12#矿车,2013,6.42,3,227.1,4374.6
2023-01-05,TR-01,01#矿车,2017,7.34,3,219.5,4836.2
2023-01-05,TR-02,02#矿车,2021,8.1,3,217.3,5277.7
2023-01-05,TR-03,03#矿车,2019,7.99,3,219.3,5258.5
2023-01-05,TR-04,04#矿车,2014,7.68,2,217.8,3344.2
2023-01-05,TR-05,05#矿车,2022,8.54,2,231.5,3956.1
2023-01-05,TR-06,06#矿车,2018,8.19,3,229.1,5631.1
2023-01-05,TR-07,07#矿车,2020,9.17,3,217.4,5976.6
2023-01-05,TR-08,08#矿车,2015,8.08,3,222.5,5395.9
2023-01-05,TR-09,09#矿车,2023,7.85,3,220.5,5192.8
2023-01-05,TR-10,10#矿车,2016,9.02,3,229.2,6205.0
2023-01-05,TR-11,11#矿车,2021,8.77,3,227.1,5975.2
2023-01-05,TR-12,12#矿车,2013,6.17,2,227.1,2804.8
2023-01-06,TR-01,01#矿车,2017,7.65,3,219.5,5038.0
2023-01-06,TR-02,02#矿车,2021,8.08,3,217.3,5268.4
2023-01-06,TR-03,03#矿车,2019,8.03,3,219.3,5281.4
2023-01-06,TR-04,04#矿车,2014,7.21,3,217.8,4708.7
2023-01-06,TR-05,05#矿车,2022,8.43,3,231.5,5857.4
2023-01-06,TR-06,06#矿车,2018,7.82,2,229.1,3583.2
2023-01-06,TR-07,07#矿车,2020,9.14,3,217.4,5958.1
2023-01-06,TR-08,08#矿车,2015,8.03,3,222.5,5363.2
2023-01-06,TR-09,09#矿车,2023,7.47,2,220.5,3293.1
2023-01-06,TR-10,10#矿车,2016,9.1,3,229.2,6257.3
2023-01-06,TR-11,11#矿车,2021,8.97,3,227.1,6110.6
2023-01-06,TR-12,12#矿车,2013,6.64,3,227.1,4520.9
2023-01-07,TR-01,01#矿车,2017,7.75,3,219.5,5105.2
2023-01-07,TR-02,02#矿车,2021,8.1,2,217.3,3518.6
2023-01-07,TR-03,03#矿车,2019,8.56,3,219.3,5633.7
2023-01-07,TR-04,04#矿车,2014,6.91,3,217.8,4514.2
2023-01-07,TR-05,05#矿车,2022,8.14,2,231.5,3770.4
2023-01-07,TR-06,06#矿车,2018,8.08,2,229.1,3701.7
2023-01-07,TR-07,07#矿车,2020,8.74,3,217.4,5701.3
2023-01-07,TR-08,08#矿车,2015,8.44,2,222.5,3757.6
2023-01-07,TR-09,09#矿车,2023,7.86,3,220.5,5196.5
2023-01-07,TR-10,10#矿车,2016,9.03,3,229.2,6210.8
2023-01-07,TR-11,11#矿车,2021,8.55,2,227.1,3884.7
2023-01-07,TR-12,12#矿车,2013,6.94,3,227.1,4726.3
2023-01-08,TR-01,01#矿车,2017,7.68,2,219.5,3371.8
2023-01-08,TR-02,02#矿车,2021,8.32,3,217.3,5425.8
2023-01-08,TR-03,03#矿车,2019,8.05,2,219.3,3529.8
2023-01-08,TR-04,04#矿车,2014,7.04,3,217.8,4601.0
2023-01-08,TR-05,05#矿车,2022,8.06,2,231.5,3731.8
2023-01-08,TR-06,06#矿车,2018,8.18,3,229.1,5622.8
2023-01-08,TR-07,07#矿车,2020,8.71,3,217.4,5678.3
2023-01-08,TR-08,08#矿车,2015,8.32,3,222.5,5556.4
2023-01-08,TR-09,09#矿车,2023,8.06,3,220.5,5331.3
2023-01-08,TR-10,10#矿车,2016,8.44,3,229.2,5807.6
2023-01-08,TR-11,11#矿车,2021,7.9,2,227.1,3586.9
2023-01-08,TR-12,12#矿车,2013,7.56,3,227.1,5148.3
2023-01-09,TR-01,01#矿车,2017,8.49,3,219.5,5593.7
2023-01-09,TR-02,02#矿车,2021,8.26,3,217.3,5382.5
2023-01-09,TR-03,03#矿车,2019,8.65,3,219.3,5689.3
2023-01-09,TR-04,04#矿车,2014,7.12,3,217.8,4648.8
2023-01-09,TR-05,05#矿车,2022,8.24,3,231.5,5720.5
2023-01-09,TR-06,06#矿车,2018,8.34,2,229.1,3821.7
2023-01-09,TR-07,07#矿车,2020,8.65,3,217.4,5640.4
2023-01-09,TR-08,08#矿车,2015,8.36,3,222.5,5580.8
2023-01-09,TR-09,09#矿车,2023,8.08,3,220.5,5348.4
2023-01-09,TR-10,10#矿车,2016,8.53,3,229.2,5862.9
2023-01-09,TR-11,11#矿车,2021,8.65,3,227.1,5891.6
2023-01-09,TR-12,12#矿车,2013,7.12,2,227.1,3233.8
2023-01-10,TR-01,01#矿车,2017,8.58,3,219.5,5651.3
2023-01-10,TR-02,02#矿车,2021,8.34,2,217.3,3623.2
2023-01-10,TR-03,03#矿车,2019,8.49,3,219.3,5584.1
2023-01-10,TR-04,04#矿车,2014,7.32,3,217.8,4781.9
2023-01-10,TR-05,05#矿车,2022,7.91,3,231.5,5492.3
2023-01-10,TR-06,06#矿车,2018,8.11,3,229.1,5575.8
2023-01-10,TR-07,07#矿车,2020,8.39,3,217.4,5468.9
2023-01-10,TR-08,08#矿车,2015,8.46,2,222.5,3764.2
2023-01-10,TR-09,09#矿车,2023,8.25,3,220.5,5456.1
2023-01-10,TR-10,10#矿车,2016,8.28,2,229.2,3794.8
2023-01-10,TR-11,11#矿车,2021,8.87,3,227.1,6044.4
2023-01-10,TR-12,12#矿车,2013,7.17,3,227.1,4885.4
2023-01-11,TR-01,01#矿车,2017,8.17,2,219.5,3585.1
2023-01-11,TR-02,02#矿车,2021,8.48,2,217.3,3686.3
2023-01-11,TR-03,03#矿车,2019,8.46,3,219.3,5569.4
2023-01-11,TR-04,04#矿车,2014,7.24,3,217.8,4726.7
2023-01-11,TR-05,05#矿车,2022,8.31,2,231.5,3846.5
2023-01-11,TR-06,06#矿车,2018,8.29,2,229.1,3796.7
2023-01-11,TR-07,07#矿车,2020,8.74,3,217.4,5701.7
2023-01-11,TR-08,08#矿车,2015,8.61,3,222.5,5744.0
2023-01-11,TR-09,09#矿车,2023,7.64,2,220.5,3369.0
2023-01-11,TR-10,10#矿车,2016,8.63,2,229.2,3958.5
2023-01-11,TR-11,11#矿车,2021,8.16,3,227.1,5555.8
2023-01-11,TR-12,12#矿车,2013,7.3,2,227.1,3317.9
2023-01-12,TR-01,01#矿车,2017,8.2,3,219.5,5403.0
2023-01-12,TR-02,02#矿车,2021,8.77,3,217.3,5716.5
2023-01-12,TR-03,03#矿车,2019,8.1,2,219.3,3552.9
2023-01-12,TR-04,04#矿车,2014,6.75,3,217.8,4409.5
2023-01-12,TR-05,05#矿车,2022,8.8,3,231.5,6109.7
2023-01-12,TR-06,06#矿车,2018,8.34,2,229.1,3822.3
2023-01-12,TR-07,07#矿车,2020,8.41,3,217.4,5484.6
2023-01-12,TR-08,08#矿车,2015,9.03,3,222.5,6025.8
2023-01-12,TR-09,09#矿车,2023,7.56,3,220.5,5001.4
2023-01-12,TR-10,10#矿车,2016,8.52,2,229.2,3906.5
2023-01-12,TR-11,11#矿车,2021,8.7,2,227.1,3948.7
2023-01-12,TR-12,12#矿车,2013,7.29,2,227.1,3310.0
2023-01-13,TR-01,01#矿车,2017,8.31,2,219.5,3646.9
2023-01-13,TR-02,02#矿车,2021,8.58,3,217.3,5591.4
2023-01-13,TR-03,03#矿车,2019,8.42,3,219.3,5541.4
2023-01-13,TR-04,04#矿车,2014,7.38,2,217.8,3212.0
2023-01-13,TR-05,05#矿车,2022,8.61,2,231.5,3988.6
2023-01-13,TR-06,06#矿车,2018,8.47,3,229.1,5821.1
2023-01-13,TR-07,07#矿车,2020,8.95,3,217.4,5835.5
2023-01-13,TR-08,08#矿车,2015,8.7,2,222.5,3870.1
2023-01-13,TR-09,09#矿车,2023,7.68,3,220.5,5083.8
2023-01-13,TR-10,10#矿车,2016,8.69,2,229.2,3983.5
2023-01-13,TR-11,11#矿车,2021,8.39,3,227.1,5716.1
2023-01-13,TR-12,12#矿车,2013,6.95,3,227.1,4733.6
2023-01-14,TR-01,01#矿车,2017,8.16,2,219.5,3581.7
2023-01-14,TR-02,02#矿车,2021,8.36,3,217.3,5448.6
2023-01-14,TR-03,03#矿车,2019,8.38,3,219.3,5516.1
2023-01-14,TR-04,04#矿车,2014,7.43,3,217.8,4850.9
2023-01-14,TR-05,05#矿车,2022,8.36,2,231.5,3869.6
2023-01-14,TR-06,06#矿车,2018,8.15,3,229.1,5601.6
2023-01-14,TR-07,07#矿车,2020,9.0,3,217.4,5871.5
2023-01-14,TR-08,08#矿车,2015,8.52,2,222.5,3793.1
2023-01-14,TR-09,09#矿车,2023,7.94,2,220.5,3499.7
2023-01-14,TR-10,10#矿车,2016,8.27,3,229.2,5684.2
2023-01-14,TR-11,11#矿车,2021,8.81,3,227.1,6003.8
2023-01-14,TR-12,12#矿车,2013,6.88,3,227.1,4685.5
2023-01-15,TR-01,01#矿车,2017,8.23,3,219.5,5422.0
2023-01-15,TR-02,02#矿车,2021,8.46,2,217.3,3677.2
2023-01-15,TR-03,03#矿车,2019,8.11,3,219.3,5338.5
2023-01-15,TR-04,04#矿车,2014,7.22,3,217.8,4715.3
2023-01-15,TR-05,05#矿车,2022,8.42,3,231.5,5851.0
2023-01-15,TR-06,06#矿车,2018,7.76,3,229.1,5335.3
2023-01-15,TR-07,07#矿车,2020,8.66,2,217.4,3763.9
2023-01-15,TR-08,08#矿车,2015,8.38,2,222.5,3727.3
2023-01-15,TR-09,09#矿车,2023,8.01,2,220.5,3530.5
2023-01-15,TR-10,10#矿车,2016,8.2,3,229.2,5636.6
2023-01-15,TR-11,11#矿车,2021,7.66,3,227.1,5218.2
2023-01-15,TR-12,12#矿车,2013,7.05,2,227.1,3202.4
2023-01-16,TR-01,01#矿车,2017,8.21,3,219.5,5408.5
2023-01-16,TR-02,02#矿车,2021,8.32,2,217.3,3617.5
2023-01-16,TR-03,03#矿车,2019,8.4,3,219.3,5526.9
2023-01-16,TR-04,04#矿车,2014,7.25,2,217.8,3159.1
2023-01-16,TR-05,05#矿车,2022,8.51,3,231.5,5912.6
2023-01-16,TR-06,06#矿车,2018,7.87,3,229.1,5410.7
2023-01-16,TR-07,07#矿车,2020,9.08,3,217.4,5922.2
2023-01-16,TR-08,08#矿车,2015,8.67,3,222.5,5787.2
2023-01-16,TR-09,09#矿车,2023,8.33,2,220.5,3673.0
2023-01-16,TR-10,10#矿车,2016,8.42,3,229.2,5792.5
2023-01-16,TR-11,11#矿车,2021,8.32,3,227.1,5665.7
2023-01-16,TR-12,12#矿车,2013,6.46,3,227.1,4401.5
2023-01-17,TR-01,01#矿车,2017,8.54,3,219.5,5625.4
2023-01-17,TR-02,02#矿车,2021,8.55,2,217.3,3715.8
2023-01-17,TR-03,03#矿车,2019,8.36,3,219.3,5502.2
2023-01-17,TR-04,04#矿车,2014,7.34,3,217.8,4792.1
2023-01-17,TR-05,05#矿车,2022,8.82,2,231.5,4085.5
2023-01-17,TR-06,06#矿车,2018,7.74,3,229.1,5320.6
2023-01-17,TR-07,07#矿车,2020,8.91,3,217.4,5808.6
2023-01-17,TR-08,08#矿车,2015,8.34,2,222.5,3713.2
2023-01-17,TR-09,09#矿车,2023,7.7,3,220.5,5095.0
2023-01-17,TR-10,10#矿车,2016,8.04,3,229.2,5531.9
2023-01-17,TR-11,11#矿车,2021,8.71,3,227.1,5932.3
2023-01-17,TR-12,12#矿车,2013,6.99,3,227.1,4764.9
2023-01-18,TR-01,01#矿车,2017,8.54,3,219.5,5627.0
2023-01-18,TR-02,02#矿车,2021,8.26,3,217.3,5387.4
2023-01-18,TR-03,03#矿车,2019,8.28,3,219.3,5445.7
2023-01-18,TR-04,04#矿车,2014,7.35,2,217.8,3200.5
2023-01-18,TR-05,05#矿车,2022,8.79,2,231.5,4069.1
2023-01-18,TR-06,06#矿车,2018,7.82,3,229.1,5372.0
2023-01-18,TR-07,07#矿车,2020,8.71,3,217.4,5677.2
2023-01-18,TR-08,08#矿车,2015,8.62,2,222.5,3837.1
2023-01-18,TR-09,09#矿车,2023,7.61,3,220.5,5036.3
2023-01-18,TR-10,10#矿车,2016,8.3,2,229.2,3806.6
2023-01-18,TR-11,11#矿车,2021,8.15,3,227.1,5550.6
2023-01-18,TR-12,12#矿车,2013,7.45,3,227.1,5073.9
2023-01-19,TR-01,01#矿车,2017,8.67,3,219.5,5709.6
2023-01-19,TR-02,02#矿车,2021,8.39,3,217.3,5467.9
2023-01-19,TR-03,03#矿车,2019,8.53,3,219.3,5610.5
2023-01-19,TR-04,04#矿车,2014,7.37,3,217.8,4815.7
2023-01-19,TR-05,05#矿车,2022,9.1,3,231.5,6322.1
2023-01-19,TR-06,06#矿车,2018,7.88,2,229.1,3612.4
2023-01-19,TR-07,07#矿车,2020,8.69,3,217.4,5666.4
2023-01-19,TR-08,08#矿车,2015,8.77,3,222.5,5857.2
2023-01-19,TR-09,09#矿车,2023,7.9,3,220.5,5225.7
2023-01-19,TR-10,10#矿车,2016,7.98,3,229.2,5485.5
2023-01-19,TR-11,11#矿车,2021,8.19,3,227.1,5577.8
2023-01-19,TR-12,12#矿车,2013,6.94,2,227.1,3153.4
2023-01-20,TR-01,01#矿车,2017,8.19,3,219.5,5391.2
2023-01-20,TR-02,02#矿车,2021,8.72,3,217.3,5683.5
2023-01-20,TR-03,03#矿车,2019,8.43,3,219.3,5547.8
2023-01-20,TR-04,04#矿车,2014,7.24,3,217.8,4730.3
2023-01-20,TR-05,05#矿车,2022,8.9,2,231.5,4120.0
2023-01-20,TR-06,06#矿车,2018,8.07,3,229.1,5545.9
2023-01-20,TR-07,07#矿车,2020,8.88,3,217.4,5790.9
2023-01-20,TR-08,08#矿车,2015,9.08,2,222.5,4040.9
2023-01-20,TR-09,09#矿车,2023,7.97,2,220.5,3517.0
2023-01-20,TR-10,10#矿车,2016,8.66,3,229.2,5955.4
2023-01-20,TR-11,11#矿车,2021,3.71,1,227.1,843.1
2023-01-20,TR-12,12#矿车,2013,7.06,3,227.1,4810.1
2023-01-21,TR-01,01#矿车,2017,8.06,2,219.5,3539.6
2023-01-21,TR-02,02#矿车,2021,8.62,2,217.3,3748.1
2023-01-21,TR-03,03#矿车,2019,8.24,3,219.3,5420.1
2023-01-21,TR-04,04#矿车,2014,7.22,3,217.8,4717.2
2023-01-21,TR-05,05#矿车,2022,9.41,3,231.5,6537.2
2023-01-21,TR-06,06#矿车,2018,7.98,2,229.1,3656.8
2023-01-21,TR-07,07#矿车,2020,8.71,3,217.4,5680.9
2023-01-21,TR-08,08#矿车,2015,8.41,2,222.5,3743.9
2023-01-21,TR-09,09#矿车,2023,7.8,3,220.5,5158.1
2023-01-21,TR-10,10#矿车,2016,8.58,2,229.2,3935.5
2023-01-21,TR-11,11#矿车,2021,8.48,3,227.1,5776.2
2023-01-21,TR-12,12#矿车,2013,7.24,3,227.1,4930.6
2023-01-22,TR-01,01#矿车,2017,8.42,3,219.5,5546.1
2023-01-22,TR-02,02#矿车,2021,8.09,3,217.3,5275.0
2023-01-22,TR-03,03#矿车,2019,8.61,2,219.3,3776.7
2023-01-22,TR-04,04#矿车,2014,6.91,3,217.8,4517.1
2023-01-22,TR-05,05#矿车,2022,9.2,3,231.5,6389.3
2023-01-22,TR-06,06#矿车,2018,8.06,3,229.1,5540.8
2023-01-22,TR-07,07#矿车,2020,8.91,3,217.4,5809.0
2023-01-22,TR-08,08#矿车,2015,8.61,3,222.5,5748.9
2023-01-22,TR-09,09#矿车,2023,7.86,2,220.5,3466.9
2023-01-22,TR-10,10#矿车,2016,8.43,3,229.2,5795.8
2023-01-22,TR-11,11#矿车,2021,8.2,2,227.1,3722.9
2023-01-22,TR-12,12#矿车,2013,6.86,3,227.1,4674.3
2023-01-23,TR-01,01#矿车,2017,7.81,3,219.5,5140.9
2023-01-23,TR-02,02#矿车,2021,8.55,2,217.3,3716.5
2023-01-23,TR-03,03#矿车,2019,7.46,3,219.3,4907.7
2023-01-23,TR-04,04#矿车,2014,7.24,2,217.8,3151.8
2023-01-23,TR-05,05#矿车,2022,8.55,2,231.5,3957.1
2023-01-23,TR-06,06#矿车,2018,8.42,3,229.1,5788.6
2023-01-23,TR-07,07#矿车,2020,8.66,2,217.4,3765.0
2023-01-23,TR-08,08#矿车,2015,8.1,3,222.5,5409.9
2023-01-23,TR-09,09#矿车,2023,8.19,2,220.5,3610.8
2023-01-23,TR-10,10#矿车,2016,8.57,2,229.2,3929.1
2023-01-23,TR-11,11#矿车,2021,8.63,2,227.1,3919.3
2023-01-23,TR-12,12#矿车,2013,7.0,3,227.1,4770.5
2023-01-24,TR-01,01#矿车,2017,8.07,2,219.5,3543.9
2023-01-24,TR-02,02#矿车,2021,8.31,3,217.3,5419.6
2023-01-24,TR-03,03#矿车,2019,7.81,3,219.3,5137.7
2023-01-24,TR-04,04#矿车,2014,7.35,3,217.8,4800.8
2023-01-24,TR-05,05#矿车,2022,8.32,3,231.5,5775.9
2023-01-24,TR-06,06#矿车,2018,8.33,3,229.1,5726.9
2023-01-24,TR-07,07#矿车,2020,9.02,3,217.4,5883.2
2023-01-24,TR-08,08#矿车,2015,8.47,3,222.5,5654.1
2023-01-24,TR-09,09#矿车,2023,8.22,2,220.5,3625.8
2023-01-24,TR-10,10#矿车,2016,8.45,2,229.2,3874.6
2023-01-24,TR-11,11#矿车,2021,8.81,3,227.1,6001.9
2023-01-24,TR-12,12#矿车,2013,7.02,3,227.1,4783.3
2023-01-25,TR-01,01#矿车,2017,7.91,3,219.5,5208.4
2023-01-25,TR-02,02#矿车,2021,8.4,2,217.3,3651.3
2023-01-25,TR-03,03#矿车,2019,8.19,2,219.3,3591.7
2023-01-25,TR-04,04#矿车,2014,7.19,3,217.8,4698.8
2023-01-25,TR-05,05#矿车,2022,8.15,3,231.5,5660.5
2023-01-25,TR-06,06#矿车,2018,7.57,3,229.1,5199.6
2023-01-25,TR-07,07#矿车,2020,8.89,3,217.4,5797.7
2023-01-25,TR-08,08#矿车,2015,8.75,3,222.5,5838.6
2023-01-25,TR-09,09#矿车,2023,8.33,3,220.5,5510.3
2023-01-25,TR-10,10#矿车,2016,8.41,3,229.2,5785.6
2023-01-25,TR-11,11#矿车,2021,9.01,2,227.1,4089.5
2023-01-25,TR-12,12#矿车,2013,6.89,3,227.1,4691.5
2023-01-26,TR-01,01#矿车,2017,7.97,3,219.5,5246.1
2023-01-26,TR-02,02#矿车,2021,8.21,2,217.3,3568.7
2023-01-26,TR-03,03#矿车,2019,7.97,3,219.3,5242.2
2023-01-26,TR-04,04#矿车,2014,7.31,3,217.8,4777.8
2023-01-26,TR-05,05#矿车,2022,8.32,2,231.5,3854.1
2023-01-26,TR-06,06#矿车,2018,7.72,2,229.1,3535.5
2023-01-26,TR-07,07#矿车,2020,9.37,2,217.4,4073.9
2023-01-26,TR-08,08#矿车,2015,8.66,3,222.5,5777.4
2023-01-26,TR-09,09#矿车,2023,7.77,3,220.5,5141.1
2023-01-26,TR-10,10#矿车,2016,8.65,3,229.2,5949.0
2023-01-26,TR-11,11#矿车,2021,8.47,3,227.1,5772.5
2023-01-26,TR-12,12#矿车,2013,6.56,3,227.1,4469.6
2023-01-27,TR-01,01#矿车,2017,8.38,2,219.5,3678.8
2023-01-27,TR-02,02#矿车,2021,8.51,3,217.3,5549.4
2023-01-27,TR-03,03#矿车,2019,8.47,2,219.3,3715.8
2023-01-27,TR-04,04#矿车,2014,7.38,3,217.8,4818.1
2023-01-27,TR-05,05#矿车,2022,8.46,3,231.5,5878.9
2023-01-27,TR-06,06#矿车,2018,7.52,3,229.1,5171.4
2023-01-27,TR-07,07#矿车,2020,9.1,3,217.4,5936.4
2023-01-27,TR-08,08#矿车,2015,8.39,2,222.5,3731.9
2023-01-27,TR-09,09#矿车,2023,7.83,2,220.5,3451.8
2023-01-27,TR-10,10#矿车,2016,8.56,2,229.2,3925.2
2023-01-27,TR-11,11#矿车,2021,8.64,3,227.1,5883.2
2023-01-27,TR-12,12#矿车,2013,6.88,3,227.1,4687.7
2023-01-28,TR-01,01#矿车,2017,7.92,3,219.5,5213.0
2023-01-28,TR-02,02#矿车,2021,8.21,3,217.3,5349.3
2023-01-28,TR-03,03#矿车,2019,8.15,3,219.3,5365.1
2023-01-28,TR-04,04#矿车,2014,7.56,3,217.8,4937.0
2023-01-28,TR-05,05#矿车,2022,8.83,2,231.5,4089.8
2023-01-28,TR-06,06#矿车,2018,7.76,2,229.1,3556.3
2023-01-28,TR-07,07#矿车,2020,8.8,3,217.4,5739.5
2023-01-28,TR-08,08#矿车,2015,8.57,3,222.5,5722.7
2023-01-28,TR-09,09#矿车,2023,8.15,3,220.5,5391.4
2023-01-28,TR-10,10#矿车,2016,8.47,2,229.2,3881.7
2023-01-28,TR-11,11#矿车,2021,8.78,3,227.1,5981.6
2023-01-28,TR-12,12#矿车,2013,6.62,3,227.1,4513.4
2023-01-29,TR-01,01#矿车,2017,8.1,3,219.5,5337.3
2023-01-29,TR-02,02#矿车,2021,7.84,2,217.3,3408.1
2023-01-29,TR-03,03#矿车,2019,8.69,3,219.3,5718.3
2023-01-29,TR-04,04#矿车,2014,7.16,3,217.8,4677.0
2023-01-29,TR-05,05#矿车,2022,8.93,3,231.5,6201.1
2023-01-29,TR-06,06#矿车,2018,7.87,3,229.1,5410.8
2023-01-29,TR-07,07#矿车,2020,9.04,2,217.4,3927.9
2023-01-29,TR-08,08#矿车,2015,8.77,3,222.5,5852.3
2023-01-29,TR-09,09#矿车,2023,7.64,3,220.5,5051.6
2023-01-29,TR-10,10#矿车,2016,8.74,2,229.2,4008.6
2023-01-29,TR-11,11#矿车,2021,8.86,3,227.1,6034.6
2023-01-29,TR-12,12#矿车,2013,7.23,3,227.1,4926.3
2023-01-30,TR-01,01#矿车,2017,8.13,3,219.5,5355.0
2023-01-30,TR-02,02#矿车,2021,8.2,3,217.3,5348.7
2023-01-30,TR-03,03#矿车,2019,8.18,3,219.3,5380.2
2023-01-30,TR-04,04#矿车,2014,7.18,3,217.8,4692.3
2023-01-30,TR-05,05#矿车,2022,8.59,3,231.5,5963.1
2023-01-30,TR-06,06#矿车,2018,8.1,3,229.1,5569.1
2023-01-30,TR-07,07#矿车,2020,8.8,2,217.4,3825.8
2023-01-30,TR-08,08#矿车,2015,8.93,2,222.5,3971.9
2023-01-30,TR-09,09#矿车,2023,7.59,3,220.5,5017.9
2023-01-30,TR-10,10#矿车,2016,8.91,3,229.2,6126.2
2023-01-30,TR-11,11#矿车,2021,8.39,3,227.1,5715.2
2023-01-30,TR-12,12#矿车,2013,6.83,2,227.1,3102.9
2023-01-31,TR-01,01#矿车,2017,8.14,3,219.5,5359.1
2023-01-31,TR-02,02#矿车,2021,7.99,2,217.3,3472.5
2023-01-31,TR-03,03#矿车,2019,8.12,3,219.3,5344.3
2023-01-31,TR-04,04#矿车,2014,7.4,3,217.8,4837.3
2023-01-31,TR-05,05#矿车,2022,8.77,3,231.5,6094.7
2023-01-31,TR-06,06#矿车,2018,7.84,3,229.1,5389.4
2023-01-31,TR-07,07#矿车,2020,8.86,3,217.4,5779.1
2023-01-31,TR-08,08#矿车,2015,8.98,3,222.5,5997.3
2023-01-31,TR-09,09#矿车,2023,7.47,3,220.5,4943.5
2023-01-31,TR-10,10#矿车,2016,8.92,3,229.2,6136.2
2023-01-31,TR-11,11#矿车,2021,8.25,3,227.1,5622.3
2023-01-31,TR-12,12#矿车,2013,7.34,2,227.1,3335.0
2023-02-01,TR-01,01#矿车,2017,8.41,2,219.5,3691.9
2023-02-01,TR-02,02#矿车,2021,7.72,3,217.3,5034.7
2023-02-01,TR-03,03#矿车,2019,8.14,3,219.3,5355.9
2023-02-01,TR-04,04#矿车,2014,7.35,3,217.8,4804.5
2023-02-01,TR-05,05#矿车,2022,9.15,3,231.5,6352.9
2023-02-01,TR-06,06#矿车,2018,7.61,2,229.1,3486.4
2023-02-01,TR-07,07#矿车,2020,8.77,3,217.4,5721.0
2023-02-01,TR-08,08#矿车,2015,9.22,2,222.5,4104.2
2023-02-01,TR-09,09#矿车,2023,7.36,3,220.5,4870.5
2023-02-01,TR-10,10#矿车,2016,8.35,3,229.2,5740.7
2023-02-01,TR-11,11#矿车,2021,8.12,3,227.1,5529.2
2023-02-01,TR-12,12#矿车,2013,6.98,3,227.1,4757.5
2023-02-02,TR-01,01#矿车,2017,8.62,2,219.5,3782.8
2023-02-02,TR-02,02#矿车,2021,8.38,3,217.3,5463.3
2023-02-02,TR-03,03#矿车,2019,8.22,3,219.3,5408.8
2023-02-02,TR-04,04#矿车,2014,6.8,3,217.8,4443.0
2023-02-02,TR-05,05#矿车,2022,8.64,3,231.5,6002.3
2023-02-02,TR-06,06#矿车,2018,7.6,3,229.1,5220.6
2023-02-02,TR-07,07#矿车,2020,9.05,2,217.4,3935.0
2023-02-02,TR-08,08#矿车,2015,9.02,3,222.5,6023.4
2023-02-02,TR-09,09#矿车,2023,7.82,3,220.5,5170.3
2023-02-02,TR-10,10#矿车,2016,8.31,3,229.2,5713.2
2023-02-02,TR-11,11#矿车,2021,8.44,3,227.1,5751.4
2023-02-02,TR-12,12#矿车,2013,6.89,2,227.1,3131.2
2023-02-03,TR-01,01#矿车,2017,8.27,2,219.5,3632.3
2023-02-03,TR-02,02#矿车,2021,8.52,3,217.3,5553.2
2023-02-03,TR-03,03#矿车,2019,8.2,2,219.3,3596.7
2023-02-03,TR-04,04#矿车,2014,6.93,3,217.8,4525.9
2023-02-03,TR-05,05#矿车,2022,8.5,3,231.5,5903.4
2023-02-03,TR-06,06#矿车,2018,7.85,2,229.1,3596.9
2023-02-03,TR-07,07#矿车,2020,8.48,3,217.4,5526.9
2023-02-03,TR-08,08#矿车,2015,8.88,3,222.5,5929.3
2023-02-03,TR-09,09#矿车,2023,7.3,2,220.5,3220.4
2023-02-03,TR-10,10#矿车,2016,8.33,3,229.2,5728.2
2023-02-03,TR-11,11#矿车,2021,8.43,3,227.1,5745.4
2023-02-03,TR-12,12#矿车,2013,7.08,2,227.1,3218.1
2023-02-04,TR-01,01#矿车,2017,8.22,3,219.5,5415.3
2023-02-04,TR-02,02#矿车,2021,8.41,3,217.3,5480.5
2023-02-04,TR-03,03#矿车,2019,8.42,2,219.3,3694.5
2023-02-04,TR-04,04#矿车,2014,7.31,2,217.8,3183.2
2023-02-04,TR-05,05#矿车,2022,8.58,3,231.5,5960.7
2023-02-04,TR-06,06#矿车,2018,8.13,3,229.1,5584.2
2023-02-04,TR-07,07#矿车,2020,8.61,3,217.4,5613.0
2023-02-04,TR-08,08#矿车,2015,9.22,3,222.5,6155.2
2023-02-04,TR-09,09#矿车,2023,8.03,3,220.5,5314.9
2023-02-04,TR-10,10#矿车,2016,9.06,3,229.2,6232.5
2023-02-04,TR-11,11#矿车,2021,8.5,2,227.1,3860.0
2023-02-04,TR-12,12#矿车,2013,7.21,2,227.1,3274.3
2023-02-05,TR-01,01#矿车,2017,5.37,1,219.5,1178.3
2023-02-05,TR-02,02#矿车,2021,8.56,3,217.3,5583.3
2023-02-05,TR-03,03#矿车,2019,8.74,2,219.3,3834.0
2023-02-05,TR-04,04#矿车,2014,7.26,2,217.8,3160.2
2023-02-05,TR-05,05#矿车,2022,8.49,3,231.5,5894.3
2023-02-05,TR-06,06#矿车,2018,7.99,2,229.1,3663.1
2023-02-05,TR-07,07#矿车,2020,8.7,2,217.4,3780.7
2023-02-05,TR-08,08#矿车,2015,8.76,3,222.5,5849.8
2023-02-05,TR-09,09#矿车,2023,7.8,2,220.5,3441.9
2023-02-05,TR-10,10#矿车,2016,8.25,3,229.2,5677.0
2023-02-05,TR-11,11#矿车,2021,8.91,3,227.1,6070.9
2023-02-05,TR-12,12#矿车,2013,7.11,3,227.1,4842.7
2023-02-06,TR-01,01#矿车,2017,8.46,3,219.5,5570.6
2023-02-06,TR-02,02#矿车,2021,8.37,2,217.3,3638.6
2023-02-06,TR-03,03#矿车,2019,8.83,3,219.3,5808.2
2023-02-06,TR-04,04#矿车,2014,7.13,3,217.8,4654.5
2023-02-06,TR-05,05#矿车,2022,8.51,3,231.5,5913.6
2023-02-06,TR-06,06#矿车,2018,7.99,2,229.1,3659.9
2023-02-06,TR-07,07#矿车,2020,8.38,3,217.4,5461.7
2023-02-06,TR-08,08#矿车,2015,8.41,2,222.5,3743.3
2023-02-06,TR-09,09#矿车,2023,7.89,3,220.5,5221.0
2023-02-06,TR-10,10#矿车,2016,8.54,2,229.2,3913.3
2023-02-06,TR-11,11#矿车,2021,9.01,3,227.1,6140.5
2023-02-06,TR-12,12#矿车,2013,7.21,2,227.1,3275.6
2023-02-07,TR-01,01#矿车,2017,8.26,3,219.5,5439.0
2023-02-07,TR-02,02#矿车,2021,7.96,3,217.3,5190.3
2023-02-07,TR-03,03#矿车,2019,8.67,3,219.3,5701.8
2023-02-07,TR-04,04#矿车,2014,6.84,3,217.8,4467.4
2023-02-07,TR-05,05#矿车,2022,9.13,3,231.5,6341.3
2023-02-07,TR-06,06#矿车,2018,8.09,3,229.1,5558.9
2023-02-07,TR-07,07#矿车,2020,8.62,3,217.4,5621.7
2023-02-07,TR-08,08#矿车,2015,9.14,2,222.5,4065.6
2023-02-07,TR-09,09#矿车,2023,7.8,2,220.5,3437.8
2023-02-07,TR-10,10#矿车,2016,8.44,2,229.2,3869.3
2023-02-07,TR-11,11#矿车,2021,8.61,3,227.1,5866.2
2023-02-07,TR-12,12#矿车,2013,7.13,3,227.1,4858.1
2023-02-08,TR-01,01#矿车,2017,7.97,2,219.5,3497.2
2023-02-08,TR-02,02#矿车,2021,8.29,3,217.3,5406.4
2023-02-08,TR-03,03#矿车,2019,8.15,3,219.3,5362.3
2023-02-08,TR-04,04#矿车,2014,7.21,2,217.8,3140.7
2023-02-08,TR-05,05#矿车,2022,8.94,3,231.5,6207.5
2023-02-08,TR-06,06#矿车,2018,8.01,3,229.1,5506.7
2023-02-08,TR-07,07#矿车,2020,8.9,3,217.4,5805.2
2023-02-08,TR-08,08#矿车,2015,8.81,3,222.5,5881.4
2023-02-08,TR-09,09#矿车,2023,7.75,2,220.5,3418.9
2023-02-08,TR-10,10#矿车,2016,8.08,2,229.2,3706.4
2023-02-08,TR-11,11#矿车,2021,7.93,3,227.1,5403.3
2023-02-08,TR-12,12#矿车,2013,7.18,3,227.1,4890.5
2023-02-09,TR-01,01#矿车,2017,7.89,3,219.5,5194.4
2023-02-09,TR-02,02#矿车,2021,8.25,3,217.3,5379.6
2023-02-09,TR-03,03#矿车,2019,7.98,3,219.3,5251.5
2023-02-09,TR-04,04#矿车,2014,6.86,3,217.8,4480.3
2023-02-09,TR-05,05#矿车,2022,8.43,3,231.5,5858.3
2023-02-09,TR-06,06#矿车,2018,7.91,2,229.1,3624.3
2023-02-09,TR-07,07#矿车,2020,8.78,3,217.4,5725.7
2023-02-09,TR-08,08#矿车,2015,8.44,3,222.5,5631.8
2023-02-09,TR-09,09#矿车,2023,7.53,3,220.5,4979.6
2023-02-09,TR-10,10#矿车,2016,8.29,2,229.2,3799.2
2023-02-09,TR-11,11#矿车,2021,8.61,2,227.1,3911.0
2023-02-09,TR-12,12#矿车,2013,7.21,2,227.1,3275.3
2023-02-10,TR-01,01#矿车,2017,8.32,3,219.5,5479.9
2023-02-10,TR-02,02#矿车,2021,8.26,2,217.3,3591.4
2023-02-10,TR-03,03#矿车,2019,8.33,2,219.3,3655.9
2023-02-10,TR-04,04#矿车,2014,6.8,2,217.8,2963.0
2023-02-10,TR-05,05#矿车,2022,8.91,2,231.5,4123.5
2023-02-10,TR-06,06#矿车,2018,8.16,2,229.1,3737.1
2023-02-10,TR-07,07#矿车,2020,8.72,3,217.4,5686.7
2023-02-10,TR-08,08#矿车,2015,8.44,3,222.5,5632.6
2023-02-10,TR-09,09#矿车,2023,7.63,3,220.5,5046.5
2023-02-10,TR-10,10#矿车,2016,8.44,3,229.2,5807.7
2023-02-10,TR-11,11#矿车,2021,8.57,2,227.1,3893.2
2023-02-10,TR-12,12#矿车,2013,7.23,3,227.1,4924.9
2023-02-11,TR-01,01#矿车,2017,8.26,2,219.5,3626.4
2023-02-11,TR-02,02#矿车,2021,7.86,3,217.3,5125.8
2023-02-11,TR-03,03#矿车,2019,8.41,3,219.3,5536.1
2023-02-11,TR-04,04#矿车,2014,7.19,2,217.8,3131.8
2023-02-11,TR-05,05#矿车,2022,8.24,3,231.5,5722.1
2023-02-11,TR-06,06#矿车,2018,8.26,2,229.1,3785.0
2023-02-11,TR-07,07#矿车,2020,8.91,2,217.4,3873.6
2023-02-11,TR-08,08#矿车,2015,8.98,3,222.5,5993.9
2023-02-11,TR-09,09#矿车,2023,7.84,2,220.5,3456.0
2023-02-11,TR-10,10#矿车,2016,8.99,3,229.2,6179.3
2023-02-11,TR-11,11#矿车,2021,8.89,2,227.1,4037.6
2023-02-11,TR-12,12#矿车,2013,6.99,3,227.1,4762.2
2023-02-12,TR-01,01#矿车,2017,8.37,2,219.5,3676.2
2023-02-12,TR-02,02#矿车,2021,8.19,3,217.3,5337.6
2023-02-12,TR-03,03#矿车,2019,8.1,2,219.3,3551.7
2023-02-12,TR-04,04#矿车,2014,7.2,2,217.8,3136.1
2023-02-12,TR-05,05#矿车,2022,8.59,2,231.5,3977.3
2023-02-12,TR-06,06#矿车,2018,7.75,3,229.1,5323.2
2023-02-12,TR-07,07#矿车,2020,8.45,3,217.4,5508.9
2023-02-12,TR-08,08#矿车,2015,8.75,3,222.5,5839.0
2023-02-12,TR-09,09#矿车,2023,7.88,2,220.5,3476.9
2023-02-12,TR-10,10#矿车,2016,8.72,3,229.2,5999.4
2023-02-12,TR-11,11#矿车,2021,8.47,2,227.1,3845.8
2023-02-12,TR-12,12#矿车,2013,6.66,3,227.1,4541.0
2023-02-13,TR-01,01#矿车,2017,8.39,3,219.5,5525.2
2023-02-13,TR-02,02#矿车,2021,8.16,3,217.3,5319.6
2023-02-13,TR-03,03#矿车,2019,7.86,2,219.3,3449.3
2023-02-13,TR-04,04#矿车,2014,7.18,3,217.8,4690.4
2023-02-13,TR-05,05#矿车,2022,8.91,3,231.5,6186.2
2023-02-13,TR-06,06#矿车,2018,7.77,3,229.1,5337.9
2023-02-13,TR-07,07#矿车,2020,8.86,2,217.4,3852.7
2023-02-13,TR-08,08#矿车,2015,8.58,2,222.5,3819.4
2023-02-13,TR-09,09#矿车,2023,7.98,3,220.5,5281.8
2023-02-13,TR-10,10#矿车,2016,8.66,3,229.2,5953.4
2023-02-13,TR-11,11#矿车,2021,8.79,2,227.1,3992.1
2023-02-13,TR-12,12#矿车,2013,7.3,3,227.1,4971.5
2023-02-14,TR-01,01#矿车,2017,8.33,3,219.5,5482.9
2023-02-14,TR-02,02#矿车,2021,8.06,2,217.3,3502.6
2023-02-14,TR-03,03#矿车,2019,7.98,2,219.3,3501.9
2023-02-14,TR-04,04#矿车,2014,7.15,3,217.8,4668.5
2023-02-14,TR-05,05#矿车,2022,8.62,2,231.5,3993.8
2023-02-14,TR-06,06#矿车,2018,7.99,2,229.1,3660.4
2023-02-14,TR-07,07#矿车,2020,8.94,2,217.4,3887.0
2023-02-14,TR-08,08#矿车,2015,8.24,3,222.5,5502.1
2023-02-14,TR-09,09#矿车,2023,7.86,2,220.5,3468.2
2023-02-14,TR-10,10#矿车,2016,8.37,3,229.2,5753.1
2023-02-14,TR-11,11#矿车,2021,8.92,3,227.1,6074.0
2023-02-14,TR-12,12#矿车,2013,7.07,2,227.1,3210.1
2023-02-15,TR-01,01#矿车,2017,8.31,2,219.5,3650.4
2023-02-15,TR-02,02#矿车,2021,8.13,2,217.3,3531.2
2023-02-15,TR-03,03#矿车,2019,7.96,3,219.3,5238.4
2023-02-15,TR-04,04#矿车,2014,7.05,3,217.8,4604.3
2023-02-15,TR-05,05#矿车,2022,8.61,2,231.5,3987.6
2023-02-15,TR-06,06#矿车,2018,7.91,2,229.1,3625.1
2023-02-15,TR-07,07#矿车,2020,8.59,3,217.4,5601.0
2023-02-15,TR-08,08#矿车,2015,8.3,3,222.5,5541.1
2023-02-15,TR-09,09#矿车,2023,7.64,2,220.5,3370.4
2023-02-15,TR-10,10#矿车,2016,8.31,3,229.2,5714.0
2023-02-15,TR-11,11#矿车,2021,9.21,2,227.1,4182.7
2023-02-15,TR-12,12#矿车,2013,7.58,3,227.1,5161.9
2023-02-16,TR-01,01#矿车,2017,8.25,3,219.5,5433.3
2023-02-16,TR-02,02#矿车,2021,8.29,2,217.3,3601.9
2023-02-16,TR-03,03#矿车,2019,8.18,3,219.3,5379.4
2023-02-16,TR-04,04#矿车,2014,7.12,2,217.8,3099.7
2023-02-16,TR-05,05#矿车,2022,8.46,3,231.5,5879.6
2023-02-16,TR-06,06#矿车,2018,7.9,2,229.1,3621.8
2023-02-16,TR-07,07#矿车,2020,8.36,3,217.4,5454.1
2023-02-16,TR-08,08#矿车,2015,8.62,2,222.5,3837.0
2023-02-16,TR-09,09#矿车,2023,7.48,2,220.5,3298.0
2023-02-16,TR-10,10#矿车,2016,8.56,3,229.2,5884.9
2023-02-16,TR-11,11#矿车,2021,8.82,3,227.1,6004.9
2023-02-16,TR-12,12#矿车,2013,7.52,2,227.1,3414.6
2023-02-17,TR-01,01#矿车,2017,8.18,3,219.5,5389.4
2023-02-17,TR-02,02#矿车,2021,8.43,2,217.3,3665.2
2023-02-17,TR-03,03#矿车,2019,8.56,3,219.3,5633.8
2023-02-17,TR-04,04#矿车,2014,6.84,2,217.8,2977.0
2023-02-17,TR-05,05#矿车,2022,8.49,3,231.5,5896.1
2023-02-17,TR-06,06#矿车,2018,7.84,3,229.1,5387.5
2023-02-17,TR-07,07#矿车,2020,9.51,2,217.4,4135.2
2023-02-17,TR-08,08#矿车,2015,8.62,3,222.5,5754.5
2023-02-17,TR-09,09#矿车,2023,7.86,3,220.5,5198.3
2023-02-17,TR-10,10#矿车,2016,8.67,3,229.2,5965.9
2023-02-17,TR-11,11#矿车,2021,8.52,2,227.1,3869.2
2023-02-17,TR-12,12#矿车,2013,6.92,2,227.1,3145.0
2023-02-18,TR-01,01#矿车,2017,8.24,3,219.5,5428.0
2023-02-18,TR-02,02#矿车,2021,8.17,3,217.3,5328.9
2023-02-18,TR-03,03#矿车,2019,8.43,3,219.3,5546.7
2023-02-18,TR-04,04#矿车,2014,7.08,3,217.8,4624.0
2023-02-18,TR-05,05#矿车,2022,8.48,3,231.5,5891.9
2023-02-18,TR-06,06#矿车,2018,8.21,3,229.1,5645.3
2023-02-18,TR-07,07#矿车,2020,4.94,0,217.4,0.0
2023-02-18,TR-08,08#矿车,2015,8.72,2,222.5,3881.9
2023-02-18,TR-09,09#矿车,2023,8.01,3,220.5,5299.4
2023-02-18,TR-10,10#矿车,2016,5.6,1,229.2,1284.8
2023-02-18,TR-11,11#矿车,2021,8.15,3,227.1,5550.0
2023-02-18,TR-12,12#矿车,2013,7.08,3,227.1,4825.1
2023-02-19,TR-01,01#矿车,2017,8.38,3,219.5,5520.1
2023-02-19,TR-02,02#矿车,2021,8.29,2,217.3,3601.5
2023-02-19,TR-03,03#矿车,2019,8.49,3,219.3,5583.5
2023-02-19,TR-04,04#矿车,2014,6.88,3,217.8,4494.3
2023-02-19,TR-05,05#矿车,2022,8.44,2,231.5,3906.0
2023-02-19,TR-06,06#矿车,2018,8.0,2,229.1,3664.6
2023-02-19,TR-07,07#矿车,2020,8.89,2,217.4,3866.6
2023-02-19,TR-08,08#矿车,2015,8.34,3,222.5,5566.4
2023-02-19,TR-09,09#矿车,2023,7.5,3,220.5,4964.7
2023-02-19,TR-10,10#矿车,2016,9.3,2,229.2,4265.6
2023-02-19,TR-11,11#矿车,2021,8.28,3,227.1,5637.8
2023-02-19,TR-12,12#矿车,2013,6.53,2,227.1,2967.5
2023-02-20,TR-01,01#矿车,2017,8.01,3,219.5,5275.5
2023-02-20,TR-02,02#矿车,2021,8.52,3,217.3,5552.3
2023-02-20,TR-03,03#矿车,2019,8.71,2,219.3,3819.9
2023-02-20,TR-04,04#矿车,2014,6.97,2,217.8,3035.2
2023-02-20,TR-05,05#矿车,2022,9.03,3,231.5,6272.2
2023-02-20,TR-06,06#矿车,2018,7.87,3,229.1,5411.7
2023-02-20,TR-07,07#矿车,2020,9.05,3,217.4,5903.5
2023-02-20,TR-08,08#矿车,2015,8.61,3,222.5,5747.7
2023-02-20,TR-09,09#矿车,2023,8.11,3,220.5,5367.5
2023-02-20,TR-10,10#矿车,2016,8.88,3,229.2,6107.0
2023-02-20,TR-11,11#矿车,2021,8.3,2,227.1,3766.9
2023-02-20,TR-12,12#矿车,2013,6.6,3,227.1,4495.0
2023-02-21,TR-01,01#矿车,2017,8.08,3,219.5,5318.9
2023-02-21,TR-02,02#矿车,2021,8.11,3,217.3,5286.7
2023-02-21,TR-03,03#矿车,2019,8.58,3,219.3,5641.9
2023-02-21,TR-04,04#矿车,2014,7.19,2,217.8,3131.8
2023-02-21,TR-05,05#矿车,2022,5.2,0,231.5,0.0
2023-02-21,TR-06,06#矿车,2018,7.68,2,229.1,3519.6
2023-02-21,TR-07,07#矿车,2020,8.97,3,217.4,5852.1
2023-02-21,TR-08,08#矿车,2015,9.27,2,222.5,4126.5
2023-02-21,TR-09,09#矿车,2023,8.17,3,220.5,5402.3
2023-02-21,TR-10,10#矿车,2016,8.61,2,229.2,3947.8
2023-02-21,TR-11,11#矿车,2021,8.85,3,227.1,6029.2
2023-02-21,TR-12,12#矿车,2013,7.08,2,227.1,3214.6
2023-02-22,TR-01,01#矿车,2017,8.04,3,219.5,5295.5
2023-02-22,TR-02,02#矿车,2021,8.48,3,217.3,5528.7
2023-02-22,TR-03,03#矿车,2019,8.23,3,219.3,5414.6
2023-02-22,TR-04,04#矿车,2014,7.29,3,217.8,4762.5
2023-02-22,TR-05,05#矿车,2022,8.89,3,231.5,6174.7
2023-02-22,TR-06,06#矿车,2018,8.14,3,229.1,5593.3
2023-02-22,TR-07,07#矿车,2020,8.62,2,217.4,3747.8
2023-02-22,TR-08,08#矿车,2015,8.98,2,222.5,3995.8
2023-02-22,TR-09,09#矿车,2023,7.62,2,220.5,3359.7
2023-02-22,TR-10,10#矿车,2016,8.57,3,229.2,5896.3
2023-02-22,TR-11,11#矿车,2021,9.04,3,227.1,6155.0
2023-02-22,TR-12,12#矿车,2013,6.63,3,227.1,4519.0
2023-02-23,TR-01,01#矿车,2017,8.75,2,219.5,3842.5
2023-02-23,TR-02,02#矿车,2021,8.2,3,217.3,5347.3
2023-02-23,TR-03,03#矿车,2019,8.38,3,219.3,5515.3
2023-02-23,TR-04,04#矿车,2014,7.39,3,217.8,4826.5
2023-02-23,TR-05,05#矿车,2022,8.66,2,231.5,4008.6
2023-02-23,TR-06,06#矿车,2018,8.0,2,229.1,3665.5
2023-02-23,TR-07,07#矿车,2020,8.8,3,217.4,5736.1
2023-02-23,TR-08,08#矿车,2015,8.82,3,222.5,5890.2
2023-02-23,TR-09,09#矿车,2023,7.79,2,220.5,3436.4
2023-02-23,TR-10,10#矿车,2016,8.55,3,229.2,5878.7
2023-02-23,TR-11,11#矿车,2021,8.51,3,227.1,5797.6
2023-02-23,TR-12,12#矿车,2013,7.23,3,227.1,4927.3
2023-02-24,TR-01,01#矿车,2017,8.69,3,219.5,5722.2
2023-02-24,TR-02,02#矿车,2021,8.59,3,217.3,5598.9
2023-02-24,TR-03,03#矿车,2019,8.17,2,219.3,3584.9
2023-02-24,TR-04,04#矿车,2014,7.54,3,217.8,4924.7
2023-02-24,TR-05,05#矿车,2022,8.89,3,231.5,6173.7
2023-02-24,TR-06,06#矿车,2018,4.9,0,229.1,0.0
2023-02-24,TR-07,07#矿车,2020,8.29,3,217.4,5404.2
2023-02-24,TR-08,08#矿车,2015,8.59,3,222.5,5732.0
2023-02-24,TR-09,09#矿车,2023,8.15,2,220.5,3594.9
2023-02-24,TR-10,10#矿车,2016,8.84,3,229.2,6076.3
2023-02-24,TR-11,11#矿车,2021,8.91,3,227.1,6070.9
2023-02-24,TR-12,12#矿车,2013,7.2,3,227.1,4905.8
2023-02-25,TR-01,01#矿车,2017,8.27,2,219.5,3631.6
2023-02-25,TR-02,02#矿车,2021,8.36,3,217.3,5453.2
2023-02-25,TR-03,03#矿车,2019,8.62,3,219.3,5670.4
2023-02-25,TR-04,04#矿车,2014,7.12,2,217.8,3102.1
2023-02-25,TR-05,05#矿车,2022,8.85,3,231.5,6149.6
2023-02-25,TR-06,06#矿车,2018,8.43,3,229.1,5793.0
2023-02-25,TR-07,07#矿车,2020,8.62,3,217.4,5618.6
2023-02-25,TR-08,08#矿车,2015,8.47,3,222.5,5656.9
2023-02-25,TR-09,09#矿车,2023,7.93,3,220.5,5247.1
2023-02-25,TR-10,10#矿车,2016,8.56,2,229.2,3924.6
2023-02-25,TR-11,11#矿车,2021,8.69,3,227.1,5916.2
2023-02-25,TR-12,12#矿车,2013,7.14,3,227.1,4864.5
2023-02-26,TR-01,01#矿车,2017,7.86,2,219.5,3453.0
2023-02-26,TR-02,02#矿车,2021,8.27,3,217.3,5388.3
2023-02-26,TR-03,03#矿车,2019,8.12,2,219.3,3560.9
2023-02-26,TR-04,04#矿车,2014,6.99,3,217.8,4563.0
2023-02-26,TR-05,05#矿车,2022,8.19,3,231.5,5690.3
2023-02-26,TR-06,06#矿车,2018,8.73,2,229.1,3999.0
2023-02-26,TR-07,07#矿车,2020,9.0,3,217.4,5865.3
2023-02-26,TR-08,08#矿车,2015,8.53,3,222.5,5697.0
2023-02-26,TR-09,09#矿车,2023,7.81,3,220.5,5167.5
2023-02-26,TR-10,10#矿车,2016,8.72,3,229.2,6000.2
2023-02-26,TR-11,11#矿车,2021,8.51,3,227.1,5794.0
2023-02-26,TR-12,12#矿车,2013,6.92,3,227.1,4715.4
2023-02-27,TR-01,01#矿车,2017,8.5,2,219.5,3731.3
2023-02-27,TR-02,02#矿车,2021,8.47,3,217.3,5523.4
2023-02-27,TR-03,03#矿车,2019,8.89,3,219.3,5850.4
2023-02-27,TR-04,04#矿车,2014,7.12,3,217.8,4653.4
2023-02-27,TR-05,05#矿车,2022,8.58,3,231.5,5957.7
2023-02-27,TR-06,06#矿车,2018,8.31,3,229.1,5710.2
2023-02-27,TR-07,07#矿车,2020,9.29,3,217.4,6058.6
2023-02-27,TR-08,08#矿车,2015,8.58,2,222.5,3816.8
2023-02-27,TR-09,09#矿车,2023,7.92,3,220.5,5236.9
2023-02-27,TR-10,10#矿车,2016,8.43,3,229.2,5796.4
2023-02-27,TR-11,11#矿车,2021,8.53,2,227.1,3871.9
2023-02-27,TR-12,12#矿车,2013,6.72,3,227.1,4578.8
2023-02-28,TR-01,01#矿车,2017,8.38,3,219.5,5522.1
2023-02-28,TR-02,02#矿车,2021,8.25,3,217.3,5377.4
2023-02-28,TR-03,03#矿车,2019,9.05,3,219.3,5954.6
2023-02-28,TR-04,04#矿车,2014,7.04,3,217.8,4600.2
2023-02-28,TR-05,05#矿车,2022,8.43,2,231.5,3902.8
2023-02-28,TR-06,06#矿车,2018,8.62,3,229.1,5922.2
2023-02-28,TR-07,07#矿车,2020,9.03,2,217.4,3924.5
2023-02-28,TR-08,08#矿车,2015,8.2,3,222.5,5475.3
2023-02-28,TR-09,09#矿车,2023,7.64,3,220.5,5055.3
2023-02-28,TR-10,10#矿车,2016,8.71,3,229.2,5991.8
2023-02-28,TR-11,11#矿车,2021,8.22,2,227.1,3730.7
2023-02-28,TR-12,12#矿车,2013,3.37,1,227.1,764.3
2023-03-01,TR-01,01#矿车,2017,8.46,3,219.5,5573.5
2023-03-01,TR-02,02#矿车,2021,7.76,2,217.3,3374.4
2023-03-01,TR-03,03#矿车,2019,8.49,3,219.3,5588.6
2023-03-01,TR-04,04#矿车,2014,7.59,3,217.8,4959.2
2023-03-01,TR-05,05#矿车,2022,8.63,3,231.5,5994.5
2023-03-01,TR-06,06#矿车,2018,8.32,3,229.1,5715.2
2023-03-01,TR-07,07#矿车,2020,9.07,3,217.4,5912.2
2023-03-01,TR-08,08#矿车,2015,8.07,3,222.5,5389.9
2023-03-01,TR-09,09#矿车,2023,7.64,3,220.5,5051.4
2023-03-01,TR-10,10#矿车,2016,8.69,2,229.2,3985.6
2023-03-01,TR-11,11#矿车,2021,8.28,2,227.1,3758.6
2023-03-01,TR-12,12#矿车,2013,7.06,2,227.1,3208.1
2023-03-02,TR-01,01#矿车,2017,8.51,3,219.5,5601.8
2023-03-02,TR-02,02#矿车,2021,8.71,3,217.3,5677.8
2023-03-02,TR-03,03#矿车,2019,8.37,3,219.3,5503.8
2023-03-02,TR-04,04#矿车,2014,7.23,3,217.8,4722.1
2023-03-02,TR-05,05#矿车,2022,8.68,3,231.5,6026.4
2023-03-02,TR-06,06#矿车,2018,8.48,2,229.1,3883.7
2023-03-02,TR-07,07#矿车,2020,9.5,3,217.4,6192.2
2023-03-02,TR-08,08#矿车,2015,8.59,3,222.5,5733.7
2023-03-02,TR-09,09#矿车,2023,7.56,3,220.5,5001.9
2023-03-02,TR-10,10#矿车,2016,8.52,2,229.2,3907.1
2023-03-02,TR-11,11#矿车,2021,8.48,2,227.1,3852.0
2023-03-02,TR-12,12#矿车,2013,7.16,3,227.1,4879.8
2023-03-03,TR-01,01#矿车,2017,8.15,2,219.5,3580.2
2023-03-03,TR-02,02#矿车,2021,8.47,2,217.3,3681.3
2023-03-03,TR-03,03#矿车,2019,8.45,3,219.3,5560.7
2023-03-03,TR-04,04#矿车,2014,7.08,2,217.8,3082.6
2023-03-03,TR-05,05#矿车,2022,8.76,2,231.5,4058.5
2023-03-03,TR-06,06#矿车,2018,8.31,2,229.1,3807.2
2023-03-03,TR-07,07#矿车,2020,8.7,2,217.4,3781.9
2023-03-03,TR-08,08#矿车,2015,8.49,3,222.5,5664.5
2023-03-03,TR-09,09#矿车,2023,8.09,3,220.5,5349.8
2023-03-03,TR-10,10#矿车,2016,8.57,3,229.2,5897.1
2023-03-03,TR-11,11#矿车,2021,8.33,3,227.1,5673.3
2023-03-03,TR-12,12#矿车,2013,7.23,3,227.1,4924.8
2023-03-04,TR-01,01#矿车,2017,8.4,3,219.5,5529.3
2023-03-04,TR-02,02#矿车,2021,8.35,2,217.3,3627.0
2023-03-04,TR-03,03#矿车,2019,8.37,2,219.3,3672.3
2023-03-04,TR-04,04#矿车,2014,7.31,3,217.8,4776.1
2023-03-04,TR-05,05#矿车,2022,8.85,3,231.5,6148.1
2023-03-04,TR-06,06#矿车,2018,8.34,3,229.1,5728.6
2023-03-04,TR-07,07#矿车,2020,8.43,3,217.4,5493.9
2023-03-04,TR-08,08#矿车,2015,8.78,3,222.5,5862.7
2023-03-04,TR-09,09#矿车,2023,7.8,3,220.5,5161.5
2023-03-04,TR-10,10#矿车,2016,8.14,2,229.2,3729.8
2023-03-04,TR-11,11#矿车,2021,8.62,3,227.1,5871.8
2023-03-04,TR-12,12#矿车,2013,6.9,3,227.1,4702.2
2023-03-05,TR-01,01#矿车,2017,8.29,3,219.5,5461.4
2023-03-05,TR-02,02#矿车,2021,8.39,3,217.3,5471.9
2023-03-05,TR-03,03#矿车,2019,8.34,3,219.3,5485.4
2023-03-05,TR-04,04#矿车,2014,6.74,3,217.8,4405.1
2023-03-05,TR-05,05#矿车,2022,8.3,3,231.5,5762.9
2023-03-05,TR-06,06#矿车,2018,8.33,3,229.1,5725.2
2023-03-05,TR-07,07#矿车,2020,8.37,2,217.4,3639.4
2023-03-05,TR-08,08#矿车,2015,8.71,3,222.5,5815.1
2023-03-05,TR-09,09#矿车,2023,7.69,3,220.5,5090.1
2023-03-05,TR-10,10#矿车,2016,8.62,3,229.2,5927.1
2023-03-05,TR-11,11#矿车,2021,8.6,3,227.1,5856.6
2023-03-05,TR-12,12#矿车,2013,6.95,3,227.1,4737.8
2023-03-06,TR-01,01#矿车,2017,8.29,3,219.5,5459.4
2023-03-06,TR-02,02#矿车,2021,8.39,2,217.3,3647.5
2023-03-06,TR-03,03#矿车,2019,8.15,2,219.3,3574.9
2023-03-06,TR-04,04#矿车,2014,7.11,3,217.8,4646.9
2023-03-06,TR-05,05#矿车,2022,8.52,3,231.5,5915.4
2023-03-06,TR-06,06#矿车,2018,8.02,2,229.1,3672.9
2023-03-06,TR-07,07#矿车,2020,8.75,3,217.4,5702.6
2023-03-06,TR-08,08#矿车,2015,8.64,3,222.5,5764.2
2023-03-06,TR-09,09#矿车,2023,8.08,2,220.5,3562.4
2023-03-06,TR-10,10#矿车,2016,8.34,3,229.2,5736.9
2023-03-06,TR-11,11#矿车,2021,8.54,3,227.1,5820.2
2023-03-06,TR-12,12#矿车,2013,7.14,3,227.1,4862.5
2023-03-07,TR-01,01#矿车,2017,8.1,2,219.5,3556.3
2023-03-07,TR-02,02#矿车,2021,8.38,2,217.3,3640.6
2023-03-07,TR-03,03#矿车,2019,8.39,3,219.3,5519.7
2023-03-07,TR-04,04#矿车,2014,7.08,3,217.8,4624.4
2023-03-07,TR-05,05#矿车,2022,8.5,3,231.5,5903.8
2023-03-07,TR-06,06#矿车,2018,7.84,3,229.1,5387.8
2023-03-07,TR-07,07#矿车,2020,8.83,3,217.4,5758.7
2023-03-07,TR-08,08#矿车,2015,8.76,3,222.5,5847.5
2023-03-07,TR-09,09#矿车,2023,7.73,2,220.5,3408.2
2023-03-07,TR-10,10#矿车,2016,8.8,2,229.2,4033.3
2023-03-07,TR-11,11#矿车,2021,8.7,2,227.1,3949.0
2023-03-07,TR-12,12#矿车,2013,7.22,2,227.1,3278.6
2023-03-08,TR-01,01#矿车,2017,8.27,2,219.5,3629.3
2023-03-08,TR-02,02#矿车,2021,8.04,3,217.3,5238.3
2023-03-08,TR-03,03#矿车,2019,8.23,3,219.3,5411.6
2023-03-08,TR-04,04#矿车,2014,7.17,3,217.8,4684.8
2023-03-08,TR-05,05#矿车,2022,8.28,3,231.5,5751.0
2023-03-08,TR-06,06#矿车,2018,7.84,3,229.1,5388.3
2023-03-08,TR-07,07#矿车,2020,8.73,3,217.4,5695.0
2023-03-08,TR-08,08#矿车,2015,8.38,2,222.5,3729.1
2023-03-08,TR-09,09#矿车,2023,7.52,2,220.5,3316.5
2023-03-08,TR-10,10#矿车,2016,9.13,3,229.2,6277.1
2023-03-08,TR-11,11#矿车,2021,8.67,2,227.1,3937.7
2023-03-08,TR-12,12#矿车,2013,7.6,3,227.1,5178.1
2023-03-09,TR-01,01#矿车,2017,8.19,3,219.5,5396.4
2023-03-09,TR-02,02#矿车,2021,7.87,2,217.3,3422.5
2023-03-09,TR-03,03#矿车,2019,8.23,3,219.3,5417.8
2023-03-09,TR-04,04#矿车,2014,7.0,2,217.8,3047.6
2023-03-09,TR-05,05#矿车,2022,8.01,3,231.5,5566.0
2023-03-09,TR-06,06#矿车,2018,7.9,3,229.1,5426.4
2023-03-09,TR-07,07#矿车,2020,8.74,3,217.4,5697.1
2023-03-09,TR-08,08#矿车,2015,8.78,3,222.5,5863.7
2023-03-09,TR-09,09#矿车,2023,8.47,3,220.5,5601.0
2023-03-09,TR-10,10#矿车,2016,8.74,2,229.2,4006.4
2023-03-09,TR-11,11#矿车,2021,9.02,3,227.1,6145.8
2023-03-09,TR-12,12#矿车,2013,6.91,3,227.1,4706.1
2023-03-10,TR-01,01#矿车,2017,7.76,2,219.5,3407.2
2023-03-10,TR-02,02#矿车,2021,8.55,3,217.3,5573.2
2023-03-10,TR-03,03#矿车,2019,8.42,2,219.3,3692.8
2023-03-10,TR-04,04#矿车,2014,7.15,3,217.8,4668.1
2023-03-10,TR-05,05#矿车,2022,8.47,3,231.5,5882.3
2023-03-10,TR-06,06#矿车,2018,8.49,2,229.1,3890.1
2023-03-10,TR-07,07#矿车,2020,8.95,3,217.4,5833.9
2023-03-10,TR-08,08#矿车,2015,8.72,3,222.5,5821.5
2023-03-10,TR-09,09#矿车,2023,7.98,3,220.5,5276.5
2023-03-10,TR-10,10#矿车,2016,8.43,3,229.2,5799.1
2023-03-10,TR-11,11#矿车,2021,8.44,3,227.1,5747.2
2023-03-10,TR-12,12#矿车,2013,6.68,3,227.1,4549.9
2023-03-11,TR-01,01#矿车,2017,7.8,2,219.5,3423.3
2023-03-11,TR-02,02#矿车,2021,8.33,3,217.3,5430.1
2023-03-11,TR-03,03#矿车,2019,8.82,3,219.3,5802.2
2023-03-11,TR-04,04#矿车,2014,7.42,2,217.8,3233.2
2023-03-11,TR-05,05#矿车,2022,8.63,3,231.5,5996.2
2023-03-11,TR-06,06#矿车,2018,8.32,3,229.1,5720.6
2023-03-11,TR-07,07#矿车,2020,8.74,3,217.4,5698.4
2023-03-11,TR-08,08#矿车,2015,9.43,3,222.5,6293.9
2023-03-11,TR-09,09#矿车,2023,4.63,1,220.5,1021.2
2023-03-11,TR-10,10#矿车,2016,8.34,3,229.2,5735.7
2023-03-11,TR-11,11#矿车,2021,8.56,3,227.1,5833.0
2023-03-11,TR-12,12#矿车,2013,7.12,3,227.1,4852.0
2023-03-12,TR-01,01#矿车,2017,8.11,3,219.5,5342.3
2023-03-12,TR-02,02#矿车,2021,8.2,2,217.3,3562.8
2023-03-12,TR-03,03#矿车,2019,8.7,3,219.3,5724.7
2023-03-12,TR-04,04#矿车,2014,7.23,3,217.8,4720.5
2023-03-12,TR-05,05#矿车,2022,8.66,3,231.5,6018.1
2023-03-12,TR-06,06#矿车,2018,7.95,3,229.1,5465.3
2023-03-12,TR-07,07#矿车,2020,8.8,3,217.4,5735.3
2023-03-12,TR-08,08#矿车,2015,8.89,3,222.5,5934.3
2023-03-12,TR-09,09#矿车,2023,7.93,3,220.5,5246.0
2023-03-12,TR-10,10#矿车,2016,8.32,2,229.2,3814.0
2023-03-12,TR-11,11#矿车,2021,8.51,2,227.1,3862.4
2023-03-12,TR-12,12#矿车,2013,7.04,3,227.1,4794.2
2023-03-13,TR-01,01#矿车,2017,7.94,2,219.5,3488.2
2023-03-13,TR-02,02#矿车,2021,8.32,3,217.3,5426.3
2023-03-13,TR-03,03#矿车,2019,8.76,3,219.3,5761.2
2023-03-13,TR-04,04#矿车,2014,7.12,2,217.8,3102.5
2023-03-13,TR-05,05#矿车,2022,8.36,2,231.5,3873.2
2023-03-13,TR-06,06#矿车,2018,7.66,2,229.1,3510.3
2023-03-13,TR-07,07#矿车,2020,7.95,3,217.4,5183.4
2023-03-13,TR-08,08#矿车,2015,8.51,2,222.5,3788.4
2023-03-13,TR-09,09#矿车,2023,8.14,3,220.5,5383.5
2023-03-13,TR-10,10#矿车,2016,8.42,3,229.2,5793.3
2023-03-13,TR-11,11#矿车,2021,8.16,3,227.1,5557.2
2023-03-13,TR-12,12#矿车,2013,6.6,3,227.1,4499.3
2023-03-14,TR-01,01#矿车,2017,7.95,3,219.5,5238.8
2023-03-14,TR-02,02#矿车,2021,8.43,3,217.3,5494.4
2023-03-14,TR-03,03#矿车,2019,8.2,2,219.3,3594.6
2023-03-14,TR-04,04#矿车,2014,7.25,2,217.8,3155.7
2023-03-14,TR-05,05#矿车,2022,8.3,2,231.5,3844.2
2023-03-14,TR-06,06#矿车,2018,8.0,3,229.1,5496.9
2023-03-14,TR-07,07#矿车,2020,8.05,3,217.4,5251.3
2023-03-14,TR-08,08#矿车,2015,8.61,2,222.5,3832.0
2023-03-14,TR-09,09#矿车,2023,8.06,3,220.5,5330.6
2023-03-14,TR-10,10#矿车,2016,8.53,3,229.2,5863.4
2023-03-14,TR-11,11#矿车,2021,8.45,3,227.1,5757.7
2023-03-14,TR-12,12#矿车,2013,6.82,3,227.1,4648.5
2023-03-15,TR-01,01#矿车,2017,8.45,3,219.5,5564.4
2023-03-15,TR-02,02#矿车,2021,8.42,3,217.3,5487.2
2023-03-15,TR-03,03#矿车,2019,8.33,3,219.3,5481.1
2023-03-15,TR-04,04#矿车,2014,7.58,2,217.8,3301.0
2023-03-15,TR-05,05#矿车,2022,8.28,3,231.5,5748.1
2023-03-15,TR-06,06#矿车,2018,8.12,2,229.1,3721.2
2023-03-15,TR-07,07#矿车,2020,7.87,3,217.4,5132.2
2023-03-15,TR-08,08#矿车,2015,8.78,3,222.5,5860.1
2023-03-15,TR-09,09#矿车,2023,8.45,3,220.5,5586.8
2023-03-15,TR-10,10#矿车,2016,8.6,3,229.2,5911.8
2023-03-15,TR-11,11#矿车,2021,8.82,2,227.1,4004.9
2023-03-15,TR-12,12#矿车,2013,7.44,3,227.1,5069.1
2023-03-16,TR-01,01#矿车,2017,8.25,3,219.5,5432.2
2023-03-16,TR-02,02#矿车,2021,8.56,3,217.3,5580.9
2023-03-16,TR-03,03#矿车,2019,8.76,3,219.3,5760.6
2023-03-16,TR-04,04#矿车,2014,7.4,3,217.8,4836.7
2023-03-16,TR-05,05#矿车,2022,8.57,2,231.5,3969.8
2023-03-16,TR-06,06#矿车,2018,8.12,2,229.1,3720.0
2023-03-16,TR-07,07#矿车,2020,8.17,2,217.4,3550.8
2023-03-16,TR-08,08#矿车,2015,8.34,3,222.5,5567.5
2023-03-16,TR-09,09#矿车,2023,7.86,3,220.5,5202.7
2023-03-16,TR-10,10#矿车,2016,9.26,2,229.2,4247.3
2023-03-16,TR-11,11#矿车,2021,8.68,3,227.1,5911.3
2023-03-16,TR-12,12#矿车,2013,7.01,3,227.1,4776.9
2023-03-17,TR-01,01#矿车,2017,7.77,3,219.5,5116.0
2023-03-17,TR-02,02#矿车,2021,7.88,2,217.3,3424.5
2023-03-17,TR-03,03#矿车,2019,7.51,3,219.3,4938.0
2023-03-17,TR-04,04#矿车,2014,3.03,0,217.8,0.0
2023-03-17,TR-05,05#矿车,2022,8.84,3,231.5,6140.3
2023-03-17,TR-06,06#矿车,2018,7.9,3,229.1,5429.9
2023-03-17,TR-07,07#矿车,2020,8.32,3,217.4,5424.8
2023-03-17,TR-08,08#矿车,2015,8.5,3,222.5,5672.0
2023-03-17,TR-09,09#矿车,2023,7.76,2,220.5,3424.2
2023-03-17,TR-10,10#矿车,2016,8.61,2,229.2,3949.6
2023-03-17,TR-11,11#矿车,2021,8.49,3,227.1,5785.6
2023-03-17,TR-12,12#矿车,2013,6.69,3,227.1,4559.4
2023-03-18,TR-01,01#矿车,2017,7.96,3,219.5,5244.0
2023-03-18,TR-02,02#矿车,2021,8.29,3,217.3,5402.3
2023-03-18,TR-03,03#矿车,2019,8.31,3,219.3,5467.8
2023-03-18,TR-04,04#矿车,2014,7.33,2,217.8,3191.7
2023-03-18,TR-05,05#矿车,2022,8.36,3,231.5,5808.0
2023-03-18,TR-06,06#矿车,2018,8.18,3,229.1,5623.9
2023-03-18,TR-07,07#矿车,2020,8.66,2,217.4,3763.6
2023-03-18,TR-08,08#矿车,2015,8.5,2,222.5,3780.3
2023-03-18,TR-09,09#矿车,2023,7.61,3,220.5,5035.6
2023-03-18,TR-10,10#矿车,2016,8.53,3,229.2,5866.5
2023-03-18,TR-11,11#矿车,2021,8.45,3,227.1,5752.9
2023-03-18,TR-12,12#矿车,2013,7.13,2,227.1,3237.3
2023-03-19,TR-01,01#矿车,2017,8.18,3,219.5,5385.3
2023-03-19,TR-02,02#矿车,2021,8.49,2,217.3,3690.4
2023-03-19,TR-03,03#矿车,2019,8.32,3,219.3,5474.2
2023-03-19,TR-04,04#矿车,2014,7.37,3,217.8,4815.1
2023-03-19,TR-05,05#矿车,2022,8.51,2,231.5,3942.6
2023-03-19,TR-06,06#矿车,2018,8.14,3,229.1,5592.3
2023-03-19,TR-07,07#矿车,2020,8.48,3,217.4,5526.7
2023-03-19,TR-08,08#矿车,2015,8.05,3,222.5,5374.5
2023-03-19,TR-09,09#矿车,2023,7.86,2,220.5,3468.0
2023-03-19,TR-10,10#矿车,2016,8.11,2,229.2,3719.9
2023-03-19,TR-11,11#矿车,2021,8.23,2,227.1,3735.7
2023-03-19,TR-12,12#矿车,2013,7.27,3,227.1,4955.7
2023-03-20,TR-01,01#矿车,2017,7.8,3,219.5,5139.5
2023-03-20,TR-02,02#矿车,2021,8.32,3,217.3,5420.9
2023-03-20,TR-03,03#矿车,2019,8.55,2,219.3,3751.9
2023-03-20,TR-04,04#矿车,2014,7.24,3,217.8,4731.4
2023-03-20,TR-05,05#矿车,2022,8.63,3,231.5,5995.6
2023-03-20,TR-06,06#矿车,2018,7.6,3,229.1,5224.7
2023-03-20,TR-07,07#矿车,2020,8.61,3,217.4,5615.7
2023-03-20,TR-08,08#矿车,2015,8.21,3,222.5,5480.2
2023-03-20,TR-09,09#矿车,2023,7.58,3,220.5,5016.2
2023-03-20,TR-10,10#矿车,2016,8.01,3,229.2,5509.2
2023-03-20,TR-11,11#矿车,2021,8.84,2,227.1,4015.8
2023-03-20,TR-12,12#矿车,2013,7.16,3,227.1,4875.7
2023-03-21,TR-01,01#矿车,2017,8.54,3,219.5,5624.8
2023-03-21,TR-02,02#矿车,2021,8.29,3,217.3,5405.9
2023-03-21,TR-03,03#矿车,2019,8.16,3,219.3,5370.9
2023-03-21,TR-04,04#矿车,2014,6.83,3,217.8,4464.5
2023-03-21,TR-05,05#矿车,2022,8.39,2,231.5,3886.2
2023-03-21,TR-06,06#矿车,2018,7.55,2,229.1,3458.4
2023-03-21,TR-07,07#矿车,2020,8.36,3,217.4,5452.3
2023-03-21,TR-08,08#矿车,2015,8.33,3,222.5,5557.6
2023-03-21,TR-09,09#矿车,2023,7.6,3,220.5,5026.3
2023-03-21,TR-10,10#矿车,2016,8.0,3,229.2,5499.9
2023-03-21,TR-11,11#矿车,2021,8.15,3,227.1,5551.8
2023-03-21,TR-12,12#矿车,2013,6.66,3,227.1,4536.0
2023-03-22,TR-01,01#矿车,2017,8.09,2,219.5,3553.7
2023-03-22,TR-02,02#矿车,2021,7.95,2,217.3,3456.0
2023-03-22,TR-03,03#矿车,2019,7.84,2,219.3,3439.2
2023-03-22,TR-04,04#矿车,2014,7.45,3,217.8,4865.0
2023-03-22,TR-05,05#矿车,2022,8.61,2,231.5,3988.4
2023-03-22,TR-06,06#矿车,2018,7.47,2,229.1,3423.1
2023-03-22,TR-07,07#矿车,2020,8.62,2,217.4,3747.6
2023-03-22,TR-08,08#矿车,2015,8.63,3,222.5,5761.4
2023-03-22,TR-09,09#矿车,2023,7.64,3,220.5,5056.7
2023-03-22,TR-10,10#矿车,2016,8.52,3,229.2,5859.6
2023-03-22,TR-11,11#矿车,2021,8.12,3,227.1,5530.5
2023-03-22,TR-12,12#矿车,2013,6.91,2,227.1,3141.0
2023-03-23,TR-01,01#矿车,2017,8.23,3,219.5,5422.8
2023-03-23,TR-02,02#矿车,2021,8.03,3,217.3,5236.1
2023-03-23,TR-03,03#矿车,2019,8.01,2,219.3,3513.2
2023-03-23,TR-04,04#矿车,2014,7.07,3,217.8,4617.0
2023-03-23,TR-05,05#矿车,2022,8.01,3,231.5,5566.2
2023-03-23,TR-06,06#矿车,2018,7.92,2,229.1,3630.3
2023-03-23,TR-07,07#矿车,2020,8.06,3,217.4,5257.7
2023-03-23,TR-08,08#矿车,2015,8.38,2,222.5,3727.1
2023-03-23,TR-09,09#矿车,2023,7.47,2,220.5,3295.1
2023-03-23,TR-10,10#矿车,2016,8.27,3,229.2,5688.2
2023-03-23,TR-11,11#矿车,2021,8.4,3,227.1,5718.8
2023-03-23,TR-12,12#矿车,2013,6.25,2,227.1,2837.0
2023-03-24,TR-01,01#矿车,2017,8.15,2,219.5,3577.8
2023-03-24,TR-02,02#矿车,2021,7.94,2,217.3,3448.8
2023-03-24,TR-03,03#矿车,2019,8.25,2,219.3,3620.5
2023-03-24,TR-04,04#矿车,2014,7.27,3,217.8,4748.7
2023-03-24,TR-05,05#矿车,2022,8.19,3,231.5,5691.8
2023-03-24,TR-06,06#矿车,2018,7.39,2,229.1,3387.2
2023-03-24,TR-07,07#矿车,2020,8.36,2,217.4,3634.2
2023-03-24,TR-08,08#矿车,2015,8.63,2,222.5,3839.3
2023-03-24,TR-09,09#矿车,2023,7.63,2,220.5,3364.8
2023-03-24,TR-10,10#矿车,2016,8.34,2,229.2,3824.9
2023-03-24,TR-11,11#矿车,2021,8.31,2,227.1,3773.3
2023-03-24,TR-12,12#矿车,2013,6.44,2,227.1,2924.5
2023-03-25,TR-01,01#矿车,2017,8.0,2,219.5,3511.4
2023-03-25,TR-02,02#矿车,2021,7.63,2,217.3,3315.3
2023-03-25,TR-03,03#矿车,2019,8.4,2,219.3,3685.8
2023-03-25,TR-04,04#矿车,2014,7.04,3,217.8,4601.0
2023-03-25,TR-05,05#矿车,2022,8.24,3,231.5,5720.7
2023-03-25,TR-06,06#矿车,2018,7.74,3,229.1,5319.7
2023-03-25,TR-07,07#矿车,2020,8.36,3,217.4,5451.4
2023-03-25,TR-08,08#矿车,2015,8.12,3,222.5,5423.2
2023-03-25,TR-09,09#矿车,2023,7.77,2,220.5,3426.0
2023-03-25,TR-10,10#矿车,2016,7.84,3,229.2,5388.6
2023-03-25,TR-11,11#矿车,2021,8.5,3,227.1,5789.5
2023-03-25,TR-12,12#矿车,2013,6.6,3,227.1,4494.7
2023-03-26,TR-01,01#矿车,2017,7.63,3,219.5,5025.8
2023-03-26,TR-02,02#矿车,2021,7.94,3,217.3,5176.1
2023-03-26,TR-03,03#矿车,2019,8.42,3,219.3,5542.1
2023-03-26,TR-04,04#矿车,2014,7.08,2,217.8,3083.2
2023-03-26,TR-05,05#矿车,2022,8.36,3,231.5,5805.1
2023-03-26,TR-06,06#矿车,2018,7.57,2,229.1,3468.1
2023-03-26,TR-07,07#矿车,2020,8.45,3,217.4,5509.6
2023-03-26,TR-08,08#矿车,2015,8.25,2,222.5,3672.9
2023-03-26,TR-09,09#矿车,2023,7.29,3,220.5,4820.3
2023-03-26,TR-10,10#矿车,2016,8.22,3,229.2,5654.7
2023-03-26,TR-11,11#矿车,2021,8.63,3,227.1,5875.8
2023-03-26,TR-12,12#矿车,2013,6.63,3,227.1,4520.3
2023-03-27,TR-01,01#矿车,2017,7.89,3,219.5,5195.0
2023-03-27,TR-02,02#矿车,2021,7.75,3,217.3,5051.4
2023-03-27,TR-03,03#矿车,2019,8.77,3,219.3,5768.3
2023-03-27,TR-04,04#矿车,2014,6.54,3,217.8,4272.4
2023-03-27,TR-05,05#矿车,2022,8.8,2,231.5,4073.6
2023-03-27,TR-06,06#矿车,2018,8.42,3,229.1,5785.2
2023-03-27,TR-07,07#矿车,2020,8.47,2,217.4,3683.0
2023-03-27,TR-08,08#矿车,2015,8.34,2,222.5,3710.5
2023-03-27,TR-09,09#矿车,2023,7.07,2,220.5,3119.1
2023-03-27,TR-10,10#矿车,2016,8.35,3,229.2,5740.9
2023-03-27,TR-11,11#矿车,2021,8.65,3,227.1,5892.7
2023-03-27,TR-12,12#矿车,2013,6.91,3,227.1,4707.9
2023-03-28,TR-01,01#矿车,2017,8.42,2,219.5,3695.2
2023-03-28,TR-02,02#矿车,2021,8.06,2,217.3,3501.8
2023-03-28,TR-03,03#矿车,2019,8.53,2,219.3,3740.7
2023-03-28,TR-04,04#矿车,2014,6.43,3,217.8,4202.6
2023-03-28,TR-05,05#矿车,2022,8.67,3,231.5,6019.4
2023-03-28,TR-06,06#矿车,2018,7.76,3,229.1,5331.7
2023-03-28,TR-07,07#矿车,2020,4.36,0,217.4,0.0
2023-03-28,TR-08,08#矿车,2015,8.62,3,222.5,5754.1
2023-03-28,TR-09,09#矿车,2023,7.43,2,220.5,3276.2
2023-03-28,TR-10,10#矿车,2016,8.6,3,229.2,5914.6
2023-03-28,TR-11,11#矿车,2021,8.45,3,227.1,5756.4
2023-03-28,TR-12,12#矿车,2013,6.84,3,227.1,4663.2
2023-03-29,TR-01,01#矿车,2017,7.65,3,219.5,5035.1
2023-03-29,TR-02,02#矿车,2021,8.03,2,217.3,3488.5
2023-03-29,TR-03,03#矿车,2019,8.38,2,219.3,3675.5
2023-03-29,TR-04,04#矿车,2014,6.55,3,217.8,4281.1
2023-03-29,TR-05,05#矿车,2022,9.02,2,231.5,4177.3
2023-03-29,TR-06,06#矿车,2018,8.15,3,229.1,5601.6
2023-03-29,TR-07,07#矿车,2020,8.26,3,217.4,5383.5
2023-03-29,TR-08,08#矿车,2015,8.38,3,222.5,5595.2
2023-03-29,TR-09,09#矿车,2023,7.48,3,220.5,4949.4
2023-03-29,TR-10,10#矿车,2016,8.57,2,229.2,3927.6
2023-03-29,TR-11,11#矿车,2021,8.35,3,227.1,5687.2
2023-03-29,TR-12,12#矿车,2013,6.68,2,227.1,3035.0
2023-03-30,TR-01,01#矿车,2017,8.08,2,219.5,3549.2
2023-03-30,TR-02,02#矿车,2021,8.01,3,217.3,5222.7
2023-03-30,TR-03,03#矿车,2019,8.18,3,219.3,5378.9
2023-03-30,TR-04,04#矿车,2014,6.43,3,217.8,4201.1
2023-03-30,TR-05,05#矿车,2022,8.44,3,231.5,5860.5
2023-03-30,TR-06,06#矿车,2018,7.92,2,229.1,3628.2
2023-03-30,TR-07,07#矿车,2020,8.39,3,217.4,5468.5
2023-03-30,TR-08,08#矿车,2015,8.47,3,222.5,5656.9
2023-03-30,TR-09,09#矿车,2023,7.67,2,220.5,3381.5
2023-03-30,TR-10,10#矿车,2016,8.48,3,229.2,5832.1
2023-03-30,TR-11,11#矿车,2021,8.56,3,227.1,5830.0
2023-03-30,TR-12,12#矿车,2013,6.94,3,227.1,4731.5
2023-03-31,TR-01,01#矿车,2017,8.04,3,219.5,5297.3
2023-03-31,TR-02,02#矿车,2021,7.93,3,217.3,5168.3
2023-03-31,TR-03,03#矿车,2019,8.44,2,219.3,3700.2
2023-03-31,TR-04,04#矿车,2014,6.8,3,217.8,4443.4
2023-03-31,TR-05,05#矿车,2022,8.88,3,231.5,6171.0
2023-03-31,TR-06,06#矿车,2018,8.15,3,229.1,5600.9
2023-03-31,TR-07,07#矿车,2020,8.31,3,217.4,5417.6
2023-03-31,TR-08,08#矿车,2015,8.6,3,222.5,5741.1
2023-03-31,TR-09,09#矿车,2023,7.41,3,220.5,4902.9
2023-03-31,TR-10,10#矿车,2016,8.53,3,229.2,5864.6
2023-03-31,TR-11,11#矿车,2021,8.36,2,227.1,3794.3
2023-03-31,TR-12,12#矿车,2013,6.54,3,227.1,4458.2
2023-04-01,TR-01,01#矿车,2017,8.19,3,219.5,5394.4
2023-04-01,TR-02,02#矿车,2021,8.06,3,217.3,5255.6
2023-04-01,TR-03,03#矿车,2019,8.17,2,219.3,3583.3
2023-04-01,TR-04,04#矿车,2014,6.89,3,217.8,4501.1
2023-04-01,TR-05,05#矿车,2022,8.8,2,231.5,4072.8
2023-04-01,TR-06,06#矿车,2018,7.98,3,229.1,5482.2
2023-04-01,TR-07,07#矿车,2020,8.81,3,217.4,5743.8
2023-04-01,TR-08,08#矿车,2015,8.73,3,222.5,5828.7
2023-04-01,TR-09,09#矿车,2023,7.73,2,220.5,3407.0
2023-04-01,TR-10,10#矿车,2016,9.05,3,229.2,6220.8
2023-04-01,TR-11,11#矿车,2021,8.16,2,227.1,3705.4
2023-04-01,TR-12,12#矿车,2013,6.37,2,227.1,2895.1
2023-04-02,TR-01,01#矿车,2017,7.84,3,219.5,5165.8
2023-04-02,TR-02,02#矿车,2021,8.28,2,217.3,3598.4
2023-04-02,TR-03,03#矿车,2019,7.9,2,219.3,3465.6
2023-04-02,TR-04,04#矿车,2014,6.94,3,217.8,4533.3
2023-04-02,TR-05,05#矿车,2022,8.47,2,231.5,3921.9
2023-04-02,TR-06,06#矿车,2018,8.22,2,229.1,3764.2
2023-04-02,TR-07,07#矿车,2020,8.55,2,217.4,3715.4
2023-04-02,TR-08,08#矿车,2015,8.33,2,222.5,3706.1
2023-04-02,TR-09,09#矿车,2023,7.73,3,220.5,5111.6
2023-04-02,TR-10,10#矿车,2016,8.81,3,229.2,6058.5
2023-04-02,TR-11,11#矿车,2021,8.26,3,227.1,5629.6
2023-04-02,TR-12,12#矿车,2013,6.42,3,227.1,4373.5
2023-04-03,TR-01,01#矿车,2017,7.76,3,219.5,5111.4
2023-04-03,TR-02,02#矿车,2021,8.22,3,217.3,5358.4
2023-04-03,TR-03,03#矿车,2019,7.93,3,219.3,5216.4
2023-04-03,TR-04,04#矿车,2014,6.96,2,217.8,3029.9
2023-04-03,TR-05,05#矿车,2022,8.74,3,231.5,6070.9
2023-04-03,TR-06,06#矿车,2018,7.99,3,229.1,5489.0
2023-04-03,TR-07,07#矿车,2020,8.35,2,217.4,3632.0
2023-04-03,TR-08,08#矿车,2015,8.5,3,222.5,5675.6
2023-04-03,TR-09,09#矿车,2023,7.73,3,220.5,5110.6
2023-04-03,TR-10,10#矿车,2016,8.46,3,229.2,5818.5
2023-04-03,TR-11,11#矿车,2021,8.38,3,227.1,5709.6
2023-04-03,TR-12,12#矿车,2013,6.38,3,227.1,4348.3
2023-04-04,TR-01,01#矿车,2017,7.8,3,219.5,5139.6
2023-04-04,TR-02,02#矿车,2021,8.09,2,217.3,3517.0
2023-04-04,TR-03,03#矿车,2019,7.76,3,219.3,5108.4
2023-04-04,TR-04,04#矿车,2014,7.06,3,217.8,4613.9
2023-04-04,TR-05,05#矿车,2022,8.48,2,231.5,3924.5
2023-04-04,TR-06,06#矿车,2018,7.84,3,229.1,5389.0
2023-04-04,TR-07,07#矿车,2020,8.57,3,217.4,5589.6
2023-04-04,TR-08,08#矿车,2015,8.3,3,222.5,5542.9
2023-04-04,TR-09,09#矿车,2023,7.67,2,220.5,3384.5
2023-04-04,TR-10,10#矿车,2016,8.21,2,229.2,3765.2
2023-04-04,TR-11,11#矿车,2021,8.75,2,227.1,3974.1
2023-04-04,TR-12,12#矿车,2013,6.92,3,227.1,4714.0
2023-04-05,TR-01,01#矿车,2017,7.86,2,219.5,3449.0
2023-04-05,TR-02,02#矿车,2021,7.94,3,217.3,5176.5
2023-04-05,TR-03,03#矿车,2019,7.77,3,219.3,5111.0
2023-04-05,TR-04,04#矿车,2014,6.73,2,217.8,2932.7
2023-04-05,TR-05,05#矿车,2022,8.65,3,231.5,6005.4
2023-04-05,TR-06,06#矿车,2018,7.83,2,229.1,3589.8
2023-04-05,TR-07,07#矿车,2020,8.75,2,217.4,3801.7
2023-04-05,TR-08,08#矿车,2015,8.38,3,222.5,5593.6
2023-04-05,TR-09,09#矿车,2023,7.15,3,220.5,4730.6
2023-04-05,TR-10,10#矿车,2016,7.96,2,229.2,3650.2
2023-04-05,TR-11,11#矿车,2021,8.32,3,227.1,5665.1
2023-04-05,TR-12,12#矿车,2013,6.46,2,227.1,2933.7
2023-04-06,TR-01,01#矿车,2017,7.8,2,219.5,3424.5
2023-04-06,TR-02,02#矿车,2021,7.99,3,217.3,5211.7
2023-04-06,TR-03,03#矿车,2019,7.75,3,219.3,5101.8
2023-04-06,TR-04,04#矿车,2014,6.45,2,217.8,2810.7
2023-04-06,TR-05,05#矿车,2022,8.62,3,231.5,5990.0
2023-04-06,TR-06,06#矿车,2018,7.76,2,229.1,3557.0
2023-04-06,TR-07,07#矿车,2020,8.43,3,217.4,5498.9
2023-04-06,TR-08,08#矿车,2015,8.67,2,222.5,3857.9
2023-04-06,TR-09,09#矿车,2023,7.17,2,220.5,3162.7
2023-04-06,TR-10,10#矿车,2016,7.83,2,229.2,3589.2
2023-04-06,TR-11,11#矿车,2021,8.61,3,227.1,5863.4
2023-04-06,TR-12,12#矿车,2013,6.56,3,227.1,4467.1
2023-04-07,TR-01,01#矿车,2017,8.01,2,219.5,3518.7
2023-04-07,TR-02,02#矿车,2021,8.12,2,217.3,3527.7
2023-04-07,TR-03,03#矿车,2019,8.14,3,219.3,5352.3
2023-04-07,TR-04,04#矿车,2014,6.99,3,217.8,4565.2
2023-04-07,TR-05,05#矿车,2022,8.23,3,231.5,5717.4
2023-04-07,TR-06,06#矿车,2018,7.77,3,229.1,5341.6
2023-04-07,TR-07,07#矿车,2020,8.21,3,217.4,5350.4
2023-04-07,TR-08,08#矿车,2015,8.45,2,222.5,3761.1
2023-04-07,TR-09,09#矿车,2023,7.49,3,220.5,4956.7
2023-04-07,TR-10,10#矿车,2016,8.26,3,229.2,5682.4
2023-04-07,TR-11,11#矿车,2021,9.24,3,227.1,6294.5
2023-04-07,TR-12,12#矿车,2013,6.6,2,227.1,2997.8
2023-04-08,TR-01,01#矿车,2017,7.85,3,219.5,5167.0
2023-04-08,TR-02,02#矿车,2021,8.59,3,217.3,5599.5
2023-04-08,TR-03,03#矿车,2019,7.93,3,219.3,5215.2
2023-04-08,TR-04,04#矿车,2014,6.95,2,217.8,3026.3
2023-04-08,TR-05,05#矿车,2022,8.24,2,231.5,3817.8
2023-04-08,TR-06,06#矿车,2018,7.73,2,229.1,3544.1
2023-04-08,TR-07,07#矿车,2020,8.83,2,217.4,3839.1
2023-04-08,TR-08,08#矿车,2015,7.91,2,222.5,3519.1
2023-04-08,TR-09,09#矿车,2023,7.61,2,220.5,3354.8
2023-04-08,TR-10,10#矿车,2016,8.62,3,229.2,5931.1
2023-04-08,TR-11,11#矿车,2021,8.68,3,227.1,5911.6
2023-04-08,TR-12,12#矿车,2013,6.9,3,227.1,4702.7
2023-04-09,TR-01,01#矿车,2017,7.76,3,219.5,5108.4
2023-04-09,TR-02,02#矿车,2021,8.11,3,217.3,5290.1
2023-04-09,TR-03,03#矿车,2019,8.1,2,219.3,3554.3
2023-04-09,TR-04,04#矿车,2014,6.76,2,217.8,2944.1
2023-04-09,TR-05,05#矿车,2022,8.38,3,231.5,5821.2
2023-04-09,TR-06,06#矿车,2018,7.61,3,229.1,5226.9
2023-04-09,TR-07,07#矿车,2020,8.76,3,217.4,5709.6
2023-04-09,TR-08,08#矿车,2015,8.01,3,222.5,5345.5
2023-04-09,TR-09,09#矿车,2023,7.82,2,220.5,3447.2
2023-04-09,TR-10,10#矿车,2016,8.52,3,229.2,5861.4
2023-04-09,TR-11,11#矿车,2021,8.13,3,227.1,5535.6
2023-04-09,TR-12,12#矿车,2013,6.79,3,227.1,4624.7
2023-04-10,TR-01,01#矿车,2017,7.64,3,219.5,5031.2
2023-04-10,TR-02,02#矿车,2021,8.03,3,217.3,5234.1
2023-04-10,TR-03,03#矿车,2019,7.77,3,219.3,5114.6
2023-04-10,TR-04,04#矿车,2014,6.35,2,217.8,2763.5
2023-04-10,TR-05,05#矿车,2022,8.54,3,231.5,5932.6
2023-04-10,TR-06,06#矿车,2018,8.03,3,229.1,5518.8
2023-04-10,TR-07,07#矿车,2020,9.03,3,217.4,5885.6
2023-04-10,TR-08,08#矿车,2015,8.04,2,222.5,3577.8
2023-04-10,TR-09,09#矿车,2023,7.35,2,220.5,3243.1
2023-04-10,TR-10,10#矿车,2016,8.46,2,229.2,3878.8
2023-04-10,TR-11,11#矿车,2021,8.28,3,227.1,5640.7
2023-04-10,TR-12,12#矿车,2013,6.8,3,227.1,4633.6
2023-04-11,TR-01,01#矿车,2017,7.73,3,219.5,5090.8
2023-04-11,TR-02,02#矿车,2021,8.1,2,217.3,3519.9
2023-04-11,TR-03,03#矿车,2019,8.24,3,219.3,5421.9
2023-04-11,TR-04,04#矿车,2014,6.69,3,217.8,4368.6
2023-04-11,TR-05,05#矿车,2022,8.58,2,231.5,3974.5
2023-04-11,TR-06,06#矿车,2018,7.55,3,229.1,5190.5
2023-04-11,TR-07,07#矿车,2020,8.64,3,217.4,5631.2
2023-04-11,TR-08,08#矿车,2015,7.98,3,222.5,5326.5
2023-04-11,TR-09,09#矿车,2023,7.51,3,220.5,4968.7
2023-04-11,TR-10,10#矿车,2016,7.89,2,229.2,3617.2
2023-04-11,TR-11,11#矿车,2021,8.57,3,227.1,5834.6
2023-04-11,TR-12,12#矿车,2013,6.31,2,227.1,2868.3
2023-04-12,TR-01,01#矿车,2017,7.96,3,219.5,5245.6
2023-04-12,TR-02,02#矿车,2021,7.66,2,217.3,3330.4
2023-04-12,TR-03,03#矿车,2019,8.04,3,219.3,5289.8
2023-04-12,TR-04,04#矿车,2014,7.14,2,217.8,3108.5
2023-04-12,TR-05,05#矿车,2022,8.58,3,231.5,5962.7
2023-04-12,TR-06,06#矿车,2018,7.96,2,229.1,3649.4
2023-04-12,TR-07,07#矿车,2020,8.75,3,217.4,5705.5
2023-04-12,TR-08,08#矿车,2015,8.31,3,222.5,5545.1
2023-04-12,TR-09,09#矿车,2023,7.41,3,220.5,4904.3
2023-04-12,TR-10,10#矿车,2016,8.1,2,229.2,3712.7
2023-04-12,TR-11,11#矿车,2021,8.09,3,227.1,5511.9
2023-04-12,TR-12,12#矿车,2013,6.26,3,227.1,4265.7
2023-04-13,TR-01,01#矿车,2017,7.94,3,219.5,5227.7
2023-04-13,TR-02,02#矿车,2021,8.05,3,217.3,5248.8
2023-04-13,TR-03,03#矿车,2019,7.98,2,219.3,3499.6
2023-04-13,TR-04,04#矿车,2014,7.04,3,217.8,4597.0
2023-04-13,TR-05,05#矿车,2022,8.77,3,231.5,6089.1
2023-04-13,TR-06,06#矿车,2018,7.69,3,229.1,5285.1
2023-04-13,TR-07,07#矿车,2020,8.8,3,217.4,5739.7
2023-04-13,TR-08,08#矿车,2015,8.16,3,222.5,5443.9
2023-04-13,TR-09,09#矿车,2023,7.63,2,220.5,3364.2
2023-04-13,TR-10,10#矿车,2016,7.86,3,229.2,5407.5
2023-04-13,TR-11,11#矿车,2021,8.66,3,227.1,5901.0
2023-04-13,TR-12,12#矿车,2013,6.95,3,227.1,4736.3
2023-04-14,TR-01,01#矿车,2017,8.28,3,219.5,5451.6
2023-04-14,TR-02,02#矿车,2021,7.94,2,217.3,3451.9
2023-04-14,TR-03,03#矿车,2019,7.88,2,219.3,3458.1
2023-04-14,TR-04,04#矿车,2014,6.55,2,217.8,2854.7
2023-04-14,TR-05,05#矿车,2022,8.12,3,231.5,5640.2
2023-04-14,TR-06,06#矿车,2018,7.58,3,229.1,5208.1
2023-04-14,TR-07,07#矿车,2020,8.49,3,217.4,5535.7
2023-04-14,TR-08,08#矿车,2015,8.35,3,222.5,5571.1
2023-04-14,TR-09,09#矿车,2023,8.46,2,220.5,3730.7
2023-04-14,TR-10,10#矿车,2016,8.34,3,229.2,5735.2
2023-04-14,TR-11,11#矿车,2021,8.43,3,227.1,5740.5
2023-04-14,TR-12,12#矿车,2013,7.07,3,227.1,4814.7
2023-04-15,TR-01,01#矿车,2017,7.63,3,219.5,5025.9
2023-04-15,TR-02,02#矿车,2021,8.2,2,217.3,3565.4
2023-04-15,TR-03,03#矿车,2019,8.36,3,219.3,5503.0
2023-04-15,TR-04,04#矿车,2014,6.66,3,217.8,4351.0
2023-04-15,TR-05,05#矿车,2022,8.41,3,231.5,5842.5
2023-04-15,TR-06,06#矿车,2018,7.8,2,229.1,3572.7
2023-04-15,TR-07,07#矿车,2020,9.05,3,217.4,5901.9
2023-04-15,TR-08,08#矿车,2015,8.44,3,222.5,5635.4
2023-04-15,TR-09,09#矿车,2023,7.96,3,220.5,5269.0
2023-04-15,TR-10,10#矿车,2016,8.39,3,229.2,5772.5
2023-04-15,TR-11,11#矿车,2021,8.06,3,227.1,5492.3
2023-04-15,TR-12,12#矿车,2013,6.6,2,227.1,2995.7
2023-04-16,TR-01,01#矿车,2017,8.16,2,219.5,3583.5
2023-04-16,TR-02,02#矿车,2021,7.74,3,217.3,5047.1
2023-04-16,TR-03,03#矿车,2019,7.83,3,219.3,5148.7
2023-04-16,TR-04,04#矿车,2014,6.63,3,217.8,4333.3
2023-04-16,TR-05,05#矿车,2022,8.46,3,231.5,5873.3
2023-04-16,TR-06,06#矿车,2018,7.93,3,229.1,5449.0
2023-04-16,TR-07,07#矿车,2020,8.53,2,217.4,3707.9
2023-04-16,TR-08,08#矿车,2015,8.17,2,222.5,3635.7
2023-04-16,TR-09,09#矿车,2023,7.86,3,220.5,5196.4
2023-04-16,TR-10,10#矿车,2016,8.52,3,229.2,5862.0
2023-04-16,TR-11,11#矿车,2021,8.16,3,227.1,5558.6
2023-04-16,TR-12,12#矿车,2013,6.25,3,227.1,4255.5
2023-04-17,TR-01,01#矿车,2017,8.13,3,219.5,5356.0
2023-04-17,TR-02,02#矿车,2021,8.12,2,217.3,3530.3
2023-04-17,TR-03,03#矿车,2019,7.98,2,219.3,3498.8
2023-04-17,TR-04,04#矿车,2014,6.52,2,217.8,2837.8
2023-04-17,TR-05,05#矿车,2022,8.54,2,231.5,3954.5
2023-04-17,TR-06,06#矿车,2018,7.75,3,229.1,5326.5
2023-04-17,TR-07,07#矿车,2020,8.3,2,217.4,3606.1
2023-04-17,TR-08,08#矿车,2015,8.69,3,222.5,5802.6
2023-04-17,TR-09,09#矿车,2023,7.67,2,220.5,3383.0
2023-04-17,TR-10,10#矿车,2016,8.38,3,229.2,5760.9
2023-04-17,TR-11,11#矿车,2021,7.67,3,227.1,5224.5
2023-04-17,TR-12,12#矿车,2013,6.34,3,227.1,4318.2
2023-04-18,TR-01,01#矿车,2017,7.91,2,219.5,3474.1
2023-04-18,TR-02,02#矿车,2021,5.01,1,217.3,1089.2
2023-04-18,TR-03,03#矿车,2019,8.24,2,219.3,3612.4
2023-04-18,TR-04,04#矿车,2014,6.33,3,217.8,4135.0
2023-04-18,TR-05,05#矿车,2022,8.6,2,231.5,3982.0
2023-04-18,TR-06,06#矿车,2018,7.54,3,229.1,5183.9
2023-04-18,TR-07,07#矿车,2020,8.07,3,217.4,5264.4
2023-04-18,TR-08,08#矿车,2015,8.29,3,222.5,5535.0
2023-04-18,TR-09,09#矿车,2023,7.7,3,220.5,5096.7
2023-04-18,TR-10,10#矿车,2016,8.34,3,229.2,5734.7
2023-04-18,TR-11,11#矿车,2021,8.44,3,227.1,5746.1
2023-04-18,TR-12,12#矿车,2013,6.56,3,227.1,4468.9
2023-04-19,TR-01,01#矿车,2017,7.84,3,219.5,5164.0
2023-04-19,TR-02,02#矿车,2021,7.96,2,217.3,3459.5
2023-04-19,TR-03,03#矿车,2019,8.66,3,219.3,5695.4
2023-04-19,TR-04,04#矿车,2014,6.68,3,217.8,4362.4
2023-04-19,TR-05,05#矿车,2022,8.68,2,231.5,4018.8
2023-04-19,TR-06,06#矿车,2018,8.06,2,229.1,3692.1
2023-04-19,TR-07,07#矿车,2020,8.15,3,217.4,5317.3
2023-04-19,TR-08,08#矿车,2015,8.48,3,222.5,5658.2
2023-04-19,TR-09,09#矿车,2023,7.86,3,220.5,5202.6
2023-04-19,TR-10,10#矿车,2016,8.56,2,229.2,3925.2
2023-04-19,TR-11,11#矿车,2021,8.01,3,227.1,5458.5
2023-04-19,TR-12,12#矿车,2013,6.08,3,227.1,4143.1
2023-04-20,TR-01,01#矿车,2017,7.58,3,219.5,4993.8
2023-04-20,TR-02,02#矿车,2021,7.8,2,217.3,3390.1
2023-04-20,TR-03,03#矿车,2019,8.88,2,219.3,3893.3
2023-04-20,TR-04,04#矿车,2014,6.78,2,217.8,2954.6
2023-04-20,TR-05,05#矿车,2022,8.25,2,231.5,3818.4
2023-04-20,TR-06,06#矿车,2018,7.82,3,229.1,5374.3
2023-04-20,TR-07,07#矿车,2020,8.57,3,217.4,5585.4
2023-04-20,TR-08,08#矿车,2015,8.62,2,222.5,3834.8
2023-04-20,TR-09,09#矿车,2023,7.82,3,220.5,5170.1
2023-04-20,TR-10,10#矿车,2016,8.26,3,229.2,5680.7
2023-04-20,TR-11,11#矿车,2021,8.12,3,227.1,5528.3
2023-04-20,TR-12,12#矿车,2013,6.76,3,227.1,4602.5
2023-04-21,TR-01,01#矿车,2017,7.78,3,219.5,5122.2
2023-04-21,TR-02,02#矿车,2021,8.11,3,217.3,5284.3
2023-04-21,TR-03,03#矿车,2019,8.36,2,219.3,3669.0
2023-04-21,TR-04,04#矿车,2014,6.81,3,217.8,4448.9
2023-04-21,TR-05,05#矿车,2022,8.36,3,231.5,5809.1
2023-04-21,TR-06,06#矿车,2018,7.76,3,229.1,5331.1
2023-04-21,TR-07,07#矿车,2020,8.37,2,217.4,3640.4
2023-04-21,TR-08,08#矿车,2015,8.68,3,222.5,5796.1
2023-04-21,TR-09,09#矿车,2023,7.25,2,220.5,3198.3
2023-04-21,TR-10,10#矿车,2016,8.55,2,229.2,3921.8
2023-04-21,TR-11,11#矿车,2021,7.93,2,227.1,3599.8
2023-04-21,TR-12,12#矿车,2013,6.98,2,227.1,3169.5
2023-04-22,TR-01,01#矿车,2017,7.53,3,219.5,4958.6
2023-04-22,TR-02,02#矿车,2021,8.04,2,217.3,3492.2
2023-04-22,TR-03,03#矿车,2019,8.01,2,219.3,3511.3
2023-04-22,TR-04,04#矿车,2014,6.95,3,217.8,4539.7
2023-04-22,TR-05,05#矿车,2022,8.69,2,231.5,4026.2
2023-04-22,TR-06,06#矿车,2018,7.75,3,229.1,5328.7
2023-04-22,TR-07,07#矿车,2020,8.02,3,217.4,5229.3
2023-04-22,TR-08,08#矿车,2015,8.85,3,222.5,5908.2
2023-04-22,TR-09,09#矿车,2023,8.1,2,220.5,3571.3
2023-04-22,TR-10,10#矿车,2016,8.74,3,229.2,6007.4
2023-04-22,TR-11,11#矿车,2021,7.93,2,227.1,3602.1
2023-04-22,TR-12,12#矿车,2013,6.59,3,227.1,4488.1
2023-04-23,TR-01,01#矿车,2017,7.54,2,219.5,3309.1
2023-04-23,TR-02,02#矿车,2021,7.71,2,217.3,3353.0
2023-04-23,TR-03,03#矿车,2019,7.8,2,219.3,3421.6
2023-04-23,TR-04,04#矿车,2014,7.08,3,217.8,4622.6
2023-04-23,TR-05,05#矿车,2022,3.64,1,231.5,843.7
2023-04-23,TR-06,06#矿车,2018,7.98,3,229.1,5484.1
2023-04-23,TR-07,07#矿车,2020,8.11,2,217.4,3526.8
2023-04-23,TR-08,08#矿车,2015,8.66,3,222.5,5777.9
2023-04-23,TR-09,09#矿车,2023,7.56,3,220.5,5000.7
2023-04-23,TR-10,10#矿车,2016,8.31,2,229.2,3808.3
2023-04-23,TR-11,11#矿车,2021,8.08,3,227.1,5501.2
2023-04-23,TR-12,12#矿车,2013,6.8,2,227.1,3089.2
2023-04-24,TR-01,01#矿车,2017,7.64,3,219.5,5031.6
2023-04-24,TR-02,02#矿车,2021,7.8,3,217.3,5086.8
2023-04-24,TR-03,03#矿车,2019,7.75,2,219.3,3399.4
2023-04-24,TR-04,04#矿车,2014,6.93,2,217.8,3016.0
2023-04-24,TR-05,05#矿车,2022,8.51,3,231.5,5908.9
2023-04-24,TR-06,06#矿车,2018,7.84,3,229.1,5390.3
2023-04-24,TR-07,07#矿车,2020,8.37,3,217.4,5459.9
2023-04-24,TR-08,08#矿车,2015,8.19,2,222.5,3644.3
2023-04-24,TR-09,09#矿车,2023,7.63,3,220.5,5049.1
2023-04-24,TR-10,10#矿车,2016,8.24,2,229.2,3779.0
2023-04-24,TR-11,11#矿车,2021,8.22,2,227.1,3732.6
2023-04-24,TR-12,12#矿车,2013,6.8,3,227.1,4635.1
2023-04-25,TR-01,01#矿车,2017,7.3,3,219.5,4809.7
2023-04-25,TR-02,02#矿车,2021,7.59,3,217.3,4947.7
2023-04-25,TR-03,03#矿车,2019,7.94,2,219.3,3482.8
2023-04-25,TR-04,04#矿车,2014,6.79,2,217.8,2957.5
2023-04-25,TR-05,05#矿车,2022,8.27,3,231.5,5741.6
2023-04-25,TR-06,06#矿车,2018,8.06,2,229.1,3692.7
2023-04-25,TR-07,07#矿车,2020,8.58,2,217.4,3731.3
2023-04-25,TR-08,08#矿车,2015,8.01,3,222.5,5348.4
2023-04-25,TR-09,09#矿车,2023,7.35,3,220.5,4859.5
2023-04-25,TR-10,10#矿车,2016,7.8,2,229.2,3578.4
2023-04-25,TR-11,11#矿车,2021,8.27,3,227.1,5632.4
2023-04-25,TR-12,12#矿车,2013,6.91,3,227.1,4709.4
2023-04-26,TR-01,01#矿车,2017,7.46,3,219.5,4910.8
2023-04-26,TR-02,02#矿车,2021,8.15,3,217.3,5315.3
2023-04-26,TR-03,03#矿车,2019,7.9,3,219.3,5196.6
2023-04-26,TR-04,04#矿车,2014,6.45,2,217.8,2809.7
2023-04-26,TR-05,05#矿车,2022,8.48,3,231.5,5890.1
2023-04-26,TR-06,06#矿车,2018,7.87,2,229.1,3607.6
2023-04-26,TR-07,07#矿车,2020,8.15,3,217.4,5316.1
2023-04-26,TR-08,08#矿车,2015,7.84,3,222.5,5229.9
2023-04-26,TR-09,09#矿车,2023,7.46,3,220.5,4932.9
2023-04-26,TR-10,10#矿车,2016,7.67,2,229.2,3515.5
2023-04-26,TR-11,11#矿车,2021,8.16,3,227.1,5560.2
2023-04-26,TR-12,12#矿车,2013,6.03,3,227.1,4110.8
2023-04-27,TR-01,01#矿车,2017,7.69,3,219.5,5065.5
2023-04-27,TR-02,02#矿车,2021,7.86,3,217.3,5126.1
2023-04-27,TR-03,03#矿车,2019,7.73,3,219.3,5083.1
2023-04-27,TR-04,04#矿车,2014,6.22,2,217.8,2706.9
2023-04-27,TR-05,05#矿车,2022,8.26,3,231.5,5737.0
2023-04-27,TR-06,06#矿车,2018,7.3,2,229.1,3344.0
2023-04-27,TR-07,07#矿车,2020,8.53,3,217.4,5560.4
2023-04-27,TR-08,08#矿车,2015,8.19,3,222.5,5469.5
2023-04-27,TR-09,09#矿车,2023,7.98,3,220.5,5280.6
2023-04-27,TR-10,10#矿车,2016,8.23,3,229.2,5657.9
2023-04-27,TR-11,11#矿车,2021,8.39,2,227.1,3811.1
2023-04-27,TR-12,12#矿车,2013,6.33,3,227.1,4313.9
2023-04-28,TR-01,01#矿车,2017,7.7,3,219.5,5069.1
2023-04-28,TR-02,02#矿车,2021,7.99,2,217.3,3474.4
2023-04-28,TR-03,03#矿车,2019,7.69,2,219.3,3372.4
2023-04-28,TR-04,04#矿车,2014,6.59,3,217.8,4304.5
2023-04-28,TR-05,05#矿车,2022,7.95,2,231.5,3681.9
2023-04-28,TR-06,06#矿车,2018,6.98,2,229.1,3197.4
2023-04-28,TR-07,07#矿车,2020,8.77,3,217.4,5720.9
2023-04-28,TR-08,08#矿车,2015,8.35,3,222.5,5570.3
2023-04-28,TR-09,09#矿车,2023,7.49,3,220.5,4952.7
2023-04-28,TR-10,10#矿车,2016,8.33,3,229.2,5726.6
2023-04-28,TR-11,11#矿车,2021,8.25,3,227.1,5618.8
2023-04-28,TR-12,12#矿车,2013,6.73,2,227.1,3055.0
2023-04-29,TR-01,01#矿车,2017,7.6,3,219.5,5004.6
2023-04-29,TR-02,02#矿车,2021,7.82,3,217.3,5095.7
2023-04-29,TR-03,03#矿车,2019,7.64,3,219.3,5027.8
2023-04-29,TR-04,04#矿车,2014,6.62,3,217.8,4325.9
2023-04-29,TR-05,05#矿车,2022,8.06,2,231.5,3732.7
2023-04-29,TR-06,06#矿车,2018,7.47,3,229.1,5135.1
2023-04-29,TR-07,07#矿车,2020,8.38,2,217.4,3644.4
2023-04-29,TR-08,08#矿车,2015,8.47,3,222.5,5650.7
2023-04-29,TR-09,09#矿车,2023,7.71,3,220.5,5100.9
2023-04-29,TR-10,10#矿车,2016,7.81,3,229.2,5370.2
2023-04-29,TR-11,11#矿车,2021,8.21,3,227.1,5594.6
2023-04-29,TR-12,12#矿车,2013,6.53,2,227.1,2967.2
2023-04-30,TR-01,01#矿车,2017,7.61,3,219.5,5011.3
2023-04-30,TR-02,02#矿车,2021,8.09,3,217.3,5275.1
2023-04-30,TR-03,03#矿车,2019,4.52,1,219.3,990.2
2023-04-30,TR-04,04#矿车,2014,6.77,3,217.8,4421.8
2023-04-30,TR-05,05#矿车,2022,8.19,2,231.5,3790.8
2023-04-30,TR-06,06#矿车,2018,7.37,3,229.1,5063.8
2023-04-30,TR-07,07#矿车,2020,8.07,3,217.4,5263.9
2023-04-30,TR-08,08#矿车,2015,8.25,2,222.5,3673.4
2023-04-30,TR-09,09#矿车,2023,7.89,3,220.5,5219.5
2023-04-30,TR-10,10#矿车,2016,8.53,3,229.2,5866.6
2023-04-30,TR-11,11#矿车,2021,7.99,3,227.1,5444.1
2023-04-30,TR-12,12#矿车,2013,6.42,2,227.1,2916.9
2023-05-01,TR-01,01#矿车,2017,7.72,3,219.5,5086.3
2023-05-01,TR-02,02#矿车,2021,8.02,3,217.3,5225.8
2023-05-01,TR-03,03#矿车,2019,8.41,2,219.3,3688.0
2023-05-01,TR-04,04#矿车,2014,6.25,3,217.8,4085.9
2023-05-01,TR-05,05#矿车,2022,8.28,2,231.5,3836.0
2023-05-01,TR-06,06#矿车,2018,7.65,2,229.1,3504.8
2023-05-01,TR-07,07#矿车,2020,8.62,2,217.4,3745.2
2023-05-01,TR-08,08#矿车,2015,8.21,2,222.5,3654.0
2023-05-01,TR-09,09#矿车,2023,7.77,3,220.5,5137.9
2023-05-01,TR-10,10#矿车,2016,8.38,3,229.2,5766.2
2023-05-01,TR-11,11#矿车,2021,7.7,3,227.1,5246.0
2023-05-01,TR-12,12#矿车,2013,6.39,2,227.1,2901.1
2023-05-02,TR-01,01#矿车,2017,7.85,2,219.5,3447.6
2023-05-02,TR-02,02#矿车,2021,7.78,3,217.3,5073.0
2023-05-02,TR-03,03#矿车,2019,8.37,3,219.3,5510.0
2023-05-02,TR-04,04#矿车,2014,6.66,3,217.8,4352.7
2023-05-02,TR-05,05#矿车,2022,8.25,2,231.5,3821.7
2023-05-02,TR-06,06#矿车,2018,7.63,3,229.1,5243.7
2023-05-02,TR-07,07#矿车,2020,8.71,2,217.4,3788.0
2023-05-02,TR-08,08#矿车,2015,8.11,2,222.5,3609.7
2023-05-02,TR-09,09#矿车,2023,8.0,3,220.5,5289.8
2023-05-02,TR-10,10#矿车,2016,8.23,2,229.2,3773.6
2023-05-02,TR-11,11#矿车,2021,7.9,2,227.1,3588.7
2023-05-02,TR-12,12#矿车,2013,6.57,2,227.1,2985.8
2023-05-03,TR-01,01#矿车,2017,7.76,2,219.5,3407.8
2023-05-03,TR-02,02#矿车,2021,8.2,3,217.3,5343.5
2023-05-03,TR-03,03#矿车,2019,7.99,3,219.3,5259.0
2023-05-03,TR-04,04#矿车,2014,6.34,3,217.8,4144.7
2023-05-03,TR-05,05#矿车,2022,8.47,3,231.5,5879.7
2023-05-03,TR-06,06#矿车,2018,7.75,3,229.1,5329.4
2023-05-03,TR-07,07#矿车,2020,8.21,2,217.4,3569.2
2023-05-03,TR-08,08#矿车,2015,8.43,3,222.5,5629.2
2023-05-03,TR-09,09#矿车,2023,8.0,3,220.5,5293.4
2023-05-03,TR-10,10#矿车,2016,8.34,2,229.2,3825.4
2023-05-03,TR-11,11#矿车,2021,8.08,2,227.1,3668.6
2023-05-03,TR-12,12#矿车,2013,6.27,3,227.1,4272.7
2023-05-04,TR-01,01#矿车,2017,7.86,2,219.5,3450.8
2023-05-04,TR-02,02#矿车,2021,8.17,2,217.3,3549.8
2023-05-04,TR-03,03#矿车,2019,7.98,2,219.3,3501.7
2023-05-04,TR-04,04#矿车,2014,6.91,2,217.8,3011.2
2023-05-04,TR-05,05#矿车,2022,8.26,3,231.5,5738.5
2023-05-04,TR-06,06#矿车,2018,7.97,3,229.1,5475.8
2023-05-04,TR-07,07#矿车,2020,8.41,2,217.4,3655.3
2023-05-04,TR-08,08#矿车,2015,8.65,2,222.5,3850.9
2023-05-04,TR-09,09#矿车,2023,7.87,3,220.5,5208.0
2023-05-04,TR-10,10#矿车,2016,8.11,2,229.2,3719.3
2023-05-04,TR-11,11#矿车,2021,8.05,3,227.1,5481.4
2023-05-04,TR-12,12#矿车,2013,6.33,2,227.1,2873.3
2023-05-05,TR-01,01#矿车,2017,8.02,2,219.5,3520.4
2023-05-05,TR-02,02#矿车,2021,7.87,2,217.3,3419.9
2023-05-05,TR-03,03#矿车,2019,7.96,3,219.3,5235.5
2023-05-05,TR-04,04#矿车,2014,6.87,2,217.8,2991.2
2023-05-05,TR-05,05#矿车,2022,8.32,3,231.5,5779.4
2023-05-05,TR-06,06#矿车,2018,7.51,3,229.1,5162.6
2023-05-05,TR-07,07#矿车,2020,8.55,2,217.4,3716.3
2023-05-05,TR-08,08#矿车,2015,8.53,2,222.5,3794.3
2023-05-05,TR-09,09#矿车,2023,7.45,3,220.5,4928.8
2023-05-05,TR-10,10#矿车,2016,8.1,3,229.2,5568.5
2023-05-05,TR-11,11#矿车,2021,8.02,3,227.1,5460.6
2023-05-05,TR-12,12#矿车,2013,6.41,2,227.1,2912.6
2023-05-06,TR-01,01#矿车,2017,8.22,3,219.5,5416.2
2023-05-06,TR-02,02#矿车,2021,7.63,2,217.3,3314.7
2023-05-06,TR-03,03#矿车,2019,7.92,3,219.3,5212.5
2023-05-06,TR-04,04#矿车,2014,6.36,2,217.8,2769.6
2023-05-06,TR-05,05#矿车,2022,8.05,3,231.5,5592.3
2023-05-06,TR-06,06#矿车,2018,7.32,2,229.1,3355.5
2023-05-06,TR-07,07#矿车,2020,8.41,3,217.4,5482.0
2023-05-06,TR-08,08#矿车,2015,8.07,2,222.5,3589.5
2023-05-06,TR-09,09#矿车,2023,7.16,3,220.5,4733.6
2023-05-06,TR-10,10#矿车,2016,7.86,3,229.2,5404.2
2023-05-06,TR-11,11#矿车,2021,8.08,2,227.1,3668.7
2023-05-06,TR-12,12#矿车,2013,6.35,2,227.1,2885.0
2023-05-07,TR-01,01#矿车,2017,7.89,2,219.5,3463.9
2023-05-07,TR-02,02#矿车,2021,7.82,3,217.3,5096.1
2023-05-07,TR-03,03#矿车,2019,7.67,2,219.3,3362.7
2023-05-07,TR-04,04#矿车,2014,6.68,2,217.8,2908.0
2023-05-07,TR-05,05#矿车,2022,7.49,3,231.5,5203.4
2023-05-07,TR-06,06#矿车,2018,7.87,3,229.1,5407.7
2023-05-07,TR-07,07#矿车,2020,8.32,3,217.4,5424.4
2023-05-07,TR-08,08#矿车,2015,8.27,3,222.5,5517.4
2023-05-07,TR-09,09#矿车,2023,7.51,3,220.5,4967.2
2023-05-07,TR-10,10#矿车,2016,7.45,2,229.2,3416.3
2023-05-07,TR-11,11#矿车,2021,8.02,3,227.1,5463.6
2023-05-07,TR-12,12#矿车,2013,5.87,3,227.1,3997.0
2023-05-08,TR-01,01#矿车,2017,7.91,3,219.5,5212.3
2023-05-08,TR-02,02#矿车,2021,7.47,2,217.3,3248.0
2023-05-08,TR-03,03#矿车,2019,7.69,3,219.3,5058.4
2023-05-08,TR-04,04#矿车,2014,6.97,3,217.8,4555.4
2023-05-08,TR-05,05#矿车,2022,8.34,2,231.5,3860.0
2023-05-08,TR-06,06#矿车,2018,7.38,2,229.1,3382.5
2023-05-08,TR-07,07#矿车,2020,8.22,3,217.4,5359.9
2023-05-08,TR-08,08#矿车,2015,8.29,2,222.5,3688.5
2023-05-08,TR-09,09#矿车,2023,7.44,3,220.5,4921.1
2023-05-08,TR-10,10#矿车,2016,7.8,2,229.2,3577.6
2023-05-08,TR-11,11#矿车,2021,8.11,3,227.1,5523.1
2023-05-08,TR-12,12#矿车,2013,6.69,2,227.1,3038.9
2023-05-09,TR-01,01#矿车,2017,8.01,3,219.5,5277.5
2023-05-09,TR-02,02#矿车,2021,7.89,3,217.3,5141.9
2023-05-09,TR-03,03#矿车,2019,7.55,3,219.3,4964.8
2023-05-09,TR-04,04#矿车,2014,7.15,2,217.8,3113.0
2023-05-09,TR-05,05#矿车,2022,7.91,3,231.5,5496.7
2023-05-09,TR-06,06#矿车,2018,7.25,3,229.1,4984.0
2023-05-09,TR-07,07#矿车,2020,8.31,2,217.4,3613.3
2023-05-09,TR-08,08#矿车,2015,7.99,3,222.5,5330.1
2023-05-09,TR-09,09#矿车,2023,7.42,2,220.5,3274.2
2023-05-09,TR-10,10#矿车,2016,8.24,3,229.2,5665.1
2023-05-09,TR-11,11#矿车,2021,8.09,3,227.1,5510.4
2023-05-09,TR-12,12#矿车,2013,6.74,3,227.1,4590.3
2023-05-10,TR-01,01#矿车,2017,8.18,3,219.5,5386.4
2023-05-10,TR-02,02#矿车,2021,7.81,3,217.3,5093.2
2023-05-10,TR-03,03#矿车,2019,7.86,3,219.3,5171.1
2023-05-10,TR-04,04#矿车,2014,6.49,3,217.8,4240.8
2023-05-10,TR-05,05#矿车,2022,8.31,2,231.5,3846.2
2023-05-10,TR-06,06#矿车,2018,7.87,3,229.1,5409.1
2023-05-10,TR-07,07#矿车,2020,8.08,3,217.4,5270.4
2023-05-10,TR-08,08#矿车,2015,8.04,3,222.5,5364.0
2023-05-10,TR-09,09#矿车,2023,7.42,3,220.5,4908.5
2023-05-10,TR-10,10#矿车,2016,8.53,3,229.2,5864.1
2023-05-10,TR-11,11#矿车,2021,8.62,3,227.1,5870.9
2023-05-10,TR-12,12#矿车,2013,6.36,3,227.1,4330.0
2023-05-11,TR-01,01#矿车,2017,8.13,3,219.5,5352.9
2023-05-11,TR-02,02#矿车,2021,7.92,3,217.3,5162.8
2023-05-11,TR-03,03#矿车,2019,7.69,3,219.3,5057.0
2023-05-11,TR-04,04#矿车,2014,6.53,2,217.8,2845.4
2023-05-11,TR-05,05#矿车,2022,8.47,2,231.5,3921.2
2023-05-11,TR-06,06#矿车,2018,7.6,2,229.1,3483.4
2023-05-11,TR-07,07#矿车,2020,8.22,3,217.4,5361.7
2023-05-11,TR-08,08#矿车,2015,8.33,3,222.5,5560.7
2023-05-11,TR-09,09#矿车,2023,7.47,3,220.5,4939.6
2023-05-11,TR-10,10#矿车,2016,8.46,3,229.2,5817.2
2023-05-11,TR-11,11#矿车,2021,8.43,3,227.1,5742.1
2023-05-11,TR-12,12#矿车,2013,6.8,3,227.1,4631.2
2023-05-12,TR-01,01#矿车,2017,8.07,3,219.5,5313.0
2023-05-12,TR-02,02#矿车,2021,7.51,3,217.3,4897.2
2023-05-12,TR-03,03#矿车,2019,7.94,3,219.3,5226.9
2023-05-12,TR-04,04#矿车,2014,6.72,2,217.8,2927.1
2023-05-12,TR-05,05#矿车,2022,8.1,2,231.5,3750.4
2023-05-12,TR-06,06#矿车,2018,7.23,3,229.1,4967.7
2023-05-12,TR-07,07#矿车,2020,8.32,3,217.4,5423.3
2023-05-12,TR-08,08#矿车,2015,8.3,2,222.5,3692.2
2023-05-12,TR-09,09#矿车,2023,7.19,2,220.5,3171.1
2023-05-12,TR-10,10#矿车,2016,8.29,2,229.2,3799.7
2023-05-12,TR-11,11#矿车,2021,8.05,3,227.1,5482.3
2023-05-12,TR-12,12#矿车,2013,6.53,3,227.1,4446.4
2023-05-13,TR-01,01#矿车,2017,8.01,3,219.5,5277.3
2023-05-13,TR-02,02#矿车,2021,7.83,3,217.3,5102.9
2023-05-13,TR-03,03#矿车,2019,8.22,2,219.3,3606.0
2023-05-13,TR-04,04#矿车,2014,6.94,2,217.8,3022.6
2023-05-13,TR-05,05#矿车,2022,8.06,3,231.5,5594.9
2023-05-13,TR-06,06#矿车,2018,7.92,2,229.1,3630.1
2023-05-13,TR-07,07#矿车,2020,8.34,2,217.4,3627.0
2023-05-13,TR-08,08#矿车,2015,8.01,2,222.5,3562.8
2023-05-13,TR-09,09#矿车,2023,7.5,3,220.5,4962.2
2023-05-13,TR-10,10#矿车,2016,8.29,2,229.2,3801.2
2023-05-13,TR-11,11#矿车,2021,7.8,3,227.1,5314.6
2023-05-13,TR-12,12#矿车,2013,6.08,3,227.1,4144.9
2023-05-14,TR-01,01#矿车,2017,8.08,2,219.5,3548.1
2023-05-14,TR-02,02#矿车,2021,7.95,3,217.3,5183.9
2023-05-14,TR-03,03#矿车,2019,7.8,3,219.3,5133.5
2023-05-14,TR-04,04#矿车,2014,6.88,2,217.8,2996.2
2023-05-14,TR-05,05#矿车,2022,5.03,1,231.5,1165.4
2023-05-14,TR-06,06#矿车,2018,7.87,3,229.1,5406.3
2023-05-14,TR-07,07#矿车,2020,8.64,3,217.4,5636.4
2023-05-14,TR-08,08#矿车,2015,8.31,3,222.5,5549.1
2023-05-14,TR-09,09#矿车,2023,7.25,3,220.5,4796.5
2023-05-14,TR-10,10#矿车,2016,8.6,3,229.2,5915.5
2023-05-14,TR-11,11#矿车,2021,7.9,3,227.1,5379.9
2023-05-14,TR-12,12#矿车,2013,6.39,2,227.1,2900.9
2023-05-15,TR-01,01#矿车,2017,7.93,2,219.5,3482.9
2023-05-15,TR-02,02#矿车,2021,7.83,2,217.3,3404.1
2023-05-15,TR-03,03#矿车,2019,8.17,3,219.3,5376.8
2023-05-15,TR-04,04#矿车,2014,6.87,2,217.8,2993.4
2023-05-15,TR-05,05#矿车,2022,8.12,3,231.5,5640.3
2023-05-15,TR-06,06#矿车,2018,7.74,3,229.1,5320.4
2023-05-15,TR-07,07#矿车,2020,8.42,3,217.4,5491.4
2023-05-15,TR-08,08#矿车,2015,8.1,2,222.5,3602.3
2023-05-15,TR-09,09#矿车,2023,7.3,2,220.5,3221.6
2023-05-15,TR-10,10#矿车,2016,8.15,3,229.2,5607.3
2023-05-15,TR-11,11#矿车,2021,8.11,3,227.1,5524.5
2023-05-15,TR-12,12#矿车,2013,6.39,3,227.1,4356.1
2023-05-16,TR-01,01#矿车,2017,7.75,3,219.5,5101.0
2023-05-16,TR-02,02#矿车,2021,8.03,2,217.3,3490.6
2023-05-16,TR-03,03#矿车,2019,8.01,3,219.3,5271.2
2023-05-16,TR-04,04#矿车,2014,6.94,3,217.8,4534.6
2023-05-16,TR-05,05#矿车,2022,8.15,3,231.5,5657.4
2023-05-16,TR-06,06#矿车,2018,7.9,3,229.1,5426.4
2023-05-16,TR-07,07#矿车,2020,8.75,2,217.4,3801.7
2023-05-16,TR-08,08#矿车,2015,7.91,3,222.5,5281.5
2023-05-16,TR-09,09#矿车,2023,7.74,3,220.5,5118.2
2023-05-16,TR-10,10#矿车,2016,7.84,3,229.2,5391.4
2023-05-16,TR-11,11#矿车,2021,8.15,3,227.1,5549.1
2023-05-16,TR-12,12#矿车,2013,6.03,3,227.1,4109.2
2023-05-17,TR-01,01#矿车,2017,7.9,3,219.5,5205.6
2023-05-17,TR-02,02#矿车,2021,7.86,3,217.3,5122.6
2023-05-17,TR-03,03#矿车,2019,7.78,3,219.3,5119.6
2023-05-17,TR-04,04#矿车,2014,7.33,2,217.8,3190.4
2023-05-17,TR-05,05#矿车,2022,8.36,3,231.5,5809.7
2023-05-17,TR-06,06#矿车,2018,8.2,2,229.1,3756.8
2023-05-17,TR-07,07#矿车,2020,8.65,3,217.4,5641.7
2023-05-17,TR-08,08#矿车,2015,7.69,3,222.5,5135.8
2023-05-17,TR-09,09#矿车,2023,7.59,3,220.5,5022.5
2023-05-17,TR-10,10#矿车,2016,7.76,3,229.2,5336.8
2023-05-17,TR-11,11#矿车,2021,8.12,3,227.1,5532.7
2023-05-17,TR-12,12#矿车,2013,7.05,3,227.1,4803.2
2023-05-18,TR-01,01#矿车,2017,7.71,2,219.5,3385.3
2023-05-18,TR-02,02#矿车,2021,8.08,2,217.3,3512.5
2023-05-18,TR-03,03#矿车,2019,8.25,3,219.3,5428.7
2023-05-18,TR-04,04#矿车,2014,7.1,3,217.8,4637.2
2023-05-18,TR-05,05#矿车,2022,8.73,3,231.5,6064.7
2023-05-18,TR-06,06#矿车,2018,7.5,3,229.1,5153.8
2023-05-18,TR-07,07#矿车,2020,8.19,3,217.4,5341.1
2023-05-18,TR-08,08#矿车,2015,8.28,3,222.5,5528.2
2023-05-18,TR-09,09#矿车,2023,7.57,2,220.5,3339.3
2023-05-18,TR-10,10#矿车,2016,7.91,2,229.2,3624.4
2023-05-18,TR-11,11#矿车,2021,8.16,3,227.1,5557.8
2023-05-18,TR-12,12#矿车,2013,6.72,3,227.1,4579.0
2023-05-19,TR-01,01#矿车,2017,7.75,3,219.5,5106.6
2023-05-19,TR-02,02#矿车,2021,8.21,3,217.3,5349.4
2023-05-19,TR-03,03#矿车,2019,3.48,1,219.3,762.7
2023-05-19,TR-04,04#矿车,2014,6.63,3,217.8,4329.4
2023-05-19,TR-05,05#矿车,2022,8.4,3,231.5,5837.6
2023-05-19,TR-06,06#矿车,2018,7.83,2,229.1,3585.8
2023-05-19,TR-07,07#矿车,2020,8.16,3,217.4,5320.4
2023-05-19,TR-08,08#矿车,2015,8.58,3,222.5,5727.7
2023-05-19,TR-09,09#矿车,2023,8.03,2,220.5,3541.0
2023-05-19,TR-10,10#矿车,2016,8.08,3,229.2,5556.0
2023-05-19,TR-11,11#矿车,2021,8.04,3,227.1,5480.0
2023-05-19,TR-12,12#矿车,2013,6.37,3,227.1,4341.3
2023-05-20,TR-01,01#矿车,2017,7.9,2,219.5,3467.0
2023-05-20,TR-02,02#矿车,2021,8.2,3,217.3,5348.0
2023-05-20,TR-03,03#矿车,2019,7.86,2,219.3,3447.7
2023-05-20,TR-04,04#矿车,2014,6.48,3,217.8,4231.7
2023-05-20,TR-05,05#矿车,2022,8.31,3,231.5,5770.5
2023-05-20,TR-06,06#矿车,2018,7.36,3,229.1,5057.0
2023-05-20,TR-07,07#矿车,2020,8.26,2,217.4,3590.7
2023-05-20,TR-08,08#矿车,2015,8.22,3,222.5,5487.4
2023-05-20,TR-09,09#矿车,2023,7.31,3,220.5,4836.5
2023-05-20,TR-10,10#矿车,2016,8.13,3,229.2,5590.6
2023-05-20,TR-11,11#矿车,2021,8.17,2,227.1,3710.7
2023-05-20,TR-12,12#矿车,2013,5.87,2,227.1,2666.2
2023-05-21,TR-01,01#矿车,2017,7.74,2,219.5,3399.6
2023-05-21,TR-02,02#矿车,2021,7.85,3,217.3,5114.5
2023-05-21,TR-03,03#矿车,2019,8.04,3,219.3,5292.9
2023-05-21,TR-04,04#矿车,2014,6.81,3,217.8,4448.2
2023-05-21,TR-05,05#矿车,2022,8.41,2,231.5,3895.9
2023-05-21,TR-06,06#矿车,2018,7.73,3,229.1,5312.3
2023-05-21,TR-07,07#矿车,2020,8.2,2,217.4,3564.8
2023-05-21,TR-08,08#矿车,2015,8.19,3,222.5,5465.6
2023-05-21,TR-09,09#矿车,2023,7.1,3,220.5,4695.1
2023-05-21,TR-10,10#矿车,2016,8.38,3,229.2,5761.2
2023-05-21,TR-11,11#矿车,2021,8.19,3,227.1,5576.4
2023-05-21,TR-12,12#矿车,2013,6.26,3,227.1,4268.1
2023-05-22,TR-01,01#矿车,2017,7.78,2,219.5,3414.4
2023-05-22,TR-02,02#矿车,2021,7.63,2,217.3,3316.1
2023-05-22,TR-03,03#矿车,2019,8.08,3,219.3,5318.2
2023-05-22,TR-04,04#矿车,2014,7.0,3,217.8,4570.2
2023-05-22,TR-05,05#矿车,2022,8.44,3,231.5,5863.7
2023-05-22,TR-06,06#矿车,2018,7.35,3,229.1,5049.7
2023-05-22,TR-07,07#矿车,2020,7.98,2,217.4,3467.2
2023-05-22,TR-08,08#矿车,2015,8.22,3,222.5,5487.3
2023-05-22,TR-09,09#矿车,2023,7.48,3,220.5,4948.1
2023-05-22,TR-10,10#矿车,2016,8.26,3,229.2,5682.4
2023-05-22,TR-11,11#矿车,2021,7.8,3,227.1,5313.1
2023-05-22,TR-12,12#矿车,2013,6.42,3,227.1,4374.4
2023-05-23,TR-01,01#矿车,2017,8.27,2,219.5,3630.1
2023-05-23,TR-02,02#矿车,2021,7.28,3,217.3,4747.8
2023-05-23,TR-03,03#矿车,2019,7.74,3,219.3,5089.3
2023-05-23,TR-04,04#矿车,2014,6.84,2,217.8,2981.0
2023-05-23,TR-05,05#矿车,2022,8.41,3,231.5,5841.1
2023-05-23,TR-06,06#矿车,2018,7.23,2,229.1,3311.8
2023-05-23,TR-07,07#矿车,2020,8.09,2,217.4,3517.2
2023-05-23,TR-08,08#矿车,2015,8.44,3,222.5,5630.7
2023-05-23,TR-09,09#矿车,2023,8.02,2,220.5,3537.3
2023-05-23,TR-10,10#矿车,2016,8.57,2,229.2,3929.9
2023-05-23,TR-11,11#矿车,2021,8.08,2,227.1,3669.9
2023-05-23,TR-12,12#矿车,2013,6.23,3,227.1,4246.5
2023-05-24,TR-01,01#矿车,2017,8.14,3,219.5,5360.9
2023-05-24,TR-02,02#矿车,2021,7.42,2,217.3,3224.1
2023-05-24,TR-03,03#矿车,2019,8.12,3,219.3,5340.8
2023-05-24,TR-04,04#矿车,2014,6.76,3,217.8,4416.1
2023-05-24,TR-05,05#矿车,2022,8.49,2,231.5,3932.8
2023-05-24,TR-06,06#矿车,2018,7.46,2,229.1,3417.3
2023-05-24,TR-07,07#矿车,2020,5.67,1,217.4,1231.6
2023-05-24,TR-08,08#矿车,2015,8.37,2,222.5,3724.8
2023-05-24,TR-09,09#矿车,2023,7.87,2,220.5,3471.1
2023-05-24,TR-10,10#矿车,2016,8.15,2,229.2,3734.6
2023-05-24,TR-11,11#矿车,2021,8.4,3,227.1,5719.8
2023-05-24,TR-12,12#矿车,2013,6.24,3,227.1,4253.4
2023-05-25,TR-01,01#矿车,2017,7.69,2,219.5,3378.1
2023-05-25,TR-02,02#矿车,2021,7.8,3,217.3,5083.2
2023-05-25,TR-03,03#矿车,2019,8.13,3,219.3,5347.8
2023-05-25,TR-04,04#矿车,2014,6.88,3,217.8,4493.9
2023-05-25,TR-05,05#矿车,2022,8.61,2,231.5,3988.5
2023-05-25,TR-06,06#矿车,2018,7.61,3,229.1,5228.7
2023-05-25,TR-07,07#矿车,2020,8.46,2,217.4,3677.6
2023-05-25,TR-08,08#矿车,2015,7.89,3,222.5,5267.8
2023-05-25,TR-09,09#矿车,2023,7.64,3,220.5,5053.9
2023-05-25,TR-10,10#矿车,2016,7.81,2,229.2,3579.0
2023-05-25,TR-11,11#矿车,2021,8.41,3,227.1,5730.3
2023-05-25,TR-12,12#矿车,2013,6.47,2,227.1,2940.7
2023-05-26,TR-01,01#矿车,2017,8.0,3,219.5,5272.0
2023-05-26,TR-02,02#矿车,2021,7.82,3,217.3,5095.9
2023-05-26,TR-03,03#矿车,2019,8.02,2,219.3,3519.0
2023-05-26,TR-04,04#矿车,2014,6.79,3,217.8,4435.9
2023-05-26,TR-05,05#矿车,2022,8.32,2,231.5,3851.5
2023-05-26,TR-06,06#矿车,2018,7.61,2,229.1,3487.6
2023-05-26,TR-07,07#矿车,2020,8.41,2,217.4,3656.0
2023-05-26,TR-08,08#矿车,2015,8.43,2,222.5,3751.2
2023-05-26,TR-09,09#矿车,2023,7.66,3,220.5,5066.7
2023-05-26,TR-10,10#矿车,2016,7.92,3,229.2,5443.5
2023-05-26,TR-11,11#矿车,2021,7.95,3,227.1,5416.8
2023-05-26,TR-12,12#矿车,2013,7.12,2,227.1,3233.6
2023-05-27,TR-01,01#矿车,2017,7.86,2,219.5,3452.8
2023-05-27,TR-02,02#矿车,2021,7.86,3,217.3,5124.8
2023-05-27,TR-03,03#矿车,2019,7.73,2,219.3,3390.6
2023-05-27,TR-04,04#矿车,2014,6.6,3,217.8,4312.2
2023-05-27,TR-05,05#矿车,2022,8.37,3,231.5,5812.5
2023-05-27,TR-06,06#矿车,2018,7.56,3,229.1,5198.1
2023-05-27,TR-07,07#矿车,2020,8.04,3,217.4,5242.9
2023-05-27,TR-08,08#矿车,2015,8.8,2,222.5,3914.6
2023-05-27,TR-09,09#矿车,2023,7.47,2,220.5,3294.1
2023-05-27,TR-10,10#矿车,2016,8.11,2,229.2,3716.8
2023-05-27,TR-11,11#矿车,2021,7.85,3,227.1,5344.4
2023-05-27,TR-12,12#矿车,2013,6.71,3,227.1,4575.1
2023-05-28,TR-01,01#矿车,2017,7.54,3,219.5,4968.3
2023-05-28,TR-02,02#矿车,2021,7.87,3,217.3,5133.6
2023-05-28,TR-03,03#矿车,2019,8.02,3,219.3,5273.4
2023-05-28,TR-04,04#矿车,2014,6.68,2,217.8,2911.0
2023-05-28,TR-05,05#矿车,2022,8.44,2,231.5,3905.9
2023-05-28,TR-06,06#矿车,2018,7.99,2,229.1,3660.5
2023-05-28,TR-07,07#矿车,2020,8.14,3,217.4,5309.5
2023-05-28,TR-08,08#矿车,2015,8.43,3,222.5,5628.9
2023-05-28,TR-09,09#矿车,2023,7.8,2,220.5,3438.7
2023-05-28,TR-10,10#矿车,2016,8.15,3,229.2,5603.3
2023-05-28,TR-11,11#矿车,2021,7.52,3,227.1,5119.3
2023-05-28,TR-12,12#矿车,2013,7.06,2,227.1,3206.4
2023-05-29,TR-01,01#矿车,2017,7.53,3,219.5,4956.2
2023-05-29,TR-02,02#矿车,2021,7.82,3,217.3,5097.9
2023-05-29,TR-03,03#矿车,2019,8.32,2,219.3,3647.7
2023-05-29,TR-04,04#矿车,2014,6.94,2,217.8,3022.6
2023-05-29,TR-05,05#矿车,2022,8.5,2,231.5,3937.1
2023-05-29,TR-06,06#矿车,2018,8.24,2,229.1,3774.5
2023-05-29,TR-07,07#矿车,2020,8.52,3,217.4,5558.8
2023-05-29,TR-08,08#矿车,2015,7.99,3,222.5,5336.1
2023-05-29,TR-09,09#矿车,2023,6.76,3,220.5,4471.1
2023-05-29,TR-10,10#矿车,2016,8.08,3,229.2,5559.1
2023-05-29,TR-11,11#矿车,2021,7.89,2,227.1,3581.2
2023-05-29,TR-12,12#矿车,2013,6.57,3,227.1,4474.4
2023-05-30,TR-01,01#矿车,2017,7.74,3,219.5,5098.7
2023-05-30,TR-02,02#矿车,2021,7.88,2,217.3,3423.6
2023-05-30,TR-03,03#矿车,2019,7.68,2,219.3,3366.8
2023-05-30,TR-04,04#矿车,2014,6.67,3,217.8,4355.8
2023-05-30,TR-05,05#矿车,2022,8.15,3,231.5,5659.4
2023-05-30,TR-06,06#矿车,2018,7.8,3,229.1,5364.2
2023-05-30,TR-07,07#矿车,2020,8.32,3,217.4,5427.7
2023-05-30,TR-08,08#矿车,2015,8.31,3,222.5,5546.0
2023-05-30,TR-09,09#矿车,2023,7.26,3,220.5,4802.1
2023-05-30,TR-10,10#矿车,2016,7.91,3,229.2,5439.1
2023-05-30,TR-11,11#矿车,2021,7.89,3,227.1,5374.6
2023-05-30,TR-12,12#矿车,2013,6.48,2,227.1,2941.3
2023-05-31,TR-01,01#矿车,2017,7.56,3,219.5,4979.3
2023-05-31,TR-02,02#矿车,2021,7.76,3,217.3,5060.9
2023-05-31,TR-03,03#矿车,2019,7.81,3,219.3,5138.2
2023-05-31,TR-04,04#矿车,2014,6.96,3,217.8,4545.0
2023-05-31,TR-05,05#矿车,2022,8.3,3,231.5,5765.5
2023-05-31,TR-06,06#矿车,2018,8.04,3,229.1,5523.6
2023-05-31,TR-07,07#矿车,2020,8.13,3,217.4,5302.2
2023-05-31,TR-08,08#矿车,2015,8.49,3,222.5,5664.6
2023-05-31,TR-09,09#矿车,2023,7.02,3,220.5,4644.8
2023-05-31,TR-10,10#矿车,2016,7.98,3,229.2,5487.6
2023-05-31,TR-11,11#矿车,2021,8.0,3,227.1,5450.8
2023-05-31,TR-12,12#矿车,2013,6.8,3,227.1,4635.9
2023-06-01,TR-01,01#矿车,2017,7.85,3,219.5,5167.9
2023-06-01,TR-02,02#矿车,2021,7.21,2,217.3,3133.5
2023-06-01,TR-03,03#矿车,2019,7.91,2,219.3,3467.7
2023-06-01,TR-04,04#矿车,2014,6.69,3,217.8,4367.8
2023-06-01,TR-05,05#矿车,2022,8.14,3,231.5,5652.4
2023-06-01,TR-06,06#矿车,2018,7.49,2,229.1,3429.7
2023-06-01,TR-07,07#矿车,2020,8.56,3,217.4,5582.5
2023-06-01,TR-08,08#矿车,2015,8.42,2,222.5,3746.5
2023-06-01,TR-09,09#矿车,2023,7.42,2,220.5,3270.6
2023-06-01,TR-10,10#矿车,2016,8.26,2,229.2,3786.0
2023-06-01,TR-11,11#矿车,2021,8.1,3,227.1,5520.8
2023-06-01,TR-12,12#矿车,2013,6.7,3,227.1,4568.2
2023-06-02,TR-01,01#矿车,2017,8.08,3,219.5,5319.7
2023-06-02,TR-02,02#矿车,2021,7.32,3,217.3,4772.1
2023-06-02,TR-03,03#矿车,2019,8.09,3,219.3,5320.2
2023-06-02,TR-04,04#矿车,2014,6.54,3,217.8,4269.4
2023-06-02,TR-05,05#矿车,2022,8.01,2,231.5,3708.0
2023-06-02,TR-06,06#矿车,2018,7.87,2,229.1,3605.1
2023-06-02,TR-07,07#矿车,2020,8.26,3,217.4,5383.7
2023-06-02,TR-08,08#矿车,2015,8.51,3,222.5,5680.1
2023-06-02,TR-09,09#矿车,2023,7.43,3,220.5,4914.4
2023-06-02,TR-10,10#矿车,2016,8.46,2,229.2,3877.2
2023-06-02,TR-11,11#矿车,2021,8.23,3,227.1,5604.9
2023-06-02,TR-12,12#矿车,2013,6.73,3,227.1,4583.9
2023-06-03,TR-01,01#矿车,2017,8.09,3,219.5,5329.6
2023-06-03,TR-02,02#矿车,2021,7.7,3,217.3,5016.9
2023-06-03,TR-03,03#矿车,2019,8.16,2,219.3,3577.5
2023-06-03,TR-04,04#矿车,2014,7.16,3,217.8,4677.1
2023-06-03,TR-05,05#矿车,2022,7.97,3,231.5,5532.5
2023-06-03,TR-06,06#矿车,2018,7.4,3,229.1,5083.5
2023-06-03,TR-07,07#矿车,2020,8.56,3,217.4,5580.4
2023-06-03,TR-08,08#矿车,2015,7.54,3,222.5,5034.9
2023-06-03,TR-09,09#矿车,2023,7.94,3,220.5,5254.8
2023-06-03,TR-10,10#矿车,2016,8.57,2,229.2,3928.6
2023-06-03,TR-11,11#矿车,2021,7.73,3,227.1,5265.6
2023-06-03,TR-12,12#矿车,2013,6.37,3,227.1,4341.2
2023-06-04,TR-01,01#矿车,2017,7.9,3,219.5,5201.1
2023-06-04,TR-02,02#矿车,2021,7.72,3,217.3,5033.8
2023-06-04,TR-03,03#矿车,2019,7.96,2,219.3,3491.3
2023-06-04,TR-04,04#矿车,2014,7.07,2,217.8,3079.8
2023-06-04,TR-05,05#矿车,2022,8.22,3,231.5,5712.7
2023-06-04,TR-06,06#矿车,2018,7.54,2,229.1,3456.9
2023-06-04,TR-07,07#矿车,2020,8.21,3,217.4,5351.4
2023-06-04,TR-08,08#矿车,2015,7.83,3,222.5,5224.5
2023-06-04,TR-09,09#矿车,2023,7.25,2,220.5,3199.1
2023-06-04,TR-10,10#矿车,2016,8.29,2,229.2,3799.3
2023-06-04,TR-11,11#矿车,2021,8.02,3,227.1,5462.9
2023-06-04,TR-12,12#矿车,2013,6.92,3,227.1,4711.9
2023-06-05,TR-01,01#矿车,2017,7.6,2,219.5,3338.5
2023-06-05,TR-02,02#矿车,2021,8.03,3,217.3,5235.7
2023-06-05,TR-03,03#矿车,2019,7.87,3,219.3,5179.5
2023-06-05,TR-04,04#矿车,2014,6.75,3,217.8,4410.7
2023-06-05,TR-05,05#矿车,2022,8.19,2,231.5,3792.1
2023-06-05,TR-06,06#矿车,2018,7.71,3,229.1,5300.6
2023-06-05,TR-07,07#矿车,2020,7.95,3,217.4,5186.3
2023-06-05,TR-08,08#矿车,2015,8.15,3,222.5,5437.0
2023-06-05,TR-09,09#矿车,2023,7.72,3,220.5,5109.8
2023-06-05,TR-10,10#矿车,2016,8.15,3,229.2,5607.5
2023-06-05,TR-11,11#矿车,2021,8.45,2,227.1,3839.3
2023-06-05,TR-12,12#矿车,2013,6.73,2,227.1,3057.7
2023-06-06,TR-01,01#矿车,2017,7.49,3,219.5,4933.7
2023-06-06,TR-02,02#矿车,2021,7.83,3,217.3,5101.9
2023-06-06,TR-03,03#矿车,2019,8.0,2,219.3,3507.3
2023-06-06,TR-04,04#矿车,2014,6.43,2,217.8,2802.1
2023-06-06,TR-05,05#矿车,2022,8.1,2,231.5,3752.7
2023-06-06,TR-06,06#矿车,2018,8.14,3,229.1,5595.4
2023-06-06,TR-07,07#矿车,2020,8.21,3,217.4,5355.0
2023-06-06,TR-08,08#矿车,2015,8.24,3,222.5,5501.6
2023-06-06,TR-09,09#矿车,2023,7.58,3,220.5,5014.2
2023-06-06,TR-10,10#矿车,2016,8.15,2,229.2,3737.8
2023-06-06,TR-11,11#矿车,2021,8.25,2,227.1,3744.5
2023-06-06,TR-12,12#矿车,2013,6.52,3,227.1,4441.2
2023-06-07,TR-01,01#矿车,2017,7.27,3,219.5,4787.0
2023-06-07,TR-02,02#矿车,2021,7.04,2,217.3,3058.0
2023-06-07,TR-03,03#矿车,2019,7.92,2,219.3,3475.5
2023-06-07,TR-04,04#矿车,2014,6.53,3,217.8,4263.6
2023-06-07,TR-05,05#矿车,2022,8.31,3,231.5,5769.9
2023-06-07,TR-06,06#矿车,2018,7.6,3,229.1,5221.1
2023-06-07,TR-07,07#矿车,2020,8.75,3,217.4,5704.5
2023-06-07,TR-08,08#矿车,2015,8.56,3,222.5,5713.3
2023-06-07,TR-09,09#矿车,2023,7.44,3,220.5,4920.3
2023-06-07,TR-10,10#矿车,2016,8.26,3,229.2,5683.7
2023-06-07,TR-11,11#矿车,2021,7.99,3,227.1,5439.9
2023-06-07,TR-12,12#矿车,2013,6.38,2,227.1,2896.6
2023-06-08,TR-01,01#矿车,2017,7.9,3,219.5,5200.8
2023-06-08,TR-02,02#矿车,2021,7.43,3,217.3,4843.1
2023-06-08,TR-03,03#矿车,2019,8.15,2,219.3,3573.4
2023-06-08,TR-04,04#矿车,2014,6.99,3,217.8,4568.0
2023-06-08,TR-05,05#矿车,2022,8.3,3,231.5,5763.7
2023-06-08,TR-06,06#矿车,2018,7.73,2,229.1,3540.3
2023-06-08,TR-07,07#矿车,2020,8.35,2,217.4,3631.4
2023-06-08,TR-08,08#矿车,2015,8.1,3,222.5,5404.6
2023-06-08,TR-09,09#矿车,2023,6.93,3,220.5,4584.5
2023-06-08,TR-10,10#矿车,2016,8.08,3,229.2,5556.2
2023-06-08,TR-11,11#矿车,2021,8.13,3,227.1,5539.8
2023-06-08,TR-12,12#矿车,2013,6.89,3,227.1,4695.8
2023-06-09,TR-01,01#矿车,2017,7.64,3,219.5,5034.1
2023-06-09,TR-02,02#矿车,2021,7.53,3,217.3,4906.2
2023-06-09,TR-03,03#矿车,2019,8.58,3,219.3,5643.7
2023-06-09,TR-04,04#矿车,2014,7.01,3,217.8,4579.3
2023-06-09,TR-05,05#矿车,2022,8.02,3,231.5,5567.6
2023-06-09,TR-06,06#矿车,2018,7.52,2,229.1,3445.6
2023-06-09,TR-07,07#矿车,2020,7.81,3,217.4,5091.6
2023-06-09,TR-08,08#矿车,2015,8.2,3,222.5,5471.4
2023-06-09,TR-09,09#矿车,2023,7.41,3,220.5,4903.9
2023-06-09,TR-10,10#矿车,2016,7.91,3,229.2,5439.0
2023-06-09,TR-11,11#矿车,2021,8.34,3,227.1,5682.4
2023-06-09,TR-12,12#矿车,2013,6.9,3,227.1,4700.3
2023-06-10,TR-01,01#矿车,2017,7.71,3,219.5,5077.4
2023-06-10,TR-02,02#矿车,2021,7.48,3,217.3,4876.6
2023-06-10,TR-03,03#矿车,2019,7.86,2,219.3,3449.2
2023-06-10,TR-04,04#矿车,2014,7.11,2,217.8,3096.1
2023-06-10,TR-05,05#矿车,2022,3.97,1,231.5,919.6
2023-06-10,TR-06,06#矿车,2018,7.62,3,229.1,5237.1
2023-06-10,TR-07,07#矿车,2020,8.25,3,217.4,5379.0
2023-06-10,TR-08,08#矿车,2015,7.72,3,222.5,5155.5
2023-06-10,TR-09,09#矿车,2023,6.92,3,220.5,4577.2
2023-06-10,TR-10,10#矿车,2016,7.98,2,229.2,3656.9
2023-06-10,TR-11,11#矿车,2021,7.96,2,227.1,3614.2
2023-06-10,TR-12,12#矿车,2013,6.77,3,227.1,4609.9
2023-06-11,TR-01,01#矿车,2017,8.13,2,219.5,3569.0
2023-06-11,TR-02,02#矿车,2021,7.92,2,217.3,3443.2
2023-06-11,TR-03,03#矿车,2019,7.69,3,219.3,5058.3
2023-06-11,TR-04,04#矿车,2014,6.94,3,217.8,4534.3
2023-06-11,TR-05,05#矿车,2022,8.34,3,231.5,5791.2
2023-06-11,TR-06,06#矿车,2018,7.56,2,229.1,3465.8
2023-06-11,TR-07,07#矿车,2020,8.14,2,217.4,3536.4
2023-06-11,TR-08,08#矿车,2015,8.02,3,222.5,5353.6
2023-06-11,TR-09,09#矿车,2023,7.03,2,220.5,3099.3
2023-06-11,TR-10,10#矿车,2016,7.94,3,229.2,5457.2
2023-06-11,TR-11,11#矿车,2021,7.95,3,227.1,5417.0
2023-06-11,TR-12,12#矿车,2013,6.72,3,227.1,4575.5
2023-06-12,TR-01,01#矿车,2017,8.47,3,219.5,5577.9
2023-06-12,TR-02,02#矿车,2021,7.23,3,217.3,4715.0
2023-06-12,TR-03,03#矿车,2019,8.08,2,219.3,3545.7
2023-06-12,TR-04,04#矿车,2014,6.43,2,217.8,2801.0
2023-06-12,TR-05,05#矿车,2022,8.23,3,231.5,5718.8
2023-06-12,TR-06,06#矿车,2018,7.69,2,229.1,3523.8
2023-06-12,TR-07,07#矿车,2020,8.29,3,217.4,5403.7
2023-06-12,TR-08,08#矿车,2015,8.32,2,222.5,3701.7
2023-06-12,TR-09,09#矿车,2023,7.75,3,220.5,5126.1
2023-06-12,TR-10,10#矿车,2016,8.15,3,229.2,5605.6
2023-06-12,TR-11,11#矿车,2021,8.12,3,227.1,5533.0
2023-06-12,TR-12,12#矿车,2013,6.91,2,227.1,3140.7
2023-06-13,TR-01,01#矿车,2017,7.87,3,219.5,5181.7
2023-06-13,TR-02,02#矿车,2021,7.94,2,217.3,3452.6
2023-06-13,TR-03,03#矿车,2019,7.41,3,219.3,4878.4
2023-06-13,TR-04,04#矿车,2014,6.17,3,217.8,4030.9
2023-06-13,TR-05,05#矿车,2022,8.13,2,231.5,3762.5
2023-06-13,TR-06,06#矿车,2018,7.7,3,229.1,5293.8
2023-06-13,TR-07,07#矿车,2020,8.29,2,217.4,3603.2
2023-06-13,TR-08,08#矿车,2015,8.14,2,222.5,3622.1
2023-06-13,TR-09,09#矿车,2023,7.56,3,220.5,4999.2
2023-06-13,TR-10,10#矿车,2016,7.99,3,229.2,5496.9
2023-06-13,TR-11,11#矿车,2021,7.99,3,227.1,5439.2
2023-06-13,TR-12,12#矿车,2013,6.97,2,227.1,3166.7
2023-06-14,TR-01,01#矿车,2017,7.47,2,219.5,3281.6
2023-06-14,TR-02,02#矿车,2021,7.76,2,217.3,3374.6
2023-06-14,TR-03,03#矿车,2019,7.59,3,219.3,4996.3
2023-06-14,TR-04,04#矿车,2014,6.31,2,217.8,2749.4
2023-06-14,TR-05,05#矿车,2022,8.32,3,231.5,5781.6
2023-06-14,TR-06,06#矿车,2018,7.68,3,229.1,5279.7
2023-06-14,TR-07,07#矿车,2020,8.45,3,217.4,5510.2
2023-06-14,TR-08,08#矿车,2015,8.49,3,222.5,5665.4
2023-06-14,TR-09,09#矿车,2023,8.28,2,220.5,3653.8
2023-06-14,TR-10,10#矿车,2016,8.32,2,229.2,3812.8
2023-06-14,TR-11,11#矿车,2021,8.25,3,227.1,5619.9
2023-06-14,TR-12,12#矿车,2013,6.58,2,227.1,2989.6
2023-06-15,TR-01,01#矿车,2017,7.49,2,219.5,3287.5
2023-06-15,TR-02,02#矿车,2021,7.83,3,217.3,5104.5
2023-06-15,TR-03,03#矿车,2019,7.75,3,219.3,5096.3
2023-06-15,TR-04,04#矿车,2014,7.21,2,217.8,3138.5
2023-06-15,TR-05,05#矿车,2022,8.18,3,231.5,5681.1
2023-06-15,TR-06,06#矿车,2018,8.1,2,229.1,3710.2
2023-06-15,TR-07,07#矿车,2020,8.66,3,217.4,5647.9
2023-06-15,TR-08,08#矿车,2015,8.31,2,222.5,3697.1
2023-06-15,TR-09,09#矿车,2023,7.74,3,220.5,5121.2
2023-06-15,TR-10,10#矿车,2016,8.38,3,229.2,5764.0
2023-06-15,TR-11,11#矿车,2021,8.35,3,227.1,5686.0
2023-06-15,TR-12,12#矿车,2013,6.47,3,227.1,4405.7
2023-06-16,TR-01,01#矿车,2017,8.11,3,219.5,5340.6
2023-06-16,TR-02,02#矿车,2021,8.13,2,217.3,3533.2
2023-06-16,TR-03,03#矿车,2019,7.81,3,219.3,5140.6
2023-06-16,TR-04,04#矿车,2014,6.6,2,217.8,2874.1
2023-06-16,TR-05,05#矿车,2022,8.34,3,231.5,5789.4
2023-06-16,TR-06,06#矿车,2018,7.74,3,229.1,5322.9
2023-06-16,TR-07,07#矿车,2020,8.27,3,217.4,5394.9
2023-06-16,TR-08,08#矿车,2015,8.01,3,222.5,5343.8
2023-06-16,TR-09,09#矿车,2023,7.89,3,220.5,5218.9
2023-06-16,TR-10,10#矿车,2016,8.37,2,229.2,3836.9
2023-06-16,TR-11,11#矿车,2021,8.04,3,227.1,5478.9
2023-06-16,TR-12,12#矿车,2013,6.53,2,227.1,2964.8
2023-06-17,TR-01,01#矿车,2017,7.65,3,219.5,5036.0
2023-06-17,TR-02,02#矿车,2021,7.44,3,217.3,4850.3
2023-06-17,TR-03,03#矿车,2019,8.07,3,219.3,5311.0
2023-06-17,TR-04,04#矿车,2014,6.5,2,217.8,2831.3
2023-06-17,TR-05,05#矿车,2022,3.06,0,231.5,0.0
2023-06-17,TR-06,06#矿车,2018,8.21,2,229.1,3759.7
2023-06-17,TR-07,07#矿车,2020,8.01,3,217.4,5224.4
2023-06-17,TR-08,08#矿车,2015,8.27,3,222.5,5523.0
2023-06-17,TR-09,09#矿车,2023,7.67,3,220.5,5075.7
2023-06-17,TR-10,10#矿车,2016,7.52,3,229.2,5173.3
2023-06-17,TR-11,11#矿车,2021,8.24,2,227.1,3740.7
2023-06-17,TR-12,12#矿车,2013,6.0,2,227.1,2724.1
2023-06-18,TR-01,01#矿车,2017,7.44,2,219.5,3266.3
2023-06-18,TR-02,02#矿车,2021,7.61,3,217.3,4963.2
2023-06-18,TR-03,03#矿车,2019,7.54,3,219.3,4960.8
2023-06-18,TR-04,04#矿车,2014,6.54,3,217.8,4274.0
2023-06-18,TR-05,05#矿车,2022,7.71,2,231.5,3569.1
2023-06-18,TR-06,06#矿车,2018,8.17,2,229.1,3743.8
2023-06-18,TR-07,07#矿车,2020,8.24,2,217.4,3580.3
2023-06-18,TR-08,08#矿车,2015,8.22,2,222.5,3658.9
2023-06-18,TR-09,09#矿车,2023,7.22,3,220.5,4778.4
2023-06-18,TR-10,10#矿车,2016,8.02,3,229.2,5512.4
2023-06-18,TR-11,11#矿车,2021,7.88,3,227.1,5366.5
2023-06-18,TR-12,12#矿车,2013,3.08,1,227.1,699.2
2023-06-19,TR-01,01#矿车,2017,7.57,2,219.5,3324.0
2023-06-19,TR-02,02#矿车,2021,7.89,2,217.3,3431.1
2023-06-19,TR-03,03#矿车,2019,7.83,2,219.3,3432.3
2023-06-19,TR-04,04#矿车,2014,6.44,3,217.8,4206.8
2023-06-19,TR-05,05#矿车,2022,8.32,3,231.5,5781.9
2023-06-19,TR-06,06#矿车,2018,7.53,3,229.1,5175.8
2023-06-19,TR-07,07#矿车,2020,8.63,3,217.4,5627.1
2023-06-19,TR-08,08#矿车,2015,8.56,3,222.5,5714.9
2023-06-19,TR-09,09#矿车,2023,8.05,3,220.5,5327.9
2023-06-19,TR-10,10#矿车,2016,7.87,3,229.2,5415.2
2023-06-19,TR-11,11#矿车,2021,8.21,2,227.1,3726.4
2023-06-19,TR-12,12#矿车,2013,6.89,3,227.1,4691.5
2023-06-20,TR-01,01#矿车,2017,7.84,3,219.5,5160.8
2023-06-20,TR-02,02#矿车,2021,7.79,2,217.3,3385.8
2023-06-20,TR-03,03#矿车,2019,7.98,3,219.3,5253.5
2023-06-20,TR-04,04#矿车,2014,6.07,3,217.8,3963.3
2023-06-20,TR-05,05#矿车,2022,8.24,3,231.5,5725.5
2023-06-20,TR-06,06#矿车,2018,7.89,2,229.1,3616.1
2023-06-20,TR-07,07#矿车,2020,8.9,3,217.4,5801.2
2023-06-20,TR-08,08#矿车,2015,8.15,3,222.5,5441.8
2023-06-20,TR-09,09#矿车,2023,7.55,3,220.5,4992.0
2023-06-20,TR-10,10#矿车,2016,7.9,2,229.2,3621.7
2023-06-20,TR-11,11#矿车,2021,7.78,2,227.1,3531.1
2023-06-20,TR-12,12#矿车,2013,6.83,2,227.1,3101.4
2023-06-21,TR-01,01#矿车,2017,8.25,2,219.5,3621.9
2023-06-21,TR-02,02#矿车,2021,7.43,3,217.3,4846.9
2023-06-21,TR-03,03#矿车,2019,8.12,3,219.3,5345.0
2023-06-21,TR-04,04#矿车,2014,6.49,3,217.8,4238.3
2023-06-21,TR-05,05#矿车,2022,8.11,3,231.5,5634.4
2023-06-21,TR-06,06#矿车,2018,8.11,3,229.1,5571.9
2023-06-21,TR-07,07#矿车,2020,8.47,2,217.4,3681.9
2023-06-21,TR-08,08#矿车,2015,8.35,3,222.5,5574.1
2023-06-21,TR-09,09#矿车,2023,7.6,2,220.5,3350.2
2023-06-21,TR-10,10#矿车,2016,8.12,2,229.2,3723.7
2023-06-21,TR-11,11#矿车,2021,8.06,3,227.1,5492.1
2023-06-21,TR-12,12#矿车,2013,6.37,3,227.1,4342.8
2023-06-22,TR-01,01#矿车,2017,8.0,3,219.5,5268.5
2023-06-22,TR-02,02#矿车,2021,7.89,3,217.3,5143.6
2023-06-22,TR-03,03#矿车,2019,8.52,2,219.3,3739.2
2023-06-22,TR-04,04#矿车,2014,7.27,3,217.8,4746.0
2023-06-22,TR-05,05#矿车,2022,8.08,3,231.5,5614.8
2023-06-22,TR-06,06#矿车,2018,8.03,3,229.1,5519.8
2023-06-22,TR-07,07#矿车,2020,9.05,3,217.4,5897.9
2023-06-22,TR-08,08#矿车,2015,7.89,3,222.5,5267.2
2023-06-22,TR-09,09#矿车,2023,7.66,3,220.5,5066.4
2023-06-22,TR-10,10#矿车,2016,8.3,3,229.2,5707.3
2023-06-22,TR-11,11#矿车,2021,7.92,2,227.1,3595.8
2023-06-22,TR-12,12#矿车,2013,6.41,2,227.1,2909.7
2023-06-23,TR-01,01#矿车,2017,7.94,2,219.5,3487.2
2023-06-23,TR-02,02#矿车,2021,8.08,3,217.3,5268.8
2023-06-23,TR-03,03#矿车,2019,8.05,3,219.3,5297.1
2023-06-23,TR-04,04#矿车,2014,6.39,3,217.8,4176.0
2023-06-23,TR-05,05#矿车,2022,8.24,2,231.5,3814.3
2023-06-23,TR-06,06#矿车,2018,8.12,3,229.1,5580.7
2023-06-23,TR-07,07#矿车,2020,8.52,3,217.4,5554.4
2023-06-23,TR-08,08#矿车,2015,8.17,2,222.5,3635.0
2023-06-23,TR-09,09#矿车,2023,7.68,3,220.5,5082.7
2023-06-23,TR-10,10#矿车,2016,8.06,2,229.2,3694.3
2023-06-23,TR-11,11#矿车,2021,7.82,2,227.1,3549.4
2023-06-23,TR-12,12#矿车,2013,6.24,3,227.1,4254.9
2023-06-24,TR-01,01#矿车,2017,7.57,3,219.5,4983.9
2023-06-24,TR-02,02#矿车,2021,8.19,3,217.3,5342.2
2023-06-24,TR-03,03#矿车,2019,8.09,3,219.3,5322.1
2023-06-24,TR-04,04#矿车,2014,6.35,3,217.8,4145.1
2023-06-24,TR-05,05#矿车,2022,7.82,3,231.5,5431.8
2023-06-24,TR-06,06#矿车,2018,7.64,3,229.1,5251.7
2023-06-24,TR-07,07#矿车,2020,7.95,3,217.4,5183.6
2023-06-24,TR-08,08#矿车,2015,8.15,2,222.5,3628.7
2023-06-24,TR-09,09#矿车,2023,7.66,3,220.5,5069.6
2023-06-24,TR-10,10#矿车,2016,7.83,3,229.2,5382.9
2023-06-24,TR-11,11#矿车,2021,8.15,2,227.1,3702.7
2023-06-24,TR-12,12#矿车,2013,6.24,3,227.1,4250.3
2023-06-25,TR-01,01#矿车,2017,7.5,3,219.5,4940.2
2023-06-25,TR-02,02#矿车,2021,7.61,3,217.3,4958.5
2023-06-25,TR-03,03#矿车,2019,8.1,3,219.3,5332.5
2023-06-25,TR-04,04#矿车,2014,6.76,3,217.8,4413.1
2023-06-25,TR-05,05#矿车,2022,8.21,3,231.5,5705.5
2023-06-25,TR-06,06#矿车,2018,7.97,3,229.1,5474.5
2023-06-25,TR-07,07#矿车,2020,8.3,3,217.4,5413.4
2023-06-25,TR-08,08#矿车,2015,7.84,3,222.5,5236.3
2023-06-25,TR-09,09#矿车,2023,7.52,2,220.5,3315.4
2023-06-25,TR-10,10#矿车,2016,7.78,3,229.2,5348.3
2023-06-25,TR-11,11#矿车,2021,7.58,3,227.1,5164.3
2023-06-25,TR-12,12#矿车,2013,6.15,3,227.1,4190.7
2023-06-26,TR-01,01#矿车,2017,7.59,3,219.5,5000.7
2023-06-26,TR-02,02#矿车,2021,7.59,2,217.3,3297.6
2023-06-26,TR-03,03#矿车,2019,7.59,3,219.3,4991.2
2023-06-26,TR-04,04#矿车,2014,6.7,3,217.8,4374.8
2023-06-26,TR-05,05#矿车,2022,8.93,2,231.5,4136.4
2023-06-26,TR-06,06#矿车,2018,7.52,3,229.1,5171.7
2023-06-26,TR-07,07#矿车,2020,8.19,3,217.4,5343.3
2023-06-26,TR-08,08#矿车,2015,8.62,3,222.5,5756.0
2023-06-26,TR-09,09#矿车,2023,7.53,3,220.5,4978.4
2023-06-26,TR-10,10#矿车,2016,8.25,3,229.2,5671.6
2023-06-26,TR-11,11#矿车,2021,8.36,3,227.1,5697.1
2023-06-26,TR-12,12#矿车,2013,6.42,3,227.1,4377.2
2023-06-27,TR-01,01#矿车,2017,7.92,2,219.5,3479.3
2023-06-27,TR-02,02#矿车,2021,8.12,3,217.3,5295.9
2023-06-27,TR-03,03#矿车,2019,7.5,3,219.3,4937.4
2023-06-27,TR-04,04#矿车,2014,6.87,3,217.8,4488.2
2023-06-27,TR-05,05#矿车,2022,8.39,3,231.5,5830.5
2023-06-27,TR-06,06#矿车,2018,7.82,2,229.1,3581.5
2023-06-27,TR-07,07#矿车,2020,8.46,3,217.4,5519.2
2023-06-27,TR-08,08#矿车,2015,8.32,2,222.5,3700.9
2023-06-27,TR-09,09#矿车,2023,7.56,2,220.5,3335.3
2023-06-27,TR-10,10#矿车,2016,8.31,3,229.2,5716.4
2023-06-27,TR-11,11#矿车,2021,8.17,3,227.1,5567.2
2023-06-27,TR-12,12#矿车,2013,6.3,3,227.1,4294.7
2023-06-28,TR-01,01#矿车,2017,7.91,3,219.5,5211.7
2023-06-28,TR-02,02#矿车,2021,8.33,2,217.3,3621.4
2023-06-28,TR-03,03#矿车,2019,7.86,2,219.3,3449.7
2023-06-28,TR-04,04#矿车,2014,6.73,2,217.8,2932.1
2023-06-28,TR-05,05#矿车,2022,8.59,2,231.5,3976.9
2023-06-28,TR-06,06#矿车,2018,7.5,2,229.1,3436.8
2023-06-28,TR-07,07#矿车,2020,8.1,2,217.4,3522.3
2023-06-28,TR-08,08#矿车,2015,8.39,3,222.5,5600.9
2023-06-28,TR-09,09#矿车,2023,7.5,3,220.5,4961.7
2023-06-28,TR-10,10#矿车,2016,7.83,3,229.2,5386.5
2023-06-28,TR-11,11#矿车,2021,8.69,3,227.1,5916.3
2023-06-28,TR-12,12#矿车,2013,6.42,3,227.1,4373.7
2023-06-29,TR-01,01#矿车,2017,7.76,3,219.5,5113.6
2023-06-29,TR-02,02#矿车,2021,7.94,3,217.3,5175.5
2023-06-29,TR-03,03#矿车,2019,8.08,2,219.3,3543.9
2023-06-29,TR-04,04#矿车,2014,7.17,2,217.8,3121.7
2023-06-29,TR-05,05#矿车,2022,8.69,3,231.5,6037.0
2023-06-29,TR-06,06#矿车,2018,7.86,3,229.1,5398.8
2023-06-29,TR-07,07#矿车,2020,8.08,2,217.4,3512.5
2023-06-29,TR-08,08#矿车,2015,8.42,3,222.5,5622.2
2023-06-29,TR-09,09#矿车,2023,7.53,2,220.5,3319.1
2023-06-29,TR-10,10#矿车,2016,7.99,3,229.2,5493.2
2023-06-29,TR-11,11#矿车,2021,8.21,2,227.1,3728.5
2023-06-29,TR-12,12#矿车,2013,6.47,2,227.1,2938.0
2023-06-30,TR-01,01#矿车,2017,7.95,3,219.5,5236.5
2023-06-30,TR-02,02#矿车,2021,7.92,2,217.3,3441.3
2023-06-30,TR-03,03#矿车,2019,8.65,3,219.3,5689.0
2023-06-30,TR-04,04#矿车,2014,6.96,2,217.8,3031.1
2023-06-30,TR-05,05#矿车,2022,7.93,3,231.5,5507.1
2023-06-30,TR-06,06#矿车,2018,7.37,2,229.1,3375.1
2023-06-30,TR-07,07#矿车,2020,7.95,2,217.4,3457.2
2023-06-30,TR-08,08#矿车,2015,8.55,3,222.5,5707.4
2023-06-30,TR-09,09#矿车,2023,7.94,3,220.5,5252.1
2023-06-30,TR-10,10#矿车,2016,8.21,3,229.2,5643.0
2023-06-30,TR-11,11#矿车,2021,8.34,2,227.1,3787.4
2023-06-30,TR-12,12#矿车,2013,2.86,0,227.1,0.0
2023-07-01,TR-01,01#矿车,2017,7.82,2,219.5,3431.3
2023-07-01,TR-02,02#矿车,2021,7.49,2,217.3,3254.0
2023-07-01,TR-03,03#矿车,2019,8.01,2,219.3,3513.4
2023-07-01,TR-04,04#矿车,2014,6.94,3,217.8,4532.6
2023-07-01,TR-05,05#矿车,2022,7.83,3,231.5,5438.2
2023-07-01,TR-06,06#矿车,2018,7.92,3,229.1,5442.9
2023-07-01,TR-07,07#矿车,2020,8.3,3,217.4,5411.3
2023-07-01,TR-08,08#矿车,2015,8.21,3,222.5,5479.8
2023-07-01,TR-09,09#矿车,2023,7.34,3,220.5,4856.5
2023-07-01,TR-10,10#矿车,2016,7.82,3,229.2,5378.4
2023-07-01,TR-11,11#矿车,2021,7.77,3,227.1,5291.2
2023-07-01,TR-12,12#矿车,2013,2.57,0,227.1,0.0
2023-07-02,TR-01,01#矿车,2017,8.0,2,219.5,3511.6
2023-07-02,TR-02,02#矿车,2021,8.04,2,217.3,3495.0
2023-07-02,TR-03,03#矿车,2019,7.99,3,219.3,5256.1
2023-07-02,TR-04,04#矿车,2014,6.76,3,217.8,4413.6
2023-07-02,TR-05,05#矿车,2022,8.19,3,231.5,5689.6
2023-07-02,TR-06,06#矿车,2018,7.93,2,229.1,3634.5
2023-07-02,TR-07,07#矿车,2020,8.3,3,217.4,5411.8
2023-07-02,TR-08,08#矿车,2015,8.3,3,222.5,5538.6
2023-07-02,TR-09,09#矿车,2023,7.44,3,220.5,4918.6
2023-07-02,TR-10,10#矿车,2016,8.13,3,229.2,5593.4
2023-07-02,TR-11,11#矿车,2021,8.19,3,227.1,5578.2
2023-07-02,TR-12,12#矿车,2013,6.23,3,227.1,4247.6
2023-07-03,TR-01,01#矿车,2017,7.97,2,219.5,3499.1
2023-07-03,TR-02,02#矿车,2021,8.02,3,217.3,5225.4
2023-07-03,TR-03,03#矿车,2019,7.86,2,219.3,3446.0
2023-07-03,TR-04,04#矿车,2014,6.98,3,217.8,4557.9
2023-07-03,TR-05,05#矿车,2022,8.11,3,231.5,5630.1
2023-07-03,TR-06,06#矿车,2018,7.68,3,229.1,5280.8
2023-07-03,TR-07,07#矿车,2020,8.59,3,217.4,5603.4
2023-07-03,TR-08,08#矿车,2015,8.28,3,222.5,5528.9
2023-07-03,TR-09,09#矿车,2023,7.93,2,220.5,3498.6
2023-07-03,TR-10,10#矿车,2016,7.64,3,229.2,5251.2
2023-07-03,TR-11,11#矿车,2021,7.7,3,227.1,5244.3
2023-07-03,TR-12,12#矿车,2013,6.53,3,227.1,4449.4
2023-07-04,TR-01,01#矿车,2017,7.54,2,219.5,3309.5
2023-07-04,TR-02,02#矿车,2021,7.92,3,217.3,5164.8
2023-07-04,TR-03,03#矿车,2019,7.88,3,219.3,5185.8
2023-07-04,TR-04,04#矿车,2014,7.37,3,217.8,4813.9
2023-07-04,TR-05,05#矿车,2022,8.37,2,231.5,3875.7
2023-07-04,TR-06,06#矿车,2018,7.81,3,229.1,5365.4
2023-07-04,TR-07,07#矿车,2020,8.2,3,217.4,5347.4
2023-07-04,TR-08,08#矿车,2015,8.12,3,222.5,5422.4
2023-07-04,TR-09,09#矿车,2023,7.73,2,220.5,3410.5
2023-07-04,TR-10,10#矿车,2016,8.02,3,229.2,5517.4
2023-07-04,TR-11,11#矿车,2021,7.95,3,227.1,5413.7
2023-07-04,TR-12,12#矿车,2013,6.0,3,227.1,4085.0
2023-07-05,TR-01,01#矿车,2017,7.91,3,219.5,5212.0
2023-07-05,TR-02,02#矿车,2021,8.2,2,217.3,3563.5
2023-07-05,TR-03,03#矿车,2019,7.82,3,219.3,5143.1
2023-07-05,TR-04,04#矿车,2014,6.77,3,217.8,4419.5
2023-07-05,TR-05,05#矿车,2022,8.59,3,231.5,5967.2
2023-07-05,TR-06,06#矿车,2018,7.24,2,229.1,3319.5
2023-07-05,TR-07,07#矿车,2020,8.05,3,217.4,5247.3
2023-07-05,TR-08,08#矿车,2015,8.02,3,222.5,5355.5
2023-07-05,TR-09,09#矿车,2023,7.56,3,220.5,5004.3
2023-07-05,TR-10,10#矿车,2016,8.11,3,229.2,5577.5
2023-07-05,TR-11,11#矿车,2021,8.32,2,227.1,3780.5
2023-07-05,TR-12,12#矿车,2013,6.58,3,227.1,4483.9
2023-07-06,TR-01,01#矿车,2017,7.97,2,219.5,3497.8
2023-07-06,TR-02,02#矿车,2021,8.06,3,217.3,5254.0
2023-07-06,TR-03,03#矿车,2019,7.63,3,219.3,5017.8
2023-07-06,TR-04,04#矿车,2014,6.34,3,217.8,4139.5
2023-07-06,TR-05,05#矿车,2022,8.48,2,231.5,3927.2
2023-07-06,TR-06,06#矿车,2018,7.56,3,229.1,5198.1
2023-07-06,TR-07,07#矿车,2020,8.42,3,217.4,5490.7
2023-07-06,TR-08,08#矿车,2015,8.3,3,222.5,5538.9
2023-07-06,TR-09,09#矿车,2023,7.6,3,220.5,5028.9
2023-07-06,TR-10,10#矿车,2016,8.17,2,229.2,3744.1
2023-07-06,TR-11,11#矿车,2021,8.36,3,227.1,5694.0
2023-07-06,TR-12,12#矿车,2013,6.73,3,227.1,4583.0
2023-07-07,TR-01,01#矿车,2017,8.13,2,219.5,3569.2
2023-07-07,TR-02,02#矿车,2021,7.79,2,217.3,3384.0
2023-07-07,TR-03,03#矿车,2019,7.81,3,219.3,5136.6
2023-07-07,TR-04,04#矿车,2014,6.91,3,217.8,4514.6
2023-07-07,TR-05,05#矿车,2022,8.32,3,231.5,5778.5
2023-07-07,TR-06,06#矿车,2018,7.34,2,229.1,3363.8
2023-07-07,TR-07,07#矿车,2020,8.29,3,217.4,5408.7
2023-07-07,TR-08,08#矿车,2015,8.56,2,222.5,3809.5
2023-07-07,TR-09,09#矿车,2023,7.27,3,220.5,4812.3
2023-07-07,TR-10,10#矿车,2016,7.92,2,229.2,3633.2
2023-07-07,TR-11,11#矿车,2021,8.03,2,227.1,3646.1
2023-07-07,TR-12,12#矿车,2013,6.21,3,227.1,4232.0
2023-07-08,TR-01,01#矿车,2017,7.51,3,219.5,4947.2
2023-07-08,TR-02,02#矿车,2021,8.25,3,217.3,5378.2
2023-07-08,TR-03,03#矿车,2019,7.91,3,219.3,5202.2
2023-07-08,TR-04,04#矿车,2014,6.65,3,217.8,4346.5
2023-07-08,TR-05,05#矿车,2022,8.88,3,231.5,6170.5
2023-07-08,TR-06,06#矿车,2018,7.94,2,229.1,3637.0
2023-07-08,TR-07,07#矿车,2020,8.18,3,217.4,5333.1
2023-07-08,TR-08,08#矿车,2015,8.5,2,222.5,3783.1
2023-07-08,TR-09,09#矿车,2023,7.4,3,220.5,4897.9
2023-07-08,TR-10,10#矿车,2016,8.35,3,229.2,5740.8
2023-07-08,TR-11,11#矿车,2021,7.73,3,227.1,5263.9
2023-07-08,TR-12,12#矿车,2013,6.17,3,227.1,4200.9
2023-07-09,TR-01,01#矿车,2017,7.72,3,219.5,5081.1
2023-07-09,TR-02,02#矿车,2021,8.09,3,217.3,5277.0
2023-07-09,TR-03,03#矿车,2019,8.02,3,219.3,5279.1
2023-07-09,TR-04,04#矿车,2014,6.85,2,217.8,2982.1
2023-07-09,TR-05,05#矿车,2022,8.67,3,231.5,6023.1
2023-07-09,TR-06,06#矿车,2018,8.06,3,229.1,5536.5
2023-07-09,TR-07,07#矿车,2020,7.98,3,217.4,5201.0
2023-07-09,TR-08,08#矿车,2015,8.06,3,222.5,5381.8
2023-07-09,TR-09,09#矿车,2023,7.38,3,220.5,4880.0
2023-07-09,TR-10,10#矿车,2016,8.66,2,229.2,3971.5
2023-07-09,TR-11,11#矿车,2021,7.59,2,227.1,3445.0
2023-07-09,TR-12,12#矿车,2013,6.78,3,227.1,4618.6
2023-07-10,TR-01,01#矿车,2017,8.19,3,219.5,5392.5
2023-07-10,TR-02,02#矿车,2021,8.15,3,217.3,5315.9
2023-07-10,TR-03,03#矿车,2019,7.82,3,219.3,5144.4
2023-07-10,TR-04,04#矿车,2014,6.66,3,217.8,4348.4
2023-07-10,TR-05,05#矿车,2022,8.39,3,231.5,5828.3
2023-07-10,TR-06,06#矿车,2018,7.22,3,229.1,4961.3
2023-07-10,TR-07,07#矿车,2020,8.64,3,217.4,5636.9
2023-07-10,TR-08,08#矿车,2015,7.88,2,222.5,3506.4
2023-07-10,TR-09,09#矿车,2023,7.48,3,220.5,4947.9
2023-07-10,TR-10,10#矿车,2016,8.49,3,229.2,5836.2
2023-07-10,TR-11,11#矿车,2021,7.92,3,227.1,5394.1
2023-07-10,TR-12,12#矿车,2013,6.49,3,227.1,4421.8
2023-07-11,TR-01,01#矿车,2017,7.98,2,219.5,3505.1
2023-07-11,TR-02,02#矿车,2021,8.4,2,217.3,3648.8
2023-07-11,TR-03,03#矿车,2019,7.65,3,219.3,5034.7
2023-07-11,TR-04,04#矿车,2014,7.35,3,217.8,4804.6
2023-07-11,TR-05,05#矿车,2022,8.22,3,231.5,5712.3
2023-07-11,TR-06,06#矿车,2018,7.33,3,229.1,5041.0
2023-07-11,TR-07,07#矿车,2020,8.3,3,217.4,5409.2
2023-07-11,TR-08,08#矿车,2015,8.3,3,222.5,5538.9
2023-07-11,TR-09,09#矿车,2023,7.58,2,220.5,3345.0
2023-07-11,TR-10,10#矿车,2016,8.28,3,229.2,5692.3
2023-07-11,TR-11,11#矿车,2021,8.31,3,227.1,5661.4
2023-07-11,TR-12,12#矿车,2013,6.53,3,227.1,4452.4
2023-07-12,TR-01,01#矿车,2017,7.33,3,219.5,4824.3
2023-07-12,TR-02,02#矿车,2021,8.26,2,217.3,3588.4
2023-07-12,TR-03,03#矿车,2019,8.2,3,219.3,5395.1
2023-07-12,TR-04,04#矿车,2014,6.95,3,217.8,4542.1
2023-07-12,TR-05,05#矿车,2022,8.2,2,231.5,3798.5
2023-07-12,TR-06,06#矿车,2018,7.33,2,229.1,3357.0
2023-07-12,TR-07,07#矿车,2020,8.5,3,217.4,5543.3
2023-07-12,TR-08,08#矿车,2015,8.89,3,222.5,5932.5
2023-07-12,TR-09,09#矿车,2023,7.91,3,220.5,5232.2
2023-07-12,TR-10,10#矿车,2016,8.17,3,229.2,5616.0
2023-07-12,TR-11,11#矿车,2021,8.19,3,227.1,5579.9
2023-07-12,TR-12,12#矿车,2013,7.1,3,227.1,4840.0
2023-07-13,TR-01,01#矿车,2017,7.52,3,219.5,4952.7
2023-07-13,TR-02,02#矿车,2021,7.82,3,217.3,5096.0
2023-07-13,TR-03,03#矿车,2019,8.52,3,219.3,5605.5
2023-07-13,TR-04,04#矿车,2014,6.82,3,217.8,4452.2
2023-07-13,TR-05,05#矿车,2022,8.3,2,231.5,3842.5
2023-07-13,TR-06,06#矿车,2018,7.36,2,229.1,3370.9
2023-07-13,TR-07,07#矿车,2020,8.03,2,217.4,3490.8
2023-07-13,TR-08,08#矿车,2015,8.89,3,222.5,5935.1
2023-07-13,TR-09,09#矿车,2023,7.9,2,220.5,3482.6
2023-07-13,TR-10,10#矿车,2016,8.75,3,229.2,6015.6
2023-07-13,TR-11,11#矿车,2021,8.05,3,227.1,5484.4
2023-07-13,TR-12,12#矿车,2013,6.88,2,227.1,3124.3
2023-07-14,TR-01,01#矿车,2017,7.94,3,219.5,5231.2
2023-07-14,TR-02,02#矿车,2021,7.84,3,217.3,5112.8
2023-07-14,TR-03,03#矿车,2019,8.42,2,219.3,3694.1
2023-07-14,TR-04,04#矿车,2014,6.53,3,217.8,4263.6
2023-07-14,TR-05,05#矿车,2022,8.67,3,231.5,6024.3
2023-07-14,TR-06,06#矿车,2018,7.53,3,229.1,5177.2
2023-07-14,TR-07,07#矿车,2020,8.36,2,217.4,3634.2
2023-07-14,TR-08,08#矿车,2015,8.42,3,222.5,5618.3
2023-07-14,TR-09,09#矿车,2023,7.69,3,220.5,5084.3
2023-07-14,TR-10,10#矿车,2016,8.17,3,229.2,5615.5
2023-07-14,TR-11,11#矿车,2021,8.03,3,227.1,5472.5
2023-07-14,TR-12,12#矿车,2013,6.32,2,227.1,2870.1
2023-07-15,TR-01,01#矿车,2017,8.28,2,219.5,3635.3
2023-07-15,TR-02,02#矿车,2021,7.52,3,217.3,4903.1
2023-07-15,TR-03,03#矿车,2019,8.11,2,219.3,3555.3
2023-07-15,TR-04,04#矿车,2014,6.98,2,217.8,3040.7
2023-07-15,TR-05,05#矿车,2022,8.06,2,231.5,3731.9
2023-07-15,TR-06,06#矿车,2018,7.91,3,229.1,5434.3
2023-07-15,TR-07,07#矿车,2020,8.67,3,217.4,5653.7
2023-07-15,TR-08,08#矿车,2015,8.21,3,222.5,5483.4
2023-07-15,TR-09,09#矿车,2023,7.75,2,220.5,3419.1
2023-07-15,TR-10,10#矿车,2016,8.12,2,229.2,3725.1
2023-07-15,TR-11,11#矿车,2021,8.7,3,227.1,5928.3
2023-07-15,TR-12,12#矿车,2013,2.58,1,227.1,585.9
2023-07-16,TR-01,01#矿车,2017,7.93,3,219.5,5225.5
2023-07-16,TR-02,02#矿车,2021,7.84,3,217.3,5113.1
2023-07-16,TR-03,03#矿车,2019,8.08,3,219.3,5315.3
2023-07-16,TR-04,04#矿车,2014,6.71,3,217.8,4381.6
2023-07-16,TR-05,05#矿车,2022,8.47,3,231.5,5882.4
2023-07-16,TR-06,06#矿车,2018,7.37,3,229.1,5067.9
2023-07-16,TR-07,07#矿车,2020,8.25,2,217.4,3586.3
2023-07-16,TR-08,08#矿车,2015,8.34,2,222.5,3712.5
2023-07-16,TR-09,09#矿车,2023,7.71,3,220.5,5101.6
2023-07-16,TR-10,10#矿车,2016,8.26,3,229.2,5680.2
2023-07-16,TR-11,11#矿车,2021,8.26,3,227.1,5627.7
2023-07-16,TR-12,12#矿车,2013,6.63,3,227.1,4520.7
2023-07-17,TR-01,01#矿车,2017,8.1,2,219.5,3555.8
2023-07-17,TR-02,02#矿车,2021,7.62,3,217.3,4970.1
2023-07-17,TR-03,03#矿车,2019,8.16,2,219.3,3578.2
2023-07-17,TR-04,04#矿车,2014,6.73,3,217.8,4399.3
2023-07-17,TR-05,05#矿车,2022,8.49,3,231.5,5894.1
2023-07-17,TR-06,06#矿车,2018,7.84,3,229.1,5387.8
2023-07-17,TR-07,07#矿车,2020,8.18,3,217.4,5336.1
2023-07-17,TR-08,08#矿车,2015,8.23,3,222.5,5490.6
2023-07-17,TR-09,09#矿车,2023,7.85,3,220.5,5194.5
2023-07-17,TR-10,10#矿车,2016,8.56,2,229.2,3922.4
2023-07-17,TR-11,11#矿车,2021,8.48,3,227.1,5777.7
2023-07-17,TR-12,12#矿车,2013,7.02,3,227.1,4780.4
2023-07-18,TR-01,01#矿车,2017,7.82,3,219.5,5147.0
2023-07-18,TR-02,02#矿车,2021,7.62,3,217.3,4967.0
2023-07-18,TR-03,03#矿车,2019,8.26,2,219.3,3623.9
2023-07-18,TR-04,04#矿车,2014,6.44,2,217.8,2806.5
2023-07-18,TR-05,05#矿车,2022,8.52,2,231.5,3946.9
2023-07-18,TR-06,06#矿车,2018,7.83,3,229.1,5383.1
2023-07-18,TR-07,07#矿车,2020,8.36,3,217.4,5453.4
2023-07-18,TR-08,08#矿车,2015,8.15,2,222.5,3626.7
2023-07-18,TR-09,09#矿车,2023,7.44,3,220.5,4925.0
2023-07-18,TR-10,10#矿车,2016,8.13,2,229.2,3727.3
2023-07-18,TR-11,11#矿车,2021,8.39,3,227.1,5713.7
2023-07-18,TR-12,12#矿车,2013,7.02,3,227.1,4780.5
2023-07-19,TR-01,01#矿车,2017,7.8,3,219.5,5135.5
2023-07-19,TR-02,02#矿车,2021,7.83,3,217.3,5105.5
2023-07-19,TR-03,03#矿车,2019,8.26,3,219.3,5435.0
2023-07-19,TR-04,04#矿车,2014,6.69,3,217.8,4373.0
2023-07-19,TR-05,05#矿车,2022,8.22,3,231.5,5711.2
2023-07-19,TR-06,06#矿车,2018,7.73,2,229.1,3540.5
2023-07-19,TR-07,07#矿车,2020,8.15,3,217.4,5312.4
2023-07-19,TR-08,08#矿车,2015,8.44,3,222.5,5636.5
2023-07-19,TR-09,09#矿车,2023,7.74,2,220.5,3413.5
2023-07-19,TR-10,10#矿车,2016,8.74,3,229.2,6008.3
2023-07-19,TR-11,11#矿车,2021,8.47,2,227.1,3847.6
2023-07-19,TR-12,12#矿车,2013,6.69,2,227.1,3038.4
2023-07-20,TR-01,01#矿车,2017,7.96,3,219.5,5245.5
2023-07-20,TR-02,02#矿车,2021,4.37,1,217.3,950.2
2023-07-20,TR-03,03#矿车,2019,8.41,3,219.3,5531.4
2023-07-20,TR-04,04#矿车,2014,7.21,3,217.8,4708.2
2023-07-20,TR-05,05#矿车,2022,8.57,3,231.5,5954.5
2023-07-20,TR-06,06#矿车,2018,7.74,2,229.1,3545.2
2023-07-20,TR-07,07#矿车,2020,8.73,3,217.4,5689.4
2023-07-20,TR-08,08#矿车,2015,8.51,2,222.5,3788.3
2023-07-20,TR-09,09#矿车,2023,7.57,3,220.5,5010.7
2023-07-20,TR-10,10#矿车,2016,8.19,2,229.2,3757.0
2023-07-20,TR-11,11#矿车,2021,8.15,3,227.1,5553.5
2023-07-20,TR-12,12#矿车,2013,7.04,2,227.1,3199.1
2023-07-21,TR-01,01#矿车,2017,8.01,3,219.5,5272.7
2023-07-21,TR-02,02#矿车,2021,7.96,3,217.3,5191.6
2023-07-21,TR-03,03#矿车,2019,8.36,2,219.3,3667.9
2023-07-21,TR-04,04#矿车,2014,7.04,3,217.8,4595.7
2023-07-21,TR-05,05#矿车,2022,8.59,2,231.5,3979.6
2023-07-21,TR-06,06#矿车,2018,7.55,3,229.1,5189.8
2023-07-21,TR-07,07#矿车,2020,9.07,2,217.4,3942.9
2023-07-21,TR-08,08#矿车,2015,8.36,3,222.5,5581.2
2023-07-21,TR-09,09#矿车,2023,7.72,3,220.5,5108.7
2023-07-21,TR-10,10#矿车,2016,8.23,2,229.2,3771.6
2023-07-21,TR-11,11#矿车,2021,8.39,2,227.1,3809.4
2023-07-21,TR-12,12#矿车,2013,7.16,3,227.1,4876.2
2023-07-22,TR-01,01#矿车,2017,8.05,3,219.5,5301.4
2023-07-22,TR-02,02#矿车,2021,8.01,3,217.3,5220.1
2023-07-22,TR-03,03#矿车,2019,8.17,2,219.3,3581.7
2023-07-22,TR-04,04#矿车,2014,6.5,3,217.8,4244.4
2023-07-22,TR-05,05#矿车,2022,8.21,3,231.5,5702.7
2023-07-22,TR-06,06#矿车,2018,7.76,3,229.1,5333.3
2023-07-22,TR-07,07#矿车,2020,8.52,3,217.4,5557.2
2023-07-22,TR-08,08#矿车,2015,8.64,2,222.5,3846.5
2023-07-22,TR-09,09#矿车,2023,8.02,3,220.5,5304.7
2023-07-22,TR-10,10#矿车,2016,8.46,3,229.2,5817.0
2023-07-22,TR-11,11#矿车,2021,8.24,3,227.1,5610.5
2023-07-22,TR-12,12#矿车,2013,7.03,2,227.1,3192.3
2023-07-23,TR-01,01#矿车,2017,7.97,3,219.5,5248.5
2023-07-23,TR-02,02#矿车,2021,8.26,3,217.3,5387.5
2023-07-23,TR-03,03#矿车,2019,8.0,3,219.3,5265.1
2023-07-23,TR-04,04#矿车,2014,6.86,3,217.8,4481.7
2023-07-23,TR-05,05#矿车,2022,7.89,2,231.5,3654.9
2023-07-23,TR-06,06#矿车,2018,8.04,2,229.1,3684.6
2023-07-23,TR-07,07#矿车,2020,8.41,3,217.4,5482.1
2023-07-23,TR-08,08#矿车,2015,8.53,2,222.5,3793.8
2023-07-23,TR-09,09#矿车,2023,7.58,2,220.5,3344.2
2023-07-23,TR-10,10#矿车,2016,7.77,2,229.2,3562.4
2023-07-23,TR-11,11#矿车,2021,8.12,2,227.1,3686.2
2023-07-23,TR-12,12#矿车,2013,7.1,3,227.1,4836.0
2023-07-24,TR-01,01#矿车,2017,7.66,2,219.5,3364.5
2023-07-24,TR-02,02#矿车,2021,8.21,3,217.3,5355.2
2023-07-24,TR-03,03#矿车,2019,7.72,3,219.3,5077.0
2023-07-24,TR-04,04#矿车,2014,6.78,3,217.8,4429.2
2023-07-24,TR-05,05#矿车,2022,8.51,3,231.5,5908.8
2023-07-24,TR-06,06#矿车,2018,7.57,3,229.1,5202.6
2023-07-24,TR-07,07#矿车,2020,8.13,3,217.4,5298.1
2023-07-24,TR-08,08#矿车,2015,8.32,3,222.5,5554.0
2023-07-24,TR-09,09#矿车,2023,7.26,3,220.5,4802.8
2023-07-24,TR-10,10#矿车,2016,8.06,2,229.2,3697.5
2023-07-24,TR-11,11#矿车,2021,8.16,3,227.1,5561.2
2023-07-24,TR-12,12#矿车,2013,6.9,2,227.1,3134.6
2023-07-25,TR-01,01#矿车,2017,7.92,2,219.5,3477.6
2023-07-25,TR-02,02#矿车,2021,8.06,3,217.3,5253.9
2023-07-25,TR-03,03#矿车,2019,8.46,3,219.3,5563.7
2023-07-25,TR-04,04#矿车,2014,6.76,2,217.8,2944.0
2023-07-25,TR-05,05#矿车,2022,8.16,3,231.5,5669.3
2023-07-25,TR-06,06#矿车,2018,7.43,3,229.1,5108.4
2023-07-25,TR-07,07#矿车,2020,8.37,3,217.4,5460.3
2023-07-25,TR-08,08#矿车,2015,8.1,2,222.5,3604.0
2023-07-25,TR-09,09#矿车,2023,7.45,3,220.5,4929.9
2023-07-25,TR-10,10#矿车,2016,8.48,3,229.2,5829.2
2023-07-25,TR-11,11#矿车,2021,8.7,2,227.1,3951.6
2023-07-25,TR-12,12#矿车,2013,6.99,3,227.1,4764.7
2023-07-26,TR-01,01#矿车,2017,8.33,3,219.5,5483.1
2023-07-26,TR-02,02#矿车,2021,8.24,3,217.3,5372.4
2023-07-26,TR-03,03#矿车,2019,8.58,3,219.3,5643.9
2023-07-26,TR-04,04#矿车,2014,6.93,3,217.8,4528.7
2023-07-26,TR-05,05#矿车,2022,8.76,3,231.5,6085.6
2023-07-26,TR-06,06#矿车,2018,7.82,3,229.1,5377.6
2023-07-26,TR-07,07#矿车,2020,8.41,2,217.4,3654.2
2023-07-26,TR-08,08#矿车,2015,8.19,3,222.5,5467.2
2023-07-26,TR-09,09#矿车,2023,7.4,3,220.5,4895.0
2023-07-26,TR-10,10#矿车,2016,8.36,2,229.2,3832.1
2023-07-26,TR-11,11#矿车,2021,8.28,3,227.1,5641.1
2023-07-26,TR-12,12#矿车,2013,6.57,3,227.1,4479.0
2023-07-27,TR-01,01#矿车,2017,8.29,3,219.5,5457.1
2023-07-27,TR-02,02#矿车,2021,7.9,3,217.3,5148.5
2023-07-27,TR-03,03#矿车,2019,8.27,3,219.3,5444.3
2023-07-27,TR-04,04#矿车,2014,7.06,2,217.8,3075.9
2023-07-27,TR-05,05#矿车,2022,8.77,2,231.5,4058.7
2023-07-27,TR-06,06#矿车,2018,7.79,3,229.1,5353.9
2023-07-27,TR-07,07#矿车,2020,5.32,1,217.4,1157.1
2023-07-27,TR-08,08#矿车,2015,8.39,3,222.5,5602.8
2023-07-27,TR-09,09#矿车,2023,7.85,2,220.5,3462.2
2023-07-27,TR-10,10#矿车,2016,8.46,2,229.2,3878.8
2023-07-27,TR-11,11#矿车,2021,8.03,3,227.1,5466.8
2023-07-27,TR-12,12#矿车,2013,6.87,3,227.1,4681.4
2023-07-28,TR-01,01#矿车,2017,7.92,2,219.5,3479.4
2023-07-28,TR-02,02#矿车,2021,8.42,3,217.3,5492.0
2023-07-28,TR-03,03#矿车,2019,8.32,3,219.3,5471.7
2023-07-28,TR-04,04#矿车,2014,7.36,3,217.8,4807.0
2023-07-28,TR-05,05#矿车,2022,8.26,2,231.5,3824.3
2023-07-28,TR-06,06#矿车,2018,8.01,3,229.1,5502.6
2023-07-28,TR-07,07#矿车,2020,8.54,3,217.4,5567.3
2023-07-28,TR-08,08#矿车,2015,7.95,3,222.5,5308.5
2023-07-28,TR-09,09#矿车,2023,7.8,3,220.5,5161.5
2023-07-28,TR-10,10#矿车,2016,8.11,3,229.2,5575.6
2023-07-28,TR-11,11#矿车,2021,8.47,2,227.1,3845.8
2023-07-28,TR-12,12#矿车,2013,6.79,3,227.1,4628.6
2023-07-29,TR-01,01#矿车,2017,7.51,3,219.5,4946.1
2023-07-29,TR-02,02#矿车,2021,7.93,3,217.3,5170.9
2023-07-29,TR-03,03#矿车,2019,8.38,3,219.3,5514.8
2023-07-29,TR-04,04#矿车,2014,6.89,3,217.8,4499.4
2023-07-29,TR-05,05#矿车,2022,8.28,3,231.5,5751.0
2023-07-29,TR-06,06#矿车,2018,7.58,3,229.1,5209.0
2023-07-29,TR-07,07#矿车,2020,8.14,3,217.4,5307.0
2023-07-29,TR-08,08#矿车,2015,8.22,2,222.5,3656.4
2023-07-29,TR-09,09#矿车,2023,7.67,3,220.5,5070.8
2023-07-29,TR-10,10#矿车,2016,7.79,3,229.2,5355.7
2023-07-29,TR-11,11#矿车,2021,7.7,3,227.1,5246.6
2023-07-29,TR-12,12#矿车,2013,6.97,3,227.1,4751.1
2023-07-30,TR-01,01#矿车,2017,7.77,2,219.5,3410.2
2023-07-30,TR-02,02#矿车,2021,7.51,3,217.3,4896.1
2023-07-30,TR-03,03#矿车,2019,7.81,3,219.3,5140.1
2023-07-30,TR-04,04#矿车,2014,6.92,2,217.8,3015.4
2023-07-30,TR-05,05#矿车,2022,8.55,2,231.5,3958.1
2023-07-30,TR-06,06#矿车,2018,7.66,3,229.1,5266.1
2023-07-30,TR-07,07#矿车,2020,7.8,3,217.4,5085.2
2023-07-30,TR-08,08#矿车,2015,8.41,3,222.5,5615.6
2023-07-30,TR-09,09#矿车,2023,7.68,2,220.5,3388.4
2023-07-30,TR-10,10#矿车,2016,8.18,2,229.2,3749.4
2023-07-30,TR-11,11#矿车,2021,8.06,2,227.1,3660.0
2023-07-30,TR-12,12#矿车,2013,6.72,3,227.1,4579.8
2023-07-31,TR-01,01#矿车,2017,7.75,3,219.5,5106.1
2023-07-31,TR-02,02#矿车,2021,7.56,3,217.3,4930.0
2023-07-31,TR-03,03#矿车,2019,8.02,3,219.3,5279.9
2023-07-31,TR-04,04#矿车,2014,6.92,3,217.8,4518.7
2023-07-31,TR-05,05#矿车,2022,8.79,3,231.5,6106.2
2023-07-31,TR-06,06#矿车,2018,7.96,2,229.1,3648.9
2023-07-31,TR-07,07#矿车,2020,8.28,2,217.4,3598.5
2023-07-31,TR-08,08#矿车,2015,8.44,2,222.5,3753.6
2023-07-31,TR-09,09#矿车,2023,7.66,3,220.5,5067.5
2023-07-31,TR-10,10#矿车,2016,8.01,3,229.2,5508.3
2023-07-31,TR-11,11#矿车,2021,8.95,3,227.1,6097.6
2023-07-31,TR-12,12#矿车,2013,6.53,3,227.1,4448.1
2023-08-01,TR-01,01#矿车,2017,8.03,3,219.5,5291.7
2023-08-01,TR-02,02#矿车,2021,7.94,3,217.3,5175.0
2023-08-01,TR-03,03#矿车,2019,8.31,3,219.3,5469.6
2023-08-01,TR-04,04#矿车,2014,7.2,3,217.8,4704.7
2023-08-01,TR-05,05#矿车,2022,8.1,3,231.5,5625.9
2023-08-01,TR-06,06#矿车,2018,7.91,3,229.1,5439.5
2023-08-01,TR-07,07#矿车,2020,8.46,2,217.4,3675.8
2023-08-01,TR-08,08#矿车,2015,8.95,3,222.5,5973.1
2023-08-01,TR-09,09#矿车,2023,7.49,2,220.5,3303.1
2023-08-01,TR-10,10#矿车,2016,8.16,2,229.2,3741.2
2023-08-01,TR-11,11#矿车,2021,8.39,3,227.1,5712.9
2023-08-01,TR-12,12#矿车,2013,6.97,2,227.1,3165.9
2023-08-02,TR-01,01#矿车,2017,8.32,2,219.5,3652.6
2023-08-02,TR-02,02#矿车,2021,7.96,3,217.3,5187.1
2023-08-02,TR-03,03#矿车,2019,7.64,2,219.3,3349.7
2023-08-02,TR-04,04#矿车,2014,7.18,2,217.8,3126.2
2023-08-02,TR-05,05#矿车,2022,8.27,3,231.5,5744.1
2023-08-02,TR-06,06#矿车,2018,7.85,2,229.1,3595.1
2023-08-02,TR-07,07#矿车,2020,8.5,3,217.4,5542.6
2023-08-02,TR-08,08#矿车,2015,8.54,3,222.5,5703.2
2023-08-02,TR-09,09#矿车,2023,7.21,3,220.5,4772.4
2023-08-02,TR-10,10#矿车,2016,8.37,3,229.2,5757.4
2023-08-02,TR-11,11#矿车,2021,8.04,3,227.1,5479.7
2023-08-02,TR-12,12#矿车,2013,6.84,2,227.1,3107.0
2023-08-03,TR-01,01#矿车,2017,7.91,2,219.5,3474.2
2023-08-03,TR-02,02#矿车,2021,8.29,3,217.3,5403.2
2023-08-03,TR-03,03#矿车,2019,8.17,3,219.3,5372.6
2023-08-03,TR-04,04#矿车,2014,6.79,2,217.8,2959.1
2023-08-03,TR-05,05#矿车,2022,8.45,3,231.5,5870.8
2023-08-03,TR-06,06#矿车,2018,8.07,3,229.1,5549.0
2023-08-03,TR-07,07#矿车,2020,8.38,3,217.4,5466.1
2023-08-03,TR-08,08#矿车,2015,8.62,2,222.5,3836.5
2023-08-03,TR-09,09#矿车,2023,7.67,2,220.5,3381.2
2023-08-03,TR-10,10#矿车,2016,8.31,3,229.2,5715.7
2023-08-03,TR-11,11#矿车,2021,8.34,3,227.1,5679.2
2023-08-03,TR-12,12#矿车,2013,6.89,3,227.1,4691.7
2023-08-04,TR-01,01#矿车,2017,8.08,3,219.5,5321.0
2023-08-04,TR-02,02#矿车,2021,8.25,3,217.3,5375.5
2023-08-04,TR-03,03#矿车,2019,8.14,3,219.3,5355.2
2023-08-04,TR-04,04#矿车,2014,7.12,3,217.8,4647.9
2023-08-04,TR-05,05#矿车,2022,8.65,2,231.5,4006.9
2023-08-04,TR-06,06#矿车,2018,8.45,3,229.1,5806.8
2023-08-04,TR-07,07#矿车,2020,8.51,3,217.4,5551.6
2023-08-04,TR-08,08#矿车,2015,8.5,2,222.5,3783.3
2023-08-04,TR-09,09#矿车,2023,2.87,1,220.5,632.9
2023-08-04,TR-10,10#矿车,2016,8.03,2,229.2,3682.6
2023-08-04,TR-11,11#矿车,2021,8.96,3,227.1,6100.8
2023-08-04,TR-12,12#矿车,2013,6.53,3,227.1,4449.3
2023-08-05,TR-01,01#矿车,2017,7.93,3,219.5,5222.2
2023-08-05,TR-02,02#矿车,2021,8.48,2,217.3,3685.0
2023-08-05,TR-03,03#矿车,2019,8.28,2,219.3,3630.8
2023-08-05,TR-04,04#矿车,2014,7.2,3,217.8,4703.1
2023-08-05,TR-05,05#矿车,2022,8.56,2,231.5,3963.3
2023-08-05,TR-06,06#矿车,2018,8.22,3,229.1,5648.1
2023-08-05,TR-07,07#矿车,2020,8.26,2,217.4,3592.8
2023-08-05,TR-08,08#矿车,2015,8.51,2,222.5,3787.0
2023-08-05,TR-09,09#矿车,2023,7.6,3,220.5,5027.7
2023-08-05,TR-10,10#矿车,2016,8.32,3,229.2,5721.9
2023-08-05,TR-11,11#矿车,2021,8.59,2,227.1,3902.8
2023-08-05,TR-12,12#矿车,2013,6.45,2,227.1,2927.6
2023-08-06,TR-01,01#矿车,2017,8.14,2,219.5,3572.3
2023-08-06,TR-02,02#矿车,2021,8.22,3,217.3,5360.6
2023-08-06,TR-03,03#矿车,2019,8.09,3,219.3,5320.6
2023-08-06,TR-04,04#矿车,2014,6.81,3,217.8,4446.2
2023-08-06,TR-05,05#矿车,2022,8.69,3,231.5,6035.9
2023-08-06,TR-06,06#矿车,2018,7.8,3,229.1,5361.6
2023-08-06,TR-07,07#矿车,2020,8.71,2,217.4,3784.6
2023-08-06,TR-08,08#矿车,2015,8.11,3,222.5,5416.6
2023-08-06,TR-09,09#矿车,2023,7.77,2,220.5,3427.1
2023-08-06,TR-10,10#矿车,2016,8.74,2,229.2,4009.1
2023-08-06,TR-11,11#矿车,2021,8.13,2,227.1,3691.9
2023-08-06,TR-12,12#矿车,2013,6.7,3,227.1,4562.6
2023-08-07,TR-01,01#矿车,2017,8.13,3,219.5,5357.2
2023-08-07,TR-02,02#矿车,2021,7.9,3,217.3,5152.3
2023-08-07,TR-03,03#矿车,2019,7.78,2,219.3,3412.6
2023-08-07,TR-04,04#矿车,2014,7.09,3,217.8,4630.8
2023-08-07,TR-05,05#矿车,2022,9.23,2,231.5,4274.7
2023-08-07,TR-06,06#矿车,2018,7.57,3,229.1,5204.8
2023-08-07,TR-07,07#矿车,2020,6.49,1,217.4,1409.8
2023-08-07,TR-08,08#矿车,2015,8.43,3,222.5,5626.9
2023-08-07,TR-09,09#矿车,2023,7.61,3,220.5,5033.0
2023-08-07,TR-10,10#矿车,2016,8.5,3,229.2,5845.5
2023-08-07,TR-11,11#矿车,2021,8.15,3,227.1,5552.1
2023-08-07,TR-12,12#矿车,2013,6.81,3,227.1,4643.1
2023-08-08,TR-01,01#矿车,2017,8.23,3,219.5,5422.2
2023-08-08,TR-02,02#矿车,2021,7.53,3,217.3,4906.6
2023-08-08,TR-03,03#矿车,2019,8.29,2,219.3,3634.1
2023-08-08,TR-04,04#矿车,2014,7.0,2,217.8,3047.1
2023-08-08,TR-05,05#矿车,2022,8.91,3,231.5,6187.1
2023-08-08,TR-06,06#矿车,2018,7.72,2,229.1,3536.7
2023-08-08,TR-07,07#矿车,2020,9.13,3,217.4,5952.7
2023-08-08,TR-08,08#矿车,2015,8.31,2,222.5,3696.6
2023-08-08,TR-09,09#矿车,2023,7.68,3,220.5,5083.4
2023-08-08,TR-10,10#矿车,2016,8.17,2,229.2,3748.0
2023-08-08,TR-11,11#矿车,2021,8.32,3,227.1,5665.4
2023-08-08,TR-12,12#矿车,2013,7.15,2,227.1,3246.0
2023-08-09,TR-01,01#矿车,2017,8.06,3,219.5,5310.4
2023-08-09,TR-02,02#矿车,2021,8.6,3,217.3,5603.3
2023-08-09,TR-03,03#矿车,2019,8.63,2,219.3,3784.4
2023-08-09,TR-04,04#矿车,2014,7.01,2,217.8,3054.0
2023-08-09,TR-05,05#矿车,2022,8.96,3,231.5,6223.0
2023-08-09,TR-06,06#矿车,2018,7.8,3,229.1,5357.8
2023-08-09,TR-07,07#矿车,2020,8.93,3,217.4,5824.7
2023-08-09,TR-08,08#矿车,2015,8.44,3,222.5,5631.1
2023-08-09,TR-09,09#矿车,2023,7.23,2,220.5,3189.3
2023-08-09,TR-10,10#矿车,2016,8.78,2,229.2,4026.4
2023-08-09,TR-11,11#矿车,2021,8.18,3,227.1,5574.2
2023-08-09,TR-12,12#矿车,2013,6.83,2,227.1,3100.6
2023-08-10,TR-01,01#矿车,2017,8.25,3,219.5,5435.2
2023-08-10,TR-02,02#矿车,2021,8.14,3,217.3,5307.7
2023-08-10,TR-03,03#矿车,2019,8.35,3,219.3,5492.3
2023-08-10,TR-04,04#矿车,2014,7.19,3,217.8,4693.6
2023-08-10,TR-05,05#矿车,2022,8.41,3,231.5,5842.2
2023-08-10,TR-06,06#矿车,2018,7.51,3,229.1,5164.7
2023-08-10,TR-07,07#矿车,2020,8.61,2,217.4,3741.2
2023-08-10,TR-08,08#矿车,2015,8.43,3,222.5,5625.3
2023-08-10,TR-09,09#矿车,2023,7.34,3,220.5,4855.8
2023-08-10,TR-10,10#矿车,2016,8.2,3,229.2,5642.1
2023-08-10,TR-11,11#矿车,2021,8.58,2,227.1,3896.3
2023-08-10,TR-12,12#矿车,2013,6.86,2,227.1,3117.3
2023-08-11,TR-01,01#矿车,2017,8.43,3,219.5,5551.3
2023-08-11,TR-02,02#矿车,2021,8.09,2,217.3,3514.3
2023-08-11,TR-03,03#矿车,2019,8.13,3,219.3,5347.7
2023-08-11,TR-04,04#矿车,2014,7.29,3,217.8,4763.8
2023-08-11,TR-05,05#矿车,2022,9.06,3,231.5,6293.3
2023-08-11,TR-06,06#矿车,2018,8.0,2,229.1,3666.3
2023-08-11,TR-07,07#矿车,2020,8.76,3,217.4,5714.5
2023-08-11,TR-08,08#矿车,2015,8.51,3,222.5,5679.0
2023-08-11,TR-09,09#矿车,2023,7.72,3,220.5,5104.3
2023-08-11,TR-10,10#矿车,2016,8.4,2,229.2,3852.2
2023-08-11,TR-11,11#矿车,2021,8.49,3,227.1,5783.2
2023-08-11,TR-12,12#矿车,2013,6.84,3,227.1,4658.5
2023-08-12,TR-01,01#矿车,2017,8.5,2,219.5,3732.4
2023-08-12,TR-02,02#矿车,2021,8.44,3,217.3,5502.2
2023-08-12,TR-03,03#矿车,2019,8.21,3,219.3,5398.6
2023-08-12,TR-04,04#矿车,2014,7.22,2,217.8,3145.9
2023-08-12,TR-05,05#矿车,2022,8.51,2,231.5,3939.7
2023-08-12,TR-06,06#矿车,2018,8.17,2,229.1,3742.0
2023-08-12,TR-07,07#矿车,2020,8.84,3,217.4,5767.0
2023-08-12,TR-08,08#矿车,2015,8.58,2,222.5,3818.7
2023-08-12,TR-09,09#矿车,2023,7.97,3,220.5,5271.1
2023-08-12,TR-10,10#矿车,2016,8.35,2,229.2,3828.5
2023-08-12,TR-11,11#矿车,2021,8.19,3,227.1,5577.6
2023-08-12,TR-12,12#矿车,2013,6.94,3,227.1,4730.6
2023-08-13,TR-01,01#矿车,2017,8.02,3,219.5,5279.6
2023-08-13,TR-02,02#矿车,2021,7.67,3,217.3,5000.6
2023-08-13,TR-03,03#矿车,2019,8.6,2,219.3,3770.2
2023-08-13,TR-04,04#矿车,2014,7.33,3,217.8,4786.6
2023-08-13,TR-05,05#矿车,2022,8.67,3,231.5,6022.3
2023-08-13,TR-06,06#矿车,2018,7.84,3,229.1,5391.2
2023-08-13,TR-07,07#矿车,2020,8.7,2,217.4,3783.1
2023-08-13,TR-08,08#矿车,2015,8.53,2,222.5,3796.2
2023-08-13,TR-09,09#矿车,2023,7.77,3,220.5,5138.6
2023-08-13,TR-10,10#矿车,2016,8.22,3,229.2,5651.6
2023-08-13,TR-11,11#矿车,2021,8.29,2,227.1,3765.0
2023-08-13,TR-12,12#矿车,2013,6.72,3,227.1,4577.6
2023-08-14,TR-01,01#矿车,2017,7.96,2,219.5,3494.0
2023-08-14,TR-02,02#矿车,2021,7.84,3,217.3,5111.0
2023-08-14,TR-03,03#矿车,2019,8.54,3,219.3,5619.5
2023-08-14,TR-04,04#矿车,2014,7.07,2,217.8,3081.1
2023-08-14,TR-05,05#矿车,2022,8.72,2,231.5,4037.3
2023-08-14,TR-06,06#矿车,2018,7.87,2,229.1,3604.1
2023-08-14,TR-07,07#矿车,2020,8.3,3,217.4,5413.3
2023-08-14,TR-08,08#矿车,2015,8.11,2,222.5,3609.7
2023-08-14,TR-09,09#矿车,2023,7.77,3,220.5,5137.0
2023-08-14,TR-10,10#矿车,2016,8.41,2,229.2,3855.6
2023-08-14,TR-11,11#矿车,2021,8.26,3,227.1,5623.4
2023-08-14,TR-12,12#矿车,2013,6.53,3,227.1,4451.7
2023-08-15,TR-01,01#矿车,2017,8.28,3,219.5,5451.3
2023-08-15,TR-02,02#矿车,2021,8.11,3,217.3,5286.5
2023-08-15,TR-03,03#矿车,2019,7.96,3,219.3,5235.1
2023-08-15,TR-04,04#矿车,2014,7.14,3,217.8,4667.1
2023-08-15,TR-05,05#矿车,2022,8.91,2,231.5,4124.7
2023-08-15,TR-06,06#矿车,2018,7.62,3,229.1,5240.3
2023-08-15,TR-07,07#矿车,2020,8.59,2,217.4,3735.9
2023-08-15,TR-08,08#矿车,2015,8.47,3,222.5,5654.6
2023-08-15,TR-09,09#矿车,2023,8.05,2,220.5,3550.1
2023-08-15,TR-10,10#矿车,2016,8.39,3,229.2,5772.5
2023-08-15,TR-11,11#矿车,2021,7.77,3,227.1,5289.6
2023-08-15,TR-12,12#矿车,2013,7.17,2,227.1,3255.9
2023-08-16,TR-01,01#矿车,2017,8.4,2,219.5,3689.8
2023-08-16,TR-02,02#矿车,2021,8.31,2,217.3,3611.4
2023-08-16,TR-03,03#矿车,2019,8.2,2,219.3,3597.5
2023-08-16,TR-04,04#矿车,2014,7.3,3,217.8,4766.6
2023-08-16,TR-05,05#矿车,2022,9.13,2,231.5,4228.7
2023-08-16,TR-06,06#矿车,2018,8.04,3,229.1,5525.3
2023-08-16,TR-07,07#矿车,2020,8.63,3,217.4,5627.6
2023-08-16,TR-08,08#矿车,2015,8.72,3,222.5,5823.0
2023-08-16,TR-09,09#矿车,2023,7.42,2,220.5,3270.4
2023-08-16,TR-10,10#矿车,2016,8.5,3,229.2,5843.9
2023-08-16,TR-11,11#矿车,2021,8.66,3,227.1,5900.1
2023-08-16,TR-12,12#矿车,2013,6.93,2,227.1,3149.1
2023-08-17,TR-01,01#矿车,2017,8.85,3,219.5,5830.9
2023-08-17,TR-02,02#矿车,2021,8.22,2,217.3,3574.5
2023-08-17,TR-03,03#矿车,2019,8.17,3,219.3,5373.3
2023-08-17,TR-04,04#矿车,2014,7.09,3,217.8,4632.1
2023-08-17,TR-05,05#矿车,2022,8.58,2,231.5,3975.3
2023-08-17,TR-06,06#矿车,2018,7.74,3,229.1,5319.3
2023-08-17,TR-07,07#矿车,2020,8.27,2,217.4,3596.3
2023-08-17,TR-08,08#矿车,2015,8.67,3,222.5,5789.8
2023-08-17,TR-09,09#矿车,2023,7.59,2,220.5,3345.8
2023-08-17,TR-10,10#矿车,2016,8.89,3,229.2,6116.6
2023-08-17,TR-11,11#矿车,2021,8.51,3,227.1,5798.3
2023-08-17,TR-12,12#矿车,2013,7.29,3,227.1,4968.5
2023-08-18,TR-01,01#矿车,2017,8.4,3,219.5,5535.0
2023-08-18,TR-02,02#矿车,2021,8.21,3,217.3,5353.7
2023-08-18,TR-03,03#矿车,2019,8.49,2,219.3,3724.3
2023-08-18,TR-04,04#矿车,2014,7.48,3,217.8,4889.2
2023-08-18,TR-05,05#矿车,2022,9.12,3,231.5,6336.4
2023-08-18,TR-06,06#矿车,2018,7.55,3,229.1,5187.9
2023-08-18,TR-07,07#矿车,2020,8.37,3,217.4,5459.6
2023-08-18,TR-08,08#矿车,2015,7.97,2,222.5,3548.8
2023-08-18,TR-09,09#矿车,2023,7.54,2,220.5,3326.3
2023-08-18,TR-10,10#矿车,2016,8.46,3,229.2,5816.3
2023-08-18,TR-11,11#矿车,2021,8.97,3,227.1,6112.2
2023-08-18,TR-12,12#矿车,2013,7.05,3,227.1,4805.4
2023-08-19,TR-01,01#矿车,2017,8.24,3,219.5,5428.2
2023-08-19,TR-02,02#矿车,2021,8.08,3,217.3,5266.7
2023-08-19,TR-03,03#矿车,2019,8.16,2,219.3,3580.4
2023-08-19,TR-04,04#矿车,2014,6.73,3,217.8,4398.3
2023-08-19,TR-05,05#矿车,2022,8.52,3,231.5,5920.4
2023-08-19,TR-06,06#矿车,2018,7.93,3,229.1,5447.7
2023-08-19,TR-07,07#矿车,2020,8.59,3,217.4,5604.0
2023-08-19,TR-08,08#矿车,2015,8.41,3,222.5,5612.1
2023-08-19,TR-09,09#矿车,2023,7.39,3,220.5,4891.0
2023-08-19,TR-10,10#矿车,2016,8.64,3,229.2,5943.1
2023-08-19,TR-11,11#矿车,2021,8.43,3,227.1,5742.8
2023-08-19,TR-12,12#矿车,2013,7.1,2,227.1,3223.4
2023-08-20,TR-01,01#矿车,2017,7.86,3,219.5,5177.1
2023-08-20,TR-02,02#矿车,2021,8.53,3,217.3,5563.6
2023-08-20,TR-03,03#矿车,2019,8.64,3,219.3,5685.9
2023-08-20,TR-04,04#矿车,2014,7.09,2,217.8,3086.6
2023-08-20,TR-05,05#矿车,2022,8.44,3,231.5,5865.7
2023-08-20,TR-06,06#矿车,2018,8.17,3,229.1,5615.1
2023-08-20,TR-07,07#矿车,2020,9.05,3,217.4,5900.1
2023-08-20,TR-08,08#矿车,2015,8.57,2,222.5,3813.9
2023-08-20,TR-09,09#矿车,2023,7.65,3,220.5,5062.0
2023-08-20,TR-10,10#矿车,2016,8.45,3,229.2,5812.4
2023-08-20,TR-11,11#矿车,2021,9.01,3,227.1,6134.6
2023-08-20,TR-12,12#矿车,2013,7.08,3,227.1,4827.0
2023-08-21,TR-01,01#矿车,2017,7.72,3,219.5,5085.5
2023-08-21,TR-02,02#矿车,2021,8.2,2,217.3,3565.7
2023-08-21,TR-03,03#矿车,2019,8.46,2,219.3,3712.2
2023-08-21,TR-04,04#矿车,2014,7.59,3,217.8,4958.8
2023-08-21,TR-05,05#矿车,2022,8.62,2,231.5,3989.9
2023-08-21,TR-06,06#矿车,2018,8.1,2,229.1,3710.3
2023-08-21,TR-07,07#矿车,2020,8.51,3,217.4,5547.5
2023-08-21,TR-08,08#矿车,2015,8.48,3,222.5,5661.1
2023-08-21,TR-09,09#矿车,2023,7.64,2,220.5,3370.3
2023-08-21,TR-10,10#矿车,2016,8.17,2,229.2,3748.1
2023-08-21,TR-11,11#矿车,2021,8.79,2,227.1,3990.9
2023-08-21,TR-12,12#矿车,2013,6.84,3,227.1,4658.4
2023-08-22,TR-01,01#矿车,2017,8.04,2,219.5,3528.6
2023-08-22,TR-02,02#矿车,2021,8.1,2,217.3,3521.5
2023-08-22,TR-03,03#矿车,2019,8.15,2,219.3,3576.6
2023-08-22,TR-04,04#矿车,2014,6.77,2,217.8,2949.8
2023-08-22,TR-05,05#矿车,2022,9.17,3,231.5,6369.2
2023-08-22,TR-06,06#矿车,2018,7.84,3,229.1,5390.4
2023-08-22,TR-07,07#矿车,2020,9.12,2,217.4,3963.7
2023-08-22,TR-08,08#矿车,2015,8.68,3,222.5,5793.3
2023-08-22,TR-09,09#矿车,2023,7.67,3,220.5,5074.0
2023-08-22,TR-10,10#矿车,2016,8.29,2,229.2,3802.5
2023-08-22,TR-11,11#矿车,2021,8.14,3,227.1,5543.9
2023-08-22,TR-12,12#矿车,2013,6.74,2,227.1,3059.5
2023-08-23,TR-01,01#矿车,2017,8.2,3,219.5,5397.5
2023-08-23,TR-02,02#矿车,2021,8.07,3,217.3,5259.7
2023-08-23,TR-03,03#矿车,2019,8.26,3,219.3,5436.8
2023-08-23,TR-04,04#矿车,2014,6.89,3,217.8,4503.6
2023-08-23,TR-05,05#矿车,2022,8.44,3,231.5,5861.5
2023-08-23,TR-06,06#矿车,2018,7.79,2,229.1,3568.5
2023-08-23,TR-07,07#矿车,2020,8.3,2,217.4,3608.6
2023-08-23,TR-08,08#矿车,2015,8.69,2,222.5,3868.6
2023-08-23,TR-09,09#矿车,2023,8.03,3,220.5,5310.2
2023-08-23,TR-10,10#矿车,2016,7.96,2,229.2,3651.2
2023-08-23,TR-11,11#矿车,2021,8.54,3,227.1,5815.4
2023-08-23,TR-12,12#矿车,2013,7.04,2,227.1,3197.7
2023-08-24,TR-01,01#矿车,2017,8.28,3,219.5,5451.4
2023-08-24,TR-02,02#矿车,2021,8.57,3,217.3,5587.1
2023-08-24,TR-03,03#矿车,2019,8.23,3,219.3,5412.8
2023-08-24,TR-04,04#矿车,2014,6.74,2,217.8,2935.4
2023-08-24,TR-05,05#矿车,2022,8.48,2,231.5,3927.2
2023-08-24,TR-06,06#矿车,2018,7.75,3,229.1,5329.2
2023-08-24,TR-07,07#矿车,2020,8.33,3,217.4,5434.8
2023-08-24,TR-08,08#矿车,2015,8.92,3,222.5,5956.6
2023-08-24,TR-09,09#矿车,2023,8.05,3,220.5,5322.8
2023-08-24,TR-10,10#矿车,2016,8.54,3,229.2,5873.8
2023-08-24,TR-11,11#矿车,2021,8.19,2,227.1,3718.8
2023-08-24,TR-12,12#矿车,2013,6.71,2,227.1,3045.6
2023-08-25,TR-01,01#矿车,2017,8.44,3,219.5,5559.8
2023-08-25,TR-02,02#矿车,2021,7.88,2,217.3,3422.9
2023-08-25,TR-03,03#矿车,2019,8.37,2,219.3,3672.1
2023-08-25,TR-04,04#矿车,2014,6.78,3,217.8,4430.6
2023-08-25,TR-05,05#矿车,2022,8.8,3,231.5,6111.4
2023-08-25,TR-06,06#矿车,2018,8.05,3,229.1,5531.6
2023-08-25,TR-07,07#矿车,2020,8.92,3,217.4,5819.5
2023-08-25,TR-08,08#矿车,2015,8.75,2,222.5,3894.4
2023-08-25,TR-09,09#矿车,2023,7.82,2,220.5,3450.2
2023-08-25,TR-10,10#矿车,2016,8.17,3,229.2,5615.8
2023-08-25,TR-11,11#矿车,2021,8.63,2,227.1,3918.2
2023-08-25,TR-12,12#矿车,2013,6.7,2,227.1,3042.8
2023-08-26,TR-01,01#矿车,2017,5.32,0,219.5,0.0
2023-08-26,TR-02,02#矿车,2021,7.91,3,217.3,5155.7
2023-08-26,TR-03,03#矿车,2019,8.2,3,219.3,5396.5
2023-08-26,TR-04,04#矿车,2014,6.66,3,217.8,4351.4
2023-08-26,TR-05,05#矿车,2022,8.85,3,231.5,6145.0
2023-08-26,TR-06,06#矿车,2018,8.11,3,229.1,5570.6
2023-08-26,TR-07,07#矿车,2020,8.97,2,217.4,3898.6
2023-08-26,TR-08,08#矿车,2015,8.61,3,222.5,5745.2
2023-08-26,TR-09,09#矿车,2023,7.87,2,220.5,3472.0
2023-08-26,TR-10,10#矿车,2016,8.25,3,229.2,5673.5
2023-08-26,TR-11,11#矿车,2021,8.55,2,227.1,3882.3
2023-08-26,TR-12,12#矿车,2013,7.45,2,227.1,3382.3
2023-08-27,TR-01,01#矿车,2017,8.12,3,219.5,5348.7
2023-08-27,TR-02,02#矿车,2021,8.28,3,217.3,5395.1
2023-08-27,TR-03,03#矿车,2019,8.15,3,219.3,5359.9
2023-08-27,TR-04,04#矿车,2014,7.0,3,217.8,4574.5
2023-08-27,TR-05,05#矿车,2022,8.24,2,231.5,3815.9
2023-08-27,TR-06,06#矿车,2018,8.15,3,229.1,5598.2
2023-08-27,TR-07,07#矿车,2020,9.03,3,217.4,5891.3
2023-08-27,TR-08,08#矿车,2015,8.98,3,222.5,5994.3
2023-08-27,TR-09,09#矿车,2023,7.84,3,220.5,5185.5
2023-08-27,TR-10,10#矿车,2016,7.87,3,229.2,5410.7
2023-08-27,TR-11,11#矿车,2021,8.93,3,227.1,6084.8
2023-08-27,TR-12,12#矿车,2013,6.92,3,227.1,4715.7
2023-08-28,TR-01,01#矿车,2017,8.56,2,219.5,3759.9
2023-08-28,TR-02,02#矿车,2021,5.01,0,217.3,0.0
2023-08-28,TR-03,03#矿车,2019,8.39,3,219.3,5521.7
2023-08-28,TR-04,04#矿车,2014,7.29,3,217.8,4760.1
2023-08-28,TR-05,05#矿车,2022,5.36,1,231.5,1240.5
2023-08-28,TR-06,06#矿车,2018,8.2,3,229.1,5633.5
2023-08-28,TR-07,07#矿车,2020,8.59,2,217.4,3734.3
2023-08-28,TR-08,08#矿车,2015,8.78,2,222.5,3908.6
2023-08-28,TR-09,09#矿车,2023,8.04,3,220.5,5319.2
2023-08-28,TR-10,10#矿车,2016,8.46,3,229.2,5815.7
2023-08-28,TR-11,11#矿车,2021,9.05,2,227.1,4109.8
2023-08-28,TR-12,12#矿车,2013,6.6,3,227.1,4499.7
2023-08-29,TR-01,01#矿车,2017,8.04,3,219.5,5297.7
2023-08-29,TR-02,02#矿车,2021,8.26,2,217.3,3589.3
2023-08-29,TR-03,03#矿车,2019,8.24,3,219.3,5421.8
2023-08-29,TR-04,04#矿车,2014,7.44,2,217.8,3238.7
2023-08-29,TR-05,05#矿车,2022,8.33,3,231.5,5787.4
2023-08-29,TR-06,06#矿车,2018,7.92,2,229.1,3628.2
2023-08-29,TR-07,07#矿车,2020,8.61,2,217.4,3744.2
2023-08-29,TR-08,08#矿车,2015,8.28,2,222.5,3684.7
2023-08-29,TR-09,09#矿车,2023,8.47,3,220.5,5603.4
2023-08-29,TR-10,10#矿车,2016,8.57,3,229.2,5891.0
2023-08-29,TR-11,11#矿车,2021,8.82,3,227.1,6006.9
2023-08-29,TR-12,12#矿车,2013,6.77,2,227.1,3076.3
2023-08-30,TR-01,01#矿车,2017,8.33,3,219.5,5485.0
2023-08-30,TR-02,02#矿车,2021,8.45,3,217.3,5505.6
2023-08-30,TR-03,03#矿车,2019,8.33,3,219.3,5481.9
2023-08-30,TR-04,04#矿车,2014,7.07,3,217.8,4616.7
2023-08-30,TR-05,05#矿车,2022,8.25,3,231.5,5732.1
2023-08-30,TR-06,06#矿车,2018,8.06,2,229.1,3691.9
2023-08-30,TR-07,07#矿车,2020,8.75,3,217.4,5703.4
2023-08-30,TR-08,08#矿车,2015,8.99,3,222.5,5997.8
2023-08-30,TR-09,09#矿车,2023,7.95,3,220.5,5257.3
2023-08-30,TR-10,10#矿车,2016,9.02,2,229.2,4134.8
2023-08-30,TR-11,11#矿车,2021,8.82,2,227.1,4005.4
2023-08-30,TR-12,12#矿车,2013,6.79,2,227.1,3083.5
2023-08-31,TR-01,01#矿车,2017,8.32,2,219.5,3654.8
2023-08-31,TR-02,02#矿车,2021,8.71,3,217.3,5676.1
2023-08-31,TR-03,03#矿车,2019,7.53,3,219.3,4955.7
2023-08-31,TR-04,04#矿车,2014,6.9,3,217.8,4506.1
2023-08-31,TR-05,05#矿车,2022,8.31,3,231.5,5774.8
2023-08-31,TR-06,06#矿车,2018,8.08,2,229.1,3702.3
2023-08-31,TR-07,07#矿车,2020,9.18,3,217.4,5988.9
2023-08-31,TR-08,08#矿车,2015,8.48,2,222.5,3771.4
2023-08-31,TR-09,09#矿车,2023,8.23,3,220.5,5442.2
2023-08-31,TR-10,10#矿车,2016,8.86,2,229.2,4061.6
2023-08-31,TR-11,11#矿车,2021,8.49,3,227.1,5785.2
2023-08-31,TR-12,12#矿车,2013,7.25,2,227.1,3292.0
2023-09-01,TR-01,01#矿车,2017,8.49,2,219.5,3726.9
2023-09-01,TR-02,02#矿车,2021,8.34,3,217.3,5434.1
2023-09-01,TR-03,03#矿车,2019,7.93,2,219.3,3476.1
2023-09-01,TR-04,04#矿车,2014,7.07,3,217.8,4619.7
2023-09-01,TR-05,05#矿车,2022,8.36,2,231.5,3872.5
2023-09-01,TR-06,06#矿车,2018,8.11,3,229.1,5575.0
2023-09-01,TR-07,07#矿车,2020,8.98,3,217.4,5858.0
2023-09-01,TR-08,08#矿车,2015,8.11,2,222.5,3607.4
2023-09-01,TR-09,09#矿车,2023,7.98,3,220.5,5281.8
2023-09-01,TR-10,10#矿车,2016,8.56,3,229.2,5884.7
2023-09-01,TR-11,11#矿车,2021,8.48,2,227.1,3852.3
2023-09-01,TR-12,12#矿车,2013,6.67,3,227.1,4547.4
2023-09-02,TR-01,01#矿车,2017,8.35,3,219.5,5497.1
2023-09-02,TR-02,02#矿车,2021,7.87,3,217.3,5129.4
2023-09-02,TR-03,03#矿车,2019,8.18,3,219.3,5384.3
2023-09-02,TR-04,04#矿车,2014,6.91,3,217.8,4516.6
2023-09-02,TR-05,05#矿车,2022,8.49,2,231.5,3933.0
2023-09-02,TR-06,06#矿车,2018,8.09,2,229.1,3704.6
2023-09-02,TR-07,07#矿车,2020,9.11,3,217.4,5943.4
2023-09-02,TR-08,08#矿车,2015,8.5,3,222.5,5673.9
2023-09-02,TR-09,09#矿车,2023,8.03,3,220.5,5314.6
2023-09-02,TR-10,10#矿车,2016,8.58,3,229.2,5899.2
2023-09-02,TR-11,11#矿车,2021,8.52,2,227.1,3870.7
2023-09-02,TR-12,12#矿车,2013,6.77,3,227.1,4611.2
2023-09-03,TR-01,01#矿车,2017,8.7,3,219.5,5730.0
2023-09-03,TR-02,02#矿车,2021,8.55,2,217.3,3717.6
2023-09-03,TR-03,03#矿车,2019,8.59,3,219.3,5651.6
2023-09-03,TR-04,04#矿车,2014,6.88,2,217.8,2996.9
2023-09-03,TR-05,05#矿车,2022,8.34,2,231.5,3864.0
2023-09-03,TR-06,06#矿车,2018,8.11,3,229.1,5576.7
2023-09-03,TR-07,07#矿车,2020,8.81,3,217.4,5743.7
2023-09-03,TR-08,08#矿车,2015,8.7,3,222.5,5805.4
2023-09-03,TR-09,09#矿车,2023,7.81,2,220.5,3446.1
2023-09-03,TR-10,10#矿车,2016,8.79,3,229.2,6044.3
2023-09-03,TR-11,11#矿车,2021,8.44,3,227.1,5751.9
2023-09-03,TR-12,12#矿车,2013,6.82,3,227.1,4646.5
2023-09-04,TR-01,01#矿车,2017,8.07,3,219.5,5313.1
2023-09-04,TR-02,02#矿车,2021,8.47,2,217.3,3681.0
2023-09-04,TR-03,03#矿车,2019,8.73,2,219.3,3827.9
2023-09-04,TR-04,04#矿车,2014,7.18,3,217.8,4687.5
2023-09-04,TR-05,05#矿车,2022,8.73,2,231.5,4044.2
2023-09-04,TR-06,06#矿车,2018,7.72,3,229.1,5308.6
2023-09-04,TR-07,07#矿车,2020,8.38,3,217.4,5464.6
2023-09-04,TR-08,08#矿车,2015,8.52,3,222.5,5688.0
2023-09-04,TR-09,09#矿车,2023,8.23,3,220.5,5444.9
2023-09-04,TR-10,10#矿车,2016,8.85,2,229.2,4056.8
2023-09-04,TR-11,11#矿车,2021,8.64,2,227.1,3925.7
2023-09-04,TR-12,12#矿车,2013,6.71,2,227.1,3049.6
2023-09-05,TR-01,01#矿车,2017,8.17,3,219.5,5380.5
2023-09-05,TR-02,02#矿车,2021,8.06,3,217.3,5254.1
2023-09-05,TR-03,03#矿车,2019,8.43,3,219.3,5549.6
2023-09-05,TR-04,04#矿车,2014,6.9,3,217.8,4504.7
2023-09-05,TR-05,05#矿车,2022,8.42,3,231.5,5847.8
2023-09-05,TR-06,06#矿车,2018,7.9,3,229.1,5430.2
2023-09-05,TR-07,07#矿车,2020,8.59,2,217.4,3735.8
2023-09-05,TR-08,08#矿车,2015,8.76,3,222.5,5847.8
2023-09-05,TR-09,09#矿车,2023,7.91,2,220.5,3490.2
2023-09-05,TR-10,10#矿车,2016,8.95,3,229.2,6154.2
2023-09-05,TR-11,11#矿车,2021,8.59,2,227.1,3903.0
2023-09-05,TR-12,12#矿车,2013,6.76,3,227.1,4604.4
2023-09-06,TR-01,01#矿车,2017,8.06,2,219.5,3540.8
2023-09-06,TR-02,02#矿车,2021,8.31,2,217.3,3611.8
2023-09-06,TR-03,03#矿车,2019,8.03,3,219.3,5286.4
2023-09-06,TR-04,04#矿车,2014,6.97,3,217.8,4554.3
2023-09-06,TR-05,05#矿车,2022,8.72,3,231.5,6058.6
2023-09-06,TR-06,06#矿车,2018,8.39,2,229.1,3846.3
2023-09-06,TR-07,07#矿车,2020,8.61,3,217.4,5612.1
2023-09-06,TR-08,08#矿车,2015,8.56,3,222.5,5715.8
2023-09-06,TR-09,09#矿车,2023,8.16,3,220.5,5398.9
2023-09-06,TR-10,10#矿车,2016,8.68,2,229.2,3978.0
2023-09-06,TR-11,11#矿车,2021,8.21,3,227.1,5595.9
2023-09-06,TR-12,12#矿车,2013,7.58,3,227.1,5162.9
2023-09-07,TR-01,01#矿车,2017,8.07,3,219.5,5312.9
2023-09-07,TR-02,02#矿车,2021,8.27,3,217.3,5392.7
2023-09-07,TR-03,03#矿车,2019,7.53,3,219.3,4955.7
2023-09-07,TR-04,04#矿车,2014,7.32,3,217.8,4780.9
2023-09-07,TR-05,05#矿车,2022,9.1,2,231.5,4213.0
2023-09-07,TR-06,06#矿车,2018,8.2,2,229.1,3755.8
2023-09-07,TR-07,07#矿车,2020,8.32,3,217.4,5428.3
2023-09-07,TR-08,08#矿车,2015,8.64,3,222.5,5764.0
2023-09-07,TR-09,09#矿车,2023,8.38,2,220.5,3697.4
2023-09-07,TR-10,10#矿车,2016,8.31,2,229.2,3808.4
2023-09-07,TR-11,11#矿车,2021,9.03,3,227.1,6148.4
2023-09-07,TR-12,12#矿车,2013,7.29,3,227.1,4965.1
2023-09-08,TR-01,01#矿车,2017,8.32,2,219.5,3653.6
2023-09-08,TR-02,02#矿车,2021,8.21,3,217.3,5353.7
2023-09-08,TR-03,03#矿车,2019,8.06,3,219.3,5299.8
2023-09-08,TR-04,04#矿车,2014,7.22,3,217.8,4717.8
2023-09-08,TR-05,05#矿车,2022,8.62,3,231.5,5987.7
2023-09-08,TR-06,06#矿车,2018,8.01,3,229.1,5502.4
2023-09-08,TR-07,07#矿车,2020,8.4,2,217.4,3650.0
2023-09-08,TR-08,08#矿车,2015,8.64,3,222.5,5768.7
2023-09-08,TR-09,09#矿车,2023,8.03,3,220.5,5314.2
2023-09-08,TR-10,10#矿车,2016,8.35,3,229.2,5743.3
2023-09-08,TR-11,11#矿车,2021,8.79,3,227.1,5988.3
2023-09-08,TR-12,12#矿车,2013,7.35,3,227.1,5010.4
2023-09-09,TR-01,01#矿车,2017,8.56,3,219.5,5634.7
2023-09-09,TR-02,02#矿车,2021,8.77,3,217.3,5717.1
2023-09-09,TR-03,03#矿车,2019,8.07,2,219.3,3538.2
2023-09-09,TR-04,04#矿车,2014,6.96,3,217.8,4546.6
2023-09-09,TR-05,05#矿车,2022,8.84,2,231.5,4095.4
2023-09-09,TR-06,06#矿车,2018,8.02,3,229.1,5511.3
2023-09-09,TR-07,07#矿车,2020,8.56,3,217.4,5584.2
2023-09-09,TR-08,08#矿车,2015,8.91,3,222.5,5947.6
2023-09-09,TR-09,09#矿车,2023,7.53,3,220.5,4978.9
2023-09-09,TR-10,10#矿车,2016,8.61,3,229.2,5919.0
2023-09-09,TR-11,11#矿车,2021,8.67,3,227.1,5907.6
2023-09-09,TR-12,12#矿车,2013,7.01,2,227.1,3183.8
2023-09-10,TR-01,01#矿车,2017,8.6,2,219.5,3775.0
2023-09-10,TR-02,02#矿车,2021,8.57,2,217.3,3724.4
2023-09-10,TR-03,03#矿车,2019,7.7,3,219.3,5064.1
2023-09-10,TR-04,04#矿车,2014,7.08,3,217.8,4627.6
2023-09-10,TR-05,05#矿车,2022,8.91,3,231.5,6187.8
2023-09-10,TR-06,06#矿车,2018,8.55,3,229.1,5873.9
2023-09-10,TR-07,07#矿车,2020,8.62,3,217.4,5622.6
2023-09-10,TR-08,08#矿车,2015,8.56,2,222.5,3807.7
2023-09-10,TR-09,09#矿车,2023,8.06,3,220.5,5334.4
2023-09-10,TR-10,10#矿车,2016,8.35,3,229.2,5744.3
2023-09-10,TR-11,11#矿车,2021,4.98,0,227.1,0.0
2023-09-10,TR-12,12#矿车,2013,6.88,3,227.1,4684.6
2023-09-11,TR-01,01#矿车,2017,8.1,3,219.5,5333.7
2023-09-11,TR-02,02#矿车,2021,9.1,3,217.3,5930.4
2023-09-11,TR-03,03#矿车,2019,8.43,2,219.3,3699.6
2023-09-11,TR-04,04#矿车,2014,7.27,2,217.8,3165.6
2023-09-11,TR-05,05#矿车,2022,8.87,3,231.5,6158.7
2023-09-11,TR-06,06#矿车,2018,8.96,2,229.1,4105.0
2023-09-11,TR-07,07#矿车,2020,8.13,2,217.4,3533.4
2023-09-11,TR-08,08#矿车,2015,8.63,2,222.5,3838.2
2023-09-11,TR-09,09#矿车,2023,8.0,3,220.5,5290.1
2023-09-11,TR-10,10#矿车,2016,8.69,3,229.2,5975.5
2023-09-11,TR-11,11#矿车,2021,8.93,3,227.1,6082.8
2023-09-11,TR-12,12#矿车,2013,6.77,2,227.1,3074.0
2023-09-12,TR-01,01#矿车,2017,8.35,3,219.5,5501.9
2023-09-12,TR-02,02#矿车,2021,8.44,3,217.3,5500.6
2023-09-12,TR-03,03#矿车,2019,8.67,3,219.3,5707.2
2023-09-12,TR-04,04#矿车,2014,7.21,3,217.8,4711.7
2023-09-12,TR-05,05#矿车,2022,8.22,3,231.5,5707.1
2023-09-12,TR-06,06#矿车,2018,8.37,3,229.1,5754.6
2023-09-12,TR-07,07#矿车,2020,8.43,3,217.4,5495.6
2023-09-12,TR-08,08#矿车,2015,8.79,3,222.5,5868.4
2023-09-12,TR-09,09#矿车,2023,8.06,3,220.5,5335.1
2023-09-12,TR-10,10#矿车,2016,8.74,3,229.2,6012.7
2023-09-12,TR-11,11#矿车,2021,8.43,3,227.1,5744.5
2023-09-12,TR-12,12#矿车,2013,6.83,3,227.1,4650.7
2023-09-13,TR-01,01#矿车,2017,7.9,3,219.5,5204.8
2023-09-13,TR-02,02#矿车,2021,8.39,3,217.3,5471.7
2023-09-13,TR-03,03#矿车,2019,8.87,2,219.3,3890.6
2023-09-13,TR-04,04#矿车,2014,7.46,2,217.8,3248.4
2023-09-13,TR-05,05#矿车,2022,8.46,3,231.5,5875.7
2023-09-13,TR-06,06#矿车,2018,7.95,3,229.1,5463.2
2023-09-13,TR-07,07#矿车,2020,8.55,3,217.4,5578.4
2023-09-13,TR-08,08#矿车,2015,8.64,2,222.5,3844.8
2023-09-13,TR-09,09#矿车,2023,7.97,3,220.5,5273.9
2023-09-13,TR-10,10#矿车,2016,8.23,3,229.2,5660.3
2023-09-13,TR-11,11#矿车,2021,8.2,3,227.1,5584.2
2023-09-13,TR-12,12#矿车,2013,7.02,3,227.1,4783.3
2023-09-14,TR-01,01#矿车,2017,8.19,3,219.5,5396.8
2023-09-14,TR-02,02#矿车,2021,8.43,2,217.3,3662.1
2023-09-14,TR-03,03#矿车,2019,8.67,3,219.3,5704.9
2023-09-14,TR-04,04#矿车,2014,6.67,2,217.8,2903.3
2023-09-14,TR-05,05#矿车,2022,8.8,3,231.5,6112.5
2023-09-14,TR-06,06#矿车,2018,7.86,2,229.1,3601.3
2023-09-14,TR-07,07#矿车,2020,8.49,3,217.4,5533.5
2023-09-14,TR-08,08#矿车,2015,9.06,3,222.5,6044.4
2023-09-14,TR-09,09#矿车,2023,7.99,3,220.5,5286.6
2023-09-14,TR-10,10#矿车,2016,6.08,0,229.2,0.0
2023-09-14,TR-11,11#矿车,2021,8.32,2,227.1,3779.5
2023-09-14,TR-12,12#矿车,2013,7.13,3,227.1,4856.9
2023-09-15,TR-01,01#矿车,2017,8.12,2,219.5,3564.9
2023-09-15,TR-02,02#矿车,2021,8.15,2,217.3,3541.0
2023-09-15,TR-03,03#矿车,2019,8.82,3,219.3,5801.6
2023-09-15,TR-04,04#矿车,2014,7.02,3,217.8,4588.4
2023-09-15,TR-05,05#矿车,2022,8.61,3,231.5,5982.8
2023-09-15,TR-06,06#矿车,2018,7.95,2,229.1,3643.6
2023-09-15,TR-07,07#矿车,2020,8.06,3,217.4,5254.3
2023-09-15,TR-08,08#矿车,2015,8.5,3,222.5,5671.4
2023-09-15,TR-09,09#矿车,2023,7.58,3,220.5,5015.3
2023-09-15,TR-10,10#矿车,2016,8.68,2,229.2,3978.4
2023-09-15,TR-11,11#矿车,2021,8.11,3,227.1,5524.4
2023-09-15,TR-12,12#矿车,2013,7.21,2,227.1,3273.6
2023-09-16,TR-01,01#矿车,2017,8.3,3,219.5,5466.6
2023-09-16,TR-02,02#矿车,2021,8.34,3,217.3,5439.8
2023-09-16,TR-03,03#矿车,2019,8.31,2,219.3,3646.7
2023-09-16,TR-04,04#矿车,2014,7.22,3,217.8,4719.3
2023-09-16,TR-05,05#矿车,2022,8.61,2,231.5,3987.2
2023-09-16,TR-06,06#矿车,2018,8.13,2,229.1,3725.3
2023-09-16,TR-07,07#矿车,2020,8.53,3,217.4,5563.1
2023-09-16,TR-08,08#矿车,2015,8.68,3,222.5,5796.4
2023-09-16,TR-09,09#矿车,2023,7.67,2,220.5,3381.0
2023-09-16,TR-10,10#矿车,2016,8.86,3,229.2,6094.0
2023-09-16,TR-11,11#矿车,2021,8.33,3,227.1,5671.0
2023-09-16,TR-12,12#矿车,2013,7.38,3,227.1,5025.9
2023-09-17,TR-01,01#矿车,2017,8.43,3,219.5,5553.9
2023-09-17,TR-02,02#矿车,2021,8.56,2,217.3,3719.1
2023-09-17,TR-03,03#矿车,2019,8.15,2,219.3,3574.0
2023-09-17,TR-04,04#矿车,2014,6.95,3,217.8,4538.2
2023-09-17,TR-05,05#矿车,2022,8.11,3,231.5,5633.0
2023-09-17,TR-06,06#矿车,2018,8.07,2,229.1,3699.2
2023-09-17,TR-07,07#矿车,2020,8.52,2,217.4,3704.3
2023-09-17,TR-08,08#矿车,2015,8.35,3,222.5,5576.7
2023-09-17,TR-09,09#矿车,2023,7.9,3,220.5,5224.8
2023-09-17,TR-10,10#矿车,2016,8.33,3,229.2,5730.5
2023-09-17,TR-11,11#矿车,2021,8.43,3,227.1,5745.3
2023-09-17,TR-12,12#矿车,2013,7.41,2,227.1,3366.4
2023-09-18,TR-01,01#矿车,2017,8.61,3,219.5,5672.3
2023-09-18,TR-02,02#矿车,2021,7.85,2,217.3,3411.4
2023-09-18,TR-03,03#矿车,2019,8.32,2,219.3,3649.9
2023-09-18,TR-04,04#矿车,2014,7.37,3,217.8,4814.0
2023-09-18,TR-05,05#矿车,2022,8.15,3,231.5,5663.9
2023-09-18,TR-06,06#矿车,2018,8.12,3,229.1,5580.7
2023-09-18,TR-07,07#矿车,2020,8.57,3,217.4,5590.0
2023-09-18,TR-08,08#矿车,2015,8.12,3,222.5,5419.9
2023-09-18,TR-09,09#矿车,2023,7.97,3,220.5,5275.6
2023-09-18,TR-10,10#矿车,2016,8.34,2,229.2,3823.1
2023-09-18,TR-11,11#矿车,2021,8.83,3,227.1,6018.1
2023-09-18,TR-12,12#矿车,2013,7.59,3,227.1,5172.2
2023-09-19,TR-01,01#矿车,2017,8.51,2,219.5,3738.4
2023-09-19,TR-02,02#矿车,2021,8.04,2,217.3,3494.3
2023-09-19,TR-03,03#矿车,2019,8.25,3,219.3,5425.0
2023-09-19,TR-04,04#矿车,2014,7.59,3,217.8,4957.7
2023-09-19,TR-05,05#矿车,2022,8.85,3,231.5,6147.1
2023-09-19,TR-06,06#矿车,2018,7.87,3,229.1,5410.4
2023-09-19,TR-07,07#矿车,2020,8.76,2,217.4,3808.7
2023-09-19,TR-08,08#矿车,2015,8.32,2,222.5,3703.4
2023-09-19,TR-09,09#矿车,2023,8.3,3,220.5,5491.6
2023-09-19,TR-10,10#矿车,2016,8.23,2,229.2,3772.5
2023-09-19,TR-11,11#矿车,2021,8.82,3,227.1,6010.8
2023-09-19,TR-12,12#矿车,2013,6.82,2,227.1,3096.0
2023-09-20,TR-01,01#矿车,2017,8.03,3,219.5,5286.8
2023-09-20,TR-02,02#矿车,2021,8.16,2,217.3,3545.3
2023-09-20,TR-03,03#矿车,2019,7.96,2,219.3,3492.7
2023-09-20,TR-04,04#矿车,2014,7.26,3,217.8,4744.3
2023-09-20,TR-05,05#矿车,2022,8.66,3,231.5,6017.1
2023-09-20,TR-06,06#矿车,2018,8.11,3,229.1,5571.9
2023-09-20,TR-07,07#矿车,2020,8.66,2,217.4,3765.5
2023-09-20,TR-08,08#矿车,2015,8.22,3,222.5,5483.9
2023-09-20,TR-09,09#矿车,2023,7.8,3,220.5,5162.1
2023-09-20,TR-10,10#矿车,2016,8.39,3,229.2,5771.3
2023-09-20,TR-11,11#矿车,2021,9.18,2,227.1,4169.8
2023-09-20,TR-12,12#矿车,2013,6.92,3,227.1,4716.1
2023-09-21,TR-01,01#矿车,2017,8.67,3,219.5,5707.0
2023-09-21,TR-02,02#矿车,2021,8.28,3,217.3,5396.9
2023-09-21,TR-03,03#矿车,2019,8.27,3,219.3,5438.1
2023-09-21,TR-04,04#矿车,2014,7.7,3,217.8,5027.0
2023-09-21,TR-05,05#矿车,2022,8.42,3,231.5,5850.8
2023-09-21,TR-06,06#矿车,2018,8.24,3,229.1,5665.9
2023-09-21,TR-07,07#矿车,2020,8.37,3,217.4,5460.6
2023-09-21,TR-08,08#矿车,2015,8.11,3,222.5,5410.2
2023-09-21,TR-09,09#矿车,2023,7.7,2,220.5,3395.2
2023-09-21,TR-10,10#矿车,2016,8.51,2,229.2,3903.3
2023-09-21,TR-11,11#矿车,2021,8.78,3,227.1,5980.3
2023-09-21,TR-12,12#矿车,2013,7.13,3,227.1,4856.4
2023-09-22,TR-01,01#矿车,2017,8.66,3,219.5,5705.9
2023-09-22,TR-02,02#矿车,2021,8.29,3,217.3,5403.2
2023-09-22,TR-03,03#矿车,2019,8.38,3,219.3,5512.9
2023-09-22,TR-04,04#矿车,2014,7.25,2,217.8,3156.8
2023-09-22,TR-05,05#矿车,2022,8.68,2,231.5,4019.4
2023-09-22,TR-06,06#矿车,2018,8.17,2,229.1,3743.4
2023-09-22,TR-07,07#矿车,2020,8.83,3,217.4,5754.5
2023-09-22,TR-08,08#矿车,2015,8.39,2,222.5,3734.3
2023-09-22,TR-09,09#矿车,2023,7.65,2,220.5,3375.9
2023-09-22,TR-10,10#矿车,2016,8.61,2,229.2,3945.5
2023-09-22,TR-11,11#矿车,2021,8.81,3,227.1,6002.1
2023-09-22,TR-12,12#矿车,2013,6.84,3,227.1,4657.6
2023-09-23,TR-01,01#矿车,2017,8.46,3,219.5,5570.8
2023-09-23,TR-02,02#矿车,2021,8.78,3,217.3,5722.7
2023-09-23,TR-03,03#矿车,2019,8.77,3,219.3,5771.1
2023-09-23,TR-04,04#矿车,2014,7.66,3,217.8,5005.7
2023-09-23,TR-05,05#矿车,2022,9.1,2,231.5,4215.5
2023-09-23,TR-06,06#矿车,2018,8.09,3,229.1,5558.2
2023-09-23,TR-07,07#矿车,2020,9.14,2,217.4,3975.0
2023-09-23,TR-08,08#矿车,2015,8.64,3,222.5,5769.3
2023-09-23,TR-09,09#矿车,2023,7.75,3,220.5,5126.6
2023-09-23,TR-10,10#矿车,2016,8.25,3,229.2,5674.7
2023-09-23,TR-11,11#矿车,2021,8.52,2,227.1,3868.5
2023-09-23,TR-12,12#矿车,2013,7.02,3,227.1,4781.1
2023-09-24,TR-01,01#矿车,2017,7.99,2,219.5,3507.5
2023-09-24,TR-02,02#矿车,2021,8.37,3,217.3,5457.0
2023-09-24,TR-03,03#矿车,2019,8.86,3,219.3,5830.4
2023-09-24,TR-04,04#矿车,2014,7.32,3,217.8,4782.3
2023-09-24,TR-05,05#矿车,2022,8.93,2,231.5,4133.4
2023-09-24,TR-06,06#矿车,2018,8.24,3,229.1,5660.1
2023-09-24,TR-07,07#矿车,2020,8.89,2,217.4,3865.4
2023-09-24,TR-08,08#矿车,2015,8.63,3,222.5,5757.6
2023-09-24,TR-09,09#矿车,2023,7.63,2,220.5,3365.0
2023-09-24,TR-10,10#矿车,2016,9.08,3,229.2,6242.9
2023-09-24,TR-11,11#矿车,2021,9.21,2,227.1,4182.1
2023-09-24,TR-12,12#矿车,2013,6.65,3,227.1,4532.0
2023-09-25,TR-01,01#矿车,2017,7.99,3,219.5,5260.4
2023-09-25,TR-02,02#矿车,2021,8.17,3,217.3,5323.5
2023-09-25,TR-03,03#矿车,2019,8.5,2,219.3,3728.7
2023-09-25,TR-04,04#矿车,2014,7.41,3,217.8,4839.5
2023-09-25,TR-05,05#矿车,2022,8.86,3,231.5,6154.5
2023-09-25,TR-06,06#矿车,2018,7.72,3,229.1,5307.9
2023-09-25,TR-07,07#矿车,2020,9.12,3,217.4,5948.7
2023-09-25,TR-08,08#矿车,2015,8.55,2,222.5,3806.8
2023-09-25,TR-09,09#矿车,2023,8.05,2,220.5,3549.0
2023-09-25,TR-10,10#矿车,2016,9.06,3,229.2,6231.5
2023-09-25,TR-11,11#矿车,2021,8.65,3,227.1,5894.6
2023-09-25,TR-12,12#矿车,2013,6.88,2,227.1,3123.5
2023-09-26,TR-01,01#矿车,2017,8.06,3,219.5,5305.4
2023-09-26,TR-02,02#矿车,2021,8.18,3,217.3,5335.3
2023-09-26,TR-03,03#矿车,2019,3.57,0,219.3,0.0
2023-09-26,TR-04,04#矿车,2014,7.24,3,217.8,4729.6
2023-09-26,TR-05,05#矿车,2022,8.66,3,231.5,6017.3
2023-09-26,TR-06,06#矿车,2018,7.62,2,229.1,3491.2
2023-09-26,TR-07,07#矿车,2020,9.04,2,217.4,3927.7
2023-09-26,TR-08,08#矿车,2015,8.61,2,222.5,3832.9
2023-09-26,TR-09,09#矿车,2023,8.09,3,220.5,5348.7
2023-09-26,TR-10,10#矿车,2016,9.14,3,229.2,6284.5
2023-09-26,TR-11,11#矿车,2021,8.75,2,227.1,3973.6
2023-09-26,TR-12,12#矿车,2013,6.52,2,227.1,2959.9
2023-09-27,TR-01,01#矿车,2017,7.93,3,219.5,5222.1
2023-09-27,TR-02,02#矿车,2021,8.01,3,217.3,5219.2
2023-09-27,TR-03,03#矿车,2019,8.26,2,219.3,3623.9
2023-09-27,TR-04,04#矿车,2014,6.79,3,217.8,4434.3
2023-09-27,TR-05,05#矿车,2022,8.65,3,231.5,6009.6
2023-09-27,TR-06,06#矿车,2018,7.73,3,229.1,5310.8
2023-09-27,TR-07,07#矿车,2020,9.06,3,217.4,5909.6
2023-09-27,TR-08,08#矿车,2015,8.48,3,222.5,5663.0
2023-09-27,TR-09,09#矿车,2023,8.11,3,220.5,5366.3
2023-09-27,TR-10,10#矿车,2016,8.57,2,229.2,3929.3
2023-09-27,TR-11,11#矿车,2021,8.97,3,227.1,6110.3
2023-09-27,TR-12,12#矿车,2013,7.02,3,227.1,4780.4
2023-09-28,TR-01,01#矿车,2017,7.83,2,219.5,3436.8
2023-09-28,TR-02,02#矿车,2021,8.36,3,217.3,5447.3
2023-09-28,TR-03,03#矿车,2019,7.75,2,219.3,3399.5
2023-09-28,TR-04,04#矿车,2014,7.16,2,217.8,3119.6
2023-09-28,TR-05,05#矿车,2022,8.43,2,231.5,3902.2
2023-09-28,TR-06,06#矿车,2018,7.95,3,229.1,5466.5
2023-09-28,TR-07,07#矿车,2020,8.86,2,217.4,3853.1
2023-09-28,TR-08,08#矿车,2015,8.94,3,222.5,5970.2
2023-09-28,TR-09,09#矿车,2023,7.66,3,220.5,5069.4
2023-09-28,TR-10,10#矿车,2016,8.32,2,229.2,3815.6
2023-09-28,TR-11,11#矿车,2021,8.41,2,227.1,3817.6
2023-09-28,TR-12,12#矿车,2013,7.5,3,227.1,5111.0
2023-09-29,TR-01,01#矿车,2017,8.04,2,219.5,3530.0
2023-09-29,TR-02,02#矿车,2021,8.75,3,217.3,5703.4
2023-09-29,TR-03,03#矿车,2019,8.12,3,219.3,5343.2
2023-09-29,TR-04,04#矿车,2014,7.17,3,217.8,4686.0
2023-09-29,TR-05,05#矿车,2022,8.82,3,231.5,6125.7
2023-09-29,TR-06,06#矿车,2018,7.59,2,229.1,3476.7
2023-09-29,TR-07,07#矿车,2020,8.76,3,217.4,5713.2
2023-09-29,TR-08,08#矿车,2015,8.33,3,222.5,5561.5
2023-09-29,TR-09,09#矿车,2023,7.94,3,220.5,5252.3
2023-09-29,TR-10,10#矿车,2016,8.58,3,229.2,5901.3
2023-09-29,TR-11,11#矿车,2021,8.26,3,227.1,5623.9
2023-09-29,TR-12,12#矿车,2013,6.83,3,227.1,4654.8
2023-09-30,TR-01,01#矿车,2017,8.08,3,219.5,5321.1
2023-09-30,TR-02,02#矿车,2021,8.77,2,217.3,3809.5
2023-09-30,TR-03,03#矿车,2019,8.48,3,219.3,5576.8
2023-09-30,TR-04,04#矿车,2014,6.75,3,217.8,4411.4
2023-09-30,TR-05,05#矿车,2022,8.33,3,231.5,5787.6
2023-09-30,TR-06,06#矿车,2018,7.91,2,229.1,3626.0
2023-09-30,TR-07,07#矿车,2020,8.94,3,217.4,5827.2
2023-09-30,TR-08,08#矿车,2015,8.0,3,222.5,5339.8
2023-09-30,TR-09,09#矿车,2023,8.37,3,220.5,5535.0
2023-09-30,TR-10,10#矿车,2016,8.89,3,229.2,6114.0
2023-09-30,TR-11,11#矿车,2021,7.97,3,227.1,5430.5
2023-09-30,TR-12,12#矿车,2013,6.95,3,227.1,4732.9
2023-10-01,TR-01,01#矿车,2017,7.99,3,219.5,5260.5
2023-10-01,TR-02,02#矿车,2021,7.92,3,217.3,5166.2
2023-10-01,TR-03,03#矿车,2019,8.62,3,219.3,5673.7
2023-10-01,TR-04,04#矿车,2014,7.05,2,217.8,3068.4
2023-10-01,TR-05,05#矿车,2022,8.4,3,231.5,5831.8
2023-10-01,TR-06,06#矿车,2018,8.29,2,229.1,3796.2
2023-10-01,TR-07,07#矿车,2020,8.65,3,217.4,5641.5
2023-10-01,TR-08,08#矿车,2015,8.84,2,222.5,3935.3
2023-10-01,TR-09,09#矿车,2023,7.92,3,220.5,5241.6
2023-10-01,TR-10,10#矿车,2016,8.53,3,229.2,5866.3
2023-10-01,TR-11,11#矿车,2021,8.66,3,227.1,5896.6
2023-10-01,TR-12,12#矿车,2013,6.81,3,227.1,4637.4
2023-10-02,TR-01,01#矿车,2017,8.2,3,219.5,5403.0
2023-10-02,TR-02,02#矿车,2021,8.5,3,217.3,5540.2
2023-10-02,TR-03,03#矿车,2019,8.45,3,219.3,5560.7
2023-10-02,TR-04,04#矿车,2014,7.19,2,217.8,3130.0
2023-10-02,TR-05,05#矿车,2022,8.23,2,231.5,3808.8
2023-10-02,TR-06,06#矿车,2018,8.01,2,229.1,3667.9
2023-10-02,TR-07,07#矿车,2020,8.53,3,217.4,5560.9
2023-10-02,TR-08,08#矿车,2015,8.4,3,222.5,5607.0
2023-10-02,TR-09,09#矿车,2023,7.97,2,220.5,3515.9
2023-10-02,TR-10,10#矿车,2016,8.42,3,229.2,5789.5
2023-10-02,TR-11,11#矿车,2021,9.17,3,227.1,6244.4
2023-10-02,TR-12,12#矿车,2013,7.6,2,227.1,3451.7
2023-10-03,TR-01,01#矿车,2017,7.74,2,219.5,3396.9
2023-10-03,TR-02,02#矿车,2021,7.97,3,217.3,5196.7
2023-10-03,TR-03,03#矿车,2019,8.54,2,219.3,3745.8
2023-10-03,TR-04,04#矿车,2014,7.3,2,217.8,3181.1
2023-10-03,TR-05,05#矿车,2022,8.24,2,231.5,3817.1
2023-10-03,TR-06,06#矿车,2018,8.33,3,229.1,5724.2
2023-10-03,TR-07,07#矿车,2020,8.83,3,217.4,5756.3
2023-10-03,TR-08,08#矿车,2015,8.27,3,222.5,5521.9
2023-10-03,TR-09,09#矿车,2023,8.07,3,220.5,5338.6
2023-10-03,TR-10,10#矿车,2016,7.91,3,229.2,5442.6
2023-10-03,TR-11,11#矿车,2021,8.87,3,227.1,6040.7
2023-10-03,TR-12,12#矿车,2013,7.03,3,227.1,4793.0
2023-10-04,TR-01,01#矿车,2017,8.19,3,219.5,5393.3
2023-10-04,TR-02,02#矿车,2021,8.25,3,217.3,5381.0
2023-10-04,TR-03,03#矿车,2019,8.44,2,219.3,3701.1
2023-10-04,TR-04,04#矿车,2014,7.07,3,217.8,4617.4
2023-10-04,TR-05,05#矿车,2022,8.58,2,231.5,3973.8
2023-10-04,TR-06,06#矿车,2018,8.04,2,229.1,3683.0
2023-10-04,TR-07,07#矿车,2020,8.88,3,217.4,5792.7
2023-10-04,TR-08,08#矿车,2015,8.85,2,222.5,3937.7
2023-10-04,TR-09,09#矿车,2023,7.8,3,220.5,5160.1
2023-10-04,TR-10,10#矿车,2016,9.04,2,229.2,4146.8
2023-10-04,TR-11,11#矿车,2021,8.68,3,227.1,5909.9
2023-10-04,TR-12,12#矿车,2013,7.53,3,227.1,5128.7
2023-10-05,TR-01,01#矿车,2017,7.68,3,219.5,5059.9
2023-10-05,TR-02,02#矿车,2021,8.32,2,217.3,3615.2
2023-10-05,TR-03,03#矿车,2019,8.34,2,219.3,3659.5
2023-10-05,TR-04,04#矿车,2014,7.08,3,217.8,4626.5
2023-10-05,TR-05,05#矿车,2022,8.22,3,231.5,5707.6
2023-10-05,TR-06,06#矿车,2018,7.83,3,229.1,5378.2
2023-10-05,TR-07,07#矿车,2020,8.32,3,217.4,5423.2
2023-10-05,TR-08,08#矿车,2015,8.89,3,222.5,5935.4
2023-10-05,TR-09,09#矿车,2023,7.9,3,220.5,5224.8
2023-10-05,TR-10,10#矿车,2016,8.61,2,229.2,3948.1
2023-10-05,TR-11,11#矿车,2021,8.66,3,227.1,5896.4
2023-10-05,TR-12,12#矿车,2013,7.23,3,227.1,4924.7
2023-10-06,TR-01,01#矿车,2017,7.94,2,219.5,3487.7
2023-10-06,TR-02,02#矿车,2021,8.01,3,217.3,5224.5
2023-10-06,TR-03,03#矿车,2019,8.48,2,219.3,3717.9
2023-10-06,TR-04,04#矿车,2014,7.63,3,217.8,4981.9
2023-10-06,TR-05,05#矿车,2022,8.78,2,231.5,4065.2
2023-10-06,TR-06,06#矿车,2018,7.73,3,229.1,5311.8
2023-10-06,TR-07,07#矿车,2020,8.62,3,217.4,5623.6
2023-10-06,TR-08,08#矿车,2015,8.49,3,222.5,5665.4
2023-10-06,TR-09,09#矿车,2023,7.82,2,220.5,3447.6
2023-10-06,TR-10,10#矿车,2016,8.6,3,229.2,5912.9
2023-10-06,TR-11,11#矿车,2021,8.74,3,227.1,5952.2
2023-10-06,TR-12,12#矿车,2013,7.25,2,227.1,3292.4
2023-10-07,TR-01,01#矿车,2017,8.05,3,219.5,5302.4
2023-10-07,TR-02,02#矿车,2021,8.27,3,217.3,5391.0
2023-10-07,TR-03,03#矿车,2019,8.32,3,219.3,5473.5
2023-10-07,TR-04,04#矿车,2014,7.58,2,217.8,3300.7
2023-10-07,TR-05,05#矿车,2022,8.96,2,231.5,4150.0
2023-10-07,TR-06,06#矿车,2018,8.01,3,229.1,5504.1
2023-10-07,TR-07,07#矿车,2020,8.78,3,217.4,5726.3
2023-10-07,TR-08,08#矿车,2015,8.78,3,222.5,5858.9
2023-10-07,TR-09,09#矿车,2023,7.94,2,220.5,3503.6
2023-10-07,TR-10,10#矿车,2016,8.52,3,229.2,5856.2
2023-10-07,TR-11,11#矿车,2021,8.87,3,227.1,6040.4
2023-10-07,TR-12,12#矿车,2013,6.98,3,227.1,4753.3
2023-10-08,TR-01,01#矿车,2017,7.4,2,219.5,3248.5
2023-10-08,TR-02,02#矿车,2021,8.24,3,217.3,5368.6
2023-10-08,TR-03,03#矿车,2019,8.18,3,219.3,5383.5
2023-10-08,TR-04,04#矿车,2014,7.09,3,217.8,4634.0
2023-10-08,TR-05,05#矿车,2022,8.84,2,231.5,4092.3
2023-10-08,TR-06,06#矿车,2018,7.85,3,229.1,5398.5
2023-10-08,TR-07,07#矿车,2020,8.56,2,217.4,3722.1
2023-10-08,TR-08,08#矿车,2015,8.63,2,222.5,3842.5
2023-10-08,TR-09,09#矿车,2023,7.43,2,220.5,3276.6
2023-10-08,TR-10,10#矿车,2016,8.69,3,229.2,5978.4
2023-10-08,TR-11,11#矿车,2021,8.62,3,227.1,5870.1
2023-10-08,TR-12,12#矿车,2013,6.75,2,227.1,3067.4
2023-10-09,TR-01,01#矿车,2017,7.72,3,219.5,5085.1
2023-10-09,TR-02,02#矿车,2021,8.2,2,217.3,3565.0
2023-10-09,TR-03,03#矿车,2019,8.31,3,219.3,5465.0
2023-10-09,TR-04,04#矿车,2014,6.89,2,217.8,2999.4
2023-10-09,TR-05,05#矿车,2022,8.93,3,231.5,6204.9
2023-10-09,TR-06,06#矿车,2018,8.2,3,229.1,5633.9
2023-10-09,TR-07,07#矿车,2020,9.25,2,217.4,4018.9
2023-10-09,TR-08,08#矿车,2015,8.39,2,222.5,3733.9
2023-10-09,TR-09,09#矿车,2023,7.97,3,220.5,5274.0
2023-10-09,TR-10,10#矿车,2016,8.34,3,229.2,5735.3
2023-10-09,TR-11,11#矿车,2021,8.57,2,227.1,3892.1
2023-10-09,TR-12,12#矿车,2013,6.94,3,227.1,4725.6
2023-10-10,TR-01,01#矿车,2017,7.77,3,219.5,5118.6
2023-10-10,TR-02,02#矿车,2021,8.27,3,217.3,5391.8
2023-10-10,TR-03,03#矿车,2019,8.39,3,219.3,5522.3
2023-10-10,TR-04,04#矿车,2014,7.25,3,217.8,4737.0
2023-10-10,TR-05,05#矿车,2022,8.5,2,231.5,3937.2
2023-10-10,TR-06,06#矿车,2018,8.33,3,229.1,5724.9
2023-10-10,TR-07,07#矿车,2020,8.95,3,217.4,5838.3
2023-10-10,TR-08,08#矿车,2015,8.17,2,222.5,3636.6
2023-10-10,TR-09,09#矿车,2023,8.17,3,220.5,5402.0
2023-10-10,TR-10,10#矿车,2016,8.58,3,229.2,5901.1
2023-10-10,TR-11,11#矿车,2021,8.51,2,227.1,3864.5
2023-10-10,TR-12,12#矿车,2013,6.86,3,227.1,4672.2
2023-10-11,TR-01,01#矿车,2017,8.05,2,219.5,3534.7
2023-10-11,TR-02,02#矿车,2021,7.87,2,217.3,3419.1
2023-10-11,TR-03,03#矿车,2019,8.63,2,219.3,3783.7
2023-10-11,TR-04,04#矿车,2014,7.28,2,217.8,3171.3
2023-10-11,TR-05,05#矿车,2022,8.7,3,231.5,6043.2
2023-10-11,TR-06,06#矿车,2018,8.04,3,229.1,5524.7
2023-10-11,TR-07,07#矿车,2020,9.1,3,217.4,5934.6
2023-10-11,TR-08,08#矿车,2015,8.38,2,222.5,3731.2
2023-10-11,TR-09,09#矿车,2023,7.94,3,220.5,5251.7
2023-10-11,TR-10,10#矿车,2016,8.18,2,229.2,3750.6
2023-10-11,TR-11,11#矿车,2021,8.98,3,227.1,6116.9
2023-10-11,TR-12,12#矿车,2013,6.78,2,227.1,3079.3
2023-10-12,TR-01,01#矿车,2017,7.97,3,219.5,5245.7
2023-10-12,TR-02,02#矿车,2021,7.99,3,217.3,5207.7
2023-10-12,TR-03,03#矿车,2019,8.53,2,219.3,3741.3
2023-10-12,TR-04,04#矿车,2014,7.29,3,217.8,4759.8
2023-10-12,TR-05,05#矿车,2022,8.7,2,231.5,4030.2
2023-10-12,TR-06,06#矿车,2018,8.12,3,229.1,5581.6
2023-10-12,TR-07,07#矿车,2020,8.88,3,217.4,5788.3
2023-10-12,TR-08,08#矿车,2015,8.46,3,222.5,5645.6
2023-10-12,TR-09,09#矿车,2023,8.16,2,220.5,3597.5
2023-10-12,TR-10,10#矿车,2016,8.31,2,229.2,3810.3
2023-10-12,TR-11,11#矿车,2021,8.97,3,227.1,6112.0
2023-10-12,TR-12,12#矿车,2013,6.92,2,227.1,3144.6
2023-10-13,TR-01,01#矿车,2017,8.35,2,219.5,3665.4
2023-10-13,TR-02,02#矿车,2021,8.28,2,217.3,3596.9
2023-10-13,TR-03,03#矿车,2019,8.02,3,219.3,5273.9
2023-10-13,TR-04,04#矿车,2014,7.48,2,217.8,3259.5
2023-10-13,TR-05,05#矿车,2022,8.27,3,231.5,5741.8
2023-10-13,TR-06,06#矿车,2018,7.95,3,229.1,5462.8
2023-10-13,TR-07,07#矿车,2020,8.92,3,217.4,5814.7
2023-10-13,TR-08,08#矿车,2015,8.93,2,222.5,3974.5
2023-10-13,TR-09,09#矿车,2023,8.23,3,220.5,5444.3
2023-10-13,TR-10,10#矿车,2016,8.35,3,229.2,5740.7
2023-10-13,TR-11,11#矿车,2021,8.7,2,227.1,3948.6
2023-10-13,TR-12,12#矿车,2013,7.25,3,227.1,4937.6
2023-10-14,TR-01,01#矿车,2017,8.0,3,219.5,5271.4
2023-10-14,TR-02,02#矿车,2021,8.15,3,217.3,5314.0
2023-10-14,TR-03,03#矿车,2019,8.21,3,219.3,5400.3
2023-10-14,TR-04,04#矿车,2014,7.1,3,217.8,4639.2
2023-10-14,TR-05,05#矿车,2022,8.2,3,231.5,5698.0
2023-10-14,TR-06,06#矿车,2018,8.09,3,229.1,5558.9
2023-10-14,TR-07,07#矿车,2020,9.12,3,217.4,5947.2
2023-10-14,TR-08,08#矿车,2015,8.85,2,222.5,3936.9
2023-10-14,TR-09,09#矿车,2023,8.2,3,220.5,5426.2
2023-10-14,TR-10,10#矿车,2016,8.66,3,229.2,5956.5
2023-10-14,TR-11,11#矿车,2021,8.94,2,227.1,4061.4
2023-10-14,TR-12,12#矿车,2013,6.81,3,227.1,4639.9
2023-10-15,TR-01,01#矿车,2017,8.07,2,219.5,3541.4
2023-10-15,TR-02,02#矿车,2021,8.14,3,217.3,5303.5
2023-10-15,TR-03,03#矿车,2019,8.3,3,219.3,5463.6
2023-10-15,TR-04,04#矿车,2014,6.96,2,217.8,3029.9
2023-10-15,TR-05,05#矿车,2022,8.78,2,231.5,4065.8
2023-10-15,TR-06,06#矿车,2018,8.01,3,229.1,5506.7
2023-10-15,TR-07,07#矿车,2020,8.77,3,217.4,5721.6
2023-10-15,TR-08,08#矿车,2015,8.51,2,222.5,3788.4
2023-10-15,TR-09,09#矿车,2023,7.73,3,220.5,5110.4
2023-10-15,TR-10,10#矿车,2016,8.46,2,229.2,3877.9
2023-10-15,TR-11,11#矿车,2021,8.9,3,227.1,6059.2
2023-10-15,TR-12,12#矿车,2013,6.81,3,227.1,4638.6
2023-10-16,TR-01,01#矿车,2017,8.1,2,219.5,3557.2
2023-10-16,TR-02,02#矿车,2021,8.39,3,217.3,5467.7
2023-10-16,TR-03,03#矿车,2019,8.5,3,219.3,5591.4
2023-10-16,TR-04,04#矿车,2014,6.98,3,217.8,4559.0
2023-10-16,TR-05,05#矿车,2022,8.64,2,231.5,4000.1
2023-10-16,TR-06,06#矿车,2018,8.0,3,229.1,5495.6
2023-10-16,TR-07,07#矿车,2020,8.46,3,217.4,5519.4
2023-10-16,TR-08,08#矿车,2015,8.4,3,222.5,5605.0
2023-10-16,TR-09,09#矿车,2023,7.9,2,220.5,3485.5
2023-10-16,TR-10,10#矿车,2016,8.36,3,229.2,5752.2
2023-10-16,TR-11,11#矿车,2021,8.4,2,227.1,3815.6
2023-10-16,TR-12,12#矿车,2013,6.84,3,227.1,4657.1
2023-10-17,TR-01,01#矿车,2017,8.39,3,219.5,5526.8
2023-10-17,TR-02,02#矿车,2021,8.97,3,217.3,5850.3
2023-10-17,TR-03,03#矿车,2019,8.07,3,219.3,5311.4
2023-10-17,TR-04,04#矿车,2014,7.35,3,217.8,4803.8
2023-10-17,TR-05,05#矿车,2022,8.51,2,231.5,3940.6
2023-10-17,TR-06,06#矿车,2018,8.52,3,229.1,5858.2
2023-10-17,TR-07,07#矿车,2020,8.72,2,217.4,3788.8
2023-10-17,TR-08,08#矿车,2015,8.57,3,222.5,5723.6
2023-10-17,TR-09,09#矿车,2023,7.99,3,220.5,5287.9
2023-10-17,TR-10,10#矿车,2016,8.52,3,229.2,5860.8
2023-10-17,TR-11,11#矿车,2021,8.44,3,227.1,5749.5
2023-10-17,TR-12,12#矿车,2013,6.9,2,227.1,3132.8
2023-10-18,TR-01,01#矿车,2017,8.42,2,219.5,3698.5
2023-10-18,TR-02,02#矿车,2021,5.96,1,217.3,1295.8
2023-10-18,TR-03,03#矿车,2019,8.72,2,219.3,3822.8
2023-10-18,TR-04,04#矿车,2014,7.37,3,217.8,4816.7
2023-10-18,TR-05,05#矿车,2022,8.3,2,231.5,3843.5
2023-10-18,TR-06,06#矿车,2018,8.6,3,229.1,5913.0
2023-10-18,TR-07,07#矿车,2020,8.35,3,217.4,5442.1
2023-10-18,TR-08,08#矿车,2015,8.41,3,222.5,5614.3
2023-10-18,TR-09,09#矿车,2023,7.9,2,220.5,3486.2
2023-10-18,TR-10,10#矿车,2016,8.41,3,229.2,5783.6
2023-10-18,TR-11,11#矿车,2021,8.9,2,227.1,4042.5
2023-10-18,TR-12,12#矿车,2013,6.74,3,227.1,4590.0
2023-10-19,TR-01,01#矿车,2017,8.23,3,219.5,5423.0
2023-10-19,TR-02,02#矿车,2021,8.5,3,217.3,5543.8
2023-10-19,TR-03,03#矿车,2019,8.19,3,219.3,5387.2
2023-10-19,TR-04,04#矿车,2014,7.33,3,217.8,4789.5
2023-10-19,TR-05,05#矿车,2022,8.15,3,231.5,5659.6
2023-10-19,TR-06,06#矿车,2018,8.36,3,229.1,5746.0
2023-10-19,TR-07,07#矿车,2020,8.36,3,217.4,5451.1
2023-10-19,TR-08,08#矿车,2015,8.62,3,222.5,5752.4
2023-10-19,TR-09,09#矿车,2023,7.85,3,220.5,5193.7
2023-10-19,TR-10,10#矿车,2016,8.56,3,229.2,5885.4
2023-10-19,TR-11,11#矿车,2021,9.14,3,227.1,6226.7
2023-10-19,TR-12,12#矿车,2013,7.31,3,227.1,4980.1
2023-10-20,TR-01,01#矿车,2017,7.91,3,219.5,5206.6
2023-10-20,TR-02,02#矿车,2021,8.41,3,217.3,5484.9
2023-10-20,TR-03,03#矿车,2019,8.46,2,219.3,3710.2
2023-10-20,TR-04,04#矿车,2014,6.49,3,217.8,4241.0
2023-10-20,TR-05,05#矿车,2022,8.2,3,231.5,5694.8
2023-10-20,TR-06,06#矿车,2018,8.09,2,229.1,3705.2
2023-10-20,TR-07,07#矿车,2020,9.35,3,217.4,6095.3
2023-10-20,TR-08,08#矿车,2015,8.57,3,222.5,5722.2
2023-10-20,TR-09,09#矿车,2023,7.71,3,220.5,5098.1
2023-10-20,TR-10,10#矿车,2016,8.3,3,229.2,5705.1
2023-10-20,TR-11,11#矿车,2021,8.67,3,227.1,5908.5
2023-10-20,TR-12,12#矿车,2013,7.76,2,227.1,3525.6
2023-10-21,TR-01,01#矿车,2017,7.93,3,219.5,5225.7
2023-10-21,TR-02,02#矿车,2021,8.57,3,217.3,5589.2
2023-10-21,TR-03,03#矿车,2019,8.71,3,219.3,5733.1
2023-10-21,TR-04,04#矿车,2014,7.25,3,217.8,4738.3
2023-10-21,TR-05,05#矿车,2022,8.8,3,231.5,6113.8
2023-10-21,TR-06,06#矿车,2018,8.21,2,229.1,3761.3
2023-10-21,TR-07,07#矿车,2020,8.75,3,217.4,5707.1
2023-10-21,TR-08,08#矿车,2015,8.61,2,222.5,3830.8
2023-10-21,TR-09,09#矿车,2023,7.84,3,220.5,5188.5
2023-10-21,TR-10,10#矿车,2016,8.38,2,229.2,3839.9
2023-10-21,TR-11,11#矿车,2021,8.51,3,227.1,5795.0
2023-10-21,TR-12,12#矿车,2013,7.31,3,227.1,4978.6
2023-10-22,TR-01,01#矿车,2017,8.29,3,219.5,5457.8
2023-10-22,TR-02,02#矿车,2021,8.3,3,217.3,5413.2
2023-10-22,TR-03,03#矿车,2019,8.2,2,219.3,3598.7
2023-10-22,TR-04,04#矿车,2014,6.87,3,217.8,4487.8
2023-10-22,TR-05,05#矿车,2022,8.35,3,231.5,5802.1
2023-10-22,TR-06,06#矿车,2018,8.09,2,229.1,3704.5
2023-10-22,TR-07,07#矿车,2020,8.85,3,217.4,5767.7
2023-10-22,TR-08,08#矿车,2015,8.83,3,222.5,5895.9
2023-10-22,TR-09,09#矿车,2023,7.57,3,220.5,5005.3
2023-10-22,TR-10,10#矿车,2016,8.27,3,229.2,5690.2
2023-10-22,TR-11,11#矿车,2021,8.73,3,227.1,5944.5
2023-10-22,TR-12,12#矿车,2013,6.66,2,227.1,3025.4
2023-10-23,TR-01,01#矿车,2017,8.53,3,219.5,5619.4
2023-10-23,TR-02,02#矿车,2021,8.15,2,217.3,3544.0
2023-10-23,TR-03,03#矿车,2019,8.29,3,219.3,5456.6
2023-10-23,TR-04,04#矿车,2014,7.3,3,217.8,4767.0
2023-10-23,TR-05,05#矿车,2022,8.51,2,231.5,3941.3
2023-10-23,TR-06,06#矿车,2018,7.88,2,229.1,3612.4
2023-10-23,TR-07,07#矿车,2020,8.88,3,217.4,5789.5
2023-10-23,TR-08,08#矿车,2015,8.49,2,222.5,3776.3
2023-10-23,TR-09,09#矿车,2023,7.64,3,220.5,5056.2
2023-10-23,TR-10,10#矿车,2016,8.0,3,229.2,5499.5
2023-10-23,TR-11,11#矿车,2021,8.69,3,227.1,5920.2
2023-10-23,TR-12,12#矿车,2013,3.34,1,227.1,758.3
2023-10-24,TR-01,01#矿车,2017,8.38,2,219.5,3677.3
2023-10-24,TR-02,02#矿车,2021,8.26,3,217.3,5386.3
2023-10-24,TR-03,03#矿车,2019,8.22,3,219.3,5410.5
2023-10-24,TR-04,04#矿车,2014,7.75,3,217.8,5059.5
2023-10-24,TR-05,05#矿车,2022,8.76,3,231.5,6084.3
2023-10-24,TR-06,06#矿车,2018,8.32,3,229.1,5719.2
2023-10-24,TR-07,07#矿车,2020,8.92,3,217.4,5815.8
2023-10-24,TR-08,08#矿车,2015,8.62,2,222.5,3834.1
2023-10-24,TR-09,09#矿车,2023,7.39,2,220.5,3257.9
2023-10-24,TR-10,10#矿车,2016,8.58,2,229.2,3935.6
2023-10-24,TR-11,11#矿车,2021,8.56,2,227.1,3886.8
2023-10-24,TR-12,12#矿车,2013,6.79,3,227.1,4626.2
2023-10-25,TR-01,01#矿车,2017,8.5,2,219.5,3730.9
2023-10-25,TR-02,02#矿车,2021,8.36,2,217.3,3631.9
2023-10-25,TR-03,03#矿车,2019,8.64,3,219.3,5687.7
2023-10-25,TR-04,04#矿车,2014,7.28,3,217.8,4758.6
2023-10-25,TR-05,05#矿车,2022,4.29,1,231.5,993.1
2023-10-25,TR-06,06#矿车,2018,8.18,3,229.1,5621.3
2023-10-25,TR-07,07#矿车,2020,8.98,3,217.4,5857.9
2023-10-25,TR-08,08#矿车,2015,8.16,3,222.5,5444.7
2023-10-25,TR-09,09#矿车,2023,7.68,2,220.5,3386.3
2023-10-25,TR-10,10#矿车,2016,8.37,2,229.2,3836.6
2023-10-25,TR-11,11#矿车,2021,8.81,2,227.1,4002.3
2023-10-25,TR-12,12#矿车,2013,7.36,3,227.1,5017.8
2023-10-26,TR-01,01#矿车,2017,8.48,3,219.5,5583.1
2023-10-26,TR-02,02#矿车,2021,7.97,3,217.3,5193.9
2023-10-26,TR-03,03#矿车,2019,8.31,3,219.3,5466.0
2023-10-26,TR-04,04#矿车,2014,6.6,2,217.8,2872.5
2023-10-26,TR-05,05#矿车,2022,8.68,3,231.5,6028.3
2023-10-26,TR-06,06#矿车,2018,8.19,3,229.1,5626.2
2023-10-26,TR-07,07#矿车,2020,8.55,3,217.4,5573.3
2023-10-26,TR-08,08#矿车,2015,8.79,3,222.5,5866.8
2023-10-26,TR-09,09#矿车,2023,7.93,3,220.5,5245.1
2023-10-26,TR-10,10#矿车,2016,8.51,2,229.2,3901.1
2023-10-26,TR-11,11#矿车,2021,9.07,3,227.1,6177.8
2023-10-26,TR-12,12#矿车,2013,6.93,3,227.1,4723.0
2023-10-27,TR-01,01#矿车,2017,8.34,2,219.5,3659.8
2023-10-27,TR-02,02#矿车,2021,8.55,3,217.3,5573.0
2023-10-27,TR-03,03#矿车,2019,8.42,3,219.3,5541.8
2023-10-27,TR-04,04#矿车,2014,6.89,3,217.8,4502.4
2023-10-27,TR-05,05#矿车,2022,8.38,3,231.5,5820.7
2023-10-27,TR-06,06#矿车,2018,7.83,2,229.1,3585.7
2023-10-27,TR-07,07#矿车,2020,8.51,3,217.4,5546.6
2023-10-27,TR-08,08#矿车,2015,8.66,2,222.5,3852.2
2023-10-27,TR-09,09#矿车,2023,8.0,3,220.5,5294.4
2023-10-27,TR-10,10#矿车,2016,8.93,3,229.2,6140.4
2023-10-27,TR-11,11#矿车,2021,9.21,3,227.1,6272.6
2023-10-27,TR-12,12#矿车,2013,7.23,2,227.1,3284.8
2023-10-28,TR-01,01#矿车,2017,8.15,3,219.5,5364.7
2023-10-28,TR-02,02#矿车,2021,8.2,3,217.3,5346.7
2023-10-28,TR-03,03#矿车,2019,8.42,2,219.3,3692.3
2023-10-28,TR-04,04#矿车,2014,7.06,2,217.8,3073.0
2023-10-28,TR-05,05#矿车,2022,9.32,3,231.5,6470.1
2023-10-28,TR-06,06#矿车,2018,7.87,3,229.1,5407.1
2023-10-28,TR-07,07#矿车,2020,8.51,3,217.4,5546.5
2023-10-28,TR-08,08#矿车,2015,8.62,3,222.5,5751.5
2023-10-28,TR-09,09#矿车,2023,7.79,3,220.5,5155.4
2023-10-28,TR-10,10#矿车,2016,8.5,3,229.2,5845.4
2023-10-28,TR-11,11#矿车,2021,8.68,2,227.1,3943.7
2023-10-28,TR-12,12#矿车,2013,7.18,3,227.1,4890.5
2023-10-29,TR-01,01#矿车,2017,8.18,2,219.5,3592.1
2023-10-29,TR-02,02#矿车,2021,8.07,2,217.3,3509.4
2023-10-29,TR-03,03#矿车,2019,8.15,2,219.3,3572.7
2023-10-29,TR-04,04#矿车,2014,6.72,3,217.8,4389.0
2023-10-29,TR-05,05#矿车,2022,9.26,2,231.5,4288.1
2023-10-29,TR-06,06#矿车,2018,7.74,3,229.1,5317.9
2023-10-29,TR-07,07#矿车,2020,8.49,2,217.4,3692.0
2023-10-29,TR-08,08#矿车,2015,8.49,3,222.5,5667.7
2023-10-29,TR-09,09#矿车,2023,7.71,3,220.5,5098.3
2023-10-29,TR-10,10#矿车,2016,8.88,3,229.2,6104.4
2023-10-29,TR-11,11#矿车,2021,8.51,3,227.1,5796.5
2023-10-29,TR-12,12#矿车,2013,7.22,2,227.1,3277.8
2023-10-30,TR-01,01#矿车,2017,8.31,3,219.5,5475.5
2023-10-30,TR-02,02#矿车,2021,7.94,3,217.3,5175.4
2023-10-30,TR-03,03#矿车,2019,7.86,2,219.3,3448.7
2023-10-30,TR-04,04#矿车,2014,6.6,3,217.8,4312.2
2023-10-30,TR-05,05#矿车,2022,8.86,3,231.5,6154.8
2023-10-30,TR-06,06#矿车,2018,8.15,3,229.1,5598.6
2023-10-30,TR-07,07#矿车,2020,8.41,3,217.4,5484.9
2023-10-30,TR-08,08#矿车,2015,8.61,3,222.5,5746.5
2023-10-30,TR-09,09#矿车,2023,8.0,2,220.5,3527.9
2023-10-30,TR-10,10#矿车,2016,8.52,3,229.2,5861.5
2023-10-30,TR-11,11#矿车,2021,8.26,3,227.1,5623.4
2023-10-30,TR-12,12#矿车,2013,6.87,2,227.1,3120.9
2023-10-31,TR-01,01#矿车,2017,8.26,3,219.5,5436.7
2023-10-31,TR-02,02#矿车,2021,8.21,2,217.3,3567.1
2023-10-31,TR-03,03#矿车,2019,8.12,3,219.3,5340.1
2023-10-31,TR-04,04#矿车,2014,7.1,2,217.8,3091.4
2023-10-31,TR-05,05#矿车,2022,8.84,2,231.5,4091.4
2023-10-31,TR-06,06#矿车,2018,8.09,3,229.1,5561.3
2023-10-31,TR-07,07#矿车,2020,8.45,3,217.4,5508.8
2023-10-31,TR-08,08#矿车,2015,8.49,3,222.5,5669.7
2023-10-31,TR-09,09#矿车,2023,8.38,2,220.5,3696.2
2023-10-31,TR-10,10#矿车,2016,8.45,3,229.2,5808.9
2023-10-31,TR-11,11#矿车,2021,8.5,2,227.1,3858.0
2023-10-31,TR-12,12#矿车,2013,7.12,2,227.1,3231.9
2023-11-01,TR-01,01#矿车,2017,7.89,3,219.5,5196.6
2023-11-01,TR-02,02#矿车,2021,8.2,2,217.3,3564.6
2023-11-01,TR-03,03#矿车,2019,8.04,3,219.3,5288.4
2023-11-01,TR-04,04#矿车,2014,6.91,3,217.8,4510.7
2023-11-01,TR-05,05#矿车,2022,8.72,3,231.5,6059.3
2023-11-01,TR-06,06#矿车,2018,7.73,2,229.1,3542.5
2023-11-01,TR-07,07#矿车,2020,8.27,2,217.4,3593.6
2023-11-01,TR-08,08#矿车,2015,8.38,3,222.5,5596.4
2023-11-01,TR-09,09#矿车,2023,7.85,3,220.5,5192.4
2023-11-01,TR-10,10#矿车,2016,8.51,2,229.2,3899.5
2023-11-01,TR-11,11#矿车,2021,8.42,3,227.1,5734.8
2023-11-01,TR-12,12#矿车,2013,6.94,2,227.1,3153.4
2023-11-02,TR-01,01#矿车,2017,7.8,2,219.5,3424.5
2023-11-02,TR-02,02#矿车,2021,8.48,3,217.3,5525.5
2023-11-02,TR-03,03#矿车,2019,8.14,3,219.3,5357.7
2023-11-02,TR-04,04#矿车,2014,7.0,3,217.8,4571.7
2023-11-02,TR-05,05#矿车,2022,8.37,2,231.5,3874.9
2023-11-02,TR-06,06#矿车,2018,7.8,3,229.1,5357.4
2023-11-02,TR-07,07#矿车,2020,8.47,3,217.4,5520.8
2023-11-02,TR-08,08#矿车,2015,9.26,2,222.5,4119.0
2023-11-02,TR-09,09#矿车,2023,7.96,3,220.5,5264.1
2023-11-02,TR-10,10#矿车,2016,8.44,3,229.2,5804.6
2023-11-02,TR-11,11#矿车,2021,8.62,2,227.1,3914.9
2023-11-02,TR-12,12#矿车,2013,6.88,3,227.1,4688.0
2023-11-03,TR-01,01#矿车,2017,8.08,2,219.5,3546.2
2023-11-03,TR-02,02#矿车,2021,8.47,2,217.3,3680.6
2023-11-03,TR-03,03#矿车,2019,8.25,3,219.3,5430.1
2023-11-03,TR-04,04#矿车,2014,6.72,3,217.8,4391.1
2023-11-03,TR-05,05#矿车,2022,8.71,3,231.5,6047.2
2023-11-03,TR-06,06#矿车,2018,8.08,2,229.1,3700.6
2023-11-03,TR-07,07#矿车,2020,8.62,3,217.4,5621.8
2023-11-03,TR-08,08#矿车,2015,8.89,3,222.5,5934.2
2023-11-03,TR-09,09#矿车,2023,8.29,2,220.5,3655.4
2023-11-03,TR-10,10#矿车,2016,8.78,3,229.2,6038.4
2023-11-03,TR-11,11#矿车,2021,8.69,2,227.1,3947.4
2023-11-03,TR-12,12#矿车,2013,6.86,3,227.1,4676.3
2023-11-04,TR-01,01#矿车,2017,7.97,3,219.5,5251.0
2023-11-04,TR-02,02#矿车,2021,8.37,3,217.3,5457.9
2023-11-04,TR-03,03#矿车,2019,8.12,2,219.3,3562.1
2023-11-04,TR-04,04#矿车,2014,6.81,2,217.8,2967.9
2023-11-04,TR-05,05#矿车,2022,8.63,2,231.5,3993.9
2023-11-04,TR-06,06#矿车,2018,8.45,3,229.1,5806.4
2023-11-04,TR-07,07#矿车,2020,8.53,2,217.4,3706.8
2023-11-04,TR-08,08#矿车,2015,8.86,3,222.5,5916.6
2023-11-04,TR-09,09#矿车,2023,7.68,3,220.5,5080.7
2023-11-04,TR-10,10#矿车,2016,9.03,3,229.2,6207.6
2023-11-04,TR-11,11#矿车,2021,8.41,3,227.1,5725.7
2023-11-04,TR-12,12#矿车,2013,6.62,3,227.1,4510.1
2023-11-05,TR-01,01#矿车,2017,8.19,2,219.5,3595.1
2023-11-05,TR-02,02#矿车,2021,8.23,2,217.3,3577.3
2023-11-05,TR-03,03#矿车,2019,8.37,3,219.3,5507.5
2023-11-05,TR-04,04#矿车,2014,7.37,3,217.8,4815.2
2023-11-05,TR-05,05#矿车,2022,8.43,3,231.5,5855.5
2023-11-05,TR-06,06#矿车,2018,7.94,3,229.1,5457.3
2023-11-05,TR-07,07#矿车,2020,8.53,3,217.4,5559.1
2023-11-05,TR-08,08#矿车,2015,8.49,3,222.5,5664.2
2023-11-05,TR-09,09#矿车,2023,7.88,3,220.5,5214.4
2023-11-05,TR-10,10#矿车,2016,8.93,2,229.2,4095.4
2023-11-05,TR-11,11#矿车,2021,8.66,3,227.1,5899.4
2023-11-05,TR-12,12#矿车,2013,7.1,3,227.1,4836.0
2023-11-06,TR-01,01#矿车,2017,8.34,3,219.5,5490.8
2023-11-06,TR-02,02#矿车,2021,8.48,3,217.3,5527.0
2023-11-06,TR-03,03#矿车,2019,8.16,3,219.3,5371.5
2023-11-06,TR-04,04#矿车,2014,7.38,3,217.8,4822.7
2023-11-06,TR-05,05#矿车,2022,8.67,2,231.5,4013.0
2023-11-06,TR-06,06#矿车,2018,8.17,3,229.1,5615.7
2023-11-06,TR-07,07#矿车,2020,8.82,3,217.4,5751.8
2023-11-06,TR-08,08#矿车,2015,8.62,3,222.5,5754.8
2023-11-06,TR-09,09#矿车,2023,7.61,3,220.5,5031.8
2023-11-06,TR-10,10#矿车,2016,8.52,2,229.2,3904.8
2023-11-06,TR-11,11#矿车,2021,8.64,3,227.1,5885.6
2023-11-06,TR-12,12#矿车,2013,7.09,3,227.1,4832.5
2023-11-07,TR-01,01#矿车,2017,8.55,2,219.5,3754.4
2023-11-07,TR-02,02#矿车,2021,8.58,3,217.3,5591.5
2023-11-07,TR-03,03#矿车,2019,8.34,3,219.3,5490.2
2023-11-07,TR-04,04#矿车,2014,7.31,2,217.8,3183.1
2023-11-07,TR-05,05#矿车,2022,8.9,3,231.5,6182.0
2023-11-07,TR-06,06#矿车,2018,7.96,3,229.1,5471.8
2023-11-07,TR-07,07#矿车,2020,8.59,3,217.4,5601.0
2023-11-07,TR-08,08#矿车,2015,8.52,2,222.5,3791.1
2023-11-07,TR-09,09#矿车,2023,8.24,3,220.5,5453.1
2023-11-07,TR-10,10#矿车,2016,8.55,3,229.2,5880.6
2023-11-07,TR-11,11#矿车,2021,8.58,3,227.1,5841.2
2023-11-07,TR-12,12#矿车,2013,6.9,2,227.1,3132.5
2023-11-08,TR-01,01#矿车,2017,8.21,3,219.5,5408.2
2023-11-08,TR-02,02#矿车,2021,7.78,2,217.3,3380.3
2023-11-08,TR-03,03#矿车,2019,8.15,3,219.3,5363.8
2023-11-08,TR-04,04#矿车,2014,7.49,3,217.8,4891.4
2023-11-08,TR-05,05#矿车,2022,8.43,3,231.5,5851.9
2023-11-08,TR-06,06#矿车,2018,7.7,3,229.1,5295.0
2023-11-08,TR-07,07#矿车,2020,9.3,3,217.4,6066.0
2023-11-08,TR-08,08#矿车,2015,8.54,3,222.5,5701.3
2023-11-08,TR-09,09#矿车,2023,8.09,3,220.5,5349.2
2023-11-08,TR-10,10#矿车,2016,8.45,2,229.2,3874.2
2023-11-08,TR-11,11#矿车,2021,8.6,2,227.1,3903.9
2023-11-08,TR-12,12#矿车,2013,7.08,3,227.1,4827.2
2023-11-09,TR-01,01#矿车,2017,8.02,3,219.5,5283.9
2023-11-09,TR-02,02#矿车,2021,8.04,2,217.3,3495.9
2023-11-09,TR-03,03#矿车,2019,8.18,3,219.3,5385.0
2023-11-09,TR-04,04#矿车,2014,7.4,2,217.8,3221.5
2023-11-09,TR-05,05#矿车,2022,8.74,3,231.5,6071.5
2023-11-09,TR-06,06#矿车,2018,8.45,3,229.1,5808.8
2023-11-09,TR-07,07#矿车,2020,8.77,2,217.4,3813.2
2023-11-09,TR-08,08#矿车,2015,8.71,3,222.5,5812.2
2023-11-09,TR-09,09#矿车,2023,7.77,3,220.5,5137.0
2023-11-09,TR-10,10#矿车,2016,8.59,3,229.2,5906.9
2023-11-09,TR-11,11#矿车,2021,8.78,3,227.1,5979.9
2023-11-09,TR-12,12#矿车,2013,7.13,3,227.1,4854.8
2023-11-10,TR-01,01#矿车,2017,7.85,3,219.5,5170.8
2023-11-10,TR-02,02#矿车,2021,7.85,3,217.3,5115.0
2023-11-10,TR-03,03#矿车,2019,7.94,3,219.3,5223.2
2023-11-10,TR-04,04#矿车,2014,7.49,3,217.8,4889.9
2023-11-10,TR-05,05#矿车,2022,8.55,2,231.5,3959.7
2023-11-10,TR-06,06#矿车,2018,7.93,3,229.1,5448.3
2023-11-10,TR-07,07#矿车,2020,8.45,2,217.4,3675.2
2023-11-10,TR-08,08#矿车,2015,8.77,2,222.5,3901.5
2023-11-10,TR-09,09#矿车,2023,8.0,3,220.5,5290.2
2023-11-10,TR-10,10#矿车,2016,8.48,3,229.2,5833.4
2023-11-10,TR-11,11#矿车,2021,8.26,3,227.1,5628.3
2023-11-10,TR-12,12#矿车,2013,7.11,2,227.1,3230.6
2023-11-11,TR-01,01#矿车,2017,8.09,3,219.5,5328.7
2023-11-11,TR-02,02#矿车,2021,7.73,2,217.3,3359.8
2023-11-11,TR-03,03#矿车,2019,7.97,3,219.3,5245.6
2023-11-11,TR-04,04#矿车,2014,7.14,3,217.8,4667.1
2023-11-11,TR-05,05#矿车,2022,8.69,3,231.5,6036.3
2023-11-11,TR-06,06#矿车,2018,7.89,2,229.1,3616.4
2023-11-11,TR-07,07#矿车,2020,8.59,3,217.4,5603.8
2023-11-11,TR-08,08#矿车,2015,8.7,2,222.5,3871.2
2023-11-11,TR-09,09#矿车,2023,7.65,3,220.5,5059.4
2023-11-11,TR-10,10#矿车,2016,8.54,3,229.2,5875.6
2023-11-11,TR-11,11#矿车,2021,8.55,2,227.1,3880.8
2023-11-11,TR-12,12#矿车,2013,7.39,3,227.1,5033.1
2023-11-12,TR-01,01#矿车,2017,8.37,3,219.5,5511.6
2023-11-12,TR-02,02#矿车,2021,8.32,2,217.3,3617.7
2023-11-12,TR-03,03#矿车,2019,8.48,3,219.3,5582.1
2023-11-12,TR-04,04#矿车,2014,7.02,2,217.8,3058.2
2023-11-12,TR-05,05#矿车,2022,8.13,2,231.5,3765.5
2023-11-12,TR-06,06#矿车,2018,8.13,2,229.1,3726.9
2023-11-12,TR-07,07#矿车,2020,8.75,3,217.4,5705.8
2023-11-12,TR-08,08#矿车,2015,8.53,3,222.5,5695.8
2023-11-12,TR-09,09#矿车,2023,7.68,3,220.5,5083.3
2023-11-12,TR-10,10#矿车,2016,8.54,3,229.2,5876.5
2023-11-12,TR-11,11#矿车,2021,8.57,3,227.1,5840.2
2023-11-12,TR-12,12#矿车,2013,7.32,2,227.1,3324.8
2023-11-13,TR-01,01#矿车,2017,8.41,2,219.5,3693.9
2023-11-13,TR-02,02#矿车,2021,8.68,3,217.3,5659.2
2023-11-13,TR-03,03#矿车,2019,8.53,3,219.3,5609.7
2023-11-13,TR-04,04#矿车,2014,7.35,3,217.8,4801.7
2023-11-13,TR-05,05#矿车,2022,7.88,2,231.5,3648.9
2023-11-13,TR-06,06#矿车,2018,8.02,2,229.1,3673.8
2023-11-13,TR-07,07#矿车,2020,8.95,2,217.4,3889.4
2023-11-13,TR-08,08#矿车,2015,8.72,2,222.5,3880.5
2023-11-13,TR-09,09#矿车,2023,7.54,2,220.5,3324.3
2023-11-13,TR-10,10#矿车,2016,8.11,3,229.2,5580.7
2023-11-13,TR-11,11#矿车,2021,8.04,2,227.1,3651.9
2023-11-13,TR-12,12#矿车,2013,7.01,2,227.1,3184.0
2023-11-14,TR-01,01#矿车,2017,7.97,2,219.5,3500.7
2023-11-14,TR-02,02#矿车,2021,8.03,3,217.3,5238.0
2023-11-14,TR-03,03#矿车,2019,8.33,3,219.3,5479.1
2023-11-14,TR-04,04#矿车,2014,7.26,3,217.8,4745.3
2023-11-14,TR-05,05#矿车,2022,8.29,3,231.5,5760.4
2023-11-14,TR-06,06#矿车,2018,7.92,3,229.1,5443.3
2023-11-14,TR-07,07#矿车,2020,8.61,3,217.4,5615.7
2023-11-14,TR-08,08#矿车,2015,8.41,3,222.5,5610.8
2023-11-14,TR-09,09#矿车,2023,7.98,3,220.5,5277.2
2023-11-14,TR-10,10#矿车,2016,8.33,2,229.2,3820.1
2023-11-14,TR-11,11#矿车,2021,8.8,2,227.1,3997.3
2023-11-14,TR-12,12#矿车,2013,7.22,3,227.1,4922.3
2023-11-15,TR-01,01#矿车,2017,8.23,3,219.5,5423.2
2023-11-15,TR-02,02#矿车,2021,8.31,2,217.3,3610.9
2023-11-15,TR-03,03#矿车,2019,8.35,2,219.3,3660.7
2023-11-15,TR-04,04#矿车,2014,7.27,2,217.8,3168.2
2023-11-15,TR-05,05#矿车,2022,8.28,3,231.5,5754.2
2023-11-15,TR-06,06#矿车,2018,8.18,2,229.1,3749.4
2023-11-15,TR-07,07#矿车,2020,8.61,3,217.4,5615.3
2023-11-15,TR-08,08#矿车,2015,8.67,2,222.5,3856.4
2023-11-15,TR-09,09#矿车,2023,7.66,2,220.5,3378.7
2023-11-15,TR-10,10#矿车,2016,8.28,3,229.2,5692.8
2023-11-15,TR-11,11#矿车,2021,8.39,3,227.1,5717.1
2023-11-15,TR-12,12#矿车,2013,7.16,3,227.1,4877.9
2023-11-16,TR-01,01#矿车,2017,8.67,2,219.5,3804.9
2023-11-16,TR-02,02#矿车,2021,8.22,3,217.3,5357.5
2023-11-16,TR-03,03#矿车,2019,8.04,3,219.3,5287.8
2023-11-16,TR-04,04#矿车,2014,7.52,3,217.8,4912.1
2023-11-16,TR-05,05#矿车,2022,8.87,3,231.5,6162.1
2023-11-16,TR-06,06#矿车,2018,8.19,2,229.1,3753.5
2023-11-16,TR-07,07#矿车,2020,8.84,2,217.4,3843.6
2023-11-16,TR-08,08#矿车,2015,8.78,2,222.5,3908.2
2023-11-16,TR-09,09#矿车,2023,8.12,3,220.5,5369.6
2023-11-16,TR-10,10#矿车,2016,8.42,3,229.2,5789.8
2023-11-16,TR-11,11#矿车,2021,8.75,3,227.1,5957.6
2023-11-16,TR-12,12#矿车,2013,6.81,3,227.1,4638.7
2023-11-17,TR-01,01#矿车,2017,8.81,2,219.5,3868.4
2023-11-17,TR-02,02#矿车,2021,8.54,2,217.3,3709.8
2023-11-17,TR-03,03#矿车,2019,8.28,2,219.3,3631.3
2023-11-17,TR-04,04#矿车,2014,7.36,2,217.8,3205.2
2023-11-17,TR-05,05#矿车,2022,8.3,2,231.5,3844.2
2023-11-17,TR-06,06#矿车,2018,7.96,3,229.1,5469.4
2023-11-17,TR-07,07#矿车,2020,8.19,3,217.4,5339.6
2023-11-17,TR-08,08#矿车,2015,8.52,2,222.5,3792.0
2023-11-17,TR-09,09#矿车,2023,8.04,3,220.5,5317.9
2023-11-17,TR-10,10#矿车,2016,8.23,3,229.2,5660.9
2023-11-17,TR-11,11#矿车,2021,8.67,3,227.1,5904.7
2023-11-17,TR-12,12#矿车,2013,6.4,3,227.1,4360.7
2023-11-18,TR-01,01#矿车,2017,7.87,3,219.5,5186.4
2023-11-18,TR-02,02#矿车,2021,8.32,3,217.3,5425.7
2023-11-18,TR-03,03#矿车,2019,8.24,3,219.3,5420.7
2023-11-18,TR-04,04#矿车,2014,7.22,3,217.8,4718.9
2023-11-18,TR-05,05#矿车,2022,8.61,3,231.5,5981.8
2023-11-18,TR-06,06#矿车,2018,8.2,3,229.1,5633.9
2023-11-18,TR-07,07#矿车,2020,9.24,3,217.4,6022.0
2023-11-18,TR-08,08#矿车,2015,8.86,3,222.5,5916.3
2023-11-18,TR-09,09#矿车,2023,8.1,3,220.5,5357.7
2023-11-18,TR-10,10#矿车,2016,8.26,3,229.2,5679.8
2023-11-18,TR-11,11#矿车,2021,8.57,3,227.1,5840.3
2023-11-18,TR-12,12#矿车,2013,6.9,3,227.1,4701.3
2023-11-19,TR-01,01#矿车,2017,8.17,3,219.5,5377.4
2023-11-19,TR-02,02#矿车,2021,8.21,2,217.3,3569.6
2023-11-19,TR-03,03#矿车,2019,8.41,2,219.3,3690.2
2023-11-19,TR-04,04#矿车,2014,7.31,3,217.8,4774.8
2023-11-19,TR-05,05#矿车,2022,8.72,2,231.5,4038.3
2023-11-19,TR-06,06#矿车,2018,7.58,3,229.1,5208.8
2023-11-19,TR-07,07#矿车,2020,8.49,3,217.4,5538.4
2023-11-19,TR-08,08#矿车,2015,8.9,3,222.5,5938.0
2023-11-19,TR-09,09#矿车,2023,7.94,3,220.5,5249.3
2023-11-19,TR-10,10#矿车,2016,8.28,2,229.2,3797.8
2023-11-19,TR-11,11#矿车,2021,8.41,2,227.1,3817.8
2023-11-19,TR-12,12#矿车,2013,7.05,2,227.1,3202.2
2023-11-20,TR-01,01#矿车,2017,8.01,2,219.5,3515.2
2023-11-20,TR-02,02#矿车,2021,8.15,2,217.3,3541.8
2023-11-20,TR-03,03#矿车,2019,8.43,2,219.3,3696.9
2023-11-20,TR-04,04#矿车,2014,7.45,3,217.8,4868.3
2023-11-20,TR-05,05#矿车,2022,8.86,2,231.5,4104.3
2023-11-20,TR-06,06#矿车,2018,7.72,3,229.1,5302.5
2023-11-20,TR-07,07#矿车,2020,8.75,2,217.4,3805.2
2023-11-20,TR-08,08#矿车,2015,8.47,2,222.5,3768.9
2023-11-20,TR-09,09#矿车,2023,7.64,3,220.5,5054.4
2023-11-20,TR-10,10#矿车,2016,8.69,3,229.2,5978.7
2023-11-20,TR-11,11#矿车,2021,8.74,3,227.1,5955.0
2023-11-20,TR-12,12#矿车,2013,6.9,3,227.1,4698.8
2023-11-21,TR-01,01#矿车,2017,8.23,2,219.5,3613.7
2023-11-21,TR-02,02#矿车,2021,8.17,3,217.3,5328.7
2023-11-21,TR-03,03#矿车,2019,8.44,3,219.3,5552.4
2023-11-21,TR-04,04#矿车,2014,7.28,2,217.8,3171.1
2023-11-21,TR-05,05#矿车,2022,8.74,3,231.5,6070.2
2023-11-21,TR-06,06#矿车,2018,8.31,2,229.1,3806.3
2023-11-21,TR-07,07#矿车,2020,8.56,2,217.4,3721.4
2023-11-21,TR-08,08#矿车,2015,8.71,3,222.5,5816.2
2023-11-21,TR-09,09#矿车,2023,7.6,2,220.5,3351.8
2023-11-21,TR-10,10#矿车,2016,8.49,2,229.2,3891.6
2023-11-21,TR-11,11#矿车,2021,8.49,2,227.1,3855.5
2023-11-21,TR-12,12#矿车,2013,7.05,3,227.1,4804.6
2023-11-22,TR-01,01#矿车,2017,8.23,3,219.5,5422.9
2023-11-22,TR-02,02#矿车,2021,8.01,3,217.3,5222.7
2023-11-22,TR-03,03#矿车,2019,8.07,3,219.3,5310.4
2023-11-22,TR-04,04#矿车,2014,7.36,3,217.8,4810.0
2023-11-22,TR-05,05#矿车,2022,8.79,2,231.5,4070.9
2023-11-22,TR-06,06#矿车,2018,7.59,3,229.1,5214.7
2023-11-22,TR-07,07#矿车,2020,8.35,3,217.4,5442.5
2023-11-22,TR-08,08#矿车,2015,8.53,3,222.5,5693.4
2023-11-22,TR-09,09#矿车,2023,8.08,3,220.5,5345.2
2023-11-22,TR-10,10#矿车,2016,8.46,3,229.2,5817.9
2023-11-22,TR-11,11#矿车,2021,8.45,2,227.1,3835.4
2023-11-22,TR-12,12#矿车,2013,7.16,2,227.1,3254.5
2023-11-23,TR-01,01#矿车,2017,8.15,2,219.5,3576.2
2023-11-23,TR-02,02#矿车,2021,7.96,3,217.3,5190.2
2023-11-23,TR-03,03#矿车,2019,8.44,2,219.3,3701.2
2023-11-23,TR-04,04#矿车,2014,7.53,2,217.8,3277.3
2023-11-23,TR-05,05#矿车,2022,8.95,2,231.5,4145.5
2023-11-23,TR-06,06#矿车,2018,8.03,2,229.1,3681.0
2023-11-23,TR-07,07#矿车,2020,8.42,2,217.4,3658.8
2023-11-23,TR-08,08#矿车,2015,8.72,2,222.5,3879.3
2023-11-23,TR-09,09#矿车,2023,8.19,3,220.5,5419.7
2023-11-23,TR-10,10#矿车,2016,8.5,3,229.2,5846.9
2023-11-23,TR-11,11#矿车,2021,8.34,2,227.1,3786.5
2023-11-23,TR-12,12#矿车,2013,7.06,2,227.1,3205.3
2023-11-24,TR-01,01#矿车,2017,8.25,2,219.5,3624.1
2023-11-24,TR-02,02#矿车,2021,8.24,3,217.3,5372.4
2023-11-24,TR-03,03#矿车,2019,8.12,3,219.3,5342.0
2023-11-24,TR-04,04#矿车,2014,7.19,2,217.8,3130.0
2023-11-24,TR-05,05#矿车,2022,8.76,2,231.5,4057.4
2023-11-24,TR-06,06#矿车,2018,7.82,3,229.1,5371.7
2023-11-24,TR-07,07#矿车,2020,8.56,2,217.4,3720.7
2023-11-24,TR-08,08#矿车,2015,8.73,3,222.5,5826.2
2023-11-24,TR-09,09#矿车,2023,8.15,3,220.5,5390.0
2023-11-24,TR-10,10#矿车,2016,8.43,3,229.2,5798.1
2023-11-24,TR-11,11#矿车,2021,8.72,3,227.1,5938.0
2023-11-24,TR-12,12#矿车,2013,6.7,3,227.1,4568.1
2023-11-25,TR-01,01#矿车,2017,8.45,2,219.5,3711.3
2023-11-25,TR-02,02#矿车,2021,8.35,2,217.3,3629.5
2023-11-25,TR-03,03#矿车,2019,8.11,3,219.3,5336.3
2023-11-25,TR-04,04#矿车,2014,7.09,3,217.8,4633.2
2023-11-25,TR-05,05#矿车,2022,8.98,2,231.5,4156.0
2023-11-25,TR-06,06#矿车,2018,7.61,3,229.1,5232.7
2023-11-25,TR-07,07#矿车,2020,8.55,2,217.4,3717.8
2023-11-25,TR-08,08#矿车,2015,8.75,3,222.5,5843.3
2023-11-25,TR-09,09#矿车,2023,8.32,2,220.5,3671.0
2023-11-25,TR-10,10#矿车,2016,8.59,3,229.2,5905.7
2023-11-25,TR-11,11#矿车,2021,8.76,3,227.1,5964.8
2023-11-25,TR-12,12#矿车,2013,6.74,3,227.1,4591.6
2023-11-26,TR-01,01#矿车,2017,8.29,2,219.5,3641.4
2023-11-26,TR-02,02#矿车,2021,8.22,2,217.3,3572.5
2023-11-26,TR-03,03#矿车,2019,8.21,3,219.3,5401.3
2023-11-26,TR-04,04#矿车,2014,6.9,3,217.8,4505.8
2023-11-26,TR-05,05#矿车,2022,9.19,3,231.5,6384.8
2023-11-26,TR-06,06#矿车,2018,8.31,2,229.1,3809.6
2023-11-26,TR-07,07#矿车,2020,8.78,2,217.4,3818.2
2023-11-26,TR-08,08#矿车,2015,8.85,3,222.5,5910.6
2023-11-26,TR-09,09#矿车,2023,8.02,3,220.5,5306.9
2023-11-26,TR-10,10#矿车,2016,8.41,2,229.2,3853.6
2023-11-26,TR-11,11#矿车,2021,8.9,2,227.1,4043.1
2023-11-26,TR-12,12#矿车,2013,6.82,2,227.1,3096.3
2023-11-27,TR-01,01#矿车,2017,7.8,3,219.5,5137.0
2023-11-27,TR-02,02#矿车,2021,8.56,2,217.3,3719.3
2023-11-27,TR-03,03#矿车,2019,8.59,3,219.3,5654.9
2023-11-27,TR-04,04#矿车,2014,6.93,2,217.8,3017.7
2023-11-27,TR-05,05#矿车,2022,9.02,2,231.5,4177.9
2023-11-27,TR-06,06#矿车,2018,8.24,2,229.1,3774.2
2023-11-27,TR-07,07#矿车,2020,8.84,2,217.4,3842.2
2023-11-27,TR-08,08#矿车,2015,9.03,3,222.5,6024.7
2023-11-27,TR-09,09#矿车,2023,7.55,3,220.5,4997.1
2023-11-27,TR-10,10#矿车,2016,8.16,3,229.2,5611.8
2023-11-27,TR-11,11#矿车,2021,8.26,3,227.1,5625.1
2023-11-27,TR-12,12#矿车,2013,7.06,3,227.1,4808.4
2023-11-28,TR-01,01#矿车,2017,8.15,2,219.5,3579.5
2023-11-28,TR-02,02#矿车,2021,8.31,3,217.3,5419.1
2023-11-28,TR-03,03#矿车,2019,8.33,2,219.3,3655.1
2023-11-28,TR-04,04#矿车,2014,6.93,2,217.8,3019.4
2023-11-28,TR-05,05#矿车,2022,8.64,2,231.5,3999.8
2023-11-28,TR-06,06#矿车,2018,7.83,3,229.1,5382.8
2023-11-28,TR-07,07#矿车,2020,8.54,3,217.4,5568.5
2023-11-28,TR-08,08#矿车,2015,9.15,2,222.5,4071.6
2023-11-28,TR-09,09#矿车,2023,7.55,2,220.5,3330.6
2023-11-28,TR-10,10#矿车,2016,6.35,1,229.2,1456.6
2023-11-28,TR-11,11#矿车,2021,8.5,3,227.1,5788.0
2023-11-28,TR-12,12#矿车,2013,7.03,3,227.1,4791.1
2023-11-29,TR-01,01#矿车,2017,8.03,3,219.5,5286.3
2023-11-29,TR-02,02#矿车,2021,8.64,2,217.3,3754.6
2023-11-29,TR-03,03#矿车,2019,8.41,3,219.3,5533.5
2023-11-29,TR-04,04#矿车,2014,7.07,2,217.8,3079.0
2023-11-29,TR-05,05#矿车,2022,8.58,3,231.5,5959.0
2023-11-29,TR-06,06#矿车,2018,7.66,3,229.1,5268.0
2023-11-29,TR-07,07#矿车,2020,9.22,3,217.4,6011.9
2023-11-29,TR-08,08#矿车,2015,8.68,3,222.5,5794.4
2023-11-29,TR-09,09#矿车,2023,7.82,2,220.5,3450.1
2023-11-29,TR-10,10#矿车,2016,8.15,3,229.2,5605.5
2023-11-29,TR-11,11#矿车,2021,8.71,3,227.1,5932.5
2023-11-29,TR-12,12#矿车,2013,7.29,3,227.1,4969.9
2023-11-30,TR-01,01#矿车,2017,7.58,3,219.5,4989.1
2023-11-30,TR-02,02#矿车,2021,8.47,3,217.3,5524.2
2023-11-30,TR-03,03#矿车,2019,8.69,3,219.3,5720.1
2023-11-30,TR-04,04#矿车,2014,7.03,3,217.8,4589.4
2023-11-30,TR-05,05#矿车,2022,8.69,2,231.5,4024.0
2023-11-30,TR-06,06#矿车,2018,8.09,3,229.1,5559.0
2023-11-30,TR-07,07#矿车,2020,9.06,3,217.4,5907.4
2023-11-30,TR-08,08#矿车,2015,8.68,3,222.5,5790.9
2023-11-30,TR-09,09#矿车,2023,7.98,3,220.5,5282.0
2023-11-30,TR-10,10#矿车,2016,8.04,3,229.2,5530.3
2023-11-30,TR-11,11#矿车,2021,8.94,3,227.1,6092.5
2023-11-30,TR-12,12#矿车,2013,6.97,3,227.1,4751.7
2023-12-01,TR-01,01#矿车,2017,8.1,3,219.5,5336.8
2023-12-01,TR-02,02#矿车,2021,8.44,2,217.3,3669.9
2023-12-01,TR-03,03#矿车,2019,8.53,2,219.3,3741.9
2023-12-01,TR-04,04#矿车,2014,7.09,2,217.8,3085.6
2023-12-01,TR-05,05#矿车,2022,8.36,2,231.5,3869.5
2023-12-01,TR-06,06#矿车,2018,8.23,3,229.1,5657.9
2023-12-01,TR-07,07#矿车,2020,8.42,3,217.4,5492.9
2023-12-01,TR-08,08#矿车,2015,9.17,2,222.5,4082.8
2023-12-01,TR-09,09#矿车,2023,8.18,3,220.5,5414.6
2023-12-01,TR-10,10#矿车,2016,8.59,3,229.2,5907.0
2023-12-01,TR-11,11#矿车,2021,8.79,2,227.1,3993.0
2023-12-01,TR-12,12#矿车,2013,6.9,3,227.1,4699.7
2023-12-02,TR-01,01#矿车,2017,8.05,3,219.5,5304.5
2023-12-02,TR-02,02#矿车,2021,8.5,2,217.3,3695.8
2023-12-02,TR-03,03#矿车,2019,8.15,2,219.3,3572.7
2023-12-02,TR-04,04#矿车,2014,6.76,3,217.8,4414.7
2023-12-02,TR-05,05#矿车,2022,8.89,3,231.5,6177.3
2023-12-02,TR-06,06#矿车,2018,7.95,3,229.1,5462.4
2023-12-02,TR-07,07#矿车,2020,8.1,2,217.4,3522.0
2023-12-02,TR-08,08#矿车,2015,8.83,2,222.5,3928.5
2023-12-02,TR-09,09#矿车,2023,8.15,3,220.5,5394.1
2023-12-02,TR-10,10#矿车,2016,8.16,2,229.2,3742.7
2023-12-02,TR-11,11#矿车,2021,8.91,2,227.1,4047.2
2023-12-02,TR-12,12#矿车,2013,6.72,3,227.1,4581.3
2023-12-03,TR-01,01#矿车,2017,8.25,2,219.5,3620.9
2023-12-03,TR-02,02#矿车,2021,8.63,2,217.3,3750.3
2023-12-03,TR-03,03#矿车,2019,8.05,2,219.3,3530.9
2023-12-03,TR-04,04#矿车,2014,6.72,3,217.8,4391.9
2023-12-03,TR-05,05#矿车,2022,8.84,3,231.5,6140.8
2023-12-03,TR-06,06#矿车,2018,7.81,3,229.1,5367.5
2023-12-03,TR-07,07#矿车,2020,8.85,2,217.4,3845.2
2023-12-03,TR-08,08#矿车,2015,8.71,2,222.5,3874.8
2023-12-03,TR-09,09#矿车,2023,8.21,3,220.5,5433.5
2023-12-03,TR-10,10#矿车,2016,8.35,2,229.2,3827.5
2023-12-03,TR-11,11#矿车,2021,9.03,3,227.1,6152.7
2023-12-03,TR-12,12#矿车,2013,6.72,3,227.1,4580.3
2023-12-04,TR-01,01#矿车,2017,8.36,3,219.5,5502.7
2023-12-04,TR-02,02#矿车,2021,8.3,2,217.3,3605.9
2023-12-04,TR-03,03#矿车,2019,8.23,3,219.3,5415.0
2023-12-04,TR-04,04#矿车,2014,7.34,3,217.8,4792.0
2023-12-04,TR-05,05#矿车,2022,8.69,3,231.5,6033.9
2023-12-04,TR-06,06#矿车,2018,7.69,3,229.1,5282.3
2023-12-04,TR-07,07#矿车,2020,9.02,3,217.4,5881.4
2023-12-04,TR-08,08#矿车,2015,9.15,3,222.5,6104.3
2023-12-04,TR-09,09#矿车,2023,8.09,2,220.5,3568.7
2023-12-04,TR-10,10#矿车,2016,8.82,3,229.2,6064.0
2023-12-04,TR-11,11#矿车,2021,9.12,2,227.1,4143.2
2023-12-04,TR-12,12#矿车,2013,6.7,3,227.1,4565.6
2023-12-05,TR-01,01#矿车,2017,8.04,3,219.5,5298.2
2023-12-05,TR-02,02#矿车,2021,8.36,3,217.3,5448.2
2023-12-05,TR-03,03#矿车,2019,8.05,2,219.3,3531.1
2023-12-05,TR-04,04#矿车,2014,7.34,3,217.8,4793.0
2023-12-05,TR-05,05#矿车,2022,8.46,2,231.5,3918.8
2023-12-05,TR-06,06#矿车,2018,8.49,3,229.1,5838.4
2023-12-05,TR-07,07#矿车,2020,8.78,3,217.4,5724.8
2023-12-05,TR-08,08#矿车,2015,8.82,2,222.5,3924.6
2023-12-05,TR-09,09#矿车,2023,7.69,3,220.5,5087.0
2023-12-05,TR-10,10#矿车,2016,8.52,3,229.2,5861.0
2023-12-05,TR-11,11#矿车,2021,8.78,2,227.1,3989.0
2023-12-05,TR-12,12#矿车,2013,6.71,3,227.1,4572.6
2023-12-06,TR-01,01#矿车,2017,7.89,2,219.5,3465.3
2023-12-06,TR-02,02#矿车,2021,8.44,2,217.3,3666.8
2023-12-06,TR-03,03#矿车,2019,8.52,3,219.3,5605.5
2023-12-06,TR-04,04#矿车,2014,7.11,3,217.8,4645.8
2023-12-06,TR-05,05#矿车,2022,8.45,3,231.5,5872.6
2023-12-06,TR-06,06#矿车,2018,8.22,3,229.1,5647.9
2023-12-06,TR-07,07#矿车,2020,8.71,3,217.4,5680.3
2023-12-06,TR-08,08#矿车,2015,8.63,3,222.5,5763.3
2023-12-06,TR-09,09#矿车,2023,7.6,3,220.5,5030.7
2023-12-06,TR-10,10#矿车,2016,8.52,2,229.2,3904.0
2023-12-06,TR-11,11#矿车,2021,8.48,3,227.1,5775.3
2023-12-06,TR-12,12#矿车,2013,7.1,3,227.1,4835.5
2023-12-07,TR-01,01#矿车,2017,7.6,3,219.5,5007.6
2023-12-07,TR-02,02#矿车,2021,8.3,3,217.3,5411.3
2023-12-07,TR-03,03#矿车,2019,8.8,2,219.3,3859.1
2023-12-07,TR-04,04#矿车,2014,7.01,3,217.8,4581.4
2023-12-07,TR-05,05#矿车,2022,8.91,2,231.5,4127.9
2023-12-07,TR-06,06#矿车,2018,8.04,3,229.1,5528.7
2023-12-07,TR-07,07#矿车,2020,8.86,2,217.4,3850.6
2023-12-07,TR-08,08#矿车,2015,8.83,3,222.5,5895.1
2023-12-07,TR-09,09#矿车,2023,7.9,2,220.5,3483.3
2023-12-07,TR-10,10#矿车,2016,8.44,2,229.2,3869.8
2023-12-07,TR-11,11#矿车,2021,8.16,2,227.1,3706.1
2023-12-07,TR-12,12#矿车,2013,6.69,3,227.1,4559.5
2023-12-08,TR-01,01#矿车,2017,8.0,3,219.5,5271.6
2023-12-08,TR-02,02#矿车,2021,8.46,3,217.3,5515.0
2023-12-08,TR-03,03#矿车,2019,8.28,3,219.3,5447.9
2023-12-08,TR-04,04#矿车,2014,7.54,3,217.8,4922.6
2023-12-08,TR-05,05#矿车,2022,8.44,2,231.5,3906.1
2023-12-08,TR-06,06#矿车,2018,8.07,3,229.1,5548.2
2023-12-08,TR-07,07#矿车,2020,8.58,3,217.4,5592.1
2023-12-08,TR-08,08#矿车,2015,8.7,2,222.5,3871.9
2023-12-08,TR-09,09#矿车,2023,8.08,3,220.5,5345.4
2023-12-08,TR-10,10#矿车,2016,8.11,2,229.2,3717.2
2023-12-08,TR-11,11#矿车,2021,8.4,2,227.1,3816.8
2023-12-08,TR-12,12#矿车,2013,6.91,2,227.1,3137.8
2023-12-09,TR-01,01#矿车,2017,8.32,2,219.5,3652.8
2023-12-09,TR-02,02#矿车,2021,7.57,3,217.3,4934.6
2023-12-09,TR-03,03#矿车,2019,8.18,2,219.3,3589.9
2023-12-09,TR-04,04#矿车,2014,7.7,3,217.8,5031.1
2023-12-09,TR-05,05#矿车,2022,8.29,3,231.5,5755.1
2023-12-09,TR-06,06#矿车,2018,8.55,2,229.1,3917.2
2023-12-09,TR-07,07#矿车,2020,8.88,3,217.4,5789.1
2023-12-09,TR-08,08#矿车,2015,8.66,3,222.5,5783.8
2023-12-09,TR-09,09#矿车,2023,8.06,3,220.5,5331.2
2023-12-09,TR-10,10#矿车,2016,8.27,3,229.2,5688.2
2023-12-09,TR-11,11#矿车,2021,8.83,3,227.1,6015.5
2023-12-09,TR-12,12#矿车,2013,7.26,3,227.1,4945.7
2023-12-10,TR-01,01#矿车,2017,8.27,3,219.5,5446.1
2023-12-10,TR-02,02#矿车,2021,7.79,2,217.3,3386.5
2023-12-10,TR-03,03#矿车,2019,8.45,3,219.3,5558.6
2023-12-10,TR-04,04#矿车,2014,6.69,3,217.8,4370.5
2023-12-10,TR-05,05#矿车,2022,7.86,2,231.5,3641.2
2023-12-10,TR-06,06#矿车,2018,8.63,2,229.1,3954.4
2023-12-10,TR-07,07#矿车,2020,8.63,3,217.4,5628.3
2023-12-10,TR-08,08#矿车,2015,8.77,3,222.5,5855.3
2023-12-10,TR-09,09#矿车,2023,7.97,3,220.5,5273.1
2023-12-10,TR-10,10#矿车,2016,8.53,3,229.2,5868.8
2023-12-10,TR-11,11#矿车,2021,8.33,2,227.1,3782.0
2023-12-10,TR-12,12#矿车,2013,7.08,3,227.1,4821.7
2023-12-11,TR-01,01#矿车,2017,7.84,3,219.5,5165.8
2023-12-11,TR-02,02#矿车,2021,8.46,2,217.3,3678.9
2023-12-11,TR-03,03#矿车,2019,8.26,3,219.3,5434.3
2023-12-11,TR-04,04#矿车,2014,6.9,3,217.8,4505.5
2023-12-11,TR-05,05#矿车,2022,8.16,2,231.5,3777.6
2023-12-11,TR-06,06#矿车,2018,8.55,2,229.1,3917.1
2023-12-11,TR-07,07#矿车,2020,9.02,2,217.4,3920.1
2023-12-11,TR-08,08#矿车,2015,8.76,2,222.5,3896.2
2023-12-11,TR-09,09#矿车,2023,8.04,2,220.5,3547.9
2023-12-11,TR-10,10#矿车,2016,8.2,2,229.2,3761.5
2023-12-11,TR-11,11#矿车,2021,8.31,3,227.1,5659.6
2023-12-11,TR-12,12#矿车,2013,7.01,3,227.1,4774.9
2023-12-12,TR-01,01#矿车,2017,8.23,3,219.5,5422.3
2023-12-12,TR-02,02#矿车,2021,8.06,2,217.3,3501.7
2023-12-12,TR-03,03#矿车,2019,8.41,3,219.3,5535.9
2023-12-12,TR-04,04#矿车,2014,6.84,3,217.8,4468.9
2023-12-12,TR-05,05#矿车,2022,8.19,3,231.5,5687.3
2023-12-12,TR-06,06#矿车,2018,8.25,2,229.1,3778.0
2023-12-12,TR-07,07#矿车,2020,8.9,3,217.4,5806.0
2023-12-12,TR-08,08#矿车,2015,8.54,3,222.5,5701.6
2023-12-12,TR-09,09#矿车,2023,7.91,2,220.5,3490.3
2023-12-12,TR-10,10#矿车,2016,8.24,3,229.2,5666.1
2023-12-12,TR-11,11#矿车,2021,8.54,3,227.1,5819.2
2023-12-12,TR-12,12#矿车,2013,6.78,2,227.1,3079.1
2023-12-13,TR-01,01#矿车,2017,8.27,3,219.5,5448.7
2023-12-13,TR-02,02#矿车,2021,8.1,3,217.3,5280.7
2023-12-13,TR-03,03#矿车,2019,8.13,2,219.3,3564.5
2023-12-13,TR-04,04#矿车,2014,6.92,3,217.8,4518.0
2023-12-13,TR-05,05#矿车,2022,4.79,1,231.5,1109.3
2023-12-13,TR-06,06#矿车,2018,8.13,3,229.1,5589.8
2023-12-13,TR-07,07#矿车,2020,8.5,3,217.4,5539.7
2023-12-13,TR-08,08#矿车,2015,8.99,2,222.5,4001.4
2023-12-13,TR-09,09#矿车,2023,7.82,3,220.5,5173.6
2023-12-13,TR-10,10#矿车,2016,8.29,3,229.2,5701.8
2023-12-13,TR-11,11#矿车,2021,8.48,2,227.1,3851.5
2023-12-13,TR-12,12#矿车,2013,6.81,3,227.1,4637.1
2023-12-14,TR-01,01#矿车,2017,8.14,2,219.5,3573.8
2023-12-14,TR-02,02#矿车,2021,8.54,3,217.3,5569.2
2023-12-14,TR-03,03#矿车,2019,8.57,2,219.3,3758.6
2023-12-14,TR-04,04#矿车,2014,7.65,2,217.8,3332.5
2023-12-14,TR-05,05#矿车,2022,8.57,3,231.5,5954.1
2023-12-14,TR-06,06#矿车,2018,7.69,3,229.1,5288.3
2023-12-14,TR-07,07#矿车,2020,8.64,3,217.4,5630.8
2023-12-14,TR-08,08#矿车,2015,8.99,2,222.5,3999.8
2023-12-14,TR-09,09#矿车,2023,7.73,3,220.5,5112.3
2023-12-14,TR-10,10#矿车,2016,8.69,3,229.2,5977.9
2023-12-14,TR-11,11#矿车,2021,8.69,3,227.1,5921.1
2023-12-14,TR-12,12#矿车,2013,7.15,3,227.1,4868.4
2023-12-15,TR-01,01#矿车,2017,8.44,3,219.5,5556.6
2023-12-15,TR-02,02#矿车,2021,7.78,2,217.3,3379.8
2023-12-15,TR-03,03#矿车,2019,8.67,3,219.3,5703.3
2023-12-15,TR-04,04#矿车,2014,7.35,2,217.8,3199.9
2023-12-15,TR-05,05#矿车,2022,8.51,3,231.5,5911.0
2023-12-15,TR-06,06#矿车,2018,7.69,3,229.1,5284.1
2023-12-15,TR-07,07#矿车,2020,8.83,3,217.4,5759.2
2023-12-15,TR-08,08#矿车,2015,8.86,3,222.5,5913.9
2023-12-15,TR-09,09#矿车,2023,7.86,2,220.5,3467.0
2023-12-15,TR-10,10#矿车,2016,8.81,2,229.2,4041.3
2023-12-15,TR-11,11#矿车,2021,7.98,2,227.1,3622.8
2023-12-15,TR-12,12#矿车,2013,6.74,2,227.1,3062.8
2023-12-16,TR-01,01#矿车,2017,8.42,3,219.5,5543.5
2023-12-16,TR-02,02#矿车,2021,8.6,3,217.3,5608.7
2023-12-16,TR-03,03#矿车,2019,8.63,3,219.3,5678.1
2023-12-16,TR-04,04#矿车,2014,6.83,3,217.8,4461.2
2023-12-16,TR-05,05#矿车,2022,8.69,2,231.5,4022.3
2023-12-16,TR-06,06#矿车,2018,7.78,2,229.1,3564.9
2023-12-16,TR-07,07#矿车,2020,8.9,2,217.4,3867.2
2023-12-16,TR-08,08#矿车,2015,8.73,3,222.5,5827.7
2023-12-16,TR-09,09#矿车,2023,7.93,2,220.5,3497.9
2023-12-16,TR-10,10#矿车,2016,8.41,3,229.2,5784.5
2023-12-16,TR-11,11#矿车,2021,7.83,3,227.1,5335.2
2023-12-16,TR-12,12#矿车,2013,6.59,3,227.1,4490.7
2023-12-17,TR-01,01#矿车,2017,8.28,3,219.5,5453.1
2023-12-17,TR-02,02#矿车,2021,8.44,3,217.3,5500.8
2023-12-17,TR-03,03#矿车,2019,8.57,2,219.3,3757.3
2023-12-17,TR-04,04#矿车,2014,6.74,3,217.8,4401.0
2023-12-17,TR-05,05#矿车,2022,8.63,2,231.5,3994.3
2023-12-17,TR-06,06#矿车,2018,7.69,3,229.1,5281.9
2023-12-17,TR-07,07#矿车,2020,8.8,3,217.4,5736.7
2023-12-17,TR-08,08#矿车,2015,8.96,3,222.5,5978.1
2023-12-17,TR-09,09#矿车,2023,7.5,2,220.5,3307.4
2023-12-17,TR-10,10#矿车,2016,8.52,3,229.2,5857.9
2023-12-17,TR-11,11#矿车,2021,8.55,3,227.1,5827.0
2023-12-17,TR-12,12#矿车,2013,7.11,2,227.1,3229.1
2023-12-18,TR-01,01#矿车,2017,8.2,3,219.5,5401.2
2023-12-18,TR-02,02#矿车,2021,8.25,3,217.3,5375.1
2023-12-18,TR-03,03#矿车,2019,8.07,3,219.3,5306.8
2023-12-18,TR-04,04#矿车,2014,7.09,2,217.8,3088.9
2023-12-18,TR-05,05#矿车,2022,8.69,2,231.5,4021.7
2023-12-18,TR-06,06#矿车,2018,8.43,2,229.1,3863.1
2023-12-18,TR-07,07#矿车,2020,8.92,3,217.4,5813.9
2023-12-18,TR-08,08#矿车,2015,8.79,2,222.5,3911.9
2023-12-18,TR-09,09#矿车,2023,7.88,3,220.5,5213.9
2023-12-18,TR-10,10#矿车,2016,8.77,3,229.2,6031.8
2023-12-18,TR-11,11#矿车,2021,8.8,3,227.1,5994.1
2023-12-18,TR-12,12#矿车,2013,7.36,3,227.1,5013.2
2023-12-19,TR-01,01#矿车,2017,8.01,3,219.5,5277.3
2023-12-19,TR-02,02#矿车,2021,7.98,3,217.3,5204.3
2023-12-19,TR-03,03#矿车,2019,8.06,3,219.3,5303.1
2023-12-19,TR-04,04#矿车,2014,7.2,3,217.8,4700.5
2023-12-19,TR-05,05#矿车,2022,8.58,3,231.5,5956.8
2023-12-19,TR-06,06#矿车,2018,7.97,3,229.1,5480.8
2023-12-19,TR-07,07#矿车,2020,8.72,3,217.4,5683.6
2023-12-19,TR-08,08#矿车,2015,8.56,2,222.5,3810.8
2023-12-19,TR-09,09#矿车,2023,8.06,3,220.5,5330.9
2023-12-19,TR-10,10#矿车,2016,8.45,3,229.2,5814.3
2023-12-19,TR-11,11#矿车,2021,8.87,3,227.1,6042.2
2023-12-19,TR-12,12#矿车,2013,7.33,2,227.1,3328.2
2023-12-20,TR-01,01#矿车,2017,8.22,2,219.5,3607.1
2023-12-20,TR-02,02#矿车,2021,8.29,3,217.3,5401.2
2023-12-20,TR-03,03#矿车,2019,8.74,2,219.3,3835.5
2023-12-20,TR-04,04#矿车,2014,7.13,3,217.8,4656.1
2023-12-20,TR-05,05#矿车,2022,8.59,2,231.5,3977.7
2023-12-20,TR-06,06#矿车,2018,8.14,2,229.1,3731.8
2023-12-20,TR-07,07#矿车,2020,8.91,3,217.4,5809.8
2023-12-20,TR-08,08#矿车,2015,8.43,3,222.5,5630.1
2023-12-20,TR-09,09#矿车,2023,7.82,3,220.5,5175.2
2023-12-20,TR-10,10#矿车,2016,8.54,3,229.2,5872.2
2023-12-20,TR-11,11#矿车,2021,8.85,2,227.1,4017.7
2023-12-20,TR-12,12#矿车,2013,7.19,3,227.1,4898.8
2023-12-21,TR-01,01#矿车,2017,8.27,3,219.5,5447.1
2023-12-21,TR-02,02#矿车,2021,8.43,2,217.3,3664.8
2023-12-21,TR-03,03#矿车,2019,8.2,3,219.3,5394.7
2023-12-21,TR-04,04#矿车,2014,7.36,3,217.8,4806.5
2023-12-21,TR-05,05#矿车,2022,8.38,3,231.5,5818.2
2023-12-21,TR-06,06#矿车,2018,7.77,3,229.1,5339.1
2023-12-21,TR-07,07#矿车,2020,8.84,3,217.4,5762.0
2023-12-21,TR-08,08#矿车,2015,8.25,3,222.5,5504.0
2023-12-21,TR-09,09#矿车,2023,8.08,3,220.5,5342.2
2023-12-21,TR-10,10#矿车,2016,8.41,2,229.2,3857.6
2023-12-21,TR-11,11#矿车,2021,8.8,3,227.1,5993.3
2023-12-21,TR-12,12#矿车,2013,6.94,2,227.1,3152.9
2023-12-22,TR-01,01#矿车,2017,8.65,3,219.5,5699.8
2023-12-22,TR-02,02#矿车,2021,8.49,3,217.3,5536.1
2023-12-22,TR-03,03#矿车,2019,8.27,2,219.3,3629.2
2023-12-22,TR-04,04#矿车,2014,7.35,3,217.8,4802.5
2023-12-22,TR-05,05#矿车,2022,8.11,2,231.5,3757.2
2023-12-22,TR-06,06#矿车,2018,8.3,2,229.1,3802.3
2023-12-22,TR-07,07#矿车,2020,8.89,3,217.4,5798.9
2023-12-22,TR-08,08#矿车,2015,8.45,2,222.5,3761.3
2023-12-22,TR-09,09#矿车,2023,7.82,3,220.5,5176.4
2023-12-22,TR-10,10#矿车,2016,8.23,3,229.2,5662.6
2023-12-22,TR-11,11#矿车,2021,8.69,3,227.1,5922.5
2023-12-22,TR-12,12#矿车,2013,6.81,3,227.1,4642.4
2023-12-23,TR-01,01#矿车,2017,8.36,3,219.5,5508.4
2023-12-23,TR-02,02#矿车,2021,8.26,3,217.3,5384.3
2023-12-23,TR-03,03#矿车,2019,7.96,3,219.3,5238.6
2023-12-23,TR-04,04#矿车,2014,7.5,3,217.8,4896.9
2023-12-23,TR-05,05#矿车,2022,8.43,3,231.5,5853.7
2023-12-23,TR-06,06#矿车,2018,3.19,1,229.1,730.4
2023-12-23,TR-07,07#矿车,2020,8.86,3,217.4,5779.8
2023-12-23,TR-08,08#矿车,2015,8.62,2,222.5,3834.6
2023-12-23,TR-09,09#矿车,2023,7.79,3,220.5,5154.2
2023-12-23,TR-10,10#矿车,2016,8.23,2,229.2,3771.5
2023-12-23,TR-11,11#矿车,2021,8.3,3,227.1,5652.2
2023-12-23,TR-12,12#矿车,2013,7.09,3,227.1,4830.6
2023-12-24,TR-01,01#矿车,2017,8.36,2,219.5,3670.6
2023-12-24,TR-02,02#矿车,2021,8.31,2,217.3,3611.9
2023-12-24,TR-03,03#矿车,2019,8.07,3,219.3,5306.6
2023-12-24,TR-04,04#矿车,2014,6.95,3,217.8,4538.9
2023-12-24,TR-05,05#矿车,2022,8.5,3,231.5,5902.4
2023-12-24,TR-06,06#矿车,2018,8.07,2,229.1,3695.8
2023-12-24,TR-07,07#矿车,2020,8.67,3,217.4,5653.7
2023-12-24,TR-08,08#矿车,2015,8.83,3,222.5,5897.1
2023-12-24,TR-09,09#矿车,2023,8.24,3,220.5,5451.9
2023-12-24,TR-10,10#矿车,2016,9.02,3,229.2,6204.6
2023-12-24,TR-11,11#矿车,2021,8.49,3,227.1,5786.1
2023-12-24,TR-12,12#矿车,2013,7.07,2,227.1,3212.0
2023-12-25,TR-01,01#矿车,2017,8.15,3,219.5,5370.5
2023-12-25,TR-02,02#矿车,2021,7.88,3,217.3,5139.3
2023-12-25,TR-03,03#矿车,2019,8.5,3,219.3,5594.4
2023-12-25,TR-04,04#矿车,2014,6.61,3,217.8,4320.3
2023-12-25,TR-05,05#矿车,2022,9.06,2,231.5,4195.6
2023-12-25,TR-06,06#矿车,2018,8.15,3,229.1,5600.6
2023-12-25,TR-07,07#矿车,2020,8.63,2,217.4,3750.6
2023-12-25,TR-08,08#矿车,2015,8.6,3,222.5,5742.9
2023-12-25,TR-09,09#矿车,2023,7.74,3,220.5,5121.8
2023-12-25,TR-10,10#矿车,2016,9.12,3,229.2,6269.0
2023-12-25,TR-11,11#矿车,2021,9.06,3,227.1,6171.6
2023-12-25,TR-12,12#矿车,2013,7.05,3,227.1,4804.6
2023-12-26,TR-01,01#矿车,2017,7.59,3,219.5,4999.5
2023-12-26,TR-02,02#矿车,2021,8.52,3,217.3,5551.0
2023-12-26,TR-03,03#矿车,2019,8.43,2,219.3,3699.1
2023-12-26,TR-04,04#矿车,2014,7.09,3,217.8,4632.1
2023-12-26,TR-05,05#矿车,2022,8.76,2,231.5,4056.5
2023-12-26,TR-06,06#矿车,2018,7.98,3,229.1,5486.8
2023-12-26,TR-07,07#矿车,2020,8.85,2,217.4,3847.3
2023-12-26,TR-08,08#矿车,2015,8.48,3,222.5,5662.6
2023-12-26,TR-09,09#矿车,2023,7.69,3,220.5,5083.8
2023-12-26,TR-10,10#矿车,2016,8.71,3,229.2,5993.0
2023-12-26,TR-11,11#矿车,2021,8.98,3,227.1,6118.7
2023-12-26,TR-12,12#矿车,2013,7.17,3,227.1,4883.3
2023-12-27,TR-01,01#矿车,2017,7.91,3,219.5,5208.6
2023-12-27,TR-02,02#矿车,2021,8.66,3,217.3,5646.9
2023-12-27,TR-03,03#矿车,2019,8.56,3,219.3,5628.9
2023-12-27,TR-04,04#矿车,2014,6.9,2,217.8,3004.7
2023-12-27,TR-05,05#矿车,2022,8.43,3,231.5,5852.4
2023-12-27,TR-06,06#矿车,2018,7.98,3,229.1,5481.9
2023-12-27,TR-07,07#矿车,2020,8.95,3,217.4,5838.4
2023-12-27,TR-08,08#矿车,2015,8.55,2,222.5,3802.7
2023-12-27,TR-09,09#矿车,2023,8.06,3,220.5,5334.4
2023-12-27,TR-10,10#矿车,2016,8.72,3,229.2,6000.4
2023-12-27,TR-11,11#矿车,2021,8.99,3,227.1,6123.3
2023-12-27,TR-12,12#矿车,2013,7.11,3,227.1,4842.7
2023-12-28,TR-01,01#矿车,2017,8.42,2,219.5,3698.9
2023-12-28,TR-02,02#矿车,2021,8.45,2,217.3,3674.0
2023-12-28,TR-03,03#矿车,2019,8.05,2,219.3,3529.1
2023-12-28,TR-04,04#矿车,2014,7.18,2,217.8,3125.0
2023-12-28,TR-05,05#矿车,2022,8.43,3,231.5,5856.7
2023-12-28,TR-06,06#矿车,2018,8.12,3,229.1,5579.4
2023-12-28,TR-07,07#矿车,2020,8.8,3,217.4,5735.6
2023-12-28,TR-08,08#矿车,2015,8.58,3,222.5,5728.3
2023-12-28,TR-09,09#矿车,2023,8.06,2,220.5,3553.0
2023-12-28,TR-10,10#矿车,2016,8.63,2,229.2,3955.1
2023-12-28,TR-11,11#矿车,2021,8.64,2,227.1,3921.8
2023-12-28,TR-12,12#矿车,2013,6.96,2,227.1,3161.8
2023-12-29,TR-01,01#矿车,2017,8.06,3,219.5,5311.1
2023-12-29,TR-02,02#矿车,2021,8.24,3,217.3,5368.9
2023-12-29,TR-03,03#矿车,2019,8.2,2,219.3,3597.5
2023-12-29,TR-04,04#矿车,2014,7.5,2,217.8,3265.2
2023-12-29,TR-05,05#矿车,2022,8.94,3,231.5,6211.6
2023-12-29,TR-06,06#矿车,2018,7.85,2,229.1,3598.4
2023-12-29,TR-07,07#矿车,2020,9.01,3,217.4,5873.2
2023-12-29,TR-08,08#矿车,2015,8.68,3,222.5,5793.8
2023-12-29,TR-09,09#矿车,2023,7.94,2,220.5,3501.8
2023-12-29,TR-10,10#矿车,2016,8.35,2,229.2,3828.9
2023-12-29,TR-11,11#矿车,2021,8.15,3,227.1,5548.5
2023-12-29,TR-12,12#矿车,2013,6.91,3,227.1,4709.6
2023-12-30,TR-01,01#矿车,2017,7.84,2,219.5,3441.1
2023-12-30,TR-02,02#矿车,2021,8.56,3,217.3,5579.7
2023-12-30,TR-03,03#矿车,2019,8.29,3,219.3,5456.6
2023-12-30,TR-04,04#矿车,2014,7.81,3,217.8,5104.3
2023-12-30,TR-05,05#矿车,2022,8.75,2,231.5,4052.1
2023-12-30,TR-06,06#矿车,2018,7.61,3,229.1,5233.2
2023-12-30,TR-07,07#矿车,2020,8.73,3,217.4,5692.6
2023-12-30,TR-08,08#矿车,2015,9.1,3,222.5,6072.3
2023-12-30,TR-09,09#矿车,2023,7.97,3,220.5,5274.8
2023-12-30,TR-10,10#矿车,2016,8.28,2,229.2,3795.4
2023-12-30,TR-11,11#矿车,2021,8.91,2,227.1,4047.5
2023-12-30,TR-12,12#矿车,2013,7.42,2,227.1,3369.4
2023-12-31,TR-01,01#矿车,2017,7.92,3,219.5,5218.6
2023-12-31,TR-02,02#矿车,2021,8.75,2,217.3,3802.9
2023-12-31,TR-03,03#矿车,2019,8.13,3,219.3,5351.1
2023-12-31,TR-04,04#矿车,2014,7.41,2,217.8,3225.1
2023-12-31,TR-05,05#矿车,2022,8.52,3,231.5,5920.2
2023-12-31,TR-06,06#矿车,2018,7.89,2,229.1,3614.9
2023-12-31,TR-07,07#矿车,2020,8.68,2,217.4,3771.4
2023-12-31,TR-08,08#矿车,2015,8.48,2,222.5,3774.6
2023-12-31,TR-09,09#矿车,2023,7.96,3,220.5,5266.7
2023-12-31,TR-10,10#矿车,2016,8.91,3,229.2,6124.4
2023-12-31,TR-11,11#矿车,2021,8.65,3,227.1,5892.9
2023-12-31,TR-12,12#矿车,2013,6.5,3,227.1,4428.7
2024-01-01,TR-01,01#矿车,2017,7.53,3,219.5,4958.4
2024-01-01,TR-02,02#矿车,2021,8.34,3,217.3,5438.5
2024-01-01,TR-03,03#矿车,2019,7.78,2,219.3,3414.4
2024-01-01,TR-04,04#矿车,2014,6.97,3,217.8,4551.2
2024-01-01,TR-05,05#矿车,2022,8.34,3,231.5,5796.1
2024-01-01,TR-06,06#矿车,2018,7.51,2,229.1,3442.5
2024-01-01,TR-07,07#矿车,2020,8.84,2,217.4,3842.0
2024-01-01,TR-08,08#矿车,2015,8.61,2,222.5,3830.0
2024-01-01,TR-09,09#矿车,2023,7.99,3,220.5,5288.5
2024-01-01,TR-10,10#矿车,2016,8.45,2,229.2,3874.7
2024-01-01,TR-11,11#矿车,2021,8.4,2,227.1,3813.9
2024-01-01,TR-12,12#矿车,2013,6.77,3,227.1,4610.6
2024-01-02,TR-01,01#矿车,2017,7.91,2,219.5,3471.8
2024-01-02,TR-02,02#矿车,2021,8.34,2,217.3,3625.6
2024-01-02,TR-03,03#矿车,2019,8.01,2,219.3,3515.0
2024-01-02,TR-04,04#矿车,2014,7.29,3,217.8,4761.0
2024-01-02,TR-05,05#矿车,2022,8.26,2,231.5,3825.6
2024-01-02,TR-06,06#矿车,2018,7.72,3,229.1,5303.7
2024-01-02,TR-07,07#矿车,2020,8.71,3,217.4,5677.0
2024-01-02,TR-08,08#矿车,2015,8.6,3,222.5,5741.7
2024-01-02,TR-09,09#矿车,2023,8.42,3,220.5,5572.0
2024-01-02,TR-10,10#矿车,2016,8.35,2,229.2,3826.3
2024-01-02,TR-11,11#矿车,2021,8.68,2,227.1,3943.9
2024-01-02,TR-12,12#矿车,2013,7.34,3,227.1,5003.7
2024-01-03,TR-01,01#矿车,2017,8.0,3,219.5,5268.2
2024-01-03,TR-02,02#矿车,2021,8.21,3,217.3,5351.4
2024-01-03,TR-03,03#矿车,2019,8.07,3,219.3,5306.7
2024-01-03,TR-04,04#矿车,2014,7.28,3,217.8,4755.9
2024-01-03,TR-05,05#矿车,2022,8.12,3,231.5,5639.2
2024-01-03,TR-06,06#矿车,2018,8.21,2,229.1,3761.8
2024-01-03,TR-07,07#矿车,2020,8.85,3,217.4,5771.6
2024-01-03,TR-08,08#矿车,2015,8.53,3,222.5,5694.4
2024-01-03,TR-09,09#矿车,2023,8.47,3,220.5,5601.2
2024-01-03,TR-10,10#矿车,2016,8.26,2,229.2,3786.4
2024-01-03,TR-11,11#矿车,2021,8.52,2,227.1,3870.1
2024-01-03,TR-12,12#矿车,2013,6.78,3,227.1,4618.6
2024-01-04,TR-01,01#矿车,2017,8.47,2,219.5,3720.8
2024-01-04,TR-02,02#矿车,2021,8.07,3,217.3,5262.1
2024-01-04,TR-03,03#矿车,2019,8.41,3,219.3,5532.4
2024-01-04,TR-04,04#矿车,2014,7.27,3,217.8,4749.5
2024-01-04,TR-05,05#矿车,2022,8.77,2,231.5,4061.2
2024-01-04,TR-06,06#矿车,2018,7.92,2,229.1,3629.1
2024-01-04,TR-07,07#矿车,2020,8.41,3,217.4,5483.9
2024-01-04,TR-08,08#矿车,2015,8.44,3,222.5,5635.0
2024-01-04,TR-09,09#矿车,2023,7.71,2,220.5,3398.8
2024-01-04,TR-10,10#矿车,2016,8.02,3,229.2,5517.5
2024-01-04,TR-11,11#矿车,2021,8.15,3,227.1,5551.1
2024-01-04,TR-12,12#矿车,2013,6.95,3,227.1,4733.1
2024-01-05,TR-01,01#矿车,2017,8.6,2,219.5,3777.7
2024-01-05,TR-02,02#矿车,2021,8.09,3,217.3,5275.6
2024-01-05,TR-03,03#矿车,2019,8.29,3,219.3,5453.1
2024-01-05,TR-04,04#矿车,2014,7.04,2,217.8,3067.6
2024-01-05,TR-05,05#矿车,2022,8.93,3,231.5,6199.5
2024-01-05,TR-06,06#矿车,2018,7.84,3,229.1,5388.4
2024-01-05,TR-07,07#矿车,2020,8.55,3,217.4,5575.7
2024-01-05,TR-08,08#矿车,2015,7.94,2,222.5,3534.9
2024-01-05,TR-09,09#矿车,2023,7.9,2,220.5,3482.2
2024-01-05,TR-10,10#矿车,2016,8.28,3,229.2,5697.6
2024-01-05,TR-11,11#矿车,2021,8.35,3,227.1,5690.0
2024-01-05,TR-12,12#矿车,2013,7.25,3,227.1,4938.3
2024-01-06,TR-01,01#矿车,2017,8.18,2,219.5,3589.9
2024-01-06,TR-02,02#矿车,2021,8.4,2,217.3,3649.8
2024-01-06,TR-03,03#矿车,2019,8.77,3,219.3,5770.4
2024-01-06,TR-04,04#矿车,2014,6.86,2,217.8,2985.8
2024-01-06,TR-05,05#矿车,2022,8.83,2,231.5,4086.8
2024-01-06,TR-06,06#矿车,2018,8.23,3,229.1,5659.4
2024-01-06,TR-07,07#矿车,2020,8.58,2,217.4,3729.8
2024-01-06,TR-08,08#矿车,2015,8.27,2,222.5,3681.9
2024-01-06,TR-09,09#矿车,2023,8.03,3,220.5,5311.2
2024-01-06,TR-10,10#矿车,2016,8.44,3,229.2,5804.6
2024-01-06,TR-11,11#矿车,2021,8.63,3,227.1,5876.4
2024-01-06,TR-12,12#矿车,2013,7.21,2,227.1,3273.5
2024-01-07,TR-01,01#矿车,2017,8.55,2,219.5,3752.9
2024-01-07,TR-02,02#矿车,2021,8.43,3,217.3,5496.3
2024-01-07,TR-03,03#矿车,2019,8.12,3,219.3,5344.3
2024-01-07,TR-04,04#矿车,2014,6.84,2,217.8,2977.5
2024-01-07,TR-05,05#矿车,2022,8.32,2,231.5,3854.6
2024-01-07,TR-06,06#矿车,2018,8.31,3,229.1,5714.0
2024-01-07,TR-07,07#矿车,2020,8.69,3,217.4,5666.1
2024-01-07,TR-08,08#矿车,2015,8.46,2,222.5,3763.2
2024-01-07,TR-09,09#矿车,2023,8.25,3,220.5,5457.0
2024-01-07,TR-10,10#矿车,2016,8.98,3,229.2,6179.1
2024-01-07,TR-11,11#矿车,2021,8.82,2,227.1,4006.3
2024-01-07,TR-12,12#矿车,2013,7.04,2,227.1,3196.1
2024-01-08,TR-01,01#矿车,2017,8.43,2,219.5,3699.5
2024-01-08,TR-02,02#矿车,2021,8.22,3,217.3,5356.7
2024-01-08,TR-03,03#矿车,2019,8.09,2,219.3,3548.7
2024-01-08,TR-04,04#矿车,2014,7.35,3,217.8,4804.4
2024-01-08,TR-05,05#矿车,2022,8.62,2,231.5,3991.3
2024-01-08,TR-06,06#矿车,2018,8.32,3,229.1,5715.7
2024-01-08,TR-07,07#矿车,2020,8.27,3,217.4,5394.9
2024-01-08,TR-08,08#矿车,2015,8.58,2,222.5,3817.0
2024-01-08,TR-09,09#矿车,2023,7.95,3,220.5,5259.2
2024-01-08,TR-10,10#矿车,2016,8.87,2,229.2,4067.7
2024-01-08,TR-11,11#矿车,2021,8.29,2,227.1,3766.5
2024-01-08,TR-12,12#矿车,2013,7.05,2,227.1,3200.7
2024-01-09,TR-01,01#矿车,2017,8.17,3,219.5,5383.8
2024-01-09,TR-02,02#矿车,2021,8.26,2,217.3,3591.3
2024-01-09,TR-03,03#矿车,2019,8.38,3,219.3,5514.1
2024-01-09,TR-04,04#矿车,2014,7.21,3,217.8,4710.1
2024-01-09,TR-05,05#矿车,2022,8.75,3,231.5,6076.1
2024-01-09,TR-06,06#矿车,2018,8.27,2,229.1,3790.5
2024-01-09,TR-07,07#矿车,2020,8.64,3,217.4,5634.5
2024-01-09,TR-08,08#矿车,2015,8.49,3,222.5,5664.6
2024-01-09,TR-09,09#矿车,2023,8.29,3,220.5,5483.5
2024-01-09,TR-10,10#矿车,2016,8.38,3,229.2,5760.1
2024-01-09,TR-11,11#矿车,2021,8.71,2,227.1,3957.5
2024-01-09,TR-12,12#矿车,2013,6.73,3,227.1,4587.8
2024-01-10,TR-01,01#矿车,2017,8.1,2,219.5,3555.0
2024-01-10,TR-02,02#矿车,2021,8.31,3,217.3,5414.7
2024-01-10,TR-03,03#矿车,2019,8.44,3,219.3,5555.6
2024-01-10,TR-04,04#矿车,2014,6.97,3,217.8,4550.9
2024-01-10,TR-05,05#矿车,2022,8.96,2,231.5,4151.0
2024-01-10,TR-06,06#矿车,2018,7.53,3,229.1,5176.6
2024-01-10,TR-07,07#矿车,2020,8.17,3,217.4,5330.5
2024-01-10,TR-08,08#矿车,2015,8.46,3,222.5,5647.7
2024-01-10,TR-09,09#矿车,2023,7.8,3,220.5,5162.6
2024-01-10,TR-10,10#矿车,2016,8.39,2,229.2,3847.0
2024-01-10,TR-11,11#矿车,2021,8.33,2,227.1,3782.0
2024-01-10,TR-12,12#矿车,2013,6.58,2,227.1,2989.7
2024-01-11,TR-01,01#矿车,2017,7.75,3,219.5,5103.9
2024-01-11,TR-02,02#矿车,2021,8.02,3,217.3,5229.4
2024-01-11,TR-03,03#矿车,2019,8.42,2,219.3,3693.4
2024-01-11,TR-04,04#矿车,2014,7.22,3,217.8,4715.7
2024-01-11,TR-05,05#矿车,2022,8.71,3,231.5,6050.5
2024-01-11,TR-06,06#矿车,2018,8.2,3,229.1,5636.0
2024-01-11,TR-07,07#矿车,2020,8.54,2,217.4,3712.5
2024-01-11,TR-08,08#矿车,2015,8.74,3,222.5,5832.1
2024-01-11,TR-09,09#矿车,2023,7.91,3,220.5,5233.2
2024-01-11,TR-10,10#矿车,2016,8.58,2,229.2,3935.5
2024-01-11,TR-11,11#矿车,2021,8.35,3,227.1,5684.5
2024-01-11,TR-12,12#矿车,2013,6.72,3,227.1,4578.5
2024-01-12,TR-01,01#矿车,2017,8.16,3,219.5,5373.2
2024-01-12,TR-02,02#矿车,2021,8.14,3,217.3,5304.4
2024-01-12,TR-03,03#矿车,2019,8.4,3,219.3,5524.9
2024-01-12,TR-04,04#矿车,2014,7.38,2,217.8,3214.1
2024-01-12,TR-05,05#矿车,2022,8.83,2,231.5,4088.1
2024-01-12,TR-06,06#矿车,2018,7.91,3,229.1,5433.1
2024-01-12,TR-07,07#矿车,2020,9.04,3,217.4,5895.4
2024-01-12,TR-08,08#矿车,2015,8.06,3,222.5,5379.5
2024-01-12,TR-09,09#矿车,2023,7.95,3,220.5,5260.4
2024-01-12,TR-10,10#矿车,2016,8.39,3,229.2,5767.0
2024-01-12,TR-11,11#矿车,2021,8.21,3,227.1,5595.6
2024-01-12,TR-12,12#矿车,2013,6.86,3,227.1,4675.4
2024-01-13,TR-01,01#矿车,2017,7.73,3,219.5,5092.8
2024-01-13,TR-02,02#矿车,2021,7.67,2,217.3,3333.9
2024-01-13,TR-03,03#矿车,2019,8.14,2,219.3,3570.1
2024-01-13,TR-04,04#矿车,2014,7.3,3,217.8,4765.6
2024-01-13,TR-05,05#矿车,2022,8.64,3,231.5,6003.1
2024-01-13,TR-06,06#矿车,2018,7.89,3,229.1,5422.3
2024-01-13,TR-07,07#矿车,2020,8.35,2,217.4,3631.4
2024-01-13,TR-08,08#矿车,2015,7.94,2,222.5,3535.3
2024-01-13,TR-09,09#矿车,2023,8.09,3,220.5,5351.2
2024-01-13,TR-10,10#矿车,2016,8.39,3,229.2,5769.2
2024-01-13,TR-11,11#矿车,2021,8.43,2,227.1,3827.1
2024-01-13,TR-12,12#矿车,2013,7.23,3,227.1,4928.2
2024-01-14,TR-01,01#矿车,2017,4.39,1,219.5,963.4
2024-01-14,TR-02,02#矿车,2021,8.12,2,217.3,3527.6
2024-01-14,TR-03,03#矿车,2019,8.09,2,219.3,3547.1
2024-01-14,TR-04,04#矿车,2014,7.48,3,217.8,4886.0
2024-01-14,TR-05,05#矿车,2022,8.11,2,231.5,3754.4
2024-01-14,TR-06,06#矿车,2018,7.94,3,229.1,5453.6
2024-01-14,TR-07,07#矿车,2020,8.39,3,217.4,5473.3
2024-01-14,TR-08,08#矿车,2015,8.85,2,222.5,3936.3
2024-01-14,TR-09,09#矿车,2023,8.32,2,220.5,3668.4
2024-01-14,TR-10,10#矿车,2016,8.77,3,229.2,6030.2
2024-01-14,TR-11,11#矿车,2021,8.36,3,227.1,5696.0
2024-01-14,TR-12,12#矿车,2013,7.37,2,227.1,3348.7
2024-01-15,TR-01,01#矿车,2017,8.17,3,219.5,5378.4
2024-01-15,TR-02,02#矿车,2021,8.2,2,217.3,3562.5
2024-01-15,TR-03,03#矿车,2019,8.17,3,219.3,5376.9
2024-01-15,TR-04,04#矿车,2014,7.27,3,217.8,4752.3
2024-01-15,TR-05,05#矿车,2022,8.19,3,231.5,5689.4
2024-01-15,TR-06,06#矿车,2018,7.66,3,229.1,5263.8
2024-01-15,TR-07,07#矿车,2020,8.96,2,217.4,3894.4
2024-01-15,TR-08,08#矿车,2015,8.81,2,222.5,3918.5
2024-01-15,TR-09,09#矿车,2023,8.16,3,220.5,5395.5
2024-01-15,TR-10,10#矿车,2016,8.73,3,229.2,6002.0
2024-01-15,TR-11,11#矿车,2021,8.34,3,227.1,5680.4
2024-01-15,TR-12,12#矿车,2013,7.11,3,227.1,4845.6
2024-01-16,TR-01,01#矿车,2017,8.48,2,219.5,3722.4
2024-01-16,TR-02,02#矿车,2021,8.12,3,217.3,5296.1
2024-01-16,TR-03,03#矿车,2019,8.74,2,219.3,3832.6
2024-01-16,TR-04,04#矿车,2014,6.96,2,217.8,3029.9
2024-01-16,TR-05,05#矿车,2022,8.61,3,231.5,5981.2
2024-01-16,TR-06,06#矿车,2018,7.55,3,229.1,5186.8
2024-01-16,TR-07,07#矿车,2020,8.8,2,217.4,3824.8
2024-01-16,TR-08,08#矿车,2015,8.56,3,222.5,5711.9
2024-01-16,TR-09,09#矿车,2023,7.58,3,220.5,5017.6
2024-01-16,TR-10,10#矿车,2016,8.74,3,229.2,6009.1
2024-01-16,TR-11,11#矿车,2021,8.38,3,227.1,5711.1
2024-01-16,TR-12,12#矿车,2013,6.68,3,227.1,4549.2
2024-01-17,TR-01,01#矿车,2017,8.01,3,219.5,5278.0
2024-01-17,TR-02,02#矿车,2021,8.1,3,217.3,5280.4
2024-01-17,TR-03,03#矿车,2019,8.17,3,219.3,5376.6
2024-01-17,TR-04,04#矿车,2014,7.0,3,217.8,4573.7
2024-01-17,TR-05,05#矿车,2022,9.07,3,231.5,6298.7
2024-01-17,TR-06,06#矿车,2018,8.01,2,229.1,3669.2
2024-01-17,TR-07,07#矿车,2020,8.32,3,217.4,5426.6
2024-01-17,TR-08,08#矿车,2015,8.17,2,222.5,3637.6
2024-01-17,TR-09,09#矿车,2023,7.77,2,220.5,3428.4
2024-01-17,TR-10,10#矿车,2016,8.51,3,229.2,5851.1
2024-01-17,TR-11,11#矿车,2021,8.42,3,227.1,5734.2
2024-01-17,TR-12,12#矿车,2013,6.99,3,227.1,4759.8
2024-01-18,TR-01,01#矿车,2017,7.73,3,219.5,5090.4
2024-01-18,TR-02,02#矿车,2021,8.2,3,217.3,5348.8
2024-01-18,TR-03,03#矿车,2019,8.48,3,219.3,5576.1
2024-01-18,TR-04,04#矿车,2014,6.74,2,217.8,2933.8
2024-01-18,TR-05,05#矿车,2022,8.74,2,231.5,4045.8
2024-01-18,TR-06,06#矿车,2018,8.16,3,229.1,5611.5
2024-01-18,TR-07,07#矿车,2020,8.47,3,217.4,5521.5
2024-01-18,TR-08,08#矿车,2015,8.67,3,222.5,5789.3
2024-01-18,TR-09,09#矿车,2023,8.19,2,220.5,3611.9
2024-01-18,TR-10,10#矿车,2016,8.56,3,229.2,5888.9
2024-01-18,TR-11,11#矿车,2021,8.33,2,227.1,3781.1
2024-01-18,TR-12,12#矿车,2013,6.68,3,227.1,4551.1
2024-01-19,TR-01,01#矿车,2017,7.99,2,219.5,3508.7
2024-01-19,TR-02,02#矿车,2021,8.02,3,217.3,5225.4
2024-01-19,TR-03,03#矿车,2019,8.6,3,219.3,5659.2
2024-01-19,TR-04,04#矿车,2014,7.26,3,217.8,4742.6
2024-01-19,TR-05,05#矿车,2022,8.84,2,231.5,4092.3
2024-01-19,TR-06,06#矿车,2018,8.32,3,229.1,5720.1
2024-01-19,TR-07,07#矿车,2020,9.09,2,217.4,3951.4
2024-01-19,TR-08,08#矿车,2015,8.69,3,222.5,5803.3
2024-01-19,TR-09,09#矿车,2023,7.62,3,220.5,5039.9
2024-01-19,TR-10,10#矿车,2016,8.31,2,229.2,3809.5
2024-01-19,TR-11,11#矿车,2021,8.29,2,227.1,3763.5
2024-01-19,TR-12,12#矿车,2013,7.12,2,227.1,3232.3
2024-01-20,TR-01,01#矿车,2017,8.17,2,219.5,3586.1
2024-01-20,TR-02,02#矿车,2021,7.93,2,217.3,3446.5
2024-01-20,TR-03,03#矿车,2019,8.68,3,219.3,5710.5
2024-01-20,TR-04,04#矿车,2014,7.06,3,217.8,4614.1
2024-01-20,TR-05,05#矿车,2022,8.65,3,231.5,6009.9
2024-01-20,TR-06,06#矿车,2018,8.35,3,229.1,5740.0
2024-01-20,TR-07,07#矿车,2020,8.32,3,217.4,5423.7
2024-01-20,TR-08,08#矿车,2015,8.31,3,222.5,5549.0
2024-01-20,TR-09,09#矿车,2023,7.25,3,220.5,4797.6
2024-01-20,TR-10,10#矿车,2016,8.4,2,229.2,3849.2
2024-01-20,TR-11,11#矿车,2021,8.41,3,227.1,5728.9
2024-01-20,TR-12,12#矿车,2013,6.64,2,227.1,3015.0
2024-01-21,TR-01,01#矿车,2017,8.29,3,219.5,5457.1
2024-01-21,TR-02,02#矿车,2021,8.06,2,217.3,3501.1
2024-01-21,TR-03,03#矿车,2019,8.37,3,219.3,5509.8
2024-01-21,TR-04,04#矿车,2014,6.93,3,217.8,4525.5
2024-01-21,TR-05,05#矿车,2022,8.61,2,231.5,3987.5
2024-01-21,TR-06,06#矿车,2018,8.46,3,229.1,5817.4
2024-01-21,TR-07,07#矿车,2020,8.32,3,217.4,5426.0
2024-01-21,TR-08,08#矿车,2015,8.83,2,222.5,3929.3
2024-01-21,TR-09,09#矿车,2023,7.61,2,220.5,3357.7
2024-01-21,TR-10,10#矿车,2016,8.42,3,229.2,5789.5
2024-01-21,TR-11,11#矿车,2021,8.48,3,227.1,5774.5
2024-01-21,TR-12,12#矿车,2013,6.9,3,227.1,4700.4
2024-01-22,TR-01,01#矿车,2017,8.14,3,219.5,5364.2
2024-01-22,TR-02,02#矿车,2021,7.57,2,217.3,3289.7
2024-01-22,TR-03,03#矿车,2019,7.91,2,219.3,3468.9
2024-01-22,TR-04,04#矿车,2014,6.76,2,217.8,2944.7
2024-01-22,TR-05,05#矿车,2022,8.42,3,231.5,5850.7
2024-01-22,TR-06,06#矿车,2018,8.19,3,229.1,5628.5
2024-01-22,TR-07,07#矿车,2020,8.63,3,217.4,5625.2
2024-01-22,TR-08,08#矿车,2015,8.94,3,222.5,5967.2
2024-01-22,TR-09,09#矿车,2023,7.69,3,220.5,5089.0
2024-01-22,TR-10,10#矿车,2016,8.8,2,229.2,4036.6
2024-01-22,TR-11,11#矿车,2021,8.49,3,227.1,5780.5
2024-01-22,TR-12,12#矿车,2013,7.25,3,227.1,4941.0
2024-01-23,TR-01,01#矿车,2017,8.2,3,219.5,5397.2
2024-01-23,TR-02,02#矿车,2021,8.61,3,217.3,5614.2
2024-01-23,TR-03,03#矿车,2019,8.38,3,219.3,5515.3
2024-01-23,TR-04,04#矿车,2014,7.38,3,217.8,4821.5
2024-01-23,TR-05,05#矿车,2022,8.66,2,231.5,4011.6
2024-01-23,TR-06,06#矿车,2018,8.24,2,229.1,3774.7
2024-01-23,TR-07,07#矿车,2020,8.34,2,217.4,3627.4
2024-01-23,TR-08,08#矿车,2015,8.71,2,222.5,3876.7
2024-01-23,TR-09,09#矿车,2023,7.85,3,220.5,5195.1
2024-01-23,TR-10,10#矿车,2016,8.51,3,229.2,5850.0
2024-01-23,TR-11,11#矿车,2021,8.67,3,227.1,5904.0
2024-01-23,TR-12,12#矿车,2013,7.29,3,227.1,4968.5
2024-01-24,TR-01,01#矿车,2017,8.28,3,219.5,5456.4
2024-01-24,TR-02,02#矿车,2021,8.3,3,217.3,5412.6
2024-01-24,TR-03,03#矿车,2019,3.66,1,219.3,802.5
2024-01-24,TR-04,04#矿车,2014,7.65,3,217.8,5000.4
2024-01-24,TR-05,05#矿车,2022,8.74,3,231.5,6068.9
2024-01-24,TR-06,06#矿车,2018,8.38,3,229.1,5762.3
2024-01-24,TR-07,07#矿车,2020,8.54,3,217.4,5568.7
2024-01-24,TR-08,08#矿车,2015,8.76,2,222.5,3898.3
2024-01-24,TR-09,09#矿车,2023,7.84,3,220.5,5188.6
2024-01-24,TR-10,10#矿车,2016,8.37,3,229.2,5757.5
2024-01-24,TR-11,11#矿车,2021,8.52,2,227.1,3867.6
2024-01-24,TR-12,12#矿车,2013,7.09,2,227.1,3222.5
2024-01-25,TR-01,01#矿车,2017,8.23,3,219.5,5420.0
2024-01-25,TR-02,02#矿车,2021,8.91,2,217.3,3874.1
2024-01-25,TR-03,03#矿车,2019,8.6,3,219.3,5655.6
2024-01-25,TR-04,04#矿车,2014,6.81,3,217.8,4448.7
2024-01-25,TR-05,05#矿车,2022,8.98,3,231.5,6237.4
2024-01-25,TR-06,06#矿车,2018,7.72,3,229.1,5309.0
2024-01-25,TR-07,07#矿车,2020,8.28,3,217.4,5396.6
2024-01-25,TR-08,08#矿车,2015,9.06,2,222.5,4031.7
2024-01-25,TR-09,09#矿车,2023,7.76,2,220.5,3421.9
2024-01-25,TR-10,10#矿车,2016,8.38,3,229.2,5765.2
2024-01-25,TR-11,11#矿车,2021,8.03,2,227.1,3646.8
2024-01-25,TR-12,12#矿车,2013,6.87,3,227.1,4680.6
2024-01-26,TR-01,01#矿车,2017,8.04,3,219.5,5298.3
2024-01-26,TR-02,02#矿车,2021,8.37,2,217.3,3638.5
2024-01-26,TR-03,03#矿车,2019,8.65,3,219.3,5692.9
2024-01-26,TR-04,04#矿车,2014,6.49,3,217.8,4241.1
2024-01-26,TR-05,05#矿车,2022,8.93,3,231.5,6205.0
2024-01-26,TR-06,06#矿车,2018,8.0,3,229.1,5495.9
2024-01-26,TR-07,07#矿车,2020,8.88,2,217.4,3859.4
2024-01-26,TR-08,08#矿车,2015,8.55,3,222.5,5706.3
2024-01-26,TR-09,09#矿车,2023,8.23,3,220.5,5441.1
2024-01-26,TR-10,10#矿车,2016,8.42,3,229.2,5791.6
2024-01-26,TR-11,11#矿车,2021,8.3,2,227.1,3769.4
2024-01-26,TR-12,12#矿车,2013,6.8,3,227.1,4630.8
2024-01-27,TR-01,01#矿车,2017,7.67,3,219.5,5050.8
2024-01-27,TR-02,02#矿车,2021,8.1,3,217.3,5283.1
2024-01-27,TR-03,03#矿车,2019,8.25,2,219.3,3620.6
2024-01-27,TR-04,04#矿车,2014,6.97,3,217.8,4549.9
2024-01-27,TR-05,05#矿车,2022,9.0,3,231.5,6252.6
2024-01-27,TR-06,06#矿车,2018,8.32,3,229.1,5719.3
2024-01-27,TR-07,07#矿车,2020,8.73,3,217.4,5692.4
2024-01-27,TR-08,08#矿车,2015,8.46,3,222.5,5649.2
2024-01-27,TR-09,09#矿车,2023,7.62,3,220.5,5039.5
2024-01-27,TR-10,10#矿车,2016,8.7,3,229.2,5985.3
2024-01-27,TR-11,11#矿车,2021,8.48,2,227.1,3850.0
2024-01-27,TR-12,12#矿车,2013,7.0,3,227.1,4767.1
2024-01-28,TR-01,01#矿车,2017,8.19,2,219.5,3594.1
2024-01-28,TR-02,02#矿车,2021,8.03,3,217.3,5233.9
2024-01-28,TR-03,03#矿车,2019,8.23,3,219.3,5416.6
2024-01-28,TR-04,04#矿车,2014,7.53,3,217.8,4918.6
2024-01-28,TR-05,05#矿车,2022,8.37,2,231.5,3877.9
2024-01-28,TR-06,06#矿车,2018,7.85,2,229.1,3596.8
2024-01-28,TR-07,07#矿车,2020,9.0,2,217.4,3911.4
2024-01-28,TR-08,08#矿车,2015,8.56,3,222.5,5711.6
2024-01-28,TR-09,09#矿车,2023,8.17,3,220.5,5403.7
2024-01-28,TR-10,10#矿车,2016,8.5,3,229.2,5844.6
2024-01-28,TR-11,11#矿车,2021,8.58,2,227.1,3896.0
2024-01-28,TR-12,12#矿车,2013,7.18,3,227.1,4890.7
2024-01-29,TR-01,01#矿车,2017,8.17,3,219.5,5381.3
2024-01-29,TR-02,02#矿车,2021,8.81,2,217.3,3831.0
2024-01-29,TR-03,03#矿车,2019,8.56,3,219.3,5632.3
2024-01-29,TR-04,04#矿车,2014,7.35,2,217.8,3202.0
2024-01-29,TR-05,05#矿车,2022,8.14,3,231.5,5654.4
2024-01-29,TR-06,06#矿车,2018,7.78,3,229.1,5346.2
2024-01-29,TR-07,07#矿车,2020,8.52,3,217.4,5556.6
2024-01-29,TR-08,08#矿车,2015,8.47,3,222.5,5650.6
2024-01-29,TR-09,09#矿车,2023,7.77,3,220.5,5139.4
2024-01-29,TR-10,10#矿车,2016,8.11,2,229.2,3716.4
2024-01-29,TR-11,11#矿车,2021,8.32,3,227.1,5667.9
2024-01-29,TR-12,12#矿车,2013,6.93,2,227.1,3146.9
2024-01-30,TR-01,01#矿车,2017,8.43,2,219.5,3702.0
2024-01-30,TR-02,02#矿车,2021,8.08,2,217.3,3512.9
2024-01-30,TR-03,03#矿车,2019,8.67,3,219.3,5706.0
2024-01-30,TR-04,04#矿车,2014,7.38,3,217.8,4817.8
2024-01-30,TR-05,05#矿车,2022,8.29,3,231.5,5759.3
2024-01-30,TR-06,06#矿车,2018,7.83,3,229.1,5383.1
2024-01-30,TR-07,07#矿车,2020,8.5,2,217.4,3693.5
2024-01-30,TR-08,08#矿车,2015,8.68,2,222.5,3861.5
2024-01-30,TR-09,09#矿车,2023,8.2,3,220.5,5424.3
2024-01-30,TR-10,10#矿车,2016,8.0,3,229.2,5500.6
2024-01-30,TR-11,11#矿车,2021,8.75,3,227.1,5958.5
2024-01-30,TR-12,12#矿车,2013,6.36,3,227.1,4331.9
2024-01-31,TR-01,01#矿车,2017,8.18,2,219.5,3592.0
2024-01-31,TR-02,02#矿车,2021,8.39,3,217.3,5470.1
2024-01-31,TR-03,03#矿车,2019,8.5,3,219.3,5593.0
2024-01-31,TR-04,04#矿车,2014,7.24,2,217.8,3154.4
2024-01-31,TR-05,05#矿车,2022,9.06,3,231.5,6293.4
2024-01-31,TR-06,06#矿车,2018,8.33,3,229.1,5724.0
2024-01-31,TR-07,07#矿车,2020,8.95,3,217.4,5833.4
2024-01-31,TR-08,08#矿车,2015,8.33,3,222.5,5559.3
2024-01-31,TR-09,09#矿车,2023,7.21,2,220.5,3179.7
2024-01-31,TR-10,10#矿车,2016,8.81,3,229.2,6056.6
2024-01-31,TR-11,11#矿车,2021,8.18,3,227.1,5571.9
2024-01-31,TR-12,12#矿车,2013,6.73,2,227.1,3058.3
2024-02-01,TR-01,01#矿车,2017,8.31,3,219.5,5469.8
2024-02-01,TR-02,02#矿车,2021,8.61,2,217.3,3740.1
2024-02-01,TR-03,03#矿车,2019,7.97,2,219.3,3497.5
2024-02-01,TR-04,04#矿车,2014,6.86,3,217.8,4483.3
2024-02-01,TR-05,05#矿车,2022,8.89,3,231.5,6171.5
2024-02-01,TR-06,06#矿车,2018,8.37,3,229.1,5753.9
2024-02-01,TR-07,07#矿车,2020,8.67,3,217.4,5655.7
2024-02-01,TR-08,08#矿车,2015,8.62,3,222.5,5751.7
2024-02-01,TR-09,09#矿车,2023,7.47,3,220.5,4939.5
2024-02-01,TR-10,10#矿车,2016,8.67,2,229.2,3972.8
2024-02-01,TR-11,11#矿车,2021,8.46,3,227.1,5765.2
2024-02-01,TR-12,12#矿车,2013,7.01,3,227.1,4778.3
2024-02-02,TR-01,01#矿车,2017,8.41,3,219.5,5539.4
2024-02-02,TR-02,02#矿车,2021,8.16,2,217.3,3545.8
2024-02-02,TR-03,03#矿车,2019,7.95,3,219.3,5232.1
2024-02-02,TR-04,04#矿车,2014,6.92,2,217.8,3012.1
2024-02-02,TR-05,05#矿车,2022,8.3,3,231.5,5766.2
2024-02-02,TR-06,06#矿车,2018,8.08,3,229.1,5556.6
2024-02-02,TR-07,07#矿车,2020,8.58,2,217.4,3729.8
2024-02-02,TR-08,08#矿车,2015,8.48,3,222.5,5662.0
2024-02-02,TR-09,09#矿车,2023,7.54,2,220.5,3325.2
2024-02-02,TR-10,10#矿车,2016,8.96,2,229.2,4109.2
2024-02-02,TR-11,11#矿车,2021,8.54,3,227.1,5815.0
2024-02-02,TR-12,12#矿车,2013,6.73,3,227.1,4588.3
2024-02-03,TR-01,01#矿车,2017,8.55,2,219.5,3756.1
2024-02-03,TR-02,02#矿车,2021,8.26,2,217.3,3591.8
2024-02-03,TR-03,03#矿车,2019,7.87,2,219.3,3450.8
2024-02-03,TR-04,04#矿车,2014,7.16,3,217.8,4677.7
2024-02-03,TR-05,05#矿车,2022,8.79,3,231.5,6108.7
2024-02-03,TR-06,06#矿车,2018,7.75,2,229.1,3552.5
2024-02-03,TR-07,07#矿车,2020,8.76,2,217.4,3806.9
2024-02-03,TR-08,08#矿车,2015,8.1,3,222.5,5408.8
2024-02-03,TR-09,09#矿车,2023,7.59,2,220.5,3347.5
2024-02-03,TR-10,10#矿车,2016,8.25,3,229.2,5673.4
2024-02-03,TR-11,11#矿车,2021,8.2,2,227.1,3721.7
2024-02-03,TR-12,12#矿车,2013,6.57,2,227.1,2984.0
2024-02-04,TR-01,01#矿车,2017,8.27,3,219.5,5447.3
2024-02-04,TR-02,02#矿车,2021,8.38,2,217.3,3640.6
2024-02-04,TR-03,03#矿车,2019,7.71,3,219.3,5073.5
2024-02-04,TR-04,04#矿车,2014,6.65,2,217.8,2897.3
2024-02-04,TR-05,05#矿车,2022,8.55,2,231.5,3958.9
2024-02-04,TR-06,06#矿车,2018,8.05,3,229.1,5532.4
2024-02-04,TR-07,07#矿车,2020,8.54,3,217.4,5567.6
2024-02-04,TR-08,08#矿车,2015,8.53,3,222.5,5691.2
2024-02-04,TR-09,09#矿车,2023,7.54,2,220.5,3325.0
2024-02-04,TR-10,10#矿车,2016,8.42,2,229.2,3860.2
2024-02-04,TR-11,11#矿车,2021,8.47,2,227.1,3845.3
2024-02-04,TR-12,12#矿车,2013,6.59,3,227.1,4489.5
2024-02-05,TR-01,01#矿车,2017,8.02,2,219.5,3521.0
2024-02-05,TR-02,02#矿车,2021,8.73,2,217.3,3793.8
2024-02-05,TR-03,03#矿车,2019,8.1,2,219.3,3552.0
2024-02-05,TR-04,04#矿车,2014,7.01,3,217.8,4580.5
2024-02-05,TR-05,05#矿车,2022,8.8,2,231.5,4072.6
2024-02-05,TR-06,06#矿车,2018,8.09,3,229.1,5558.8
2024-02-05,TR-07,07#矿车,2020,8.72,3,217.4,5687.5
2024-02-05,TR-08,08#矿车,2015,8.85,2,222.5,3938.7
2024-02-05,TR-09,09#矿车,2023,7.98,2,220.5,3519.9
2024-02-05,TR-10,10#矿车,2016,8.4,3,229.2,5776.4
2024-02-05,TR-11,11#矿车,2021,8.88,3,227.1,6048.3
2024-02-05,TR-12,12#矿车,2013,6.7,2,227.1,3044.4
2024-02-06,TR-01,01#矿车,2017,8.14,2,219.5,3573.6
2024-02-06,TR-02,02#矿车,2021,8.45,3,217.3,5510.8
2024-02-06,TR-03,03#矿车,2019,8.65,3,219.3,5688.4
2024-02-06,TR-04,04#矿车,2014,7.41,2,217.8,3225.8
2024-02-06,TR-05,05#矿车,2022,8.69,2,231.5,4021.8
2024-02-06,TR-06,06#矿车,2018,8.16,3,229.1,5605.2
2024-02-06,TR-07,07#矿车,2020,8.68,2,217.4,3773.6
2024-02-06,TR-08,08#矿车,2015,8.74,2,222.5,3887.8
2024-02-06,TR-09,09#矿车,2023,7.87,2,220.5,3471.3
2024-02-06,TR-10,10#矿车,2016,7.84,3,229.2,5389.9
2024-02-06,TR-11,11#矿车,2021,8.43,3,227.1,5745.1
2024-02-06,TR-12,12#矿车,2013,6.75,3,227.1,4602.0
2024-02-07,TR-01,01#矿车,2017,8.35,2,219.5,3667.2
2024-02-07,TR-02,02#矿车,2021,8.35,3,217.3,5445.3
2024-02-07,TR-03,03#矿车,2019,8.27,3,219.3,5438.7
2024-02-07,TR-04,04#矿车,2014,7.29,3,217.8,4764.0
2024-02-07,TR-05,05#矿车,2022,8.39,3,231.5,5825.0
2024-02-07,TR-06,06#矿车,2018,8.41,3,229.1,5783.4
2024-02-07,TR-07,07#矿车,2020,8.72,3,217.4,5685.1
2024-02-07,TR-08,08#矿车,2015,8.58,3,222.5,5725.4
2024-02-07,TR-09,09#矿车,2023,8.02,2,220.5,3535.4
2024-02-07,TR-10,10#矿车,2016,8.36,3,229.2,5749.1
2024-02-07,TR-11,11#矿车,2021,7.78,3,227.1,5298.4
2024-02-07,TR-12,12#矿车,2013,6.79,2,227.1,3083.9
2024-02-08,TR-01,01#矿车,2017,8.01,3,219.5,5272.4
2024-02-08,TR-02,02#矿车,2021,8.41,3,217.3,5485.2
2024-02-08,TR-03,03#矿车,2019,8.38,3,219.3,5511.1
2024-02-08,TR-04,04#矿车,2014,7.5,3,217.8,4900.7
2024-02-08,TR-05,05#矿车,2022,5.71,0,231.5,0.0
2024-02-08,TR-06,06#矿车,2018,8.26,3,229.1,5680.2
2024-02-08,TR-07,07#矿车,2020,8.73,2,217.4,3796.5
2024-02-08,TR-08,08#矿车,2015,8.95,2,222.5,3981.5
2024-02-08,TR-09,09#矿车,2023,7.53,2,220.5,3319.1
2024-02-08,TR-10,10#矿车,2016,8.4,2,229.2,3849.8
2024-02-08,TR-11,11#矿车,2021,8.42,3,227.1,5737.0
2024-02-08,TR-12,12#矿车,2013,7.06,3,227.1,4812.4
2024-02-09,TR-01,01#矿车,2017,8.43,3,219.5,5552.0
2024-02-09,TR-02,02#矿车,2021,8.35,3,217.3,5446.2
2024-02-09,TR-03,03#矿车,2019,8.55,3,219.3,5623.9
2024-02-09,TR-04,04#矿车,2014,7.17,3,217.8,4684.1
2024-02-09,TR-05,05#矿车,2022,8.42,3,231.5,5848.2
2024-02-09,TR-06,06#矿车,2018,8.26,3,229.1,5673.6
2024-02-09,TR-07,07#矿车,2020,8.73,3,217.4,5691.7
2024-02-09,TR-08,08#矿车,2015,8.85,2,222.5,3939.4
2024-02-09,TR-09,09#矿车,2023,7.78,3,220.5,5146.3
2024-02-09,TR-10,10#矿车,2016,8.35,2,229.2,3830.1
2024-02-09,TR-11,11#矿车,2021,8.52,2,227.1,3870.5
2024-02-09,TR-12,12#矿车,2013,7.05,3,227.1,4802.3
2024-02-10,TR-01,01#矿车,2017,8.27,2,219.5,3629.2
2024-02-10,TR-02,02#矿车,2021,8.49,3,217.3,5537.6
2024-02-10,TR-03,03#矿车,2019,8.54,3,219.3,5617.8
2024-02-10,TR-04,04#矿车,2014,7.43,3,217.8,4854.2
2024-02-10,TR-05,05#矿车,2022,8.04,3,231.5,5586.0
2024-02-10,TR-06,06#矿车,2018,7.32,3,229.1,5033.8
2024-02-10,TR-07,07#矿车,2020,8.85,3,217.4,5771.2
2024-02-10,TR-08,08#矿车,2015,8.66,3,222.5,5780.9
2024-02-10,TR-09,09#矿车,2023,7.99,2,220.5,3524.8
2024-02-10,TR-10,10#矿车,2016,8.64,3,229.2,5940.6
2024-02-10,TR-11,11#矿车,2021,8.97,3,227.1,6111.4
2024-02-10,TR-12,12#矿车,2013,7.25,3,227.1,4942.5
2024-02-11,TR-01,01#矿车,2017,7.86,3,219.5,5177.7
2024-02-11,TR-02,02#矿车,2021,8.2,3,217.3,5343.3
2024-02-11,TR-03,03#矿车,2019,8.32,3,219.3,5476.0
2024-02-11,TR-04,04#矿车,2014,7.11,3,217.8,4644.9
2024-02-11,TR-05,05#矿车,2022,8.58,2,231.5,3972.1
2024-02-11,TR-06,06#矿车,2018,7.12,2,229.1,3262.6
2024-02-11,TR-07,07#矿车,2020,9.08,3,217.4,5921.1
2024-02-11,TR-08,08#矿车,2015,8.91,3,222.5,5949.2
2024-02-11,TR-09,09#矿车,2023,7.88,3,220.5,5215.7
2024-02-11,TR-10,10#矿车,2016,8.45,2,229.2,3873.1
2024-02-11,TR-11,11#矿车,2021,8.99,3,227.1,6122.2
2024-02-11,TR-12,12#矿车,2013,6.91,3,227.1,4709.9
2024-02-12,TR-01,01#矿车,2017,7.96,3,219.5,5242.8
2024-02-12,TR-02,02#矿车,2021,8.02,3,217.3,5227.2
2024-02-12,TR-03,03#矿车,2019,8.02,3,219.3,5275.8
2024-02-12,TR-04,04#矿车,2014,7.14,2,217.8,3107.3
2024-02-12,TR-05,05#矿车,2022,8.55,3,231.5,5939.2
2024-02-12,TR-06,06#矿车,2018,7.7,3,229.1,5293.8
2024-02-12,TR-07,07#矿车,2020,8.5,3,217.4,5540.5
2024-02-12,TR-08,08#矿车,2015,8.81,3,222.5,5877.9
2024-02-12,TR-09,09#矿车,2023,8.27,3,220.5,5471.2
2024-02-12,TR-10,10#矿车,2016,8.16,2,229.2,3740.0
2024-02-12,TR-11,11#矿车,2021,8.23,3,227.1,5606.8
2024-02-12,TR-12,12#矿车,2013,7.38,3,227.1,5029.9
2024-02-13,TR-01,01#矿车,2017,8.41,3,219.5,5540.2
2024-02-13,TR-02,02#矿车,2021,8.16,2,217.3,3548.2
2024-02-13,TR-03,03#矿车,2019,8.27,3,219.3,5442.6
2024-02-13,TR-04,04#矿车,2014,7.01,3,217.8,4582.2
2024-02-13,TR-05,05#矿车,2022,9.14,3,231.5,6346.6
2024-02-13,TR-06,06#矿车,2018,7.91,3,229.1,5439.2
2024-02-13,TR-07,07#矿车,2020,8.74,2,217.4,3800.6
2024-02-13,TR-08,08#矿车,2015,8.64,3,222.5,5765.5
2024-02-13,TR-09,09#矿车,2023,7.91,2,220.5,3489.7
2024-02-13,TR-10,10#矿车,2016,8.21,2,229.2,3763.7
2024-02-13,TR-11,11#矿车,2021,8.82,2,227.1,4006.9
2024-02-13,TR-12,12#矿车,2013,7.09,3,227.1,4833.0
2024-02-14,TR-01,01#矿车,2017,8.65,3,219.5,5697.7
2024-02-14,TR-02,02#矿车,2021,8.11,3,217.3,5284.4
2024-02-14,TR-03,03#矿车,2019,8.0,2,219.3,3508.2
2024-02-14,TR-04,04#矿车,2014,6.95,2,217.8,3027.6
2024-02-14,TR-05,05#矿车,2022,8.84,2,231.5,4091.1
2024-02-14,TR-06,06#矿车,2018,7.94,3,229.1,5456.6
2024-02-14,TR-07,07#矿车,2020,8.81,2,217.4,3831.5
2024-02-14,TR-08,08#矿车,2015,8.69,3,222.5,5800.4
2024-02-14,TR-09,09#矿车,2023,7.6,3,220.5,5030.5
2024-02-14,TR-10,10#矿车,2016,8.62,2,229.2,3952.1
2024-02-14,TR-11,11#矿车,2021,8.47,3,227.1,5768.3
2024-02-14,TR-12,12#矿车,2013,6.77,3,227.1,4614.7
2024-02-15,TR-01,01#矿车,2017,8.17,2,219.5,3587.8
2024-02-15,TR-02,02#矿车,2021,8.17,2,217.3,3552.6
2024-02-15,TR-03,03#矿车,2019,8.03,3,219.3,5285.7
2024-02-15,TR-04,04#矿车,2014,7.03,3,217.8,4592.5
2024-02-15,TR-05,05#矿车,2022,8.49,2,231.5,3932.3
2024-02-15,TR-06,06#矿车,2018,7.65,2,229.1,3506.6
2024-02-15,TR-07,07#矿车,2020,8.31,2,217.4,3614.6
2024-02-15,TR-08,08#矿车,2015,8.22,3,222.5,5483.8
2024-02-15,TR-09,09#矿车,2023,7.94,3,220.5,5253.8
2024-02-15,TR-10,10#矿车,2016,8.7,3,229.2,5983.0
2024-02-15,TR-11,11#矿车,2021,8.24,2,227.1,3744.1
2024-02-15,TR-12,12#矿车,2013,6.98,2,227.1,3168.4
2024-02-16,TR-01,01#矿车,2017,7.83,2,219.5,3438.4
2024-02-16,TR-02,02#矿车,2021,7.96,3,217.3,5188.5
2024-02-16,TR-03,03#矿车,2019,8.25,2,219.3,3618.7
2024-02-16,TR-04,04#矿车,2014,6.99,3,217.8,4565.4
2024-02-16,TR-05,05#矿车,2022,8.36,2,231.5,3871.2
2024-02-16,TR-06,06#矿车,2018,7.77,2,229.1,3561.5
2024-02-16,TR-07,07#矿车,2020,8.59,3,217.4,5601.1
2024-02-16,TR-08,08#矿车,2015,8.09,2,222.5,3601.7
2024-02-16,TR-09,09#矿车,2023,8.1,3,220.5,5355.4
2024-02-16,TR-10,10#矿车,2016,8.46,3,229.2,5816.3
2024-02-16,TR-11,11#矿车,2021,8.77,3,227.1,5976.5
2024-02-16,TR-12,12#矿车,2013,7.1,2,227.1,3225.0
2024-02-17,TR-01,01#矿车,2017,7.89,2,219.5,3464.3
2024-02-17,TR-02,02#矿车,2021,8.01,3,217.3,5224.4
2024-02-17,TR-03,03#矿车,2019,8.24,3,219.3,5419.8
2024-02-17,TR-04,04#矿车,2014,7.2,3,217.8,4703.4
2024-02-17,TR-05,05#矿车,2022,8.18,3,231.5,5678.7
2024-02-17,TR-06,06#矿车,2018,8.4,3,229.1,5773.4
2024-02-17,TR-07,07#矿车,2020,8.55,2,217.4,3716.9
2024-02-17,TR-08,08#矿车,2015,8.52,2,222.5,3792.3
2024-02-17,TR-09,09#矿车,2023,7.59,2,220.5,3349.3
2024-02-17,TR-10,10#矿车,2016,8.46,3,229.2,5821.6
2024-02-17,TR-11,11#矿车,2021,8.99,2,227.1,4080.8
2024-02-17,TR-12,12#矿车,2013,6.71,3,227.1,4570.5
2024-02-18,TR-01,01#矿车,2017,8.07,2,219.5,3544.0
2024-02-18,TR-02,02#矿车,2021,8.21,3,217.3,5349.0
2024-02-18,TR-03,03#矿车,2019,8.61,3,219.3,5666.5
2024-02-18,TR-04,04#矿车,2014,6.88,2,217.8,2998.1
2024-02-18,TR-05,05#矿车,2022,8.36,3,231.5,5804.0
2024-02-18,TR-06,06#矿车,2018,8.26,3,229.1,5674.7
2024-02-18,TR-07,07#矿车,2020,8.55,2,217.4,3717.9
2024-02-18,TR-08,08#矿车,2015,8.57,2,222.5,3811.9
2024-02-18,TR-09,09#矿车,2023,7.8,2,220.5,3438.4
2024-02-18,TR-10,10#矿车,2016,9.11,2,229.2,4177.5
2024-02-18,TR-11,11#矿车,2021,8.49,3,227.1,5782.5
2024-02-18,TR-12,12#矿车,2013,6.7,3,227.1,4567.5
2024-02-19,TR-01,01#矿车,2017,8.57,3,219.5,5643.7
2024-02-19,TR-02,02#矿车,2021,8.42,3,217.3,5491.5
2024-02-19,TR-03,03#矿车,2019,8.48,3,219.3,5580.2
2024-02-19,TR-04,04#矿车,2014,6.99,3,217.8,4563.3
2024-02-19,TR-05,05#矿车,2022,8.78,3,231.5,6097.2
2024-02-19,TR-06,06#矿车,2018,8.32,2,229.1,3811.6
2024-02-19,TR-07,07#矿车,2020,8.64,3,217.4,5632.1
2024-02-19,TR-08,08#矿车,2015,8.55,3,222.5,5705.6
2024-02-19,TR-09,09#矿车,2023,7.91,2,220.5,3490.3
2024-02-19,TR-10,10#矿车,2016,8.45,3,229.2,5813.1
2024-02-19,TR-11,11#矿车,2021,8.82,2,227.1,4003.5
2024-02-19,TR-12,12#矿车,2013,6.65,3,227.1,4527.7
2024-02-20,TR-01,01#矿车,2017,8.27,2,219.5,3631.1
2024-02-20,TR-02,02#矿车,2021,7.88,3,217.3,5139.5
2024-02-20,TR-03,03#矿车,2019,8.14,3,219.3,5356.5
2024-02-20,TR-04,04#矿车,2014,7.01,2,217.8,3051.6
2024-02-20,TR-05,05#矿车,2022,8.27,2,231.5,3829.5
2024-02-20,TR-06,06#矿车,2018,7.98,3,229.1,5481.2
2024-02-20,TR-07,07#矿车,2020,8.32,2,217.4,3616.5
2024-02-20,TR-08,08#矿车,2015,8.42,2,222.5,3745.1
2024-02-20,TR-09,09#矿车,2023,7.82,2,220.5,3447.8
2024-02-20,TR-10,10#矿车,2016,8.46,3,229.2,5818.0
2024-02-20,TR-11,11#矿车,2021,8.57,2,227.1,3893.0
2024-02-20,TR-12,12#矿车,2013,6.65,3,227.1,4531.6
2024-02-21,TR-01,01#矿车,2017,8.3,2,219.5,3644.6
2024-02-21,TR-02,02#矿车,2021,7.95,3,217.3,5185.0
2024-02-21,TR-03,03#矿车,2019,8.11,3,219.3,5333.0
2024-02-21,TR-04,04#矿车,2014,7.31,3,217.8,4774.6
2024-02-21,TR-05,05#矿车,2022,8.84,3,231.5,6139.0
2024-02-21,TR-06,06#矿车,2018,8.41,3,229.1,5778.9
2024-02-21,TR-07,07#矿车,2020,8.35,2,217.4,3631.1
2024-02-21,TR-08,08#矿车,2015,8.11,2,222.5,3607.9
2024-02-21,TR-09,09#矿车,2023,8.28,2,220.5,3651.4
2024-02-21,TR-10,10#矿车,2016,8.27,3,229.2,5688.8
2024-02-21,TR-11,11#矿车,2021,8.22,2,227.1,3732.0
2024-02-21,TR-12,12#矿车,2013,6.91,2,227.1,3139.1
2024-02-22,TR-01,01#矿车,2017,8.47,2,219.5,3718.8
2024-02-22,TR-02,02#矿车,2021,8.14,3,217.3,5306.9
2024-02-22,TR-03,03#矿车,2019,8.54,2,219.3,3745.3
2024-02-22,TR-04,04#矿车,2014,6.75,3,217.8,4408.7
2024-02-22,TR-05,05#矿车,2022,8.7,2,231.5,4029.5
2024-02-22,TR-06,06#矿车,2018,8.43,2,229.1,3862.6
2024-02-22,TR-07,07#矿车,2020,8.2,2,217.4,3563.3
2024-02-22,TR-08,08#矿车,2015,8.46,3,222.5,5645.9
2024-02-22,TR-09,09#矿车,2023,7.87,2,220.5,3471.6
2024-02-22,TR-10,10#矿车,2016,8.86,2,229.2,4062.6
2024-02-22,TR-11,11#矿车,2021,8.21,3,227.1,5591.6
2024-02-22,TR-12,12#矿车,2013,7.05,3,227.1,4801.5
2024-02-23,TR-01,01#矿车,2017,7.98,3,219.5,5255.9
2024-02-23,TR-02,02#矿车,2021,8.44,3,217.3,5502.1
2024-02-23,TR-03,03#矿车,2019,9.01,2,219.3,3950.4
2024-02-23,TR-04,04#矿车,2014,7.02,3,217.8,4586.9
2024-02-23,TR-05,05#矿车,2022,8.65,3,231.5,6004.7
2024-02-23,TR-06,06#矿车,2018,7.95,3,229.1,5464.7
2024-02-23,TR-07,07#矿车,2020,8.0,3,217.4,5218.2
2024-02-23,TR-08,08#矿车,2015,8.74,3,222.5,5835.3
2024-02-23,TR-09,09#矿车,2023,8.02,3,220.5,5303.7
2024-02-23,TR-10,10#矿车,2016,8.46,2,229.2,3878.0
2024-02-23,TR-11,11#矿车,2021,8.04,2,227.1,3651.6
2024-02-23,TR-12,12#矿车,2013,7.05,3,227.1,4802.7
2024-02-24,TR-01,01#矿车,2017,8.12,3,219.5,5345.8
2024-02-24,TR-02,02#矿车,2021,8.22,3,217.3,5359.3
2024-02-24,TR-03,03#矿车,2019,8.73,3,219.3,5746.2
2024-02-24,TR-04,04#矿车,2014,6.75,3,217.8,4409.9
2024-02-24,TR-05,05#矿车,2022,8.51,3,231.5,5912.7
2024-02-24,TR-06,06#矿车,2018,8.03,2,229.1,3677.5
2024-02-24,TR-07,07#矿车,2020,8.37,3,217.4,5457.4
2024-02-24,TR-08,08#矿车,2015,8.51,3,222.5,5680.8
2024-02-24,TR-09,09#矿车,2023,7.98,3,220.5,5278.6
2024-02-24,TR-10,10#矿车,2016,8.42,3,229.2,5790.5
2024-02-24,TR-11,11#矿车,2021,8.28,3,227.1,5640.2
2024-02-24,TR-12,12#矿车,2013,7.41,3,227.1,5047.0
2024-02-25,TR-01,01#矿车,2017,7.7,2,219.5,3382.8
2024-02-25,TR-02,02#矿车,2021,7.82,3,217.3,5098.9
2024-02-25,TR-03,03#矿车,2019,8.61,2,219.3,3775.2
2024-02-25,TR-04,04#矿车,2014,7.35,3,217.8,4803.5
2024-02-25,TR-05,05#矿车,2022,8.45,3,231.5,5870.6
2024-02-25,TR-06,06#矿车,2018,7.95,3,229.1,5461.5
2024-02-25,TR-07,07#矿车,2020,8.7,3,217.4,5673.1
2024-02-25,TR-08,08#矿车,2015,8.86,3,222.5,5914.3
2024-02-25,TR-09,09#矿车,2023,7.68,3,220.5,5083.0
2024-02-25,TR-10,10#矿车,2016,8.49,3,229.2,5838.4
2024-02-25,TR-11,11#矿车,2021,8.48,3,227.1,5779.1
2024-02-25,TR-12,12#矿车,2013,7.01,2,227.1,3183.2
2024-02-26,TR-01,01#矿车,2017,8.0,3,219.5,5269.7
2024-02-26,TR-02,02#矿车,2021,7.28,3,217.3,4748.6
2024-02-26,TR-03,03#矿车,2019,8.21,3,219.3,5399.5
2024-02-26,TR-04,04#矿车,2014,6.94,3,217.8,4534.7
2024-02-26,TR-05,05#矿车,2022,8.78,3,231.5,6095.8
2024-02-26,TR-06,06#矿车,2018,7.74,3,229.1,5321.7
2024-02-26,TR-07,07#矿车,2020,8.44,3,217.4,5505.2
2024-02-26,TR-08,08#矿车,2015,8.89,3,222.5,5932.6
2024-02-26,TR-09,09#矿车,2023,7.91,3,220.5,5232.5
2024-02-26,TR-10,10#矿车,2016,8.04,3,229.2,5530.8
2024-02-26,TR-11,11#矿车,2021,8.64,2,227.1,3925.7
2024-02-26,TR-12,12#矿车,2013,6.68,3,227.1,4553.9
2024-02-27,TR-01,01#矿车,2017,8.14,3,219.5,5361.7
2024-02-27,TR-02,02#矿车,2021,7.91,2,217.3,3437.0
2024-02-27,TR-03,03#矿车,2019,8.24,2,219.3,3615.5
2024-02-27,TR-04,04#矿车,2014,7.55,3,217.8,4932.7
2024-02-27,TR-05,05#矿车,2022,9.12,2,231.5,4222.2
2024-02-27,TR-06,06#矿车,2018,7.67,3,229.1,5272.3
2024-02-27,TR-07,07#矿车,2020,8.79,2,217.4,3823.1
2024-02-27,TR-08,08#矿车,2015,8.25,3,222.5,5506.0
2024-02-27,TR-09,09#矿车,2023,7.77,3,220.5,5139.0
2024-02-27,TR-10,10#矿车,2016,8.56,2,229.2,3922.8
2024-02-27,TR-11,11#矿车,2021,8.6,3,227.1,5858.8
2024-02-27,TR-12,12#矿车,2013,6.77,2,227.1,3077.2
2024-02-28,TR-01,01#矿车,2017,8.05,2,219.5,3534.7
2024-02-28,TR-02,02#矿车,2021,8.15,3,217.3,5316.1
2024-02-28,TR-03,03#矿车,2019,4.62,1,219.3,1012.7
2024-02-28,TR-04,04#矿车,2014,7.46,3,217.8,4875.6
2024-02-28,TR-05,05#矿车,2022,8.99,3,231.5,6246.9
2024-02-28,TR-06,06#矿车,2018,8.01,2,229.1,3669.3
2024-02-28,TR-07,07#矿车,2020,8.89,2,217.4,3865.3
2024-02-28,TR-08,08#矿车,2015,8.26,3,222.5,5512.1
2024-02-28,TR-09,09#矿车,2023,8.05,3,220.5,5327.4
2024-02-28,TR-10,10#矿车,2016,8.64,3,229.2,5941.9
2024-02-28,TR-11,11#矿车,2021,8.27,2,227.1,3756.0
2024-02-28,TR-12,12#矿车,2013,6.71,2,227.1,3047.3
2024-02-29,TR-01,01#矿车,2017,8.07,3,219.5,5317.0
2024-02-29,TR-02,02#矿车,2021,8.0,3,217.3,5215.4
2024-02-29,TR-03,03#矿车,2019,8.52,3,219.3,5604.0
2024-02-29,TR-04,04#矿车,2014,7.12,3,217.8,4653.3
2024-02-29,TR-05,05#矿车,2022,8.47,2,231.5,3920.4
2024-02-29,TR-06,06#矿车,2018,8.61,2,229.1,3944.8
2024-02-29,TR-07,07#矿车,2020,9.09,3,217.4,5928.0
2024-02-29,TR-08,08#矿车,2015,8.47,3,222.5,5654.0
2024-02-29,TR-09,09#矿车,2023,8.01,3,220.5,5300.9
2024-02-29,TR-10,10#矿车,2016,8.22,2,229.2,3767.9
2024-02-29,TR-11,11#矿车,2021,8.68,3,227.1,5909.5
2024-02-29,TR-12,12#矿车,2013,6.89,2,227.1,3127.5
2024-03-01,TR-01,01#矿车,2017,8.45,3,219.5,5563.7
2024-03-01,TR-02,02#矿车,2021,7.96,2,217.3,3458.4
2024-03-01,TR-03,03#矿车,2019,8.36,3,219.3,5500.8
2024-03-01,TR-04,04#矿车,2014,7.49,2,217.8,3263.4
2024-03-01,TR-05,05#矿车,2022,8.68,3,231.5,6031.0
2024-03-01,TR-06,06#矿车,2018,8.07,3,229.1,5544.7
2024-03-01,TR-07,07#矿车,2020,8.77,3,217.4,5717.9
2024-03-01,TR-08,08#矿车,2015,8.46,2,222.5,3765.4
2024-03-01,TR-09,09#矿车,2023,7.73,3,220.5,5110.9
2024-03-01,TR-10,10#矿车,2016,8.47,3,229.2,5823.7
2024-03-01,TR-11,11#矿车,2021,8.48,2,227.1,3852.4
2024-03-01,TR-12,12#矿车,2013,6.57,3,227.1,4474.2
2024-03-02,TR-01,01#矿车,2017,8.66,2,219.5,3802.8
2024-03-02,TR-02,02#矿车,2021,8.08,3,217.3,5270.0
2024-03-02,TR-03,03#矿车,2019,8.34,2,219.3,3658.8
2024-03-02,TR-04,04#矿车,2014,7.81,3,217.8,5101.2
2024-03-02,TR-05,05#矿车,2022,9.27,3,231.5,6439.1
2024-03-02,TR-06,06#矿车,2018,7.83,3,229.1,5378.6
2024-03-02,TR-07,07#矿车,2020,8.31,3,217.4,5421.8
2024-03-02,TR-08,08#矿车,2015,8.86,3,222.5,5913.9
2024-03-02,TR-09,09#矿车,2023,7.8,3,220.5,5161.2
2024-03-02,TR-10,10#矿车,2016,8.55,2,229.2,3922.0
2024-03-02,TR-11,11#矿车,2021,8.14,2,227.1,3696.7
2024-03-02,TR-12,12#矿车,2013,7.42,2,227.1,3369.1
2024-03-03,TR-01,01#矿车,2017,8.41,2,219.5,3694.4
2024-03-03,TR-02,02#矿车,2021,8.32,3,217.3,5423.5
2024-03-03,TR-03,03#矿车,2019,7.95,3,219.3,5230.1
2024-03-03,TR-04,04#矿车,2014,6.72,3,217.8,4389.4
2024-03-03,TR-05,05#矿车,2022,8.97,3,231.5,6227.8
2024-03-03,TR-06,06#矿车,2018,8.25,2,229.1,3778.0
2024-03-03,TR-07,07#矿车,2020,8.13,3,217.4,5299.0
2024-03-03,TR-08,08#矿车,2015,8.92,3,222.5,5951.7
2024-03-03,TR-09,09#矿车,2023,7.4,2,220.5,3264.9
2024-03-03,TR-10,10#矿车,2016,8.52,2,229.2,3904.2
2024-03-03,TR-11,11#矿车,2021,8.68,3,227.1,5910.6
2024-03-03,TR-12,12#矿车,2013,7.21,3,227.1,4911.2
2024-03-04,TR-01,01#矿车,2017,8.49,2,219.5,3726.4
2024-03-04,TR-02,02#矿车,2021,8.77,3,217.3,5718.8
2024-03-04,TR-03,03#矿车,2019,8.09,3,219.3,5320.4
2024-03-04,TR-04,04#矿车,2014,7.04,3,217.8,4599.0
2024-03-04,TR-05,05#矿车,2022,8.76,2,231.5,4057.9
2024-03-04,TR-06,06#矿车,2018,7.83,3,229.1,5379.3
2024-03-04,TR-07,07#矿车,2020,8.82,2,217.4,3833.0
2024-03-04,TR-08,08#矿车,2015,8.64,2,222.5,3845.8
2024-03-04,TR-09,09#矿车,2023,7.48,2,220.5,3297.1
2024-03-04,TR-10,10#矿车,2016,8.34,2,229.2,3823.8
2024-03-04,TR-11,11#矿车,2021,8.18,3,227.1,5573.2
2024-03-04,TR-12,12#矿车,2013,6.75,2,227.1,3066.5
2024-03-05,TR-01,01#矿车,2017,8.16,3,219.5,5373.4
2024-03-05,TR-02,02#矿车,2021,8.64,2,217.3,3755.3
2024-03-05,TR-03,03#矿车,2019,8.43,2,219.3,3697.6
2024-03-05,TR-04,04#矿车,2014,6.78,2,217.8,2951.1
2024-03-05,TR-05,05#矿车,2022,8.83,3,231.5,6132.1
2024-03-05,TR-06,06#矿车,2018,7.67,2,229.1,3515.7
2024-03-05,TR-07,07#矿车,2020,8.89,3,217.4,5793.8
2024-03-05,TR-08,08#矿车,2015,8.9,3,222.5,5941.6
2024-03-05,TR-09,09#矿车,2023,7.98,3,220.5,5277.4
2024-03-05,TR-10,10#矿车,2016,8.59,3,229.2,5908.5
2024-03-05,TR-11,11#矿车,2021,8.41,3,227.1,5729.5
2024-03-05,TR-12,12#矿车,2013,6.95,3,227.1,4735.3
2024-03-06,TR-01,01#矿车,2017,8.66,2,219.5,3801.5
2024-03-06,TR-02,02#矿车,2021,7.88,3,217.3,5139.8
2024-03-06,TR-03,03#矿车,2019,8.1,2,219.3,3550.9
2024-03-06,TR-04,04#矿车,2014,7.41,3,217.8,4841.1
2024-03-06,TR-05,05#矿车,2022,8.6,2,231.5,3982.3
2024-03-06,TR-06,06#矿车,2018,7.91,2,229.1,3622.7
2024-03-06,TR-07,07#矿车,2020,9.0,2,217.4,3911.6
2024-03-06,TR-08,08#矿车,2015,8.84,3,222.5,5900.3
2024-03-06,TR-09,09#矿车,2023,7.93,3,220.5,5246.4
2024-03-06,TR-10,10#矿车,2016,8.78,3,229.2,6037.7
2024-03-06,TR-11,11#矿车,2021,8.57,3,227.1,5840.9
2024-03-06,TR-12,12#矿车,2013,6.73,3,227.1,4587.6
2024-03-07,TR-01,01#矿车,2017,8.39,3,219.5,5528.8
2024-03-07,TR-02,02#矿车,2021,7.96,3,217.3,5188.8
2024-03-07,TR-03,03#矿车,2019,8.06,3,219.3,5301.8
2024-03-07,TR-04,04#矿车,2014,7.42,3,217.8,4849.2
2024-03-07,TR-05,05#矿车,2022,8.42,3,231.5,5849.2
2024-03-07,TR-06,06#矿车,2018,8.17,2,229.1,3744.4
2024-03-07,TR-07,07#矿车,2020,9.2,3,217.4,6002.2
2024-03-07,TR-08,08#矿车,2015,8.54,3,222.5,5700.3
2024-03-07,TR-09,09#矿车,2023,7.76,3,220.5,5130.5
2024-03-07,TR-10,10#矿车,2016,8.47,3,229.2,5822.2
2024-03-07,TR-11,11#矿车,2021,7.84,3,227.1,5338.7
2024-03-07,TR-12,12#矿车,2013,6.76,2,227.1,3072.4
2024-03-08,TR-01,01#矿车,2017,8.28,2,219.5,3635.1
2024-03-08,TR-02,02#矿车,2021,8.4,3,217.3,5477.7
2024-03-08,TR-03,03#矿车,2019,8.48,2,219.3,3721.1
2024-03-08,TR-04,04#矿车,2014,7.06,3,217.8,4613.2
2024-03-08,TR-05,05#矿车,2022,8.81,3,231.5,6116.9
2024-03-08,TR-06,06#矿车,2018,8.03,3,229.1,5518.6
2024-03-08,TR-07,07#矿车,2020,8.62,2,217.4,3747.9
2024-03-08,TR-08,08#矿车,2015,8.6,2,222.5,3825.6
2024-03-08,TR-09,09#矿车,2023,8.09,3,220.5,5353.4
2024-03-08,TR-10,10#矿车,2016,8.12,3,229.2,5582.4
2024-03-08,TR-11,11#矿车,2021,7.95,2,227.1,3609.7
2024-03-08,TR-12,12#矿车,2013,6.63,3,227.1,4517.3
2024-03-09,TR-01,01#矿车,2017,8.32,3,219.5,5479.5
2024-03-09,TR-02,02#矿车,2021,8.13,2,217.3,3534.0
2024-03-09,TR-03,03#矿车,2019,8.08,2,219.3,3544.6
2024-03-09,TR-04,04#矿车,2014,7.09,3,217.8,4632.2
2024-03-09,TR-05,05#矿车,2022,8.56,3,231.5,5948.4
2024-03-09,TR-06,06#矿车,2018,7.89,3,229.1,5426.1
2024-03-09,TR-07,07#矿车,2020,8.34,2,217.4,3625.7
2024-03-09,TR-08,08#矿车,2015,8.26,2,222.5,3675.5
2024-03-09,TR-09,09#矿车,2023,7.77,3,220.5,5142.7
2024-03-09,TR-10,10#矿车,2016,8.09,3,229.2,5563.2
2024-03-09,TR-11,11#矿车,2021,8.27,2,227.1,3755.1
2024-03-09,TR-12,12#矿车,2013,6.51,3,227.1,4437.4
2024-03-10,TR-01,01#矿车,2017,8.16,3,219.5,5376.3
2024-03-10,TR-02,02#矿车,2021,8.59,3,217.3,5597.9
2024-03-10,TR-03,03#矿车,2019,8.34,3,219.3,5489.6
2024-03-10,TR-04,04#矿车,2014,6.83,2,217.8,2974.6
2024-03-10,TR-05,05#矿车,2022,8.6,3,231.5,5974.3
2024-03-10,TR-06,06#矿车,2018,7.96,3,229.1,5471.7
2024-03-10,TR-07,07#矿车,2020,8.34,3,217.4,5440.8
2024-03-10,TR-08,08#矿车,2015,8.65,3,222.5,5772.2
2024-03-10,TR-09,09#矿车,2023,7.96,3,220.5,5267.6
2024-03-10,TR-10,10#矿车,2016,8.28,3,229.2,5694.4
2024-03-10,TR-11,11#矿车,2021,8.16,2,227.1,3705.3
2024-03-10,TR-12,12#矿车,2013,6.61,2,227.1,3000.4
2024-03-11,TR-01,01#矿车,2017,7.77,3,219.5,5117.8
2024-03-11,TR-02,02#矿车,2021,8.27,3,217.3,5391.1
2024-03-11,TR-03,03#矿车,2019,8.36,2,219.3,3665.7
2024-03-11,TR-04,04#矿车,2014,6.8,3,217.8,4444.0
2024-03-11,TR-05,05#矿车,2022,8.75,3,231.5,6076.3
2024-03-11,TR-06,06#矿车,2018,7.87,3,229.1,5411.5
2024-03-11,TR-07,07#矿车,2020,8.1,3,217.4,5279.4
2024-03-11,TR-08,08#矿车,2015,8.89,3,222.5,5933.4
2024-03-11,TR-09,09#矿车,2023,8.11,3,220.5,5365.7
2024-03-11,TR-10,10#矿车,2016,8.3,3,229.2,5710.6
2024-03-11,TR-11,11#矿车,2021,8.49,3,227.1,5785.4
2024-03-11,TR-12,12#矿车,2013,6.74,2,227.1,3059.3
2024-03-12,TR-01,01#矿车,2017,8.11,3,219.5,5343.0
2024-03-12,TR-02,02#矿车,2021,8.83,3,217.3,5759.2
2024-03-12,TR-03,03#矿车,2019,8.15,3,219.3,5358.9
2024-03-12,TR-04,04#矿车,2014,6.56,2,217.8,2857.4
2024-03-12,TR-05,05#矿车,2022,8.07,3,231.5,5606.9
2024-03-12,TR-06,06#矿车,2018,8.23,2,229.1,3768.9
2024-03-12,TR-07,07#矿车,2020,8.3,3,217.4,5413.7
2024-03-12,TR-08,08#矿车,2015,8.54,2,222.5,3801.5
2024-03-12,TR-09,09#矿车,2023,8.19,3,220.5,5415.0
2024-03-12,TR-10,10#矿车,2016,8.45,3,229.2,5808.4
2024-03-12,TR-11,11#矿车,2021,7.96,2,227.1,3616.5
2024-03-12,TR-12,12#矿车,2013,7.51,2,227.1,3410.8
2024-03-13,TR-01,01#矿车,2017,8.2,3,219.5,5403.4
2024-03-13,TR-02,02#矿车,2021,8.73,3,217.3,5689.4
2024-03-13,TR-03,03#矿车,2019,8.06,2,219.3,3534.8
2024-03-13,TR-04,04#矿车,2014,6.5,3,217.8,4248.0
2024-03-13,TR-05,05#矿车,2022,8.6,2,231.5,3980.4
2024-03-13,TR-06,06#矿车,2018,8.08,3,229.1,5552.1
2024-03-13,TR-07,07#矿车,2020,8.51,3,217.4,5547.2
2024-03-13,TR-08,08#矿车,2015,8.28,2,222.5,3685.9
2024-03-13,TR-09,09#矿车,2023,7.6,3,220.5,5028.7
2024-03-13,TR-10,10#矿车,2016,8.22,3,229.2,5650.3
2024-03-13,TR-11,11#矿车,2021,8.31,3,227.1,5662.6
2024-03-13,TR-12,12#矿车,2013,7.3,3,227.1,4973.9
2024-03-14,TR-01,01#矿车,2017,7.8,3,219.5,5136.1
2024-03-14,TR-02,02#矿车,2021,8.33,2,217.3,3619.0
2024-03-14,TR-03,03#矿车,2019,8.42,3,219.3,5539.5
2024-03-14,TR-04,04#矿车,2014,6.8,2,217.8,2960.2
2024-03-14,TR-05,05#矿车,2022,8.84,3,231.5,6139.7
2024-03-14,TR-06,06#矿车,2018,7.9,3,229.1,5429.0
2024-03-14,TR-07,07#矿车,2020,8.44,3,217.4,5500.5
2024-03-14,TR-08,08#矿车,2015,8.31,2,222.5,3697.6
2024-03-14,TR-09,09#矿车,2023,7.81,3,220.5,5168.3
2024-03-14,TR-10,10#矿车,2016,8.18,3,229.2,5622.8
2024-03-14,TR-11,11#矿车,2021,8.38,3,227.1,5709.8
2024-03-14,TR-12,12#矿车,2013,7.2,2,227.1,3270.9
2024-03-15,TR-01,01#矿车,2017,8.03,3,219.5,5290.2
2024-03-15,TR-02,02#矿车,2021,8.49,2,217.3,3689.7
2024-03-15,TR-03,03#矿车,2019,8.52,2,219.3,3735.8
2024-03-15,TR-04,04#矿车,2014,7.17,3,217.8,4686.2
2024-03-15,TR-05,05#矿车,2022,8.61,3,231.5,5982.6
2024-03-15,TR-06,06#矿车,2018,8.13,3,229.1,5587.1
2024-03-15,TR-07,07#矿车,2020,8.57,3,217.4,5585.7
2024-03-15,TR-08,08#矿车,2015,8.49,2,222.5,3777.0
2024-03-15,TR-09,09#矿车,2023,7.57,3,220.5,5007.5
2024-03-15,TR-10,10#矿车,2016,8.37,2,229.2,3836.1
2024-03-15,TR-11,11#矿车,2021,8.46,3,227.1,5764.6
2024-03-15,TR-12,12#矿车,2013,6.99,2,227.1,3176.5
2024-03-16,TR-01,01#矿车,2017,8.31,2,219.5,3649.1
2024-03-16,TR-02,02#矿车,2021,8.29,3,217.3,5406.2
2024-03-16,TR-03,03#矿车,2019,8.01,3,219.3,5270.3
2024-03-16,TR-04,04#矿车,2014,7.05,3,217.8,4604.6
2024-03-16,TR-05,05#矿车,2022,8.52,2,231.5,3946.6
2024-03-16,TR-06,06#矿车,2018,7.9,2,229.1,3617.9
2024-03-16,TR-07,07#矿车,2020,8.57,3,217.4,5585.8
2024-03-16,TR-08,08#矿车,2015,8.54,3,222.5,5700.9
2024-03-16,TR-09,09#矿车,2023,8.14,3,220.5,5387.4
2024-03-16,TR-10,10#矿车,2016,8.98,3,229.2,6175.1
2024-03-16,TR-11,11#矿车,2021,8.35,3,227.1,5688.0
2024-03-16,TR-12,12#矿车,2013,7.71,3,227.1,5255.2
2024-03-17,TR-01,01#矿车,2017,8.15,3,219.5,5368.6
2024-03-17,TR-02,02#矿车,2021,7.84,2,217.3,3406.4
2024-03-17,TR-03,03#矿车,2019,7.92,3,219.3,5209.4
2024-03-17,TR-04,04#矿车,2014,7.46,3,217.8,4875.7
2024-03-17,TR-05,05#矿车,2022,8.66,3,231.5,6018.4
2024-03-17,TR-06,06#矿车,2018,8.01,3,229.1,5504.3
2024-03-17,TR-07,07#矿车,2020,8.3,3,217.4,5413.2
2024-03-17,TR-08,08#矿车,2015,8.19,3,222.5,5466.3
2024-03-17,TR-09,09#矿车,2023,7.91,2,220.5,3487.5
2024-03-17,TR-10,10#矿车,2016,8.51,3,229.2,5852.8
2024-03-17,TR-11,11#矿车,2021,8.27,3,227.1,5630.3
2024-03-17,TR-12,12#矿车,2013,7.42,3,227.1,5056.4
2024-03-18,TR-01,01#矿车,2017,8.26,3,219.5,5438.2
2024-03-18,TR-02,02#矿车,2021,7.99,3,217.3,5209.5
2024-03-18,TR-03,03#矿车,2019,7.78,3,219.3,5118.8
2024-03-18,TR-04,04#矿车,2014,7.27,3,217.8,4749.2
2024-03-18,TR-05,05#矿车,2022,8.43,3,231.5,5854.8
2024-03-18,TR-06,06#矿车,2018,8.16,3,229.1,5611.0
2024-03-18,TR-07,07#矿车,2020,8.44,3,217.4,5504.7
2024-03-18,TR-08,08#矿车,2015,7.9,2,222.5,3514.9
2024-03-18,TR-09,09#矿车,2023,7.41,2,220.5,3266.0
2024-03-18,TR-10,10#矿车,2016,8.43,3,229.2,5798.3
2024-03-18,TR-11,11#矿车,2021,8.1,3,227.1,5516.0
2024-03-18,TR-12,12#矿车,2013,7.4,3,227.1,5042.6
2024-03-19,TR-01,01#矿车,2017,8.45,3,219.5,5568.0
2024-03-19,TR-02,02#矿车,2021,7.91,3,217.3,5159.2
2024-03-19,TR-03,03#矿车,2019,8.11,3,219.3,5335.3
2024-03-19,TR-04,04#矿车,2014,7.05,3,217.8,4602.7
2024-03-19,TR-05,05#矿车,2022,9.03,2,231.5,4181.8
2024-03-19,TR-06,06#矿车,2018,7.7,3,229.1,5292.5
2024-03-19,TR-07,07#矿车,2020,7.96,3,217.4,5193.1
2024-03-19,TR-08,08#矿车,2015,8.66,3,222.5,5782.5
2024-03-19,TR-09,09#矿车,2023,7.28,3,220.5,4814.6
2024-03-19,TR-10,10#矿车,2016,8.08,3,229.2,5558.1
2024-03-19,TR-11,11#矿车,2021,8.31,3,227.1,5661.2
2024-03-19,TR-12,12#矿车,2013,6.87,3,227.1,4681.6
2024-03-20,TR-01,01#矿车,2017,8.15,3,219.5,5367.4
2024-03-20,TR-02,02#矿车,2021,8.22,3,217.3,5360.8
2024-03-20,TR-03,03#矿车,2019,8.13,2,219.3,3565.4
2024-03-20,TR-04,04#矿车,2014,7.03,3,217.8,4593.8
2024-03-20,TR-05,05#矿车,2022,8.81,3,231.5,6117.9
2024-03-20,TR-06,06#矿车,2018,7.54,3,229.1,5183.9
2024-03-20,TR-07,07#矿车,2020,8.36,2,217.4,3632.8
2024-03-20,TR-08,08#矿车,2015,8.61,2,222.5,3833.4
2024-03-20,TR-09,09#矿车,2023,7.88,3,220.5,5215.1
2024-03-20,TR-10,10#矿车,2016,8.01,2,229.2,3674.2
2024-03-20,TR-11,11#矿车,2021,8.12,3,227.1,5533.6
2024-03-20,TR-12,12#矿车,2013,6.94,2,227.1,3153.2
2024-03-21,TR-01,01#矿车,2017,7.73,3,219.5,5090.6
2024-03-21,TR-02,02#矿车,2021,8.38,3,217.3,5465.5
2024-03-21,TR-03,03#矿车,2019,7.6,3,219.3,5000.0
2024-03-21,TR-04,04#矿车,2014,7.12,2,217.8,3102.5
2024-03-21,TR-05,05#矿车,2022,8.59,3,231.5,5969.5
2024-03-21,TR-06,06#矿车,2018,7.79,2,229.1,3571.6
2024-03-21,TR-07,07#矿车,2020,8.46,2,217.4,3676.1
2024-03-21,TR-08,08#矿车,2015,8.25,3,222.5,5505.6
2024-03-21,TR-09,09#矿车,2023,4.8,0,220.5,0.0
2024-03-21,TR-10,10#矿车,2016,8.02,3,229.2,5513.2
2024-03-21,TR-11,11#矿车,2021,7.82,3,227.1,5328.5
2024-03-21,TR-12,12#矿车,2013,6.92,3,227.1,4716.2
2024-03-22,TR-01,01#矿车,2017,8.08,3,219.5,5318.6
2024-03-22,TR-02,02#矿车,2021,8.05,3,217.3,5251.1
2024-03-22,TR-03,03#矿车,2019,7.9,2,219.3,3466.7
2024-03-22,TR-04,04#矿车,2014,7.57,2,217.8,3297.4
2024-03-22,TR-05,05#矿车,2022,8.59,3,231.5,5963.8
2024-03-22,TR-06,06#矿车,2018,7.85,3,229.1,5393.3
2024-03-22,TR-07,07#矿车,2020,8.54,3,217.4,5568.3
2024-03-22,TR-08,08#矿车,2015,8.62,2,222.5,3835.8
2024-03-22,TR-09,09#矿车,2023,7.39,3,220.5,4891.6
2024-03-22,TR-10,10#矿车,2016,8.5,3,229.2,5845.4
2024-03-22,TR-11,11#矿车,2021,8.51,3,227.1,5799.7
2024-03-22,TR-12,12#矿车,2013,7.59,2,227.1,3449.3
2024-03-23,TR-01,01#矿车,2017,8.46,3,219.5,5570.6
2024-03-23,TR-02,02#矿车,2021,8.4,3,217.3,5473.9
2024-03-23,TR-03,03#矿车,2019,8.16,3,219.3,5370.5
2024-03-23,TR-04,04#矿车,2014,7.45,3,217.8,4867.5
2024-03-23,TR-05,05#矿车,2022,8.38,3,231.5,5823.4
2024-03-23,TR-06,06#矿车,2018,2.96,1,229.1,677.7
2024-03-23,TR-07,07#矿车,2020,8.42,3,217.4,5488.8
2024-03-23,TR-08,08#矿车,2015,8.49,3,222.5,5668.2
2024-03-23,TR-09,09#矿车,2023,7.8,3,220.5,5162.0
2024-03-23,TR-10,10#矿车,2016,8.53,3,229.2,5863.6
2024-03-23,TR-11,11#矿车,2021,9.15,3,227.1,6233.2
2024-03-23,TR-12,12#矿车,2013,6.85,2,227.1,3112.1
2024-03-24,TR-01,01#矿车,2017,7.97,2,219.5,3498.5
2024-03-24,TR-02,02#矿车,2021,8.06,3,217.3,5251.7
2024-03-24,TR-03,03#矿车,2019,7.8,3,219.3,5132.1
2024-03-24,TR-04,04#矿车,2014,7.16,3,217.8,4679.2
2024-03-24,TR-05,05#矿车,2022,8.48,2,231.5,3927.8
2024-03-24,TR-06,06#矿车,2018,3.53,1,229.1,807.9
2024-03-24,TR-07,07#矿车,2020,8.37,2,217.4,3639.2
2024-03-24,TR-08,08#矿车,2015,8.46,2,222.5,3766.6
2024-03-24,TR-09,09#矿车,2023,8.01,2,220.5,3531.6
2024-03-24,TR-10,10#矿车,2016,8.86,2,229.2,4063.7
2024-03-24,TR-11,11#矿车,2021,8.35,3,227.1,5689.6
2024-03-24,TR-12,12#矿车,2013,6.72,2,227.1,3053.0
2024-03-25,TR-01,01#矿车,2017,7.83,3,219.5,5154.9
2024-03-25,TR-02,02#矿车,2021,7.87,3,217.3,5130.6
2024-03-25,TR-03,03#矿车,2019,8.5,3,219.3,5593.3
2024-03-25,TR-04,04#矿车,2014,6.85,3,217.8,4473.6
2024-03-25,TR-05,05#矿车,2022,7.93,3,231.5,5506.5
2024-03-25,TR-06,06#矿车,2018,7.27,2,229.1,3330.0
2024-03-25,TR-07,07#矿车,2020,8.46,2,217.4,3679.0
2024-03-25,TR-08,08#矿车,2015,8.29,3,222.5,5533.7
2024-03-25,TR-09,09#矿车,2023,7.88,3,220.5,5211.8
2024-03-25,TR-10,10#矿车,2016,8.55,3,229.2,5879.7
2024-03-25,TR-11,11#矿车,2021,8.01,3,227.1,5455.4
2024-03-25,TR-12,12#矿车,2013,7.06,3,227.1,4809.5
2024-03-26,TR-01,01#矿车,2017,8.09,3,219.5,5328.1
2024-03-26,TR-02,02#矿车,2021,8.15,2,217.3,3540.9
2024-03-26,TR-03,03#矿车,2019,8.13,2,219.3,3567.0
2024-03-26,TR-04,04#矿车,2014,6.72,3,217.8,4390.1
2024-03-26,TR-05,05#矿车,2022,8.32,3,231.5,5778.1
2024-03-26,TR-06,06#矿车,2018,7.79,3,229.1,5354.1
2024-03-26,TR-07,07#矿车,2020,8.82,3,217.4,5748.8
2024-03-26,TR-08,08#矿车,2015,8.6,2,222.5,3826.8
2024-03-26,TR-09,09#矿车,2023,8.03,2,220.5,3541.6
2024-03-26,TR-10,10#矿车,2016,8.27,2,229.2,3791.3
2024-03-26,TR-11,11#矿车,2021,8.13,3,227.1,5540.1
2024-03-26,TR-12,12#矿车,2013,6.72,3,227.1,4575.6
2024-03-27,TR-01,01#矿车,2017,8.04,3,219.5,5295.0
2024-03-27,TR-02,02#矿车,2021,8.58,2,217.3,3730.5
2024-03-27,TR-03,03#矿车,2019,8.39,2,219.3,3679.3
2024-03-27,TR-04,04#矿车,2014,7.33,3,217.8,4785.3
2024-03-27,TR-05,05#矿车,2022,8.68,3,231.5,6026.8
2024-03-27,TR-06,06#矿车,2018,8.02,3,229.1,5511.4
2024-03-27,TR-07,07#矿车,2020,8.25,3,217.4,5377.5
2024-03-27,TR-08,08#矿车,2015,8.42,2,222.5,3749.1
2024-03-27,TR-09,09#矿车,2023,8.07,3,220.5,5338.5
2024-03-27,TR-10,10#矿车,2016,8.06,3,229.2,5541.3
2024-03-27,TR-11,11#矿车,2021,8.58,3,227.1,5847.7
2024-03-27,TR-12,12#矿车,2013,6.8,3,227.1,4634.8
2024-03-28,TR-01,01#矿车,2017,7.96,3,219.5,5241.0
2024-03-28,TR-02,02#矿车,2021,8.02,3,217.3,5229.3
2024-03-28,TR-03,03#矿车,2019,8.21,2,219.3,3600.9
2024-03-28,TR-04,04#矿车,2014,7.14,2,217.8,3109.2
2024-03-28,TR-05,05#矿车,2022,8.58,3,231.5,5960.0
2024-03-28,TR-06,06#矿车,2018,7.76,3,229.1,5336.6
2024-03-28,TR-07,07#矿车,2020,8.4,3,217.4,5476.8
2024-03-28,TR-08,08#矿车,2015,8.9,2,222.5,3959.2
2024-03-28,TR-09,09#矿车,2023,8.04,3,220.5,5315.9
2024-03-28,TR-10,10#矿车,2016,8.18,3,229.2,5627.5
2024-03-28,TR-11,11#矿车,2021,8.71,2,227.1,3956.5
2024-03-28,TR-12,12#矿车,2013,6.76,3,227.1,4603.9
2024-03-29,TR-01,01#矿车,2017,8.02,2,219.5,3519.2
2024-03-29,TR-02,02#矿车,2021,8.37,3,217.3,5456.2
2024-03-29,TR-03,03#矿车,2019,8.39,2,219.3,3679.6
2024-03-29,TR-04,04#矿车,2014,7.04,3,217.8,4601.0
2024-03-29,TR-05,05#矿车,2022,8.74,3,231.5,6069.4
2024-03-29,TR-06,06#矿车,2018,7.59,3,229.1,5219.5
2024-03-29,TR-07,07#矿车,2020,8.54,2,217.4,3712.3
2024-03-29,TR-08,08#矿车,2015,8.26,3,222.5,5515.2
2024-03-29,TR-09,09#矿车,2023,7.63,3,220.5,5049.8
2024-03-29,TR-10,10#矿车,2016,8.01,3,229.2,5508.2
2024-03-29,TR-11,11#矿车,2021,8.54,2,227.1,3879.6
2024-03-29,TR-12,12#矿车,2013,6.36,3,227.1,4331.4
2024-03-30,TR-01,01#矿车,2017,7.83,3,219.5,5159.0
2024-03-30,TR-02,02#矿车,2021,8.43,3,217.3,5492.8
2024-03-30,TR-03,03#矿车,2019,8.29,3,219.3,5457.5
2024-03-30,TR-04,04#矿车,2014,7.49,3,217.8,4894.2
2024-03-30,TR-05,05#矿车,2022,8.26,2,231.5,3825.3
2024-03-30,TR-06,06#矿车,2018,7.51,3,229.1,5164.7
2024-03-30,TR-07,07#矿车,2020,8.55,2,217.4,3717.6
2024-03-30,TR-08,08#矿车,2015,8.82,3,222.5,5884.3
2024-03-30,TR-09,09#矿车,2023,7.62,2,220.5,3359.8
2024-03-30,TR-10,10#矿车,2016,8.22,3,229.2,5651.9
2024-03-30,TR-11,11#矿车,2021,8.13,3,227.1,5540.3
2024-03-30,TR-12,12#矿车,2013,6.58,3,227.1,4482.0
2024-03-31,TR-01,01#矿车,2017,8.26,3,219.5,5438.5
2024-03-31,TR-02,02#矿车,2021,8.61,3,217.3,5614.8
2024-03-31,TR-03,03#矿车,2019,8.4,3,219.3,5523.4
2024-03-31,TR-04,04#矿车,2014,7.14,2,217.8,3109.3
2024-03-31,TR-05,05#矿车,2022,7.97,2,231.5,3692.4
2024-03-31,TR-06,06#矿车,2018,7.61,3,229.1,5228.2
2024-03-31,TR-07,07#矿车,2020,8.47,2,217.4,3681.5
2024-03-31,TR-08,08#矿车,2015,8.38,3,222.5,5593.5
2024-03-31,TR-09,09#矿车,2023,7.53,3,220.5,4980.2
2024-03-31,TR-10,10#矿车,2016,8.09,2,229.2,3709.9
2024-03-31,TR-11,11#矿车,2021,8.17,3,227.1,5562.5
2024-03-31,TR-12,12#矿车,2013,6.78,2,227.1,3080.4
2024-04-01,TR-01,01#矿车,2017,7.93,2,219.5,3482.3
2024-04-01,TR-02,02#矿车,2021,8.03,3,217.3,5236.3
2024-04-01,TR-03,03#矿车,2019,7.93,3,219.3,5217.2
2024-04-01,TR-04,04#矿车,2014,6.69,2,217.8,2915.1
2024-04-01,TR-05,05#矿车,2022,8.0,2,231.5,3705.0
2024-04-01,TR-06,06#矿车,2018,7.94,3,229.1,5458.9
2024-04-01,TR-07,07#矿车,2020,8.5,2,217.4,3695.3
2024-04-01,TR-08,08#矿车,2015,8.56,3,222.5,5713.5
2024-04-01,TR-09,09#矿车,2023,7.5,2,220.5,3307.4
2024-04-01,TR-10,10#矿车,2016,8.31,3,229.2,5715.8
2024-04-01,TR-11,11#矿车,2021,7.84,3,227.1,5342.6
2024-04-01,TR-12,12#矿车,2013,6.03,3,227.1,4106.1
2024-04-02,TR-01,01#矿车,2017,7.68,3,219.5,5058.9
2024-04-02,TR-02,02#矿车,2021,7.92,2,217.3,3443.5
2024-04-02,TR-03,03#矿车,2019,8.36,3,219.3,5500.0
2024-04-02,TR-04,04#矿车,2014,6.58,3,217.8,4301.6
2024-04-02,TR-05,05#矿车,2022,7.94,2,231.5,3675.3
2024-04-02,TR-06,06#矿车,2018,8.0,2,229.1,3665.2
2024-04-02,TR-07,07#矿车,2020,8.36,3,217.4,5454.3
2024-04-02,TR-08,08#矿车,2015,8.12,2,222.5,3614.8
2024-04-02,TR-09,09#矿车,2023,7.69,3,220.5,5084.5
2024-04-02,TR-10,10#矿车,2016,8.13,3,229.2,5593.6
2024-04-02,TR-11,11#矿车,2021,7.96,2,227.1,3616.2
2024-04-02,TR-12,12#矿车,2013,6.34,3,227.1,4316.5
2024-04-03,TR-01,01#矿车,2017,7.58,2,219.5,3329.8
2024-04-03,TR-02,02#矿车,2021,8.01,3,217.3,5219.2
2024-04-03,TR-03,03#矿车,2019,7.99,3,219.3,5254.1
2024-04-03,TR-04,04#矿车,2014,6.74,2,217.8,2933.6
2024-04-03,TR-05,05#矿车,2022,8.1,2,231.5,3749.6
2024-04-03,TR-06,06#矿车,2018,7.99,3,229.1,5494.5
2024-04-03,TR-07,07#矿车,2020,8.3,3,217.4,5413.7
2024-04-03,TR-08,08#矿车,2015,8.29,3,222.5,5533.0
2024-04-03,TR-09,09#矿车,2023,7.81,3,220.5,5167.7
2024-04-03,TR-10,10#矿车,2016,8.47,3,229.2,5823.4
2024-04-03,TR-11,11#矿车,2021,8.39,2,227.1,3811.9
2024-04-03,TR-12,12#矿车,2013,6.62,3,227.1,4509.6
2024-04-04,TR-01,01#矿车,2017,7.55,3,219.5,4969.6
2024-04-04,TR-02,02#矿车,2021,8.09,3,217.3,5272.3
2024-04-04,TR-03,03#矿车,2019,8.08,3,219.3,5313.5
2024-04-04,TR-04,04#矿车,2014,6.74,2,217.8,2933.2
2024-04-04,TR-05,05#矿车,2022,8.43,2,231.5,3903.3
2024-04-04,TR-06,06#矿车,2018,7.57,3,229.1,5200.3
2024-04-04,TR-07,07#矿车,2020,8.51,2,217.4,3699.8
2024-04-04,TR-08,08#矿车,2015,8.13,3,222.5,5429.2
2024-04-04,TR-09,09#矿车,2023,7.33,3,220.5,4848.0
2024-04-04,TR-10,10#矿车,2016,8.05,3,229.2,5537.7
2024-04-04,TR-11,11#矿车,2021,8.19,3,227.1,5576.6
2024-04-04,TR-12,12#矿车,2013,6.84,2,227.1,3107.4
2024-04-05,TR-01,01#矿车,2017,7.83,3,219.5,5154.0
2024-04-05,TR-02,02#矿车,2021,8.05,3,217.3,5249.8
2024-04-05,TR-03,03#矿车,2019,7.51,3,219.3,4938.8
2024-04-05,TR-04,04#矿车,2014,6.83,3,217.8,4461.3
2024-04-05,TR-05,05#矿车,2022,8.4,2,231.5,3891.1
2024-04-05,TR-06,06#矿车,2018,8.01,3,229.1,5506.7
2024-04-05,TR-07,07#矿车,2020,8.24,3,217.4,5375.9
2024-04-05,TR-08,08#矿车,2015,7.67,2,222.5,3411.5
2024-04-05,TR-09,09#矿车,2023,7.44,3,220.5,4921.8
2024-04-05,TR-10,10#矿车,2016,8.31,3,229.2,5713.1
2024-04-05,TR-11,11#矿车,2021,8.4,3,227.1,5720.2
2024-04-05,TR-12,12#矿车,2013,6.57,3,227.1,4474.5
2024-04-06,TR-01,01#矿车,2017,7.95,3,219.5,5235.1
2024-04-06,TR-02,02#矿车,2021,7.95,2,217.3,3453.4
2024-04-06,TR-03,03#矿车,2019,8.04,3,219.3,5290.4
2024-04-06,TR-04,04#矿车,2014,7.32,2,217.8,3186.7
2024-04-06,TR-05,05#矿车,2022,8.35,3,231.5,5800.8
2024-04-06,TR-06,06#矿车,2018,7.9,3,229.1,5431.9
2024-04-06,TR-07,07#矿车,2020,8.29,3,217.4,5406.3
2024-04-06,TR-08,08#矿车,2015,7.79,2,222.5,3468.1
2024-04-06,TR-09,09#矿车,2023,7.54,3,220.5,4986.1
2024-04-06,TR-10,10#矿车,2016,7.88,2,229.2,3610.6
2024-04-06,TR-11,11#矿车,2021,8.25,3,227.1,5617.2
2024-04-06,TR-12,12#矿车,2013,6.72,3,227.1,4577.9
2024-04-07,TR-01,01#矿车,2017,7.94,3,219.5,5229.4
2024-04-07,TR-02,02#矿车,2021,8.3,3,217.3,5412.8
2024-04-07,TR-03,03#矿车,2019,8.29,2,219.3,3637.4
2024-04-07,TR-04,04#矿车,2014,7.15,3,217.8,4668.6
2024-04-07,TR-05,05#矿车,2022,8.16,3,231.5,5671.2
2024-04-07,TR-06,06#矿车,2018,7.97,2,229.1,3653.8
2024-04-07,TR-07,07#矿车,2020,8.11,3,217.4,5288.8
2024-04-07,TR-08,08#矿车,2015,7.97,3,222.5,5320.9
2024-04-07,TR-09,09#矿车,2023,2.95,1,220.5,650.8
2024-04-07,TR-10,10#矿车,2016,7.91,2,229.2,3627.5
2024-04-07,TR-11,11#矿车,2021,8.25,2,227.1,3744.9
2024-04-07,TR-12,12#矿车,2013,6.45,2,227.1,2931.8
2024-04-08,TR-01,01#矿车,2017,8.13,2,219.5,3570.6
2024-04-08,TR-02,02#矿车,2021,8.37,3,217.3,5459.6
2024-04-08,TR-03,03#矿车,2019,8.19,2,219.3,3591.2
2024-04-08,TR-04,04#矿车,2014,6.92,3,217.8,4520.0
2024-04-08,TR-05,05#矿车,2022,8.28,2,231.5,3836.2
2024-04-08,TR-06,06#矿车,2018,7.69,3,229.1,5282.7
2024-04-08,TR-07,07#矿车,2020,8.15,3,217.4,5316.1
2024-04-08,TR-08,08#矿车,2015,8.56,3,222.5,5714.0
2024-04-08,TR-09,09#矿车,2023,7.72,3,220.5,5104.5
2024-04-08,TR-10,10#矿车,2016,7.69,3,229.2,5285.7
2024-04-08,TR-11,11#矿车,2021,8.22,2,227.1,3732.3
2024-04-08,TR-12,12#矿车,2013,6.68,2,227.1,3033.4
2024-04-09,TR-01,01#矿车,2017,8.34,3,219.5,5491.6
2024-04-09,TR-02,02#矿车,2021,8.16,3,217.3,5321.4
2024-04-09,TR-03,03#矿车,2019,8.0,2,219.3,3509.0
2024-04-09,TR-04,04#矿车,2014,6.58,2,217.8,2864.6
2024-04-09,TR-05,05#矿车,2022,8.8,2,231.5,4075.3
2024-04-09,TR-06,06#矿车,2018,7.92,3,229.1,5440.2
2024-04-09,TR-07,07#矿车,2020,8.76,3,217.4,5713.8
2024-04-09,TR-08,08#矿车,2015,8.16,3,222.5,5449.8
2024-04-09,TR-09,09#矿车,2023,7.68,3,220.5,5079.5
2024-04-09,TR-10,10#矿车,2016,7.74,3,229.2,5322.1
2024-04-09,TR-11,11#矿车,2021,8.06,3,227.1,5493.6
2024-04-09,TR-12,12#矿车,2013,6.74,2,227.1,3060.5
2024-04-10,TR-01,01#矿车,2017,7.7,3,219.5,5073.2
2024-04-10,TR-02,02#矿车,2021,8.03,3,217.3,5235.7
2024-04-10,TR-03,03#矿车,2019,7.79,3,219.3,5127.1
2024-04-10,TR-04,04#矿车,2014,6.63,3,217.8,4331.3
2024-04-10,TR-05,05#矿车,2022,8.48,3,231.5,5888.2
2024-04-10,TR-06,06#矿车,2018,7.36,3,229.1,5060.6
2024-04-10,TR-07,07#矿车,2020,8.46,3,217.4,5516.4
2024-04-10,TR-08,08#矿车,2015,8.16,2,222.5,3631.5
2024-04-10,TR-09,09#矿车,2023,7.68,3,220.5,5082.6
2024-04-10,TR-10,10#矿车,2016,7.77,2,229.2,3563.9
2024-04-10,TR-11,11#矿车,2021,7.85,2,227.1,3565.7
2024-04-10,TR-12,12#矿车,2013,6.41,2,227.1,2912.1
2024-04-11,TR-01,01#矿车,2017,7.92,3,219.5,5216.0
2024-04-11,TR-02,02#矿车,2021,8.57,3,217.3,5588.0
2024-04-11,TR-03,03#矿车,2019,8.03,2,219.3,3524.0
2024-04-11,TR-04,04#矿车,2014,6.8,3,217.8,4443.3
2024-04-11,TR-05,05#矿车,2022,8.53,2,231.5,3950.9
2024-04-11,TR-06,06#矿车,2018,7.53,2,229.1,3452.1
2024-04-11,TR-07,07#矿车,2020,8.53,3,217.4,5563.6
2024-04-11,TR-08,08#矿车,2015,8.39,2,222.5,3731.3
2024-04-11,TR-09,09#矿车,2023,7.94,3,220.5,5250.7
2024-04-11,TR-10,10#矿车,2016,7.83,3,229.2,5386.0
2024-04-11,TR-11,11#矿车,2021,7.77,2,227.1,3527.7
2024-04-11,TR-12,12#矿车,2013,6.78,3,227.1,4621.2
2024-04-12,TR-01,01#矿车,2017,7.92,2,219.5,3476.0
2024-04-12,TR-02,02#矿车,2021,8.28,3,217.3,5399.9
2024-04-12,TR-03,03#矿车,2019,7.95,2,219.3,3484.9
2024-04-12,TR-04,04#矿车,2014,7.25,2,217.8,3157.6
2024-04-12,TR-05,05#矿车,2022,8.39,3,231.5,5828.9
2024-04-12,TR-06,06#矿车,2018,7.12,2,229.1,3263.8
2024-04-12,TR-07,07#矿车,2020,8.23,3,217.4,5367.9
2024-04-12,TR-08,08#矿车,2015,8.23,3,222.5,5494.9
2024-04-12,TR-09,09#矿车,2023,7.58,2,220.5,3342.2
2024-04-12,TR-10,10#矿车,2016,7.83,3,229.2,5383.0
2024-04-12,TR-11,11#矿车,2021,8.13,3,227.1,5539.1
2024-04-12,TR-12,12#矿车,2013,6.66,3,227.1,4539.5
2024-04-13,TR-01,01#矿车,2017,8.25,3,219.5,5431.3
2024-04-13,TR-02,02#矿车,2021,8.04,2,217.3,3493.1
2024-04-13,TR-03,03#矿车,2019,8.09,3,219.3,5322.7
2024-04-13,TR-04,04#矿车,2014,7.24,3,217.8,4730.2
2024-04-13,TR-05,05#矿车,2022,8.11,3,231.5,5633.8
2024-04-13,TR-06,06#矿车,2018,7.48,3,229.1,5142.4
2024-04-13,TR-07,07#矿车,2020,8.17,3,217.4,5324.6
2024-04-13,TR-08,08#矿车,2015,8.15,3,222.5,5441.0
2024-04-13,TR-09,09#矿车,2023,7.67,3,220.5,5076.9
2024-04-13,TR-10,10#矿车,2016,8.4,2,229.2,3851.2
2024-04-13,TR-11,11#矿车,2021,7.93,3,227.1,5404.2
2024-04-13,TR-12,12#矿车,2013,6.24,3,227.1,4254.2
2024-04-14,TR-01,01#矿车,2017,7.83,3,219.5,5157.0
2024-04-14,TR-02,02#矿车,2021,8.26,3,217.3,5387.0
2024-04-14,TR-03,03#矿车,2019,8.41,3,219.3,5535.3
2024-04-14,TR-04,04#矿车,2014,7.17,2,217.8,3120.5
2024-04-14,TR-05,05#矿车,2022,8.35,3,231.5,5798.8
2024-04-14,TR-06,06#矿车,2018,7.34,3,229.1,5042.1
2024-04-14,TR-07,07#矿车,2020,8.4,3,217.4,5479.6
2024-04-14,TR-08,08#矿车,2015,7.88,3,222.5,5258.3
2024-04-14,TR-09,09#矿车,2023,7.77,2,220.5,3426.8
2024-04-14,TR-10,10#矿车,2016,8.23,3,229.2,5658.8
2024-04-14,TR-11,11#矿车,2021,7.97,2,227.1,3619.0
2024-04-14,TR-12,12#矿车,2013,6.49,3,227.1,4420.1
2024-04-15,TR-01,01#矿车,2017,8.1,3,219.5,5334.3
2024-04-15,TR-02,02#矿车,2021,8.31,3,217.3,5418.0
2024-04-15,TR-03,03#矿车,2019,8.14,3,219.3,5354.3
2024-04-15,TR-04,04#矿车,2014,7.01,3,217.8,4579.6
2024-04-15,TR-05,05#矿车,2022,8.35,2,231.5,3866.4
2024-04-15,TR-06,06#矿车,2018,7.65,3,229.1,5255.8
2024-04-15,TR-07,07#矿车,2020,8.48,3,217.4,5532.3
2024-04-15,TR-08,08#矿车,2015,7.68,3,222.5,5125.8
2024-04-15,TR-09,09#矿车,2023,7.37,3,220.5,4875.7
2024-04-15,TR-10,10#矿车,2016,8.03,3,229.2,5523.6
2024-04-15,TR-11,11#矿车,2021,8.34,2,227.1,3785.4
2024-04-15,TR-12,12#矿车,2013,6.59,2,227.1,2993.5
2024-04-16,TR-01,01#矿车,2017,7.83,3,219.5,5159.7
2024-04-16,TR-02,02#矿车,2021,8.19,3,217.3,5339.8
2024-04-16,TR-03,03#矿车,2019,7.89,3,219.3,5192.9
2024-04-16,TR-04,04#矿车,2014,6.62,2,217.8,2884.0
2024-04-16,TR-05,05#矿车,2022,8.91,3,231.5,6188.4
2024-04-16,TR-06,06#矿车,2018,7.3,3,229.1,5018.7
2024-04-16,TR-07,07#矿车,2020,8.13,3,217.4,5300.9
2024-04-16,TR-08,08#矿车,2015,8.34,3,222.5,5570.2
2024-04-16,TR-09,09#矿车,2023,7.47,3,220.5,4944.4
2024-04-16,TR-10,10#矿车,2016,8.43,3,229.2,5800.6
2024-04-16,TR-11,11#矿车,2021,7.76,2,227.1,3525.6
2024-04-16,TR-12,12#矿车,2013,6.77,3,227.1,4611.6
2024-04-17,TR-01,01#矿车,2017,7.72,2,219.5,3388.3
2024-04-17,TR-02,02#矿车,2021,8.28,3,217.3,5394.9
2024-04-17,TR-03,03#矿车,2019,7.94,3,219.3,5223.7
2024-04-17,TR-04,04#矿车,2014,6.69,2,217.8,2915.0
2024-04-17,TR-05,05#矿车,2022,7.81,2,231.5,3615.2
2024-04-17,TR-06,06#矿车,2018,7.11,2,229.1,3255.9
2024-04-17,TR-07,07#矿车,2020,8.2,3,217.4,5350.1
2024-04-17,TR-08,08#矿车,2015,8.24,3,222.5,5503.1
2024-04-17,TR-09,09#矿车,2023,7.14,3,220.5,4723.0
2024-04-17,TR-10,10#矿车,2016,8.08,3,229.2,5560.1
2024-04-17,TR-11,11#矿车,2021,7.98,2,227.1,3624.7
2024-04-17,TR-12,12#矿车,2013,6.86,2,227.1,3116.6
2024-04-18,TR-01,01#矿车,2017,7.71,3,219.5,5078.5
2024-04-18,TR-02,02#矿车,2021,8.17,3,217.3,5324.4
2024-04-18,TR-03,03#矿车,2019,7.87,3,219.3,5179.4
2024-04-18,TR-04,04#矿车,2014,6.44,3,217.8,4204.4
2024-04-18,TR-05,05#矿车,2022,8.18,3,231.5,5679.0
2024-04-18,TR-06,06#矿车,2018,7.0,2,229.1,3207.9
2024-04-18,TR-07,07#矿车,2020,8.34,2,217.4,3625.1
2024-04-18,TR-08,08#矿车,2015,8.03,3,222.5,5357.2
2024-04-18,TR-09,09#矿车,2023,6.89,3,220.5,4559.4
2024-04-18,TR-10,10#矿车,2016,7.81,3,229.2,5369.4
2024-04-18,TR-11,11#矿车,2021,8.07,3,227.1,5496.1
2024-04-18,TR-12,12#矿车,2013,6.47,2,227.1,2940.5
2024-04-19,TR-01,01#矿车,2017,8.1,3,219.5,5334.3
2024-04-19,TR-02,02#矿车,2021,7.74,3,217.3,5045.0
2024-04-19,TR-03,03#矿车,2019,7.6,3,219.3,4998.3
2024-04-19,TR-04,04#矿车,2014,6.44,2,217.8,2804.8
2024-04-19,TR-05,05#矿车,2022,8.02,2,231.5,3714.8
2024-04-19,TR-06,06#矿车,2018,7.9,3,229.1,5430.0
2024-04-19,TR-07,07#矿车,2020,8.61,3,217.4,5615.9
2024-04-19,TR-08,08#矿车,2015,8.37,3,222.5,5584.2
2024-04-19,TR-09,09#矿车,2023,7.31,3,220.5,4839.0
2024-04-19,TR-10,10#矿车,2016,8.21,2,229.2,3765.6
2024-04-19,TR-11,11#矿车,2021,8.38,2,227.1,3804.2
2024-04-19,TR-12,12#矿车,2013,6.83,3,227.1,4653.9
2024-04-20,TR-01,01#矿车,2017,7.73,2,219.5,3394.8
2024-04-20,TR-02,02#矿车,2021,7.94,3,217.3,5174.1
2024-04-20,TR-03,03#矿车,2019,7.63,3,219.3,5020.5
2024-04-20,TR-04,04#矿车,2014,7.08,2,217.8,3083.5
2024-04-20,TR-05,05#矿车,2022,8.14,3,231.5,5655.9
2024-04-20,TR-06,06#矿车,2018,7.72,2,229.1,3537.7
2024-04-20,TR-07,07#矿车,2020,8.68,2,217.4,3771.4
2024-04-20,TR-08,08#矿车,2015,8.86,3,222.5,5913.2
2024-04-20,TR-09,09#矿车,2023,7.44,3,220.5,4921.7
2024-04-20,TR-10,10#矿车,2016,8.42,3,229.2,5793.2
2024-04-20,TR-11,11#矿车,2021,8.49,3,227.1,5784.2
2024-04-20,TR-12,12#矿车,2013,6.5,3,227.1,4431.6
2024-04-21,TR-01,01#矿车,2017,7.98,3,219.5,5257.5
2024-04-21,TR-02,02#矿车,2021,7.83,3,217.3,5102.7
2024-04-21,TR-03,03#矿车,2019,7.69,3,219.3,5057.2
2024-04-21,TR-04,04#矿车,2014,6.83,2,217.8,2974.2
2024-04-21,TR-05,05#矿车,2022,8.01,3,231.5,5561.2
2024-04-21,TR-06,06#矿车,2018,7.61,2,229.1,3486.6
2024-04-21,TR-07,07#矿车,2020,8.71,2,217.4,3784.2
2024-04-21,TR-08,08#矿车,2015,8.54,3,222.5,5702.4
2024-04-21,TR-09,09#矿车,2023,7.71,3,220.5,5103.1
2024-04-21,TR-10,10#矿车,2016,7.79,3,229.2,5356.7
2024-04-21,TR-11,11#矿车,2021,8.4,3,227.1,5718.8
2024-04-21,TR-12,12#矿车,2013,5.96,2,227.1,2707.1
2024-04-22,TR-01,01#矿车,2017,8.24,3,219.5,5426.5
2024-04-22,TR-02,02#矿车,2021,7.8,2,217.3,3388.4
2024-04-22,TR-03,03#矿车,2019,7.39,3,219.3,4863.7
2024-04-22,TR-04,04#矿车,2014,6.55,3,217.8,4276.2
2024-04-22,TR-05,05#矿车,2022,8.08,3,231.5,5614.6
2024-04-22,TR-06,06#矿车,2018,7.68,3,229.1,5279.3
2024-04-22,TR-07,07#矿车,2020,8.74,2,217.4,3801.2
2024-04-22,TR-08,08#矿车,2015,8.0,2,222.5,3559.9
2024-04-22,TR-09,09#矿车,2023,7.49,2,220.5,3301.9
2024-04-22,TR-10,10#矿车,2016,7.84,2,229.2,3594.3
2024-04-22,TR-11,11#矿车,2021,8.16,3,227.1,5556.9
2024-04-22,TR-12,12#矿车,2013,6.88,2,227.1,3123.2
2024-04-23,TR-01,01#矿车,2017,8.29,3,219.5,5458.1
2024-04-23,TR-02,02#矿车,2021,8.07,3,217.3,5257.8
2024-04-23,TR-03,03#矿车,2019,7.65,3,219.3,5035.5
2024-04-23,TR-04,04#矿车,2014,6.13,2,217.8,2668.7
2024-04-23,TR-05,05#矿车,2022,8.12,3,231.5,5638.6
2024-04-23,TR-06,06#矿车,2018,7.75,3,229.1,5325.3
2024-04-23,TR-07,07#矿车,2020,8.4,3,217.4,5478.7
2024-04-23,TR-08,08#矿车,2015,8.02,3,222.5,5352.9
2024-04-23,TR-09,09#矿车,2023,7.3,3,220.5,4829.3
2024-04-23,TR-10,10#矿车,2016,8.45,3,229.2,5813.1
2024-04-23,TR-11,11#矿车,2021,8.06,3,227.1,5488.2
2024-04-23,TR-12,12#矿车,2013,6.9,3,227.1,4699.8
2024-04-24,TR-01,01#矿车,2017,7.99,3,219.5,5258.9
2024-04-24,TR-02,02#矿车,2021,8.28,3,217.3,5395.7
2024-04-24,TR-03,03#矿车,2019,7.78,2,219.3,3412.2
2024-04-24,TR-04,04#矿车,2014,6.88,3,217.8,4496.5
2024-04-24,TR-05,05#矿车,2022,8.13,3,231.5,5649.4
2024-04-24,TR-06,06#矿车,2018,7.52,3,229.1,5166.4
2024-04-24,TR-07,07#矿车,2020,8.35,3,217.4,5445.7
2024-04-24,TR-08,08#矿车,2015,8.45,2,222.5,3759.0
2024-04-24,TR-09,09#矿车,2023,7.62,3,220.5,5038.6
2024-04-24,TR-10,10#矿车,2016,8.12,3,229.2,5583.0
2024-04-24,TR-11,11#矿车,2021,8.25,3,227.1,5619.8
2024-04-24,TR-12,12#矿车,2013,6.63,3,227.1,4515.3
2024-04-25,TR-01,01#矿车,2017,7.84,2,219.5,3442.7
2024-04-25,TR-02,02#矿车,2021,8.17,3,217.3,5326.3
2024-04-25,TR-03,03#矿车,2019,7.99,3,219.3,5254.7
2024-04-25,TR-04,04#矿车,2014,6.62,3,217.8,4327.2
2024-04-25,TR-05,05#矿车,2022,8.1,2,231.5,3748.7
2024-04-25,TR-06,06#矿车,2018,7.86,2,229.1,3599.4
2024-04-25,TR-07,07#矿车,2020,8.84,3,217.4,5766.8
2024-04-25,TR-08,08#矿车,2015,8.28,3,222.5,5526.7
2024-04-25,TR-09,09#矿车,2023,7.58,2,220.5,3341.4
2024-04-25,TR-10,10#矿车,2016,8.04,3,229.2,5529.7
2024-04-25,TR-11,11#矿车,2021,8.35,2,227.1,3792.2
2024-04-25,TR-12,12#矿车,2013,6.56,3,227.1,4472.6
2024-04-26,TR-01,01#矿车,2017,8.0,3,219.5,5269.0
2024-04-26,TR-02,02#矿车,2021,7.6,2,217.3,3303.1
2024-04-26,TR-03,03#矿车,2019,7.92,3,219.3,5207.6
2024-04-26,TR-04,04#矿车,2014,5.89,2,217.8,2567.0
2024-04-26,TR-05,05#矿车,2022,8.11,3,231.5,5632.3
2024-04-26,TR-06,06#矿车,2018,7.8,3,229.1,5358.7
2024-04-26,TR-07,07#矿车,2020,8.62,3,217.4,5619.1
2024-04-26,TR-08,08#矿车,2015,7.48,2,222.5,3328.8
2024-04-26,TR-09,09#矿车,2023,7.25,2,220.5,3197.1
2024-04-26,TR-10,10#矿车,2016,8.11,2,229.2,3719.9
2024-04-26,TR-11,11#矿车,2021,8.77,3,227.1,5975.0
2024-04-26,TR-12,12#矿车,2013,6.54,2,227.1,2969.8
2024-04-27,TR-01,01#矿车,2017,7.69,3,219.5,5066.1
2024-04-27,TR-02,02#矿车,2021,8.07,3,217.3,5264.1
2024-04-27,TR-03,03#矿车,2019,8.17,3,219.3,5378.4
2024-04-27,TR-04,04#矿车,2014,6.89,3,217.8,4500.4
2024-04-27,TR-05,05#矿车,2022,8.22,3,231.5,5707.3
2024-04-27,TR-06,06#矿车,2018,7.67,3,229.1,5270.9
2024-04-27,TR-07,07#矿车,2020,8.73,3,217.4,5692.8
2024-04-27,TR-08,08#矿车,2015,7.96,2,222.5,3544.4
2024-04-27,TR-09,09#矿车,2023,7.21,2,220.5,3178.9
2024-04-27,TR-10,10#矿车,2016,8.38,2,229.2,3844.1
2024-04-27,TR-11,11#矿车,2021,8.63,3,227.1,5879.6
2024-04-27,TR-12,12#矿车,2013,6.84,3,227.1,4663.2
2024-04-28,TR-01,01#矿车,2017,8.15,3,219.5,5365.9
2024-04-28,TR-02,02#矿车,2021,7.95,3,217.3,5181.6
2024-04-28,TR-03,03#矿车,2019,8.26,3,219.3,5433.1
2024-04-28,TR-04,04#矿车,2014,6.64,2,217.8,2892.8
2024-04-28,TR-05,05#矿车,2022,8.49,3,231.5,5897.0
2024-04-28,TR-06,06#矿车,2018,7.75,2,229.1,3550.0
2024-04-28,TR-07,07#矿车,2020,8.73,2,217.4,3795.0
2024-04-28,TR-08,08#矿车,2015,8.35,3,222.5,5570.9
2024-04-28,TR-09,09#矿车,2023,7.42,3,220.5,4906.6
2024-04-28,TR-10,10#矿车,2016,8.32,3,229.2,5719.2
2024-04-28,TR-11,11#矿车,2021,8.33,3,227.1,5675.7
2024-04-28,TR-12,12#矿车,2013,6.72,3,227.1,4576.8
2024-04-29,TR-01,01#矿车,2017,8.01,2,219.5,3516.4
2024-04-29,TR-02,02#矿车,2021,7.63,2,217.3,3314.1
2024-04-29,TR-03,03#矿车,2019,7.95,3,219.3,5232.2
2024-04-29,TR-04,04#矿车,2014,6.81,3,217.8,4451.1
2024-04-29,TR-05,05#矿车,2022,8.33,3,231.5,5785.2
2024-04-29,TR-06,06#矿车,2018,7.52,3,229.1,5168.3
2024-04-29,TR-07,07#矿车,2020,8.59,3,217.4,5599.8
2024-04-29,TR-08,08#矿车,2015,8.45,2,222.5,3762.1
2024-04-29,TR-09,09#矿车,2023,7.18,2,220.5,3166.8
2024-04-29,TR-10,10#矿车,2016,8.18,2,229.2,3750.8
2024-04-29,TR-11,11#矿车,2021,8.1,3,227.1,5514.9
2024-04-29,TR-12,12#矿车,2013,6.62,3,227.1,4509.4
2024-04-30,TR-01,01#矿车,2017,7.5,3,219.5,4941.2
2024-04-30,TR-02,02#矿车,2021,8.36,2,217.3,3631.8
2024-04-30,TR-03,03#矿车,2019,8.12,3,219.3,5343.8
2024-04-30,TR-04,04#矿车,2014,7.06,3,217.8,4610.4
2024-04-30,TR-05,05#矿车,2022,8.19,2,231.5,3793.9
2024-04-30,TR-06,06#矿车,2018,7.48,3,229.1,5138.8
2024-04-30,TR-07,07#矿车,2020,8.55,2,217.4,3717.0
2024-04-30,TR-08,08#矿车,2015,8.22,3,222.5,5484.8
2024-04-30,TR-09,09#矿车,2023,7.35,3,220.5,4863.6
2024-04-30,TR-10,10#矿车,2016,8.47,3,229.2,5828.5
2024-04-30,TR-11,11#矿车,2021,8.04,3,227.1,5475.1
2024-04-30,TR-12,12#矿车,2013,6.27,2,227.1,2848.6
2024-05-01,TR-01,01#矿车,2017,7.91,2,219.5,3470.9
2024-05-01,TR-02,02#矿车,2021,8.27,3,217.3,5394.0
2024-05-01,TR-03,03#矿车,2019,7.92,3,219.3,5211.7
2024-05-01,TR-04,04#矿车,2014,6.7,2,217.8,2916.0
2024-05-01,TR-05,05#矿车,2022,8.68,3,231.5,6031.3
2024-05-01,TR-06,06#矿车,2018,7.54,2,229.1,3455.0
2024-05-01,TR-07,07#矿车,2020,7.65,2,217.4,3325.0
2024-05-01,TR-08,08#矿车,2015,7.72,3,222.5,5153.4
2024-05-01,TR-09,09#矿车,2023,7.95,3,220.5,5260.6
2024-05-01,TR-10,10#矿车,2016,8.08,2,229.2,3706.3
2024-05-01,TR-11,11#矿车,2021,8.15,3,227.1,5551.9
2024-05-01,TR-12,12#矿车,2013,6.44,3,227.1,4386.7
2024-05-02,TR-01,01#矿车,2017,7.9,3,219.5,5205.1
2024-05-02,TR-02,02#矿车,2021,8.12,3,217.3,5292.3
2024-05-02,TR-03,03#矿车,2019,7.81,3,219.3,5139.9
2024-05-02,TR-04,04#矿车,2014,7.09,2,217.8,3086.2
2024-05-02,TR-05,05#矿车,2022,8.34,2,231.5,3862.0
2024-05-02,TR-06,06#矿车,2018,7.47,3,229.1,5132.4
2024-05-02,TR-07,07#矿车,2020,7.89,3,217.4,5142.3
2024-05-02,TR-08,08#矿车,2015,8.03,3,222.5,5357.2
2024-05-02,TR-09,09#矿车,2023,8.04,3,220.5,5317.4
2024-05-02,TR-10,10#矿车,2016,8.26,2,229.2,3787.5
2024-05-02,TR-11,11#矿车,2021,8.2,2,227.1,3724.6
2024-05-02,TR-12,12#矿车,2013,6.86,2,227.1,3115.7
2024-05-03,TR-01,01#矿车,2017,7.59,2,219.5,3331.2
2024-05-03,TR-02,02#矿车,2021,7.61,3,217.3,4963.8
2024-05-03,TR-03,03#矿车,2019,7.84,3,219.3,5159.9
2024-05-03,TR-04,04#矿车,2014,6.41,3,217.8,4187.2
2024-05-03,TR-05,05#矿车,2022,8.47,3,231.5,5884.0
2024-05-03,TR-06,06#矿车,2018,7.58,3,229.1,5212.0
2024-05-03,TR-07,07#矿车,2020,8.34,3,217.4,5437.2
2024-05-03,TR-08,08#矿车,2015,7.83,3,222.5,5223.8
2024-05-03,TR-09,09#矿车,2023,7.38,3,220.5,4882.1
2024-05-03,TR-10,10#矿车,2016,8.15,2,229.2,3737.9
2024-05-03,TR-11,11#矿车,2021,7.79,2,227.1,3536.4
2024-05-03,TR-12,12#矿车,2013,6.87,3,227.1,4683.0
2024-05-04,TR-01,01#矿车,2017,7.33,2,219.5,3216.1
2024-05-04,TR-02,02#矿车,2021,8.03,3,217.3,5232.8
2024-05-04,TR-03,03#矿车,2019,7.07,3,219.3,4654.0
2024-05-04,TR-04,04#矿车,2014,6.84,3,217.8,4469.0
2024-05-04,TR-05,05#矿车,2022,8.79,3,231.5,6108.5
2024-05-04,TR-06,06#矿车,2018,7.43,3,229.1,5104.8
2024-05-04,TR-07,07#矿车,2020,8.13,3,217.4,5304.2
2024-05-04,TR-08,08#矿车,2015,8.0,2,222.5,3561.3
2024-05-04,TR-09,09#矿车,2023,7.81,2,220.5,3443.6
2024-05-04,TR-10,10#矿车,2016,5.7,0,229.2,0.0
2024-05-04,TR-11,11#矿车,2021,7.92,3,227.1,5394.5
2024-05-04,TR-12,12#矿车,2013,6.61,3,227.1,4500.7
2024-05-05,TR-01,01#矿车,2017,7.63,3,219.5,5026.1
2024-05-05,TR-02,02#矿车,2021,7.69,3,217.3,5013.6
2024-05-05,TR-03,03#矿车,2019,7.55,3,219.3,4964.5
2024-05-05,TR-04,04#矿车,2014,6.71,3,217.8,4382.6
2024-05-05,TR-05,05#矿车,2022,8.87,2,231.5,4106.4
2024-05-05,TR-06,06#矿车,2018,7.82,2,229.1,3582.4
2024-05-05,TR-07,07#矿车,2020,8.1,2,217.4,3520.6
2024-05-05,TR-08,08#矿车,2015,7.56,2,222.5,3363.3
2024-05-05,TR-09,09#矿车,2023,7.25,2,220.5,3196.6
2024-05-05,TR-10,10#矿车,2016,7.96,2,229.2,3649.4
2024-05-05,TR-11,11#矿车,2021,7.77,2,227.1,3528.7
2024-05-05,TR-12,12#矿车,2013,6.61,3,227.1,4504.0
2024-05-06,TR-01,01#矿车,2017,7.47,3,219.5,4917.3
2024-05-06,TR-02,02#矿车,2021,7.58,3,217.3,4940.9
2024-05-06,TR-03,03#矿车,2019,7.91,3,219.3,5206.5
2024-05-06,TR-04,04#矿车,2014,6.48,3,217.8,4231.8
2024-05-06,TR-05,05#矿车,2022,8.31,2,231.5,3848.7
2024-05-06,TR-06,06#矿车,2018,8.02,2,229.1,3676.9
2024-05-06,TR-07,07#矿车,2020,8.15,2,217.4,3543.9
2024-05-06,TR-08,08#矿车,2015,7.98,2,222.5,3552.4
2024-05-06,TR-09,09#矿车,2023,7.51,3,220.5,4970.8
2024-05-06,TR-10,10#矿车,2016,8.41,3,229.2,5786.5
2024-05-06,TR-11,11#矿车,2021,7.76,3,227.1,5285.8
2024-05-06,TR-12,12#矿车,2013,6.13,3,227.1,4175.7
2024-05-07,TR-01,01#矿车,2017,7.56,2,219.5,3320.5
2024-05-07,TR-02,02#矿车,2021,7.9,2,217.3,3434.9
2024-05-07,TR-03,03#矿车,2019,8.15,3,219.3,5364.0
2024-05-07,TR-04,04#矿车,2014,6.9,3,217.8,4510.0
2024-05-07,TR-05,05#矿车,2022,8.35,3,231.5,5802.6
2024-05-07,TR-06,06#矿车,2018,7.57,3,229.1,5200.9
2024-05-07,TR-07,07#矿车,2020,8.09,2,217.4,3516.4
2024-05-07,TR-08,08#矿车,2015,8.16,2,222.5,3631.6
2024-05-07,TR-09,09#矿车,2023,7.38,2,220.5,3253.1
2024-05-07,TR-10,10#矿车,2016,7.78,3,229.2,5350.1
2024-05-07,TR-11,11#矿车,2021,7.82,3,227.1,5323.9
2024-05-07,TR-12,12#矿车,2013,6.23,2,227.1,2830.8
2024-05-08,TR-01,01#矿车,2017,7.78,3,219.5,5126.5
2024-05-08,TR-02,02#矿车,2021,7.75,3,217.3,5052.2
2024-05-08,TR-03,03#矿车,2019,7.98,3,219.3,5249.5
2024-05-08,TR-04,04#矿车,2014,7.03,3,217.8,4593.7
2024-05-08,TR-05,05#矿车,2022,8.59,2,231.5,3977.1
2024-05-08,TR-06,06#矿车,2018,7.6,3,229.1,5221.4
2024-05-08,TR-07,07#矿车,2020,8.17,3,217.4,5324.3
2024-05-08,TR-08,08#矿车,2015,8.26,2,222.5,3677.3
2024-05-08,TR-09,09#矿车,2023,7.45,3,220.5,4926.7
2024-05-08,TR-10,10#矿车,2016,7.58,2,229.2,3474.5
2024-05-08,TR-11,11#矿车,2021,8.12,2,227.1,3689.4
2024-05-08,TR-12,12#矿车,2013,6.31,2,227.1,2868.4
2024-05-09,TR-01,01#矿车,2017,8.3,2,219.5,3645.4
2024-05-09,TR-02,02#矿车,2021,8.05,3,217.3,5246.4
2024-05-09,TR-03,03#矿车,2019,7.76,3,219.3,5105.9
2024-05-09,TR-04,04#矿车,2014,7.13,3,217.8,4659.2
2024-05-09,TR-05,05#矿车,2022,7.97,3,231.5,5533.5
2024-05-09,TR-06,06#矿车,2018,8.18,2,229.1,3750.2
2024-05-09,TR-07,07#矿车,2020,8.74,2,217.4,3798.5
2024-05-09,TR-08,08#矿车,2015,7.83,3,222.5,5228.1
2024-05-09,TR-09,09#矿车,2023,7.11,3,220.5,4705.9
2024-05-09,TR-10,10#矿车,2016,8.05,3,229.2,5539.3
2024-05-09,TR-11,11#矿车,2021,7.87,3,227.1,5362.7
2024-05-09,TR-12,12#矿车,2013,6.6,2,227.1,2999.7
2024-05-10,TR-01,01#矿车,2017,8.15,3,219.5,5365.0
2024-05-10,TR-02,02#矿车,2021,7.37,3,217.3,4802.5
2024-05-10,TR-03,03#矿车,2019,7.79,2,219.3,3417.1
2024-05-10,TR-04,04#矿车,2014,6.71,2,217.8,2921.7
2024-05-10,TR-05,05#矿车,2022,8.13,2,231.5,3762.8
2024-05-10,TR-06,06#矿车,2018,7.8,3,229.1,5359.3
2024-05-10,TR-07,07#矿车,2020,8.63,3,217.4,5627.2
2024-05-10,TR-08,08#矿车,2015,8.12,2,222.5,3614.8
2024-05-10,TR-09,09#矿车,2023,6.95,3,220.5,4595.5
2024-05-10,TR-10,10#矿车,2016,7.8,2,229.2,3578.4
2024-05-10,TR-11,11#矿车,2021,8.06,3,227.1,5491.8
2024-05-10,TR-12,12#矿车,2013,6.26,3,227.1,4266.5
2024-05-11,TR-01,01#矿车,2017,7.85,2,219.5,3445.8
2024-05-11,TR-02,02#矿车,2021,7.47,3,217.3,4868.4
2024-05-11,TR-03,03#矿车,2019,7.9,3,219.3,5197.9
2024-05-11,TR-04,04#矿车,2014,6.59,2,217.8,2871.3
2024-05-11,TR-05,05#矿车,2022,8.32,3,231.5,5778.3
2024-05-11,TR-06,06#矿车,2018,7.58,3,229.1,5207.3
2024-05-11,TR-07,07#矿车,2020,8.25,3,217.4,5379.2
2024-05-11,TR-08,08#矿车,2015,8.04,3,222.5,5365.8
2024-05-11,TR-09,09#矿车,2023,7.71,3,220.5,5097.8
2024-05-11,TR-10,10#矿车,2016,7.99,2,229.2,3665.5
2024-05-11,TR-11,11#矿车,2021,8.03,3,227.1,5467.2
2024-05-11,TR-12,12#矿车,2013,6.26,2,227.1,2841.7
2024-05-12,TR-01,01#矿车,2017,7.57,2,219.5,3322.2
2024-05-12,TR-02,02#矿车,2021,7.77,3,217.3,5064.0
2024-05-12,TR-03,03#矿车,2019,7.77,2,219.3,3408.7
2024-05-12,TR-04,04#矿车,2014,6.44,3,217.8,4204.1
2024-05-12,TR-05,05#矿车,2022,8.38,3,231.5,5818.1
2024-05-12,TR-06,06#矿车,2018,7.55,2,229.1,3459.1
2024-05-12,TR-07,07#矿车,2020,8.23,2,217.4,3577.1
2024-05-12,TR-08,08#矿车,2015,7.89,2,222.5,3511.8
2024-05-12,TR-09,09#矿车,2023,8.03,2,220.5,3543.1
2024-05-12,TR-10,10#矿车,2016,7.83,3,229.2,5381.7
2024-05-12,TR-11,11#矿车,2021,8.06,3,227.1,5487.5
2024-05-12,TR-12,12#矿车,2013,5.9,2,227.1,2678.7
2024-05-13,TR-01,01#矿车,2017,7.45,3,219.5,4905.3
2024-05-13,TR-02,02#矿车,2021,7.66,2,217.3,3329.7
2024-05-13,TR-03,03#矿车,2019,8.16,2,219.3,3578.5
2024-05-13,TR-04,04#矿车,2014,6.96,3,217.8,4545.3
2024-05-13,TR-05,05#矿车,2022,8.26,2,231.5,3824.7
2024-05-13,TR-06,06#矿车,2018,7.74,3,229.1,5317.8
2024-05-13,TR-07,07#矿车,2020,7.86,3,217.4,5128.0
2024-05-13,TR-08,08#矿车,2015,7.72,2,222.5,3435.5
2024-05-13,TR-09,09#矿车,2023,7.8,2,220.5,3437.9
2024-05-13,TR-10,10#矿车,2016,8.18,2,229.2,3750.0
2024-05-13,TR-11,11#矿车,2021,8.38,3,227.1,5707.6
2024-05-13,TR-12,12#矿车,2013,6.18,3,227.1,4209.1
2024-05-14,TR-01,01#矿车,2017,7.46,3,219.5,4910.5
2024-05-14,TR-02,02#矿车,2021,7.84,3,217.3,5111.6
2024-05-14,TR-03,03#矿车,2019,7.87,2,219.3,3450.9
2024-05-14,TR-04,04#矿车,2014,6.79,2,217.8,2956.1
2024-05-14,TR-05,05#矿车,2022,8.21,2,231.5,3802.5
2024-05-14,TR-06,06#矿车,2018,7.3,2,229.1,3345.6
2024-05-14,TR-07,07#矿车,2020,8.34,3,217.4,5441.0
2024-05-14,TR-08,08#矿车,2015,8.57,3,222.5,5723.3
2024-05-14,TR-09,09#矿车,2023,7.3,3,220.5,4826.5
2024-05-14,TR-10,10#矿车,2016,7.97,2,229.2,3654.5
2024-05-14,TR-11,11#矿车,2021,7.97,2,227.1,3621.4
2024-05-14,TR-12,12#矿车,2013,6.16,3,227.1,4197.5
2024-05-15,TR-01,01#矿车,2017,7.63,2,219.5,3352.2
2024-05-15,TR-02,02#矿车,2021,7.73,2,217.3,3358.3
2024-05-15,TR-03,03#矿车,2019,7.69,2,219.3,3371.4
2024-05-15,TR-04,04#矿车,2014,6.21,3,217.8,4057.1
2024-05-15,TR-05,05#矿车,2022,8.27,3,231.5,5747.1
2024-05-15,TR-06,06#矿车,2018,7.47,3,229.1,5134.0
2024-05-15,TR-07,07#矿车,2020,8.12,3,217.4,5293.2
2024-05-15,TR-08,08#矿车,2015,8.52,3,222.5,5690.1
2024-05-15,TR-09,09#矿车,2023,7.43,3,220.5,4916.3
2024-05-15,TR-10,10#矿车,2016,8.37,3,229.2,5754.3
2024-05-15,TR-11,11#矿车,2021,8.15,2,227.1,3700.7
2024-05-15,TR-12,12#矿车,2013,6.39,2,227.1,2903.8
2024-05-16,TR-01,01#矿车,2017,8.03,3,219.5,5288.3
2024-05-16,TR-02,02#矿车,2021,7.96,3,217.3,5187.9
2024-05-16,TR-03,03#矿车,2019,8.13,2,219.3,3567.5
2024-05-16,TR-04,04#矿车,2014,6.25,2,217.8,2721.7
2024-05-16,TR-05,05#矿车,2022,8.18,3,231.5,5680.6
2024-05-16,TR-06,06#矿车,2018,6.86,2,229.1,3144.3
2024-05-16,TR-07,07#矿车,2020,8.16,2,217.4,3545.2
2024-05-16,TR-08,08#矿车,2015,8.21,2,222.5,3652.1
2024-05-16,TR-09,09#矿车,2023,7.47,3,220.5,4943.9
2024-05-16,TR-10,10#矿车,2016,8.29,3,229.2,5703.9
2024-05-16,TR-11,11#矿车,2021,8.13,3,227.1,5536.7
2024-05-16,TR-12,12#矿车,2013,6.63,3,227.1,4515.0
2024-05-17,TR-01,01#矿车,2017,8.07,2,219.5,3543.0
2024-05-17,TR-02,02#矿车,2021,7.6,3,217.3,4955.9
2024-05-17,TR-03,03#矿车,2019,7.87,2,219.3,3453.9
2024-05-17,TR-04,04#矿车,2014,6.55,3,217.8,4279.1
2024-05-17,TR-05,05#矿车,2022,8.28,3,231.5,5752.8
2024-05-17,TR-06,06#矿车,2018,7.49,3,229.1,5147.9
2024-05-17,TR-07,07#矿车,2020,8.04,3,217.4,5242.8
2024-05-17,TR-08,08#矿车,2015,8.54,2,222.5,3800.2
2024-05-17,TR-09,09#矿车,2023,6.98,2,220.5,3079.5
2024-05-17,TR-10,10#矿车,2016,7.88,2,229.2,3611.3
2024-05-17,TR-11,11#矿车,2021,8.3,2,227.1,3767.2
2024-05-17,TR-12,12#矿车,2013,6.79,3,227.1,4623.1
2024-05-18,TR-01,01#矿车,2017,8.13,3,219.5,5353.8
2024-05-18,TR-02,02#矿车,2021,7.53,2,217.3,3270.7
2024-05-18,TR-03,03#矿车,2019,8.02,2,219.3,3515.6
2024-05-18,TR-04,04#矿车,2014,6.63,2,217.8,2887.9
2024-05-18,TR-05,05#矿车,2022,8.08,3,231.5,5615.6
2024-05-18,TR-06,06#矿车,2018,7.56,3,229.1,5198.7
2024-05-18,TR-07,07#矿车,2020,8.18,2,217.4,3555.2
2024-05-18,TR-08,08#矿车,2015,8.61,2,222.5,3832.8
2024-05-18,TR-09,09#矿车,2023,7.16,3,220.5,4733.7
2024-05-18,TR-10,10#矿车,2016,7.58,2,229.2,3474.6
2024-05-18,TR-11,11#矿车,2021,8.28,3,227.1,5637.9
2024-05-18,TR-12,12#矿车,2013,6.63,2,227.1,3012.6
2024-05-19,TR-01,01#矿车,2017,8.02,2,219.5,3519.8
2024-05-19,TR-02,02#矿车,2021,8.17,3,217.3,5329.2
2024-05-19,TR-03,03#矿车,2019,7.96,2,219.3,3490.9
2024-05-19,TR-04,04#矿车,2014,6.49,3,217.8,4238.5
2024-05-19,TR-05,05#矿车,2022,8.05,3,231.5,5593.5
2024-05-19,TR-06,06#矿车,2018,7.57,3,229.1,5200.5
2024-05-19,TR-07,07#矿车,2020,8.31,2,217.4,3614.5
2024-05-19,TR-08,08#矿车,2015,8.62,3,222.5,5752.1
2024-05-19,TR-09,09#矿车,2023,7.72,2,220.5,3403.6
2024-05-19,TR-10,10#矿车,2016,7.79,3,229.2,5359.4
2024-05-19,TR-11,11#矿车,2021,7.85,3,227.1,5350.4
2024-05-19,TR-12,12#矿车,2013,6.06,3,227.1,4126.1
2024-05-20,TR-01,01#矿车,2017,7.81,2,219.5,3430.9
2024-05-20,TR-02,02#矿车,2021,8.12,3,217.3,5294.0
2024-05-20,TR-03,03#矿车,2019,7.86,3,219.3,5169.1
2024-05-20,TR-04,04#矿车,2014,6.45,3,217.8,4215.5
2024-05-20,TR-05,05#矿车,2022,8.12,3,231.5,5641.1
2024-05-20,TR-06,06#矿车,2018,7.51,3,229.1,5160.4
2024-05-20,TR-07,07#矿车,2020,8.09,2,217.4,3516.6
2024-05-20,TR-08,08#矿车,2015,8.28,3,222.5,5528.8
2024-05-20,TR-09,09#矿车,2023,7.4,3,220.5,4893.7
2024-05-20,TR-10,10#矿车,2016,7.94,3,229.2,5460.0
2024-05-20,TR-11,11#矿车,2021,8.04,3,227.1,5473.4
2024-05-20,TR-12,12#矿车,2013,6.33,2,227.1,2876.3
2024-05-21,TR-01,01#矿车,2017,7.89,3,219.5,5198.1
2024-05-21,TR-02,02#矿车,2021,7.82,3,217.3,5098.1
2024-05-21,TR-03,03#矿车,2019,7.93,2,219.3,3479.1
2024-05-21,TR-04,04#矿车,2014,6.51,3,217.8,4254.6
2024-05-21,TR-05,05#矿车,2022,7.65,2,231.5,3542.1
2024-05-21,TR-06,06#矿车,2018,7.67,2,229.1,3514.2
2024-05-21,TR-07,07#矿车,2020,8.33,2,217.4,3619.0
2024-05-21,TR-08,08#矿车,2015,8.25,3,222.5,5504.1
2024-05-21,TR-09,09#矿车,2023,7.38,3,220.5,4881.2
2024-05-21,TR-10,10#矿车,2016,7.73,3,229.2,5314.1
2024-05-21,TR-11,11#矿车,2021,8.18,2,227.1,3712.9
2024-05-21,TR-12,12#矿车,2013,6.45,3,227.1,4395.3
2024-05-22,TR-01,01#矿车,2017,7.64,3,219.5,5028.7
2024-05-22,TR-02,02#矿车,2021,7.53,3,217.3,4912.1
2024-05-22,TR-03,03#矿车,2019,7.79,3,219.3,5125.2
2024-05-22,TR-04,04#矿车,2014,6.73,3,217.8,4395.7
2024-05-22,TR-05,05#矿车,2022,7.69,3,231.5,5343.5
2024-05-22,TR-06,06#矿车,2018,7.91,3,229.1,5434.4
2024-05-22,TR-07,07#矿车,2020,8.26,3,217.4,5388.5
2024-05-22,TR-08,08#矿车,2015,8.12,3,222.5,5421.3
2024-05-22,TR-09,09#矿车,2023,7.15,3,220.5,4732.6
2024-05-22,TR-10,10#矿车,2016,8.0,3,229.2,5503.8
2024-05-22,TR-11,11#矿车,2021,8.78,2,227.1,3988.5
2024-05-22,TR-12,12#矿车,2013,6.17,3,227.1,4207.3
2024-05-23,TR-01,01#矿车,2017,7.41,3,219.5,4879.1
2024-05-23,TR-02,02#矿车,2021,7.84,2,217.3,3408.4
2024-05-23,TR-03,03#矿车,2019,7.98,3,219.3,5252.9
2024-05-23,TR-04,04#矿车,2014,6.35,3,217.8,4148.9
2024-05-23,TR-05,05#矿车,2022,8.13,3,231.5,5644.5
2024-05-23,TR-06,06#矿车,2018,7.43,2,229.1,3403.6
2024-05-23,TR-07,07#矿车,2020,8.29,3,217.4,5402.6
2024-05-23,TR-08,08#矿车,2015,8.04,3,222.5,5366.6
2024-05-23,TR-09,09#矿车,2023,7.66,3,220.5,5067.8
2024-05-23,TR-10,10#矿车,2016,8.21,3,229.2,5646.6
2024-05-23,TR-11,11#矿车,2021,8.67,3,227.1,5906.3
2024-05-23,TR-12,12#矿车,2013,6.05,2,227.1,2750.0
2024-05-24,TR-01,01#矿车,2017,7.69,3,219.5,5063.1
2024-05-24,TR-02,02#矿车,2021,7.92,3,217.3,5162.8
2024-05-24,TR-03,03#矿车,2019,8.25,3,219.3,5429.4
2024-05-24,TR-04,04#矿车,2014,6.56,2,217.8,2858.7
2024-05-24,TR-05,05#矿车,2022,8.31,2,231.5,3848.8
2024-05-24,TR-06,06#矿车,2018,7.66,3,229.1,5266.0
2024-05-24,TR-07,07#矿车,2020,8.59,3,217.4,5600.0
2024-05-24,TR-08,08#矿车,2015,8.14,2,222.5,3620.2
2024-05-24,TR-09,09#矿车,2023,7.6,3,220.5,5029.5
2024-05-24,TR-10,10#矿车,2016,8.0,3,229.2,5500.8
2024-05-24,TR-11,11#矿车,2021,8.23,3,227.1,5609.3
2024-05-24,TR-12,12#矿车,2013,6.06,3,227.1,4128.8
2024-05-25,TR-01,01#矿车,2017,7.26,2,219.5,3185.7
2024-05-25,TR-02,02#矿车,2021,7.93,2,217.3,3448.0
2024-05-25,TR-03,03#矿车,2019,8.35,2,219.3,3661.1
2024-05-25,TR-04,04#矿车,2014,6.59,2,217.8,2870.3
2024-05-25,TR-05,05#矿车,2022,7.83,3,231.5,5439.4
2024-05-25,TR-06,06#矿车,2018,7.88,3,229.1,5416.5
2024-05-25,TR-07,07#矿车,2020,8.56,2,217.4,3722.9
2024-05-25,TR-08,08#矿车,2015,7.85,3,222.5,5238.7
2024-05-25,TR-09,09#矿车,2023,7.31,2,220.5,3222.5
2024-05-25,TR-10,10#矿车,2016,7.66,3,229.2,5269.6
2024-05-25,TR-11,11#矿车,2021,8.17,3,227.1,5565.8
2024-05-25,TR-12,12#矿车,2013,6.81,3,227.1,4637.8
2024-05-26,TR-01,01#矿车,2017,7.67,3,219.5,5049.1
2024-05-26,TR-02,02#矿车,2021,8.06,2,217.3,3501.3
2024-05-26,TR-03,03#矿车,2019,7.85,3,219.3,5161.9
2024-05-26,TR-04,04#矿车,2014,6.43,2,217.8,2800.6
2024-05-26,TR-05,05#矿车,2022,7.94,3,231.5,5516.9
2024-05-26,TR-06,06#矿车,2018,7.97,3,229.1,5478.4
2024-05-26,TR-07,07#矿车,2020,8.9,3,217.4,5804.7
2024-05-26,TR-08,08#矿车,2015,8.02,3,222.5,5353.3
2024-05-26,TR-09,09#矿车,2023,7.42,3,220.5,4907.6
2024-05-26,TR-10,10#矿车,2016,7.91,3,229.2,5438.8
2024-05-26,TR-11,11#矿车,2021,8.28,3,227.1,5642.3
2024-05-26,TR-12,12#矿车,2013,6.77,2,227.1,3076.9
2024-05-27,TR-01,01#矿车,2017,7.54,3,219.5,4962.9
2024-05-27,TR-02,02#矿车,2021,7.53,3,217.3,4910.4
2024-05-27,TR-03,03#矿车,2019,8.06,3,219.3,5304.9
2024-05-27,TR-04,04#矿车,2014,6.51,2,217.8,2836.1
2024-05-27,TR-05,05#矿车,2022,8.16,3,231.5,5667.4
2024-05-27,TR-06,06#矿车,2018,7.42,3,229.1,5097.5
2024-05-27,TR-07,07#矿车,2020,8.07,3,217.4,5262.9
2024-05-27,TR-08,08#矿车,2015,8.01,2,222.5,3564.9
2024-05-27,TR-09,09#矿车,2023,7.11,3,220.5,4701.8
2024-05-27,TR-10,10#矿车,2016,8.42,3,229.2,5792.8
2024-05-27,TR-11,11#矿车,2021,7.72,3,227.1,5257.8
2024-05-27,TR-12,12#矿车,2013,6.71,3,227.1,4572.5
2024-05-28,TR-01,01#矿车,2017,7.99,2,219.5,3509.4
2024-05-28,TR-02,02#矿车,2021,8.05,3,217.3,5246.6
2024-05-28,TR-03,03#矿车,2019,8.03,3,219.3,5283.3
2024-05-28,TR-04,04#矿车,2014,6.51,3,217.8,4251.8
2024-05-28,TR-05,05#矿车,2022,8.01,3,231.5,5564.8
2024-05-28,TR-06,06#矿车,2018,7.35,3,229.1,5053.4
2024-05-28,TR-07,07#矿车,2020,8.24,3,217.4,5373.4
2024-05-28,TR-08,08#矿车,2015,8.18,3,222.5,5462.0
2024-05-28,TR-09,09#矿车,2023,6.88,3,220.5,4551.2
2024-05-28,TR-10,10#矿车,2016,8.37,3,229.2,5754.7
2024-05-28,TR-11,11#矿车,2021,7.71,2,227.1,3501.7
2024-05-28,TR-12,12#矿车,2013,6.57,3,227.1,4477.1
2024-05-29,TR-01,01#矿车,2017,8.0,3,219.5,5270.2
2024-05-29,TR-02,02#矿车,2021,8.19,3,217.3,5336.5
2024-05-29,TR-03,03#矿车,2019,7.86,2,219.3,3445.7
2024-05-29,TR-04,04#矿车,2014,6.65,3,217.8,4343.7
2024-05-29,TR-05,05#矿车,2022,8.05,3,231.5,5590.0
2024-05-29,TR-06,06#矿车,2018,7.35,3,229.1,5052.4
2024-05-29,TR-07,07#矿车,2020,8.28,3,217.4,5399.4
2024-05-29,TR-08,08#矿车,2015,8.39,3,222.5,5598.5
2024-05-29,TR-09,09#矿车,2023,7.2,2,220.5,3175.1
2024-05-29,TR-10,10#矿车,2016,8.08,3,229.2,5555.3
2024-05-29,TR-11,11#矿车,2021,7.46,3,227.1,5083.1
2024-05-29,TR-12,12#矿车,2013,6.91,3,227.1,4710.9
2024-05-30,TR-01,01#矿车,2017,7.97,3,219.5,5249.3
2024-05-30,TR-02,02#矿车,2021,8.33,2,217.3,3622.4
2024-05-30,TR-03,03#矿车,2019,8.16,2,219.3,3577.3
2024-05-30,TR-04,04#矿车,2014,6.92,3,217.8,4522.4
2024-05-30,TR-05,05#矿车,2022,7.91,3,231.5,5492.2
2024-05-30,TR-06,06#矿车,2018,7.58,2,229.1,3472.6
2024-05-30,TR-07,07#矿车,2020,8.13,3,217.4,5300.4
2024-05-30,TR-08,08#矿车,2015,8.43,3,222.5,5626.7
2024-05-30,TR-09,09#矿车,2023,7.5,3,220.5,4964.2
2024-05-30,TR-10,10#矿车,2016,8.15,2,229.2,3736.8
2024-05-30,TR-11,11#矿车,2021,7.46,3,227.1,5081.0
2024-05-30,TR-12,12#矿车,2013,6.87,3,227.1,4683.7
2024-05-31,TR-01,01#矿车,2017,8.17,3,219.5,5380.6
2024-05-31,TR-02,02#矿车,2021,8.02,3,217.3,5225.7
2024-05-31,TR-03,03#矿车,2019,7.95,2,219.3,3485.8
2024-05-31,TR-04,04#矿车,2014,6.97,3,217.8,4552.0
2024-05-31,TR-05,05#矿车,2022,8.53,2,231.5,3950.1
2024-05-31,TR-06,06#矿车,2018,7.81,3,229.1,5366.9
2024-05-31,TR-07,07#矿车,2020,8.38,2,217.4,3642.3
2024-05-31,TR-08,08#矿车,2015,8.32,3,222.5,5556.8
2024-05-31,TR-09,09#矿车,2023,7.62,3,220.5,5037.9
2024-05-31,TR-10,10#矿车,2016,7.75,3,229.2,5333.3
2024-05-31,TR-11,11#矿车,2021,7.93,2,227.1,3600.2
2024-05-31,TR-12,12#矿车,2013,6.4,3,227.1,4360.0
2024-06-01,TR-01,01#矿车,2017,7.74,2,219.5,3396.4
2024-06-01,TR-02,02#矿车,2021,7.67,3,217.3,5001.7
2024-06-01,TR-03,03#矿车,2019,8.22,3,219.3,5408.6
2024-06-01,TR-04,04#矿车,2014,6.78,3,217.8,4428.5
2024-06-01,TR-05,05#矿车,2022,8.33,2,231.5,3855.5
2024-06-01,TR-06,06#矿车,2018,7.67,3,229.1,5274.8
2024-06-01,TR-07,07#矿车,2020,8.26,3,217.4,5386.7
2024-06-01,TR-08,08#矿车,2015,7.96,3,222.5,5313.2
2024-06-01,TR-09,09#矿车,2023,7.74,3,220.5,5121.5
2024-06-01,TR-10,10#矿车,2016,7.73,2,229.2,3542.2
2024-06-01,TR-11,11#矿车,2021,7.99,3,227.1,5441.7
2024-06-01,TR-12,12#矿车,2013,6.04,3,227.1,4117.3
2024-06-02,TR-01,01#矿车,2017,7.42,3,219.5,4884.1
2024-06-02,TR-02,02#矿车,2021,8.11,3,217.3,5284.2
2024-06-02,TR-03,03#矿车,2019,8.2,2,219.3,3597.3
2024-06-02,TR-04,04#矿车,2014,6.51,2,217.8,2834.8
2024-06-02,TR-05,05#矿车,2022,8.22,3,231.5,5712.9
2024-06-02,TR-06,06#矿车,2018,7.75,3,229.1,5327.6
2024-06-02,TR-07,07#矿车,2020,8.22,2,217.4,3571.6
2024-06-02,TR-08,08#矿车,2015,8.1,2,222.5,3604.1
2024-06-02,TR-09,09#矿车,2023,7.98,3,220.5,5277.6
2024-06-02,TR-10,10#矿车,2016,8.23,3,229.2,5663.3
2024-06-02,TR-11,11#矿车,2021,8.34,3,227.1,5681.5
2024-06-02,TR-12,12#矿车,2013,6.09,2,227.1,2766.6
2024-06-03,TR-01,01#矿车,2017,7.77,3,219.5,5119.5
2024-06-03,TR-02,02#矿车,2021,7.85,3,217.3,5118.8
2024-06-03,TR-03,03#矿车,2019,7.92,3,219.3,5210.8
2024-06-03,TR-04,04#矿车,2014,6.6,2,217.8,2874.2
2024-06-03,TR-05,05#矿车,2022,8.31,2,231.5,3849.8
2024-06-03,TR-06,06#矿车,2018,7.59,3,229.1,5214.3
2024-06-03,TR-07,07#矿车,2020,7.91,2,217.4,3437.3
2024-06-03,TR-08,08#矿车,2015,8.06,2,222.5,3587.5
2024-06-03,TR-09,09#矿车,2023,7.62,3,220.5,5039.7
2024-06-03,TR-10,10#矿车,2016,7.84,3,229.2,5394.7
2024-06-03,TR-11,11#矿车,2021,7.84,3,227.1,5341.3
2024-06-03,TR-12,12#矿车,2013,6.56,2,227.1,2981.7
2024-06-04,TR-01,01#矿车,2017,7.71,2,219.5,3385.3
2024-06-04,TR-02,02#矿车,2021,7.52,2,217.3,3268.3
2024-06-04,TR-03,03#矿车,2019,7.57,3,219.3,4983.1
2024-06-04,TR-04,04#矿车,2014,6.87,2,217.8,2991.2
2024-06-04,TR-05,05#矿车,2022,8.24,3,231.5,5721.7
2024-06-04,TR-06,06#矿车,2018,7.83,3,229.1,5381.4
2024-06-04,TR-07,07#矿车,2020,8.51,2,217.4,3699.2
2024-06-04,TR-08,08#矿车,2015,8.33,3,222.5,5560.9
2024-06-04,TR-09,09#矿车,2023,7.43,3,220.5,4915.4
2024-06-04,TR-10,10#矿车,2016,8.15,2,229.2,3738.6
2024-06-04,TR-11,11#矿车,2021,8.1,3,227.1,5519.7
2024-06-04,TR-12,12#矿车,2013,6.91,3,227.1,4705.9
2024-06-05,TR-01,01#矿车,2017,7.94,3,219.5,5230.5
2024-06-05,TR-02,02#矿车,2021,7.73,3,217.3,5036.4
2024-06-05,TR-03,03#矿车,2019,7.95,3,219.3,5230.2
2024-06-05,TR-04,04#矿车,2014,7.48,2,217.8,3259.7
2024-06-05,TR-05,05#矿车,2022,8.39,3,231.5,5827.0
2024-06-05,TR-06,06#矿车,2018,7.48,3,229.1,5143.9
2024-06-05,TR-07,07#矿车,2020,8.29,3,217.4,5408.4
2024-06-05,TR-08,08#矿车,2015,8.53,3,222.5,5692.1
2024-06-05,TR-09,09#矿车,2023,7.73,2,220.5,3408.0
2024-06-05,TR-10,10#矿车,2016,7.71,3,229.2,5303.9
2024-06-05,TR-11,11#矿车,2021,7.9,2,227.1,3589.6
2024-06-05,TR-12,12#矿车,2013,7.06,3,227.1,4807.7
2024-06-06,TR-01,01#矿车,2017,8.0,3,219.5,5271.9
2024-06-06,TR-02,02#矿车,2021,7.75,3,217.3,5055.2
2024-06-06,TR-03,03#矿车,2019,7.67,3,219.3,5043.4
2024-06-06,TR-04,04#矿车,2014,6.83,2,217.8,2973.7
2024-06-06,TR-05,05#矿车,2022,7.84,2,231.5,3630.9
2024-06-06,TR-06,06#矿车,2018,7.96,2,229.1,3645.6
2024-06-06,TR-07,07#矿车,2020,8.35,2,217.4,3631.3
2024-06-06,TR-08,08#矿车,2015,8.36,3,222.5,5583.5
2024-06-06,TR-09,09#矿车,2023,7.26,3,220.5,4803.5
2024-06-06,TR-10,10#矿车,2016,7.88,3,229.2,5422.1
2024-06-06,TR-11,11#矿车,2021,7.78,2,227.1,3533.9
2024-06-06,TR-12,12#矿车,2013,6.6,2,227.1,2999.5
2024-06-07,TR-01,01#矿车,2017,8.03,3,219.5,5287.5
2024-06-07,TR-02,02#矿车,2021,7.97,3,217.3,5198.9
2024-06-07,TR-03,03#矿车,2019,7.88,3,219.3,5187.1
2024-06-07,TR-04,04#矿车,2014,6.53,3,217.8,4264.8
2024-06-07,TR-05,05#矿车,2022,7.91,2,231.5,3663.4
2024-06-07,TR-06,06#矿车,2018,7.46,3,229.1,5128.5
2024-06-07,TR-07,07#矿车,2020,8.37,2,217.4,3638.1
2024-06-07,TR-08,08#矿车,2015,7.99,2,222.5,3555.4
2024-06-07,TR-09,09#矿车,2023,4.3,1,220.5,947.6
2024-06-07,TR-10,10#矿车,2016,7.87,3,229.2,5415.1
2024-06-07,TR-11,11#矿车,2021,8.25,2,227.1,3747.5
2024-06-07,TR-12,12#矿车,2013,6.5,2,227.1,2951.4
2024-06-08,TR-01,01#矿车,2017,3.0,0,219.5,0.0
2024-06-08,TR-02,02#矿车,2021,8.33,3,217.3,5429.2
2024-06-08,TR-03,03#矿车,2019,7.91,3,219.3,5204.1
2024-06-08,TR-04,04#矿车,2014,6.55,3,217.8,4278.0
2024-06-08,TR-05,05#矿车,2022,7.63,3,231.5,5301.1
2024-06-08,TR-06,06#矿车,2018,7.75,2,229.1,3549.4
2024-06-08,TR-07,07#矿车,2020,8.42,2,217.4,3661.1
2024-06-08,TR-08,08#矿车,2015,8.44,3,222.5,5635.7
2024-06-08,TR-09,09#矿车,2023,7.85,2,220.5,3463.3
2024-06-08,TR-10,10#矿车,2016,7.99,3,229.2,5493.3
2024-06-08,TR-11,11#矿车,2021,8.23,3,227.1,5604.0
2024-06-08,TR-12,12#矿车,2013,6.47,3,227.1,4409.6
2024-06-09,TR-01,01#矿车,2017,8.22,3,219.5,5411.4
2024-06-09,TR-02,02#矿车,2021,7.96,3,217.3,5187.1
2024-06-09,TR-03,03#矿车,2019,7.48,3,219.3,4920.5
2024-06-09,TR-04,04#矿车,2014,6.62,3,217.8,4326.1
2024-06-09,TR-05,05#矿车,2022,7.74,2,231.5,3585.7
2024-06-09,TR-06,06#矿车,2018,7.76,3,229.1,5335.7
2024-06-09,TR-07,07#矿车,2020,8.45,2,217.4,3673.6
2024-06-09,TR-08,08#矿车,2015,7.68,3,222.5,5126.1
2024-06-09,TR-09,09#矿车,2023,7.45,3,220.5,4929.0
2024-06-09,TR-10,10#矿车,2016,7.65,3,229.2,5263.8
2024-06-09,TR-11,11#矿车,2021,7.49,3,227.1,5100.2
2024-06-09,TR-12,12#矿车,2013,6.66,3,227.1,4539.4
2024-06-10,TR-01,01#矿车,2017,8.32,2,219.5,3654.8
2024-06-10,TR-02,02#矿车,2021,7.65,3,217.3,4984.7
2024-06-10,TR-03,03#矿车,2019,4.15,1,219.3,910.2
2024-06-10,TR-04,04#矿车,2014,6.34,3,217.8,4143.1
2024-06-10,TR-05,05#矿车,2022,8.07,3,231.5,5605.4
2024-06-10,TR-06,06#矿车,2018,7.59,3,229.1,5214.6
2024-06-10,TR-07,07#矿车,2020,8.17,2,217.4,3551.0
2024-06-10,TR-08,08#矿车,2015,7.67,2,222.5,3412.5
2024-06-10,TR-09,09#矿车,2023,7.43,3,220.5,4917.2
2024-06-10,TR-10,10#矿车,2016,7.5,3,229.2,5156.5
2024-06-10,TR-11,11#矿车,2021,7.34,3,227.1,5003.2
2024-06-10,TR-12,12#矿车,2013,6.28,3,227.1,4281.2
2024-06-11,TR-01,01#矿车,2017,8.43,3,219.5,5551.2
2024-06-11,TR-02,02#矿车,2021,7.5,2,217.3,3259.8
2024-06-11,TR-03,03#矿车,2019,7.72,2,219.3,3387.8
2024-06-11,TR-04,04#矿车,2014,7.18,3,217.8,4689.0
2024-06-11,TR-05,05#矿车,2022,8.0,2,231.5,3703.8
2024-06-11,TR-06,06#矿车,2018,7.46,3,229.1,5128.4
2024-06-11,TR-07,07#矿车,2020,8.43,3,217.4,5499.8
2024-06-11,TR-08,08#矿车,2015,7.81,3,222.5,5214.1
2024-06-11,TR-09,09#矿车,2023,7.7,2,220.5,3397.0
2024-06-11,TR-10,10#矿车,2016,7.61,3,229.2,5233.5
2024-06-11,TR-11,11#矿车,2021,7.56,2,227.1,3433.6
2024-06-11,TR-12,12#矿车,2013,6.42,3,227.1,4371.5
2024-06-12,TR-01,01#矿车,2017,7.85,3,219.5,5170.2
2024-06-12,TR-02,02#矿车,2021,7.72,2,217.3,3354.9
2024-06-12,TR-03,03#矿车,2019,7.82,3,219.3,5144.7
2024-06-12,TR-04,04#矿车,2014,7.01,2,217.8,3053.9
2024-06-12,TR-05,05#矿车,2022,8.03,3,231.5,5579.5
2024-06-12,TR-06,06#矿车,2018,7.73,2,229.1,3539.9
2024-06-12,TR-07,07#矿车,2020,7.83,2,217.4,3402.3
2024-06-12,TR-08,08#矿车,2015,7.74,3,222.5,5169.4
2024-06-12,TR-09,09#矿车,2023,7.51,3,220.5,4965.2
2024-06-12,TR-10,10#矿车,2016,7.27,3,229.2,5002.5
2024-06-12,TR-11,11#矿车,2021,7.45,3,227.1,5077.8
2024-06-12,TR-12,12#矿车,2013,6.26,2,227.1,2841.5
2024-06-13,TR-01,01#矿车,2017,8.15,3,219.5,5365.9
2024-06-13,TR-02,02#矿车,2021,8.02,3,217.3,5229.4
2024-06-13,TR-03,03#矿车,2019,7.88,3,219.3,5185.7
2024-06-13,TR-04,04#矿车,2014,6.9,3,217.8,4508.6
2024-06-13,TR-05,05#矿车,2022,8.31,3,231.5,5771.6
2024-06-13,TR-06,06#矿车,2018,7.41,2,229.1,3393.2
2024-06-13,TR-07,07#矿车,2020,8.11,3,217.4,5288.8
2024-06-13,TR-08,08#矿车,2015,7.94,3,222.5,5301.9
2024-06-13,TR-09,09#矿车,2023,7.27,3,220.5,4811.3
2024-06-13,TR-10,10#矿车,2016,7.59,2,229.2,3479.4
2024-06-13,TR-11,11#矿车,2021,7.71,3,227.1,5254.7
2024-06-13,TR-12,12#矿车,2013,6.22,3,227.1,4238.4
2024-06-14,TR-01,01#矿车,2017,8.28,2,219.5,3633.7
2024-06-14,TR-02,02#矿车,2021,7.4,3,217.3,4821.0
2024-06-14,TR-03,03#矿车,2019,8.14,3,219.3,5357.1
2024-06-14,TR-04,04#矿车,2014,6.92,3,217.8,4520.2
2024-06-14,TR-05,05#矿车,2022,8.34,2,231.5,3861.8
2024-06-14,TR-06,06#矿车,2018,7.6,2,229.1,3484.4
2024-06-14,TR-07,07#矿车,2020,8.52,3,217.4,5556.3
2024-06-14,TR-08,08#矿车,2015,8.24,3,222.5,5499.1
2024-06-14,TR-09,09#矿车,2023,7.54,2,220.5,3325.8
2024-06-14,TR-10,10#矿车,2016,7.76,3,229.2,5337.5
2024-06-14,TR-11,11#矿车,2021,8.08,2,227.1,3668.9
2024-06-14,TR-12,12#矿车,2013,6.1,2,227.1,2768.6
2024-06-15,TR-01,01#矿车,2017,8.01,2,219.5,3515.3
2024-06-15,TR-02,02#矿车,2021,7.25,2,217.3,3150.1
2024-06-15,TR-03,03#矿车,2019,8.07,3,219.3,5310.0
2024-06-15,TR-04,04#矿车,2014,6.37,3,217.8,4162.8
2024-06-15,TR-05,05#矿车,2022,8.1,3,231.5,5628.7
2024-06-15,TR-06,06#矿车,2018,7.56,3,229.1,5195.5
2024-06-15,TR-07,07#矿车,2020,8.64,2,217.4,3754.7
2024-06-15,TR-08,08#矿车,2015,8.06,2,222.5,3587.1
2024-06-15,TR-09,09#矿车,2023,7.26,3,220.5,4803.3
2024-06-15,TR-10,10#矿车,2016,8.3,3,229.2,5706.1
2024-06-15,TR-11,11#矿车,2021,7.83,3,227.1,5336.6
2024-06-15,TR-12,12#矿车,2013,6.18,3,227.1,4213.9
2024-06-16,TR-01,01#矿车,2017,7.88,2,219.5,3461.2
2024-06-16,TR-02,02#矿车,2021,7.53,2,217.3,3271.4
2024-06-16,TR-03,03#矿车,2019,7.98,3,219.3,5249.0
2024-06-16,TR-04,04#矿车,2014,6.39,3,217.8,4174.7
2024-06-16,TR-05,05#矿车,2022,8.54,3,231.5,5928.9
2024-06-16,TR-06,06#矿车,2018,7.32,2,229.1,3356.2
2024-06-16,TR-07,07#矿车,2020,8.54,3,217.4,5570.3
2024-06-16,TR-08,08#矿车,2015,8.1,3,222.5,5408.0
2024-06-16,TR-09,09#矿车,2023,7.39,2,220.5,3257.5
2024-06-16,TR-10,10#矿车,2016,8.01,3,229.2,5510.4
2024-06-16,TR-11,11#矿车,2021,3.53,1,227.1,802.4
2024-06-16,TR-12,12#矿车,2013,6.06,2,227.1,2751.7
2024-06-17,TR-01,01#矿车,2017,7.87,3,219.5,5183.4
2024-06-17,TR-02,02#矿车,2021,7.78,3,217.3,5071.6
2024-06-17,TR-03,03#矿车,2019,7.68,3,219.3,5052.6
2024-06-17,TR-04,04#矿车,2014,6.38,3,217.8,4169.8
2024-06-17,TR-05,05#矿车,2022,8.53,2,231.5,3951.8
2024-06-17,TR-06,06#矿车,2018,7.48,3,229.1,5144.0
2024-06-17,TR-07,07#矿车,2020,8.3,3,217.4,5410.7
2024-06-17,TR-08,08#矿车,2015,7.71,2,222.5,3432.9
2024-06-17,TR-09,09#矿车,2023,7.69,3,220.5,5088.6
2024-06-17,TR-10,10#矿车,2016,7.93,2,229.2,3636.7
2024-06-17,TR-11,11#矿车,2021,8.07,3,227.1,5493.8
2024-06-17,TR-12,12#矿车,2013,6.57,3,227.1,4474.0
2024-06-18,TR-01,01#矿车,2017,7.47,3,219.5,4921.2
2024-06-18,TR-02,02#矿车,2021,8.06,3,217.3,5255.9
2024-06-18,TR-03,03#矿车,2019,7.82,3,219.3,5143.1
2024-06-18,TR-04,04#矿车,2014,6.73,2,217.8,2929.8
2024-06-18,TR-05,05#矿车,2022,7.98,2,231.5,3695.1
2024-06-18,TR-06,06#矿车,2018,7.49,2,229.1,3431.3
2024-06-18,TR-07,07#矿车,2020,8.42,3,217.4,5490.4
2024-06-18,TR-08,08#矿车,2015,7.92,3,222.5,5284.9
2024-06-18,TR-09,09#矿车,2023,7.53,3,220.5,4979.3
2024-06-18,TR-10,10#矿车,2016,7.91,3,229.2,5440.9
2024-06-18,TR-11,11#矿车,2021,8.2,2,227.1,3724.7
2024-06-18,TR-12,12#矿车,2013,6.59,2,227.1,2993.9
2024-06-19,TR-01,01#矿车,2017,7.47,2,219.5,3278.2
2024-06-19,TR-02,02#矿车,2021,7.78,3,217.3,5069.6
2024-06-19,TR-03,03#矿车,2019,7.87,3,219.3,5178.6
2024-06-19,TR-04,04#矿车,2014,6.74,2,217.8,2934.8
2024-06-19,TR-05,05#矿车,2022,7.71,2,231.5,3569.3
2024-06-19,TR-06,06#矿车,2018,7.57,3,229.1,5204.6
2024-06-19,TR-07,07#矿车,2020,8.12,3,217.4,5294.3
2024-06-19,TR-08,08#矿车,2015,7.84,3,222.5,5230.8
2024-06-19,TR-09,09#矿车,2023,7.51,3,220.5,4971.3
2024-06-19,TR-10,10#矿车,2016,8.55,2,229.2,3918.9
2024-06-19,TR-11,11#矿车,2021,8.47,2,227.1,3844.4
2024-06-19,TR-12,12#矿车,2013,6.44,3,227.1,4385.8
2024-06-20,TR-01,01#矿车,2017,7.87,3,219.5,5181.0
2024-06-20,TR-02,02#矿车,2021,7.88,3,217.3,5136.6
2024-06-20,TR-03,03#矿车,2019,8.1,2,219.3,3552.9
2024-06-20,TR-04,04#矿车,2014,6.61,3,217.8,4317.3
2024-06-20,TR-05,05#矿车,2022,8.19,3,231.5,5691.6
2024-06-20,TR-06,06#矿车,2018,7.25,3,229.1,4984.8
2024-06-20,TR-07,07#矿车,2020,8.27,2,217.4,3594.1
2024-06-20,TR-08,08#矿车,2015,8.41,3,222.5,5614.5
2024-06-20,TR-09,09#矿车,2023,7.64,2,220.5,3368.5
2024-06-20,TR-10,10#矿车,2016,7.72,2,229.2,3541.2
2024-06-20,TR-11,11#矿车,2021,8.34,3,227.1,5683.7
2024-06-20,TR-12,12#矿车,2013,6.45,3,227.1,4392.5
2024-06-21,TR-01,01#矿车,2017,7.78,3,219.5,5123.0
2024-06-21,TR-02,02#矿车,2021,7.58,3,217.3,4940.8
2024-06-21,TR-03,03#矿车,2019,7.64,3,219.3,5027.2
2024-06-21,TR-04,04#矿车,2014,6.59,3,217.8,4306.3
2024-06-21,TR-05,05#矿车,2022,8.43,3,231.5,5853.5
2024-06-21,TR-06,06#矿车,2018,6.95,3,229.1,4774.0
2024-06-21,TR-07,07#矿车,2020,8.46,2,217.4,3679.5
2024-06-21,TR-08,08#矿车,2015,8.3,3,222.5,5537.2
2024-06-21,TR-09,09#矿车,2023,7.12,2,220.5,3139.4
2024-06-21,TR-10,10#矿车,2016,7.9,3,229.2,5430.0
2024-06-21,TR-11,11#矿车,2021,8.24,2,227.1,3741.5
2024-06-21,TR-12,12#矿车,2013,6.3,2,227.1,2860.2
2024-06-22,TR-01,01#矿车,2017,7.85,2,219.5,3446.7
2024-06-22,TR-02,02#矿车,2021,8.1,3,217.3,5283.1
2024-06-22,TR-03,03#矿车,2019,7.46,2,219.3,3270.4
2024-06-22,TR-04,04#矿车,2014,6.84,2,217.8,2977.7
2024-06-22,TR-05,05#矿车,2022,8.59,3,231.5,5967.2
2024-06-22,TR-06,06#矿车,2018,7.61,2,229.1,3488.1
2024-06-22,TR-07,07#矿车,2020,8.44,2,217.4,3671.0
2024-06-22,TR-08,08#矿车,2015,7.91,3,222.5,5277.3
2024-06-22,TR-09,09#矿车,2023,7.38,2,220.5,3256.5
2024-06-22,TR-10,10#矿车,2016,7.98,3,229.2,5485.9
2024-06-22,TR-11,11#矿车,2021,7.69,3,227.1,5237.3
2024-06-22,TR-12,12#矿车,2013,6.19,3,227.1,4216.6
2024-06-23,TR-01,01#矿车,2017,7.77,2,219.5,3409.3
2024-06-23,TR-02,02#矿车,2021,7.52,3,217.3,4901.0
2024-06-23,TR-03,03#矿车,2019,7.79,3,219.3,5122.4
2024-06-23,TR-04,04#矿车,2014,6.89,2,217.8,3000.9
2024-06-23,TR-05,05#矿车,2022,8.43,3,231.5,5857.3
2024-06-23,TR-06,06#矿车,2018,7.36,3,229.1,5056.4
2024-06-23,TR-07,07#矿车,2020,8.4,3,217.4,5474.4
2024-06-23,TR-08,08#矿车,2015,7.93,3,222.5,5295.8
2024-06-23,TR-09,09#矿车,2023,7.53,3,220.5,4983.4
2024-06-23,TR-10,10#矿车,2016,7.63,2,229.2,3496.5
2024-06-23,TR-11,11#矿车,2021,7.53,2,227.1,3420.5
2024-06-23,TR-12,12#矿车,2013,6.13,2,227.1,2783.4
2024-06-24,TR-01,01#矿车,2017,8.02,3,219.5,5278.9
2024-06-24,TR-02,02#矿车,2021,7.5,3,217.3,4891.0
2024-06-24,TR-03,03#矿车,2019,7.87,3,219.3,5174.7
2024-06-24,TR-04,04#矿车,2014,6.65,3,217.8,4346.1
2024-06-24,TR-05,05#矿车,2022,8.67,2,231.5,4013.7
2024-06-24,TR-06,06#矿车,2018,6.98,3,229.1,4795.8
2024-06-24,TR-07,07#矿车,2020,8.0,3,217.4,5215.6
2024-06-24,TR-08,08#矿车,2015,7.67,3,222.5,5117.0
2024-06-24,TR-09,09#矿车,2023,7.65,3,220.5,5063.1
2024-06-24,TR-10,10#矿车,2016,7.98,3,229.2,5489.9
2024-06-24,TR-11,11#矿车,2021,8.09,2,227.1,3676.0
2024-06-24,TR-12,12#矿车,2013,6.66,3,227.1,4540.7
2024-06-25,TR-01,01#矿车,2017,8.17,2,219.5,3585.9
2024-06-25,TR-02,02#矿车,2021,7.84,3,217.3,5110.1
2024-06-25,TR-03,03#矿车,2019,7.89,2,219.3,3461.3
2024-06-25,TR-04,04#矿车,2014,7.08,2,217.8,3082.7
2024-06-25,TR-05,05#矿车,2022,8.78,3,231.5,6099.6
2024-06-25,TR-06,06#矿车,2018,7.49,3,229.1,5145.1
2024-06-25,TR-07,07#矿车,2020,8.36,3,217.4,5450.9
2024-06-25,TR-08,08#矿车,2015,8.28,3,222.5,5526.0
2024-06-25,TR-09,09#矿车,2023,7.66,2,220.5,3377.2
2024-06-25,TR-10,10#矿车,2016,8.23,3,229.2,5663.1
2024-06-25,TR-11,11#矿车,2021,7.97,3,227.1,5426.2
2024-06-25,TR-12,12#矿车,2013,7.22,2,227.1,3281.7
2024-06-26,TR-01,01#矿车,2017,8.21,2,219.5,3606.3
2024-06-26,TR-02,02#矿车,2021,7.7,3,217.3,5019.4
2024-06-26,TR-03,03#矿车,2019,7.71,2,219.3,3381.1
2024-06-26,TR-04,04#矿车,2014,6.77,3,217.8,4420.3
2024-06-26,TR-05,05#矿车,2022,8.19,3,231.5,5687.5
2024-06-26,TR-06,06#矿车,2018,7.24,3,229.1,4975.7
2024-06-26,TR-07,07#矿车,2020,8.15,3,217.4,5312.2
2024-06-26,TR-08,08#矿车,2015,8.47,2,222.5,3770.4
2024-06-26,TR-09,09#矿车,2023,7.19,3,220.5,4759.5
2024-06-26,TR-10,10#矿车,2016,7.88,3,229.2,5417.4
2024-06-26,TR-11,11#矿车,2021,7.81,3,227.1,5317.3
2024-06-26,TR-12,12#矿车,2013,6.38,3,227.1,4349.4
2024-06-27,TR-01,01#矿车,2017,7.9,2,219.5,3469.9
2024-06-27,TR-02,02#矿车,2021,7.66,3,217.3,4994.3
2024-06-27,TR-03,03#矿车,2019,7.67,3,219.3,5044.2
2024-06-27,TR-04,04#矿车,2014,6.55,2,217.8,2853.6
2024-06-27,TR-05,05#矿车,2022,8.23,3,231.5,5719.1
2024-06-27,TR-06,06#矿车,2018,7.3,3,229.1,5015.3
2024-06-27,TR-07,07#矿车,2020,8.23,2,217.4,3578.7
2024-06-27,TR-08,08#矿车,2015,8.28,3,222.5,5527.4
2024-06-27,TR-09,09#矿车,2023,7.23,3,220.5,4781.3
2024-06-27,TR-10,10#矿车,2016,8.22,2,229.2,3768.6
2024-06-27,TR-11,11#矿车,2021,8.22,3,227.1,5596.4
2024-06-27,TR-12,12#矿车,2013,6.42,2,227.1,2916.6
2024-06-28,TR-01,01#矿车,2017,7.91,3,219.5,5212.0
2024-06-28,TR-02,02#矿车,2021,7.87,3,217.3,5132.1
2024-06-28,TR-03,03#矿车,2019,7.94,3,219.3,5226.7
2024-06-28,TR-04,04#矿车,2014,6.55,3,217.8,4279.4
2024-06-28,TR-05,05#矿车,2022,7.72,3,231.5,5364.2
2024-06-28,TR-06,06#矿车,2018,7.19,2,229.1,3292.6
2024-06-28,TR-07,07#矿车,2020,9.11,3,217.4,5938.9
2024-06-28,TR-08,08#矿车,2015,8.01,3,222.5,5348.0
2024-06-28,TR-09,09#矿车,2023,7.27,3,220.5,4806.1
2024-06-28,TR-10,10#矿车,2016,8.01,2,229.2,3671.4
2024-06-28,TR-11,11#矿车,2021,8.3,3,227.1,5656.4
2024-06-28,TR-12,12#矿车,2013,6.72,3,227.1,4580.9
2024-06-29,TR-01,01#矿车,2017,7.46,3,219.5,4913.7
2024-06-29,TR-02,02#矿车,2021,8.03,3,217.3,5236.1
2024-06-29,TR-03,03#矿车,2019,7.32,3,219.3,4815.8
2024-06-29,TR-04,04#矿车,2014,6.35,2,217.8,2766.1
2024-06-29,TR-05,05#矿车,2022,8.39,3,231.5,5824.5
2024-06-29,TR-06,06#矿车,2018,7.38,3,229.1,5068.8
2024-06-29,TR-07,07#矿车,2020,8.94,2,217.4,3886.2
2024-06-29,TR-08,08#矿车,2015,8.11,2,222.5,3608.6
2024-06-29,TR-09,09#矿车,2023,7.29,2,220.5,3213.9
2024-06-29,TR-10,10#矿车,2016,7.72,3,229.2,5308.4
2024-06-29,TR-11,11#矿车,2021,8.22,2,227.1,3733.0
2024-06-29,TR-12,12#矿车,2013,6.12,2,227.1,2780.0
2024-06-30,TR-01,01#矿车,2017,7.37,3,219.5,4856.8
2024-06-30,TR-02,02#矿车,2021,7.48,3,217.3,4873.8
2024-06-30,TR-03,03#矿车,2019,7.24,3,219.3,4764.7
2024-06-30,TR-04,04#矿车,2014,6.81,3,217.8,4448.4
2024-06-30,TR-05,05#矿车,2022,8.54,2,231.5,3955.7
2024-06-30,TR-06,06#矿车,2018,7.42,2,229.1,3399.1
2024-06-30,TR-07,07#矿车,2020,8.7,2,217.4,3783.2
2024-06-30,TR-08,08#矿车,2015,7.93,2,222.5,3527.5
2024-06-30,TR-09,09#矿车,2023,6.75,2,220.5,2975.4
2024-06-30,TR-10,10#矿车,2016,7.82,3,229.2,5377.2
2024-06-30,TR-11,11#矿车,2021,8.1,3,227.1,5520.6
2024-06-30,TR-12,12#矿车,2013,6.56,3,227.1,4473.0
2024-07-01,TR-01,01#矿车,2017,7.27,3,219.5,4789.2
2024-07-01,TR-02,02#矿车,2021,7.5,3,217.3,4888.6
2024-07-01,TR-03,03#矿车,2019,7.74,2,219.3,3393.4
2024-07-01,TR-04,04#矿车,2014,6.61,2,217.8,2878.1
2024-07-01,TR-05,05#矿车,2022,8.05,3,231.5,5592.4
2024-07-01,TR-06,06#矿车,2018,7.92,2,229.1,3627.4
2024-07-01,TR-07,07#矿车,2020,8.29,3,217.4,5408.6
2024-07-01,TR-08,08#矿车,2015,8.14,2,222.5,3622.8
2024-07-01,TR-09,09#矿车,2023,7.37,3,220.5,4876.6
2024-07-01,TR-10,10#矿车,2016,8.05,3,229.2,5538.1
2024-07-01,TR-11,11#矿车,2021,8.22,2,227.1,3731.9
2024-07-01,TR-12,12#矿车,2013,6.77,3,227.1,4614.2
2024-07-02,TR-01,01#矿车,2017,7.57,3,219.5,4985.6
2024-07-02,TR-02,02#矿车,2021,7.65,3,217.3,4985.0
2024-07-02,TR-03,03#矿车,2019,7.67,3,219.3,5044.5
2024-07-02,TR-04,04#矿车,2014,6.63,3,217.8,4328.8
2024-07-02,TR-05,05#矿车,2022,7.95,3,231.5,5524.1
2024-07-02,TR-06,06#矿车,2018,7.39,2,229.1,3386.1
2024-07-02,TR-07,07#矿车,2020,8.15,2,217.4,3544.8
2024-07-02,TR-08,08#矿车,2015,8.25,2,222.5,3673.2
2024-07-02,TR-09,09#矿车,2023,8.0,2,220.5,3527.0
2024-07-02,TR-10,10#矿车,2016,8.25,2,229.2,3782.5
2024-07-02,TR-11,11#矿车,2021,7.96,2,227.1,3613.3
2024-07-02,TR-12,12#矿车,2013,6.92,3,227.1,4716.5
2024-07-03,TR-01,01#矿车,2017,7.41,2,219.5,3251.6
2024-07-03,TR-02,02#矿车,2021,8.11,3,217.3,5290.1
2024-07-03,TR-03,03#矿车,2019,7.89,2,219.3,3460.0
2024-07-03,TR-04,04#矿车,2014,7.0,2,217.8,3049.5
2024-07-03,TR-05,05#矿车,2022,8.31,3,231.5,5772.4
2024-07-03,TR-06,06#矿车,2018,7.5,3,229.1,5155.0
2024-07-03,TR-07,07#矿车,2020,8.47,2,217.4,3682.2
2024-07-03,TR-08,08#矿车,2015,8.1,3,222.5,5403.6
2024-07-03,TR-09,09#矿车,2023,7.68,2,220.5,3387.9
2024-07-03,TR-10,10#矿车,2016,8.22,3,229.2,5650.3
2024-07-03,TR-11,11#矿车,2021,8.39,3,227.1,5713.8
2024-07-03,TR-12,12#矿车,2013,6.83,3,227.1,4656.6
2024-07-04,TR-01,01#矿车,2017,7.38,2,219.5,3241.5
2024-07-04,TR-02,02#矿车,2021,8.34,3,217.3,5436.6
2024-07-04,TR-03,03#矿车,2019,8.14,3,219.3,5358.2
2024-07-04,TR-04,04#矿车,2014,6.69,2,217.8,2914.5
2024-07-04,TR-05,05#矿车,2022,8.16,2,231.5,3776.9
2024-07-04,TR-06,06#矿车,2018,2.85,1,229.1,653.7
2024-07-04,TR-07,07#矿车,2020,8.01,3,217.4,5221.8
2024-07-04,TR-08,08#矿车,2015,8.55,3,222.5,5705.1
2024-07-04,TR-09,09#矿车,2023,7.73,3,220.5,5112.5
2024-07-04,TR-10,10#矿车,2016,7.92,3,229.2,5444.6
2024-07-04,TR-11,11#矿车,2021,8.29,2,227.1,3763.2
2024-07-04,TR-12,12#矿车,2013,6.59,2,227.1,2995.2
2024-07-05,TR-01,01#矿车,2017,7.88,3,219.5,5189.8
2024-07-05,TR-02,02#矿车,2021,8.43,3,217.3,5493.4
2024-07-05,TR-03,03#矿车,2019,8.26,3,219.3,5432.9
2024-07-05,TR-04,04#矿车,2014,7.05,3,217.8,4603.7
2024-07-05,TR-05,05#矿车,2022,8.14,2,231.5,3767.1
2024-07-05,TR-06,06#矿车,2018,7.91,2,229.1,3624.0
2024-07-05,TR-07,07#矿车,2020,7.76,3,217.4,5062.9
2024-07-05,TR-08,08#矿车,2015,8.17,2,222.5,3634.7
2024-07-05,TR-09,09#矿车,2023,7.84,2,220.5,3456.4
2024-07-05,TR-10,10#矿车,2016,7.94,3,229.2,5457.5
2024-07-05,TR-11,11#矿车,2021,8.08,3,227.1,5507.1
2024-07-05,TR-12,12#矿车,2013,6.32,3,227.1,4303.7
2024-07-06,TR-01,01#矿车,2017,7.82,3,219.5,5147.4
2024-07-06,TR-02,02#矿车,2021,8.24,3,217.3,5370.7
2024-07-06,TR-03,03#矿车,2019,8.44,2,219.3,3703.6
2024-07-06,TR-04,04#矿车,2014,7.36,3,217.8,4810.3
2024-07-06,TR-05,05#矿车,2022,8.23,3,231.5,5717.3
2024-07-06,TR-06,06#矿车,2018,7.49,2,229.1,3431.1
2024-07-06,TR-07,07#矿车,2020,7.93,2,217.4,3449.1
2024-07-06,TR-08,08#矿车,2015,8.01,3,222.5,5345.9
2024-07-06,TR-09,09#矿车,2023,7.28,3,220.5,4817.5
2024-07-06,TR-10,10#矿车,2016,8.19,2,229.2,3754.4
2024-07-06,TR-11,11#矿车,2021,8.34,3,227.1,5681.6
2024-07-06,TR-12,12#矿车,2013,6.36,2,227.1,2887.4
2024-07-07,TR-01,01#矿车,2017,8.1,2,219.5,3554.4
2024-07-07,TR-02,02#矿车,2021,8.08,3,217.3,5267.5
2024-07-07,TR-03,03#矿车,2019,8.25,2,219.3,3620.4
2024-07-07,TR-04,04#矿车,2014,7.17,3,217.8,4682.1
2024-07-07,TR-05,05#矿车,2022,8.24,2,231.5,3817.5
2024-07-07,TR-06,06#矿车,2018,7.67,3,229.1,5268.6
2024-07-07,TR-07,07#矿车,2020,8.27,2,217.4,3594.0
2024-07-07,TR-08,08#矿车,2015,8.12,3,222.5,5420.3
2024-07-07,TR-09,09#矿车,2023,7.78,3,220.5,5147.0
2024-07-07,TR-10,10#矿车,2016,8.05,3,229.2,5536.2
2024-07-07,TR-11,11#矿车,2021,8.06,2,227.1,3662.2
2024-07-07,TR-12,12#矿车,2013,6.49,2,227.1,2947.3
2024-07-08,TR-01,01#矿车,2017,7.99,3,219.5,5262.4
2024-07-08,TR-02,02#矿车,2021,7.76,2,217.3,3372.7
2024-07-08,TR-03,03#矿车,2019,8.31,3,219.3,5466.0
2024-07-08,TR-04,04#矿车,2014,6.72,3,217.8,4389.2
2024-07-08,TR-05,05#矿车,2022,8.0,2,231.5,3704.3
2024-07-08,TR-06,06#矿车,2018,7.57,3,229.1,5204.0
2024-07-08,TR-07,07#矿车,2020,9.2,2,217.4,3999.6
2024-07-08,TR-08,08#矿车,2015,7.61,2,222.5,3384.7
2024-07-08,TR-09,09#矿车,2023,7.44,3,220.5,4920.3
2024-07-08,TR-10,10#矿车,2016,8.25,3,229.2,5676.9
2024-07-08,TR-11,11#矿车,2021,7.99,3,227.1,5444.1
2024-07-08,TR-12,12#矿车,2013,6.24,3,227.1,4254.9
2024-07-09,TR-01,01#矿车,2017,7.36,3,219.5,4844.0
2024-07-09,TR-02,02#矿车,2021,8.21,3,217.3,5349.2
2024-07-09,TR-03,03#矿车,2019,8.05,3,219.3,5294.8
2024-07-09,TR-04,04#矿车,2014,7.22,3,217.8,4716.1
2024-07-09,TR-05,05#矿车,2022,8.3,3,231.5,5764.8
2024-07-09,TR-06,06#矿车,2018,7.43,3,229.1,5104.6
2024-07-09,TR-07,07#矿车,2020,8.91,3,217.4,5809.9
2024-07-09,TR-08,08#矿车,2015,7.27,2,222.5,3236.3
2024-07-09,TR-09,09#矿车,2023,7.97,3,220.5,5272.3
2024-07-09,TR-10,10#矿车,2016,8.23,3,229.2,5659.6
2024-07-09,TR-11,11#矿车,2021,7.76,2,227.1,3524.7
2024-07-09,TR-12,12#矿车,2013,6.55,3,227.1,4460.2
2024-07-10,TR-01,01#矿车,2017,7.8,3,219.5,5137.3
2024-07-10,TR-02,02#矿车,2021,7.72,3,217.3,5032.2
2024-07-10,TR-03,03#矿车,2019,8.04,2,219.3,3525.7
2024-07-10,TR-04,04#矿车,2014,6.82,2,217.8,2969.8
2024-07-10,TR-05,05#矿车,2022,8.32,3,231.5,5781.9
2024-07-10,TR-06,06#矿车,2018,7.47,3,229.1,5131.6
2024-07-10,TR-07,07#矿车,2020,8.55,2,217.4,3717.1
2024-07-10,TR-08,08#矿车,2015,8.07,3,222.5,5386.3
2024-07-10,TR-09,09#矿车,2023,7.37,3,220.5,4874.9
2024-07-10,TR-10,10#矿车,2016,7.81,3,229.2,5374.5
2024-07-10,TR-11,11#矿车,2021,8.34,3,227.1,5681.7
2024-07-10,TR-12,12#矿车,2013,6.66,3,227.1,4540.5
2024-07-11,TR-01,01#矿车,2017,8.09,3,219.5,5327.2
2024-07-11,TR-02,02#矿车,2021,7.93,2,217.3,3445.6
2024-07-11,TR-03,03#矿车,2019,7.81,2,219.3,3425.8
2024-07-11,TR-04,04#矿车,2014,6.72,3,217.8,4391.4
2024-07-11,TR-05,05#矿车,2022,8.16,2,231.5,3778.7
2024-07-11,TR-06,06#矿车,2018,7.83,2,229.1,3589.4
2024-07-11,TR-07,07#矿车,2020,8.25,3,217.4,5382.5
2024-07-11,TR-08,08#矿车,2015,8.12,3,222.5,5423.2
2024-07-11,TR-09,09#矿车,2023,7.65,3,220.5,5059.8
2024-07-11,TR-10,10#矿车,2016,8.31,3,229.2,5716.8
2024-07-11,TR-11,11#矿车,2021,8.91,3,227.1,6069.1
2024-07-11,TR-12,12#矿车,2013,6.84,2,227.1,3106.1
2024-07-12,TR-01,01#矿车,2017,7.97,3,219.5,5249.0
2024-07-12,TR-02,02#矿车,2021,8.13,3,217.3,5300.9
2024-07-12,TR-03,03#矿车,2019,7.96,3,219.3,5239.9
2024-07-12,TR-04,04#矿车,2014,6.27,3,217.8,4095.5
2024-07-12,TR-05,05#矿车,2022,8.5,3,231.5,5902.2
2024-07-12,TR-06,06#矿车,2018,8.06,2,229.1,3694.8
2024-07-12,TR-07,07#矿车,2020,8.26,3,217.4,5388.4
2024-07-12,TR-08,08#矿车,2015,8.45,2,222.5,3758.7
2024-07-12,TR-09,09#矿车,2023,7.84,3,220.5,5187.6
2024-07-12,TR-10,10#矿车,2016,8.1,2,229.2,3713.1
2024-07-12,TR-11,11#矿车,2021,8.23,3,227.1,5604.4
2024-07-12,TR-12,12#矿车,2013,7.14,2,227.1,3242.3
2024-07-13,TR-01,01#矿车,2017,8.32,2,219.5,3654.0
2024-07-13,TR-02,02#矿车,2021,8.35,3,217.3,5442.5
2024-07-13,TR-03,03#矿车,2019,7.76,2,219.3,3403.9
2024-07-13,TR-04,04#矿车,2014,6.34,3,217.8,4142.3
2024-07-13,TR-05,05#矿车,2022,8.44,3,231.5,5864.2
2024-07-13,TR-06,06#矿车,2018,7.84,3,229.1,5386.1
2024-07-13,TR-07,07#矿车,2020,8.29,2,217.4,3601.9
2024-07-13,TR-08,08#矿车,2015,8.4,3,222.5,5604.5
2024-07-13,TR-09,09#矿车,2023,7.68,3,220.5,5082.7
2024-07-13,TR-10,10#矿车,2016,8.31,3,229.2,5713.9
2024-07-13,TR-11,11#矿车,2021,8.2,3,227.1,5585.7
2024-07-13,TR-12,12#矿车,2013,7.04,3,227.1,4795.7
2024-07-14,TR-01,01#矿车,2017,8.44,3,219.5,5558.6
2024-07-14,TR-02,02#矿车,2021,8.49,3,217.3,5531.9
2024-07-14,TR-03,03#矿车,2019,8.07,2,219.3,3539.8
2024-07-14,TR-04,04#矿车,2014,6.5,3,217.8,4244.8
2024-07-14,TR-05,05#矿车,2022,8.69,3,231.5,6034.3
2024-07-14,TR-06,06#矿车,2018,7.88,3,229.1,5414.8
2024-07-14,TR-07,07#矿车,2020,8.2,3,217.4,5344.4
2024-07-14,TR-08,08#矿车,2015,8.16,3,222.5,5448.7
2024-07-14,TR-09,09#矿车,2023,7.59,3,220.5,5024.0
2024-07-14,TR-10,10#矿车,2016,8.08,3,229.2,5553.5
2024-07-14,TR-11,11#矿车,2021,8.08,3,227.1,5505.6
2024-07-14,TR-12,12#矿车,2013,6.71,3,227.1,4571.9
2024-07-15,TR-01,01#矿车,2017,8.19,3,219.5,5396.8
2024-07-15,TR-02,02#矿车,2021,8.03,3,217.3,5233.8
2024-07-15,TR-03,03#矿车,2019,7.94,3,219.3,5222.3
2024-07-15,TR-04,04#矿车,2014,6.64,3,217.8,4337.6
2024-07-15,TR-05,05#矿车,2022,8.1,3,231.5,5628.2
2024-07-15,TR-06,06#矿车,2018,7.75,3,229.1,5328.7
2024-07-15,TR-07,07#矿车,2020,8.38,3,217.4,5461.1
2024-07-15,TR-08,08#矿车,2015,8.43,3,222.5,5625.8
2024-07-15,TR-09,09#矿车,2023,7.25,3,220.5,4793.6
2024-07-15,TR-10,10#矿车,2016,8.2,3,229.2,5638.8
2024-07-15,TR-11,11#矿车,2021,8.26,3,227.1,5629.2
2024-07-15,TR-12,12#矿车,2013,6.64,3,227.1,4527.5
2024-07-16,TR-01,01#矿车,2017,8.06,3,219.5,5309.6
2024-07-16,TR-02,02#矿车,2021,8.0,2,217.3,3478.1
2024-07-16,TR-03,03#矿车,2019,8.01,3,219.3,5273.0
2024-07-16,TR-04,04#矿车,2014,7.16,2,217.8,3118.1
2024-07-16,TR-05,05#矿车,2022,8.08,3,231.5,5613.5
2024-07-16,TR-06,06#矿车,2018,7.66,3,229.1,5264.3
2024-07-16,TR-07,07#矿车,2020,8.13,3,217.4,5303.2
2024-07-16,TR-08,08#矿车,2015,8.43,2,222.5,3751.1
2024-07-16,TR-09,09#矿车,2023,7.16,2,220.5,3158.3
2024-07-16,TR-10,10#矿车,2016,8.19,2,229.2,3755.4
2024-07-16,TR-11,11#矿车,2021,8.45,3,227.1,5753.0
2024-07-16,TR-12,12#矿车,2013,7.01,2,227.1,3182.5
2024-07-17,TR-01,01#矿车,2017,7.83,3,219.5,5157.0
2024-07-17,TR-02,02#矿车,2021,7.79,3,217.3,5077.9
2024-07-17,TR-03,03#矿车,2019,8.38,2,219.3,3677.2
2024-07-17,TR-04,04#矿车,2014,7.0,3,217.8,4574.1
2024-07-17,TR-05,05#矿车,2022,7.99,3,231.5,5548.4
2024-07-17,TR-06,06#矿车,2018,7.62,3,229.1,5233.8
2024-07-17,TR-07,07#矿车,2020,8.51,3,217.4,5550.7
2024-07-17,TR-08,08#矿车,2015,7.98,3,222.5,5327.0
2024-07-17,TR-09,09#矿车,2023,7.79,3,220.5,5152.1
2024-07-17,TR-10,10#矿车,2016,8.39,3,229.2,5769.5
2024-07-17,TR-11,11#矿车,2021,8.39,3,227.1,5717.0
2024-07-17,TR-12,12#矿车,2013,6.84,3,227.1,4657.1
2024-07-18,TR-01,01#矿车,2017,7.48,2,219.5,3285.8
2024-07-18,TR-02,02#矿车,2021,7.66,3,217.3,4994.5
2024-07-18,TR-03,03#矿车,2019,8.37,2,219.3,3670.2
2024-07-18,TR-04,04#矿车,2014,7.26,2,217.8,3162.3
2024-07-18,TR-05,05#矿车,2022,8.56,3,231.5,5945.6
2024-07-18,TR-06,06#矿车,2018,7.34,3,229.1,5044.8
2024-07-18,TR-07,07#矿车,2020,8.28,3,217.4,5401.6
2024-07-18,TR-08,08#矿车,2015,7.99,3,222.5,5335.4
2024-07-18,TR-09,09#矿车,2023,7.85,3,220.5,5194.8
2024-07-18,TR-10,10#矿车,2016,8.05,2,229.2,3689.3
2024-07-18,TR-11,11#矿车,2021,8.61,3,227.1,5864.4
2024-07-18,TR-12,12#矿车,2013,6.74,3,227.1,4594.9
2024-07-19,TR-01,01#矿车,2017,7.35,3,219.5,4842.1
2024-07-19,TR-02,02#矿车,2021,7.95,3,217.3,5181.6
2024-07-19,TR-03,03#矿车,2019,8.32,3,219.3,5475.3
2024-07-19,TR-04,04#矿车,2014,6.7,3,217.8,4375.0
2024-07-19,TR-05,05#矿车,2022,8.56,2,231.5,3963.4
2024-07-19,TR-06,06#矿车,2018,7.32,3,229.1,5028.5
2024-07-19,TR-07,07#矿车,2020,8.02,3,217.4,5232.3
2024-07-19,TR-08,08#矿车,2015,8.48,3,222.5,5657.9
2024-07-19,TR-09,09#矿车,2023,7.75,2,220.5,3416.0
2024-07-19,TR-10,10#矿车,2016,8.54,3,229.2,5871.0
2024-07-19,TR-11,11#矿车,2021,8.07,3,227.1,5497.9
2024-07-19,TR-12,12#矿车,2013,7.04,2,227.1,3198.3
2024-07-20,TR-01,01#矿车,2017,7.76,3,219.5,5112.9
2024-07-20,TR-02,02#矿车,2021,7.95,3,217.3,5183.4
2024-07-20,TR-03,03#矿车,2019,7.9,2,219.3,3464.3
2024-07-20,TR-04,04#矿车,2014,7.03,3,217.8,4593.2
2024-07-20,TR-05,05#矿车,2022,8.54,3,231.5,5932.5
2024-07-20,TR-06,06#矿车,2018,7.14,3,229.1,4906.1
2024-07-20,TR-07,07#矿车,2020,7.56,2,217.4,3288.0
2024-07-20,TR-08,08#矿车,2015,8.41,3,222.5,5615.7
2024-07-20,TR-09,09#矿车,2023,7.52,2,220.5,3318.5
2024-07-20,TR-10,10#矿车,2016,8.33,3,229.2,5729.7
2024-07-20,TR-11,11#矿车,2021,8.33,3,227.1,5671.4
2024-07-20,TR-12,12#矿车,2013,6.7,2,227.1,3044.8
2024-07-21,TR-01,01#矿车,2017,8.39,2,219.5,3683.2
2024-07-21,TR-02,02#矿车,2021,8.19,3,217.3,5339.5
2024-07-21,TR-03,03#矿车,2019,8.24,3,219.3,5418.8
2024-07-21,TR-04,04#矿车,2014,7.05,2,217.8,3071.8
2024-07-21,TR-05,05#矿车,2022,8.02,3,231.5,5568.1
2024-07-21,TR-06,06#矿车,2018,7.5,2,229.1,3434.2
2024-07-21,TR-07,07#矿车,2020,8.0,3,217.4,5215.3
2024-07-21,TR-08,08#矿车,2015,8.3,3,222.5,5540.2
2024-07-21,TR-09,09#矿车,2023,7.42,2,220.5,3274.3
2024-07-21,TR-10,10#矿车,2016,8.1,2,229.2,3715.7
2024-07-21,TR-11,11#矿车,2021,8.75,3,227.1,5961.3
2024-07-21,TR-12,12#矿车,2013,6.92,3,227.1,4713.4
2024-07-22,TR-01,01#矿车,2017,8.19,3,219.5,5391.3
2024-07-22,TR-02,02#矿车,2021,8.14,3,217.3,5309.8
2024-07-22,TR-03,03#矿车,2019,7.51,3,219.3,4941.3
2024-07-22,TR-04,04#矿车,2014,6.66,3,217.8,4352.3
2024-07-22,TR-05,05#矿车,2022,8.1,3,231.5,5624.9
2024-07-22,TR-06,06#矿车,2018,7.74,3,229.1,5319.1
2024-07-22,TR-07,07#矿车,2020,8.45,3,217.4,5507.5
2024-07-22,TR-08,08#矿车,2015,8.38,3,222.5,5590.5
2024-07-22,TR-09,09#矿车,2023,7.52,3,220.5,4976.7
2024-07-22,TR-10,10#矿车,2016,8.33,3,229.2,5727.2
2024-07-22,TR-11,11#矿车,2021,8.2,3,227.1,5583.1
2024-07-22,TR-12,12#矿车,2013,6.54,2,227.1,2969.7
2024-07-23,TR-01,01#矿车,2017,7.64,3,219.5,5033.3
2024-07-23,TR-02,02#矿车,2021,7.89,3,217.3,5146.0
2024-07-23,TR-03,03#矿车,2019,7.92,2,219.3,3474.5
2024-07-23,TR-04,04#矿车,2014,7.23,2,217.8,3149.0
2024-07-23,TR-05,05#矿车,2022,8.46,3,231.5,5875.9
2024-07-23,TR-06,06#矿车,2018,8.19,3,229.1,5626.7
2024-07-23,TR-07,07#矿车,2020,8.48,3,217.4,5527.2
2024-07-23,TR-08,08#矿车,2015,8.29,3,222.5,5531.2
2024-07-23,TR-09,09#矿车,2023,7.6,2,220.5,3351.5
2024-07-23,TR-10,10#矿车,2016,7.99,3,229.2,5495.0
2024-07-23,TR-11,11#矿车,2021,7.95,3,227.1,5415.7
2024-07-23,TR-12,12#矿车,2013,6.43,3,227.1,4383.2
2024-07-24,TR-01,01#矿车,2017,8.2,2,219.5,3602.1
2024-07-24,TR-02,02#矿车,2021,7.51,3,217.3,4898.4
2024-07-24,TR-03,03#矿车,2019,8.21,3,219.3,5399.6
2024-07-24,TR-04,04#矿车,2014,6.81,2,217.8,2964.2
2024-07-24,TR-05,05#矿车,2022,7.87,3,231.5,5463.2
2024-07-24,TR-06,06#矿车,2018,7.89,3,229.1,5421.0
2024-07-24,TR-07,07#矿车,2020,8.34,3,217.4,5438.6
2024-07-24,TR-08,08#矿车,2015,8.13,3,222.5,5425.1
2024-07-24,TR-09,09#矿车,2023,7.97,2,220.5,3514.1
2024-07-24,TR-10,10#矿车,2016,8.14,3,229.2,5594.9
2024-07-24,TR-11,11#矿车,2021,8.11,3,227.1,5524.4
2024-07-24,TR-12,12#矿车,2013,6.83,2,227.1,3100.3
2024-07-25,TR-01,01#矿车,2017,7.94,2,219.5,3485.8
2024-07-25,TR-02,02#矿车,2021,7.52,2,217.3,3267.6
2024-07-25,TR-03,03#矿车,2019,8.64,3,219.3,5687.3
2024-07-25,TR-04,04#矿车,2014,6.77,3,217.8,4419.3
2024-07-25,TR-05,05#矿车,2022,8.35,2,231.5,3864.4
2024-07-25,TR-06,06#矿车,2018,7.43,3,229.1,5105.8
2024-07-25,TR-07,07#矿车,2020,8.18,3,217.4,5333.5
2024-07-25,TR-08,08#矿车,2015,8.12,3,222.5,5417.2
2024-07-25,TR-09,09#矿车,2023,7.94,3,220.5,5251.6
2024-07-25,TR-10,10#矿车,2016,8.02,3,229.2,5512.6
2024-07-25,TR-11,11#矿车,2021,7.85,2,227.1,3564.0
2024-07-25,TR-12,12#矿车,2013,6.93,2,227.1,3148.5
2024-07-26,TR-01,01#矿车,2017,8.14,2,219.5,3572.6
2024-07-26,TR-02,02#矿车,2021,7.8,3,217.3,5085.3
2024-07-26,TR-03,03#矿车,2019,8.09,3,219.3,5324.0
2024-07-26,TR-04,04#矿车,2014,7.17,3,217.8,4683.9
2024-07-26,TR-05,05#矿车,2022,8.42,3,231.5,5847.5
2024-07-26,TR-06,06#矿车,2018,8.04,3,229.1,5523.7
2024-07-26,TR-07,07#矿车,2020,8.41,3,217.4,5484.5
2024-07-26,TR-08,08#矿车,2015,8.28,3,222.5,5524.0
2024-07-26,TR-09,09#矿车,2023,7.92,3,220.5,5237.2
2024-07-26,TR-10,10#矿车,2016,7.49,2,229.2,3435.8
2024-07-26,TR-11,11#矿车,2021,7.99,3,227.1,5440.8
2024-07-26,TR-12,12#矿车,2013,6.88,3,227.1,4687.3
2024-07-27,TR-01,01#矿车,2017,7.82,3,219.5,5153.4
2024-07-27,TR-02,02#矿车,2021,8.06,3,217.3,5251.3
2024-07-27,TR-03,03#矿车,2019,7.65,2,219.3,3355.7
2024-07-27,TR-04,04#矿车,2014,6.94,3,217.8,4535.5
2024-07-27,TR-05,05#矿车,2022,8.75,2,231.5,4052.3
2024-07-27,TR-06,06#矿车,2018,8.16,3,229.1,5606.8
2024-07-27,TR-07,07#矿车,2020,8.5,2,217.4,3694.7
2024-07-27,TR-08,08#矿车,2015,8.16,3,222.5,5448.4
2024-07-27,TR-09,09#矿车,2023,7.92,2,220.5,3493.8
2024-07-27,TR-10,10#矿车,2016,7.75,2,229.2,3555.4
2024-07-27,TR-11,11#矿车,2021,8.61,3,227.1,5863.9
2024-07-27,TR-12,12#矿车,2013,6.51,3,227.1,4438.4
2024-07-28,TR-01,01#矿车,2017,8.17,3,219.5,5379.0
2024-07-28,TR-02,02#矿车,2021,8.29,3,217.3,5405.0
2024-07-28,TR-03,03#矿车,2019,8.12,3,219.3,5340.5
2024-07-28,TR-04,04#矿车,2014,6.74,2,217.8,2937.0
2024-07-28,TR-05,05#矿车,2022,8.93,3,231.5,6201.9
2024-07-28,TR-06,06#矿车,2018,7.84,2,229.1,3591.8
2024-07-28,TR-07,07#矿车,2020,8.59,3,217.4,5601.8
2024-07-28,TR-08,08#矿车,2015,8.45,3,222.5,5638.4
2024-07-28,TR-09,09#矿车,2023,7.05,3,220.5,4663.4
2024-07-28,TR-10,10#矿车,2016,8.46,2,229.2,3878.1
2024-07-28,TR-11,11#矿车,2021,8.4,3,227.1,5725.1
2024-07-28,TR-12,12#矿车,2013,7.08,3,227.1,4820.6
2024-07-29,TR-01,01#矿车,2017,7.86,3,219.5,5173.3
2024-07-29,TR-02,02#矿车,2021,7.94,3,217.3,5175.5
2024-07-29,TR-03,03#矿车,2019,8.32,3,219.3,5475.7
2024-07-29,TR-04,04#矿车,2014,6.62,2,217.8,2883.2
2024-07-29,TR-05,05#矿车,2022,8.58,3,231.5,5957.9
2024-07-29,TR-06,06#矿车,2018,7.46,2,229.1,3418.2
2024-07-29,TR-07,07#矿车,2020,8.35,2,217.4,3627.9
2024-07-29,TR-08,08#矿车,2015,8.58,2,222.5,3818.7
2024-07-29,TR-09,09#矿车,2023,7.4,2,220.5,3265.6
2024-07-29,TR-10,10#矿车,2016,8.11,3,229.2,5578.4
2024-07-29,TR-11,11#矿车,2021,8.66,3,227.1,5902.0
2024-07-29,TR-12,12#矿车,2013,7.08,3,227.1,4826.4
2024-07-30,TR-01,01#矿车,2017,8.19,3,219.5,5392.4
2024-07-30,TR-02,02#矿车,2021,7.9,2,217.3,3431.3
2024-07-30,TR-03,03#矿车,2019,8.61,2,219.3,3775.2
2024-07-30,TR-04,04#矿车,2014,7.01,3,217.8,4580.1
2024-07-30,TR-05,05#矿车,2022,8.25,3,231.5,5730.1
2024-07-30,TR-06,06#矿车,2018,7.64,2,229.1,3498.9
2024-07-30,TR-07,07#矿车,2020,9.02,2,217.4,3921.7
2024-07-30,TR-08,08#矿车,2015,8.29,2,222.5,3687.8
2024-07-30,TR-09,09#矿车,2023,7.52,3,220.5,4971.6
2024-07-30,TR-10,10#矿车,2016,8.19,2,229.2,3756.2
2024-07-30,TR-11,11#矿车,2021,8.3,3,227.1,5652.6
2024-07-30,TR-12,12#矿车,2013,6.84,2,227.1,3106.1
2024-07-31,TR-01,01#矿车,2017,7.95,2,219.5,3490.7
2024-07-31,TR-02,02#矿车,2021,8.14,3,217.3,5305.0
2024-07-31,TR-03,03#矿车,2019,8.52,2,219.3,3738.0
2024-07-31,TR-04,04#矿车,2014,7.32,3,217.8,4779.3
2024-07-31,TR-05,05#矿车,2022,8.44,2,231.5,3910.2
2024-07-31,TR-06,06#矿车,2018,7.8,2,229.1,3575.5
2024-07-31,TR-07,07#矿车,2020,8.6,3,217.4,5609.3
2024-07-31,TR-08,08#矿车,2015,8.47,2,222.5,3771.3
2024-07-31,TR-09,09#矿车,2023,3.62,1,220.5,797.4
2024-07-31,TR-10,10#矿车,2016,7.96,3,229.2,5475.9
2024-07-31,TR-11,11#矿车,2021,8.12,3,227.1,5528.0
2024-07-31,TR-12,12#矿车,2013,6.72,2,227.1,3050.8
2024-08-01,TR-01,01#矿车,2017,8.44,2,219.5,3704.1
2024-08-01,TR-02,02#矿车,2021,7.99,2,217.3,3472.8
2024-08-01,TR-03,03#矿车,2019,7.98,2,219.3,3500.1
2024-08-01,TR-04,04#矿车,2014,6.65,2,217.8,2898.1
2024-08-01,TR-05,05#矿车,2022,8.0,2,231.5,3705.4
2024-08-01,TR-06,06#矿车,2018,7.64,2,229.1,3500.5
2024-08-01,TR-07,07#矿车,2020,8.75,3,217.4,5703.9
2024-08-01,TR-08,08#矿车,2015,8.44,2,222.5,3757.4
2024-08-01,TR-09,09#矿车,2023,7.56,2,220.5,3335.8
2024-08-01,TR-10,10#矿车,2016,8.31,3,229.2,5713.9
2024-08-01,TR-11,11#矿车,2021,7.98,3,227.1,5436.4
2024-08-01,TR-12,12#矿车,2013,7.03,2,227.1,3191.4
2024-08-02,TR-01,01#矿车,2017,8.0,3,219.5,5267.7
2024-08-02,TR-02,02#矿车,2021,8.27,3,217.3,5388.8
2024-08-02,TR-03,03#矿车,2019,7.82,2,219.3,3430.3
2024-08-02,TR-04,04#矿车,2014,6.84,3,217.8,4468.1
2024-08-02,TR-05,05#矿车,2022,8.31,3,231.5,5771.4
2024-08-02,TR-06,06#矿车,2018,7.52,2,229.1,3444.5
2024-08-02,TR-07,07#矿车,2020,8.37,3,217.4,5458.4
2024-08-02,TR-08,08#矿车,2015,8.33,3,222.5,5561.1
2024-08-02,TR-09,09#矿车,2023,7.43,3,220.5,4913.4
2024-08-02,TR-10,10#矿车,2016,8.18,3,229.2,5626.1
2024-08-02,TR-11,11#矿车,2021,8.06,2,227.1,3661.8
2024-08-02,TR-12,12#矿车,2013,6.54,3,227.1,4459.2
2024-08-03,TR-01,01#矿车,2017,7.89,3,219.5,5193.9
2024-08-03,TR-02,02#矿车,2021,8.25,3,217.3,5376.6
2024-08-03,TR-03,03#矿车,2019,8.25,3,219.3,5426.5
2024-08-03,TR-04,04#矿车,2014,6.76,2,217.8,2943.4
2024-08-03,TR-05,05#矿车,2022,8.45,3,231.5,5868.6
2024-08-03,TR-06,06#矿车,2018,7.35,3,229.1,5049.1
2024-08-03,TR-07,07#矿车,2020,8.53,3,217.4,5560.9
2024-08-03,TR-08,08#矿车,2015,8.6,3,222.5,5742.0
2024-08-03,TR-09,09#矿车,2023,7.6,2,220.5,3352.7
2024-08-03,TR-10,10#矿车,2016,8.17,3,229.2,5622.0
2024-08-03,TR-11,11#矿车,2021,8.15,2,227.1,3698.8
2024-08-03,TR-12,12#矿车,2013,6.14,2,227.1,2790.7
2024-08-04,TR-01,01#矿车,2017,7.54,3,219.5,4965.5
2024-08-04,TR-02,02#矿车,2021,8.11,3,217.3,5289.0
2024-08-04,TR-03,03#矿车,2019,7.91,3,219.3,5201.1
2024-08-04,TR-04,04#矿车,2014,6.93,3,217.8,4525.9
2024-08-04,TR-05,05#矿车,2022,8.21,2,231.5,3801.1
2024-08-04,TR-06,06#矿车,2018,7.69,2,229.1,3521.8
2024-08-04,TR-07,07#矿车,2020,5.41,1,217.4,1176.7
2024-08-04,TR-08,08#矿车,2015,8.21,3,222.5,5477.8
2024-08-04,TR-09,09#矿车,2023,7.37,2,220.5,3251.8
2024-08-04,TR-10,10#矿车,2016,8.41,3,229.2,5786.3
2024-08-04,TR-11,11#矿车,2021,8.51,2,227.1,3866.2
2024-08-04,TR-12,12#矿车,2013,6.38,3,227.1,4344.3
2024-08-05,TR-01,01#矿车,2017,8.29,3,219.5,5460.1
2024-08-05,TR-02,02#矿车,2021,7.58,2,217.3,3292.7
2024-08-05,TR-03,03#矿车,2019,8.27,3,219.3,5443.8
2024-08-05,TR-04,04#矿车,2014,7.06,3,217.8,4613.3
2024-08-05,TR-05,05#矿车,2022,8.85,2,231.5,4098.2
2024-08-05,TR-06,06#矿车,2018,7.66,3,229.1,5264.7
2024-08-05,TR-07,07#矿车,2020,8.28,2,217.4,3601.1
2024-08-05,TR-08,08#矿车,2015,8.07,3,222.5,5385.8
2024-08-05,TR-09,09#矿车,2023,8.05,3,220.5,5325.6
2024-08-05,TR-10,10#矿车,2016,8.19,3,229.2,5634.8
2024-08-05,TR-11,11#矿车,2021,8.41,3,227.1,5728.2
2024-08-05,TR-12,12#矿车,2013,6.85,2,227.1,3113.4
2024-08-06,TR-01,01#矿车,2017,8.36,3,219.5,5507.5
2024-08-06,TR-02,02#矿车,2021,8.05,3,217.3,5248.3
2024-08-06,TR-03,03#矿车,2019,8.18,3,219.3,5382.5
2024-08-06,TR-04,04#矿车,2014,7.03,3,217.8,4594.8
2024-08-06,TR-05,05#矿车,2022,8.59,3,231.5,5969.9
2024-08-06,TR-06,06#矿车,2018,7.88,3,229.1,5414.9
2024-08-06,TR-07,07#矿车,2020,8.4,3,217.4,5475.2
2024-08-06,TR-08,08#矿车,2015,8.16,3,222.5,5447.2
2024-08-06,TR-09,09#矿车,2023,7.76,3,220.5,5131.0
2024-08-06,TR-10,10#矿车,2016,8.13,2,229.2,3728.6
2024-08-06,TR-11,11#矿车,2021,8.57,2,227.1,3893.6
2024-08-06,TR-12,12#矿车,2013,7.26,3,227.1,4943.4
2024-08-07,TR-01,01#矿车,2017,8.26,3,219.5,5442.3
2024-08-07,TR-02,02#矿车,2021,8.53,3,217.3,5562.2
2024-08-07,TR-03,03#矿车,2019,8.12,3,219.3,5344.3
2024-08-07,TR-04,04#矿车,2014,7.02,3,217.8,4587.4
2024-08-07,TR-05,05#矿车,2022,8.64,2,231.5,4002.8
2024-08-07,TR-06,06#矿车,2018,7.76,3,229.1,5332.6
2024-08-07,TR-07,07#矿车,2020,8.29,2,217.4,3604.3
2024-08-07,TR-08,08#矿车,2015,8.38,3,222.5,5596.9
2024-08-07,TR-09,09#矿车,2023,7.67,3,220.5,5076.7
2024-08-07,TR-10,10#矿车,2016,8.27,2,229.2,3793.6
2024-08-07,TR-11,11#矿车,2021,8.61,2,227.1,3911.8
2024-08-07,TR-12,12#矿车,2013,7.04,3,227.1,4795.5
2024-08-08,TR-01,01#矿车,2017,7.81,2,219.5,3427.9
2024-08-08,TR-02,02#矿车,2021,8.17,3,217.3,5327.0
2024-08-08,TR-03,03#矿车,2019,8.51,3,219.3,5600.1
2024-08-08,TR-04,04#矿车,2014,7.04,3,217.8,4596.2
2024-08-08,TR-05,05#矿车,2022,8.37,2,231.5,3875.0
2024-08-08,TR-06,06#矿车,2018,7.52,3,229.1,5169.0
2024-08-08,TR-07,07#矿车,2020,8.69,2,217.4,3776.5
2024-08-08,TR-08,08#矿车,2015,8.09,3,222.5,5400.1
2024-08-08,TR-09,09#矿车,2023,7.46,3,220.5,4936.6
2024-08-08,TR-10,10#矿车,2016,8.31,3,229.2,5718.2
2024-08-08,TR-11,11#矿车,2021,8.47,3,227.1,5771.5
2024-08-08,TR-12,12#矿车,2013,6.92,2,227.1,3145.3
2024-08-09,TR-01,01#矿车,2017,7.86,3,219.5,5179.5
2024-08-09,TR-02,02#矿车,2021,8.45,3,217.3,5511.3
2024-08-09,TR-03,03#矿车,2019,8.53,2,219.3,3743.5
2024-08-09,TR-04,04#矿车,2014,6.9,2,217.8,3003.3
2024-08-09,TR-05,05#矿车,2022,8.3,3,231.5,5762.5
2024-08-09,TR-06,06#矿车,2018,7.8,3,229.1,5359.5
2024-08-09,TR-07,07#矿车,2020,8.51,2,217.4,3699.6
2024-08-09,TR-08,08#矿车,2015,8.32,3,222.5,5552.4
2024-08-09,TR-09,09#矿车,2023,7.96,3,220.5,5268.7
2024-08-09,TR-10,10#矿车,2016,8.33,2,229.2,3817.0
2024-08-09,TR-11,11#矿车,2021,8.87,3,227.1,6041.5
2024-08-09,TR-12,12#矿车,2013,7.07,3,227.1,4814.7
2024-08-10,TR-01,01#矿车,2017,8.04,2,219.5,3529.1
2024-08-10,TR-02,02#矿车,2021,8.55,3,217.3,5575.8
2024-08-10,TR-03,03#矿车,2019,8.42,2,219.3,3693.6
2024-08-10,TR-04,04#矿车,2014,7.13,3,217.8,4656.0
2024-08-10,TR-05,05#矿车,2022,9.11,3,231.5,6327.1
2024-08-10,TR-06,06#矿车,2018,7.66,3,229.1,5267.1
2024-08-10,TR-07,07#矿车,2020,8.6,3,217.4,5604.6
2024-08-10,TR-08,08#矿车,2015,8.47,2,222.5,3769.9
2024-08-10,TR-09,09#矿车,2023,7.68,3,220.5,5077.8
2024-08-10,TR-10,10#矿车,2016,8.42,3,229.2,5793.2
2024-08-10,TR-11,11#矿车,2021,8.53,2,227.1,3875.6
2024-08-10,TR-12,12#矿车,2013,7.05,3,227.1,4801.2
2024-08-11,TR-01,01#矿车,2017,7.98,3,219.5,5257.6
2024-08-11,TR-02,02#矿车,2021,8.33,3,217.3,5429.2
2024-08-11,TR-03,03#矿车,2019,8.41,2,219.3,3689.7
2024-08-11,TR-04,04#矿车,2014,7.1,2,217.8,3092.6
2024-08-11,TR-05,05#矿车,2022,8.3,2,231.5,3844.6
2024-08-11,TR-06,06#矿车,2018,8.1,2,229.1,3712.7
2024-08-11,TR-07,07#矿车,2020,8.53,3,217.4,5562.9
2024-08-11,TR-08,08#矿车,2015,8.28,3,222.5,5525.6
2024-08-11,TR-09,09#矿车,2023,7.78,3,220.5,5149.0
2024-08-11,TR-10,10#矿车,2016,8.49,3,229.2,5838.9
2024-08-11,TR-11,11#矿车,2021,8.69,3,227.1,5918.7
2024-08-11,TR-12,12#矿车,2013,6.84,2,227.1,3107.7
2024-08-12,TR-01,01#矿车,2017,8.39,2,219.5,3681.5
2024-08-12,TR-02,02#矿车,2021,7.55,3,217.3,4920.1
2024-08-12,TR-03,03#矿车,2019,7.98,2,219.3,3502.2
2024-08-12,TR-04,04#矿车,2014,6.89,3,217.8,4501.4
2024-08-12,TR-05,05#矿车,2022,8.82,3,231.5,6126.0
2024-08-12,TR-06,06#矿车,2018,7.65,3,229.1,5256.0
2024-08-12,TR-07,07#矿车,2020,8.51,3,217.4,5549.6
2024-08-12,TR-08,08#矿车,2015,8.51,3,222.5,5677.4
2024-08-12,TR-09,09#矿车,2023,7.73,2,220.5,3409.2
2024-08-12,TR-10,10#矿车,2016,8.35,3,229.2,5741.2
2024-08-12,TR-11,11#矿车,2021,8.31,2,227.1,3775.5
2024-08-12,TR-12,12#矿车,2013,6.67,3,227.1,4545.8
2024-08-13,TR-01,01#矿车,2017,8.07,2,219.5,3545.1
2024-08-13,TR-02,02#矿车,2021,8.18,3,217.3,5334.3
2024-08-13,TR-03,03#矿车,2019,8.18,2,219.3,3588.2
2024-08-13,TR-04,04#矿车,2014,6.54,3,217.8,4270.7
2024-08-13,TR-05,05#矿车,2022,8.54,3,231.5,5928.9
2024-08-13,TR-06,06#矿车,2018,7.64,3,229.1,5250.7
2024-08-13,TR-07,07#矿车,2020,8.7,2,217.4,3781.3
2024-08-13,TR-08,08#矿车,2015,8.27,2,222.5,3682.2
2024-08-13,TR-09,09#矿车,2023,7.79,3,220.5,5150.2
2024-08-13,TR-10,10#矿车,2016,8.72,3,229.2,5998.6
2024-08-13,TR-11,11#矿车,2021,8.01,3,227.1,5455.3
2024-08-13,TR-12,12#矿车,2013,6.92,3,227.1,4712.0
2024-08-14,TR-01,01#矿车,2017,7.86,2,219.5,3452.8
2024-08-14,TR-02,02#矿车,2021,8.08,3,217.3,5269.8
2024-08-14,TR-03,03#矿车,2019,7.65,3,219.3,5031.8
2024-08-14,TR-04,04#矿车,2014,6.99,3,217.8,4565.6
2024-08-14,TR-05,05#矿车,2022,8.38,3,231.5,5818.4
2024-08-14,TR-06,06#矿车,2018,7.58,3,229.1,5211.5
2024-08-14,TR-07,07#矿车,2020,8.46,3,217.4,5513.6
2024-08-14,TR-08,08#矿车,2015,7.66,2,222.5,3409.0
2024-08-14,TR-09,09#矿车,2023,8.17,2,220.5,3603.0
2024-08-14,TR-10,10#矿车,2016,8.9,3,229.2,6120.9
2024-08-14,TR-11,11#矿车,2021,8.58,3,227.1,5841.9
2024-08-14,TR-12,12#矿车,2013,6.57,3,227.1,4479.5
2024-08-15,TR-01,01#矿车,2017,7.83,3,219.5,5159.6
2024-08-15,TR-02,02#矿车,2021,7.79,3,217.3,5080.2
2024-08-15,TR-03,03#矿车,2019,7.78,2,219.3,3410.3
2024-08-15,TR-04,04#矿车,2014,6.59,3,217.8,4307.8
2024-08-15,TR-05,05#矿车,2022,8.79,3,231.5,6106.4
2024-08-15,TR-06,06#矿车,2018,7.78,3,229.1,5344.9
2024-08-15,TR-07,07#矿车,2020,8.7,2,217.4,3782.3
2024-08-15,TR-08,08#矿车,2015,8.42,2,222.5,3748.3
2024-08-15,TR-09,09#矿车,2023,7.85,2,220.5,3462.3
2024-08-15,TR-10,10#矿车,2016,8.48,3,229.2,5834.2
2024-08-15,TR-11,11#矿车,2021,8.65,2,227.1,3926.1
2024-08-15,TR-12,12#矿车,2013,6.82,3,227.1,4644.4
2024-08-16,TR-01,01#矿车,2017,7.95,3,219.5,5237.8
2024-08-16,TR-02,02#矿车,2021,7.69,3,217.3,5015.0
2024-08-16,TR-03,03#矿车,2019,8.22,3,219.3,5407.4
2024-08-16,TR-04,04#矿车,2014,7.07,3,217.8,4618.4
2024-08-16,TR-05,05#矿车,2022,8.53,3,231.5,5925.1
2024-08-16,TR-06,06#矿车,2018,7.55,3,229.1,5189.1
2024-08-16,TR-07,07#矿车,2020,8.74,3,217.4,5698.0
2024-08-16,TR-08,08#矿车,2015,8.12,3,222.5,5419.5
2024-08-16,TR-09,09#矿车,2023,7.71,3,220.5,5100.1
2024-08-16,TR-10,10#矿车,2016,8.6,3,229.2,5912.2
2024-08-16,TR-11,11#矿车,2021,3.6,1,227.1,817.6
2024-08-16,TR-12,12#矿车,2013,6.67,2,227.1,3029.0
2024-08-17,TR-01,01#矿车,2017,8.24,2,219.5,3616.8
2024-08-17,TR-02,02#矿车,2021,7.99,2,217.3,3474.5
2024-08-17,TR-03,03#矿车,2019,8.52,3,219.3,5604.6
2024-08-17,TR-04,04#矿车,2014,7.29,3,217.8,4762.9
2024-08-17,TR-05,05#矿车,2022,8.41,2,231.5,3894.2
2024-08-17,TR-06,06#矿车,2018,7.1,3,229.1,4880.2
2024-08-17,TR-07,07#矿车,2020,8.82,3,217.4,5752.8
2024-08-17,TR-08,08#矿车,2015,7.92,3,222.5,5284.4
2024-08-17,TR-09,09#矿车,2023,7.69,2,220.5,3391.4
2024-08-17,TR-10,10#矿车,2016,8.57,3,229.2,5891.4
2024-08-17,TR-11,11#矿车,2021,8.1,3,227.1,5517.5
2024-08-17,TR-12,12#矿车,2013,6.77,3,227.1,4609.8
2024-08-18,TR-01,01#矿车,2017,7.86,3,219.5,5178.1
2024-08-18,TR-02,02#矿车,2021,7.9,3,217.3,5150.3
2024-08-18,TR-03,03#矿车,2019,8.51,3,219.3,5596.0
2024-08-18,TR-04,04#矿车,2014,7.18,3,217.8,4693.0
2024-08-18,TR-05,05#矿车,2022,8.45,3,231.5,5869.9
2024-08-18,TR-06,06#矿车,2018,7.84,3,229.1,5388.3
2024-08-18,TR-07,07#矿车,2020,8.32,3,217.4,5426.4
2024-08-18,TR-08,08#矿车,2015,8.35,3,222.5,5572.9
2024-08-18,TR-09,09#矿车,2023,7.25,3,220.5,4793.3
2024-08-18,TR-10,10#矿车,2016,8.3,3,229.2,5711.0
2024-08-18,TR-11,11#矿车,2021,8.36,3,227.1,5695.3
2024-08-18,TR-12,12#矿车,2013,7.22,3,227.1,4916.2
2024-08-19,TR-01,01#矿车,2017,8.01,2,219.5,3518.2
2024-08-19,TR-02,02#矿车,2021,8.0,3,217.3,5213.0
2024-08-19,TR-03,03#矿车,2019,8.44,3,219.3,5549.7
2024-08-19,TR-04,04#矿车,2014,3.91,1,217.8,851.2
2024-08-19,TR-05,05#矿车,2022,8.65,3,231.5,6006.2
2024-08-19,TR-06,06#矿车,2018,7.65,3,229.1,5257.8
2024-08-19,TR-07,07#矿车,2020,8.63,3,217.4,5624.8
2024-08-19,TR-08,08#矿车,2015,8.95,2,222.5,3981.9
2024-08-19,TR-09,09#矿车,2023,7.58,3,220.5,5015.3
2024-08-19,TR-10,10#矿车,2016,8.79,2,229.2,4031.9
2024-08-19,TR-11,11#矿车,2021,8.31,3,227.1,5661.4
2024-08-19,TR-12,12#矿车,2013,6.69,2,227.1,3040.6
2024-08-20,TR-01,01#矿车,2017,7.81,3,219.5,5146.6
2024-08-20,TR-02,02#矿车,2021,7.93,3,217.3,5170.2
2024-08-20,TR-03,03#矿车,2019,8.48,2,219.3,3720.1
2024-08-20,TR-04,04#矿车,2014,6.93,3,217.8,4528.2
2024-08-20,TR-05,05#矿车,2022,8.3,2,231.5,3845.2
2024-08-20,TR-06,06#矿车,2018,8.07,3,229.1,5547.6
2024-08-20,TR-07,07#矿车,2020,8.61,3,217.4,5617.1
2024-08-20,TR-08,08#矿车,2015,8.73,3,222.5,5826.8
2024-08-20,TR-09,09#矿车,2023,7.78,2,220.5,3431.1
2024-08-20,TR-10,10#矿车,2016,8.56,2,229.2,3924.2
2024-08-20,TR-11,11#矿车,2021,8.3,3,227.1,5650.7
2024-08-20,TR-12,12#矿车,2013,6.58,2,227.1,2990.2
2024-08-21,TR-01,01#矿车,2017,8.26,3,219.5,5438.0
2024-08-21,TR-02,02#矿车,2021,8.07,2,217.3,3508.9
2024-08-21,TR-03,03#矿车,2019,8.85,2,219.3,3881.9
2024-08-21,TR-04,04#矿车,2014,6.84,3,217.8,4470.1
2024-08-21,TR-05,05#矿车,2022,8.26,3,231.5,5735.1
2024-08-21,TR-06,06#矿车,2018,7.74,2,229.1,3544.1
2024-08-21,TR-07,07#矿车,2020,8.68,3,217.4,5663.0
2024-08-21,TR-08,08#矿车,2015,8.78,2,222.5,3909.0
2024-08-21,TR-09,09#矿车,2023,7.78,3,220.5,5146.5
2024-08-21,TR-10,10#矿车,2016,8.57,3,229.2,5895.0
2024-08-21,TR-11,11#矿车,2021,8.26,3,227.1,5626.4
2024-08-21,TR-12,12#矿车,2013,6.9,3,227.1,4703.2
2024-08-22,TR-01,01#矿车,2017,8.44,2,219.5,3706.3
2024-08-22,TR-02,02#矿车,2021,8.28,2,217.3,3596.8
2024-08-22,TR-03,03#矿车,2019,8.51,2,219.3,3734.4
2024-08-22,TR-04,04#矿车,2014,6.84,2,217.8,2980.2
2024-08-22,TR-05,05#矿车,2022,8.57,3,231.5,5953.5
2024-08-22,TR-06,06#矿车,2018,8.12,3,229.1,5582.4
2024-08-22,TR-07,07#矿车,2020,8.27,2,217.4,3596.4
2024-08-22,TR-08,08#矿车,2015,8.56,2,222.5,3811.4
2024-08-22,TR-09,09#矿车,2023,8.0,3,220.5,5293.4
2024-08-22,TR-10,10#矿车,2016,8.18,3,229.2,5623.8
2024-08-22,TR-11,11#矿车,2021,8.62,3,227.1,5874.6
2024-08-22,TR-12,12#矿车,2013,6.68,2,227.1,3034.0
2024-08-23,TR-01,01#矿车,2017,7.78,3,219.5,5123.9
2024-08-23,TR-02,02#矿车,2021,7.8,2,217.3,3388.2
2024-08-23,TR-03,03#矿车,2019,7.87,3,219.3,5176.0
2024-08-23,TR-04,04#矿车,2014,7.04,3,217.8,4596.1
2024-08-23,TR-05,05#矿车,2022,8.46,2,231.5,3917.2
2024-08-23,TR-06,06#矿车,2018,8.4,3,229.1,5770.7
2024-08-23,TR-07,07#矿车,2020,8.64,2,217.4,3756.8
2024-08-23,TR-08,08#矿车,2015,8.84,3,222.5,5901.4
2024-08-23,TR-09,09#矿车,2023,7.8,2,220.5,3439.7
2024-08-23,TR-10,10#矿车,2016,8.32,3,229.2,5721.3
2024-08-23,TR-11,11#矿车,2021,8.2,3,227.1,5583.4
2024-08-23,TR-12,12#矿车,2013,6.78,3,227.1,4618.5
2024-08-24,TR-01,01#矿车,2017,8.0,2,219.5,3513.9
2024-08-24,TR-02,02#矿车,2021,8.27,2,217.3,3593.6
2024-08-24,TR-03,03#矿车,2019,7.79,2,219.3,3415.5
2024-08-24,TR-04,04#矿车,2014,6.93,3,217.8,4524.3
2024-08-24,TR-05,05#矿车,2022,8.47,3,231.5,5880.6
2024-08-24,TR-06,06#矿车,2018,7.93,3,229.1,5449.7
2024-08-24,TR-07,07#矿车,2020,8.69,3,217.4,5669.4
2024-08-24,TR-08,08#矿车,2015,8.61,3,222.5,5743.9
2024-08-24,TR-09,09#矿车,2023,8.23,3,220.5,5446.3
2024-08-24,TR-10,10#矿车,2016,8.16,2,229.2,3739.8
2024-08-24,TR-11,11#矿车,2021,8.06,3,227.1,5488.8
2024-08-24,TR-12,12#矿车,2013,7.01,2,227.1,3182.2
2024-08-25,TR-01,01#矿车,2017,7.96,2,219.5,3495.2
2024-08-25,TR-02,02#矿车,2021,8.18,3,217.3,5329.9
2024-08-25,TR-03,03#矿车,2019,7.76,3,219.3,5104.0
2024-08-25,TR-04,04#矿车,2014,7.06,3,217.8,4614.1
2024-08-25,TR-05,05#矿车,2022,8.85,2,231.5,4098.3
2024-08-25,TR-06,06#矿车,2018,7.98,2,229.1,3656.9
2024-08-25,TR-07,07#矿车,2020,8.8,3,217.4,5735.6
2024-08-25,TR-08,08#矿车,2015,8.57,2,222.5,3811.5
2024-08-25,TR-09,09#矿车,2023,7.85,2,220.5,3463.0
2024-08-25,TR-10,10#矿车,2016,8.27,3,229.2,5685.5
2024-08-25,TR-11,11#矿车,2021,8.31,3,227.1,5657.2
2024-08-25,TR-12,12#矿车,2013,6.95,2,227.1,3158.1
2024-08-26,TR-01,01#矿车,2017,8.44,3,219.5,5560.2
2024-08-26,TR-02,02#矿车,2021,8.78,3,217.3,5722.8
2024-08-26,TR-03,03#矿车,2019,8.09,3,219.3,5319.6
2024-08-26,TR-04,04#矿车,2014,7.08,3,217.8,4625.7
2024-08-26,TR-05,05#矿车,2022,8.93,2,231.5,4136.3
2024-08-26,TR-06,06#矿车,2018,8.58,3,229.1,5894.2
2024-08-26,TR-07,07#矿车,2020,8.62,3,217.4,5621.1
2024-08-26,TR-08,08#矿车,2015,8.49,3,222.5,5670.4
2024-08-26,TR-09,09#矿车,2023,7.57,3,220.5,5008.5
2024-08-26,TR-10,10#矿车,2016,8.59,3,229.2,5908.1
2024-08-26,TR-11,11#矿车,2021,8.43,3,227.1,5744.1
2024-08-26,TR-12,12#矿车,2013,6.71,3,227.1,4574.4
2024-08-27,TR-01,01#矿车,2017,8.51,3,219.5,5602.6
2024-08-27,TR-02,02#矿车,2021,8.1,3,217.3,5280.7
2024-08-27,TR-03,03#矿车,2019,8.29,2,219.3,3637.8
2024-08-27,TR-04,04#矿车,2014,7.04,3,217.8,4596.5
2024-08-27,TR-05,05#矿车,2022,8.29,2,231.5,3837.9
2024-08-27,TR-06,06#矿车,2018,8.32,3,229.1,5715.7
2024-08-27,TR-07,07#矿车,2020,8.76,3,217.4,5714.4
2024-08-27,TR-08,08#矿车,2015,8.7,2,222.5,3870.4
2024-08-27,TR-09,09#矿车,2023,7.79,3,220.5,5153.8
2024-08-27,TR-10,10#矿车,2016,8.35,3,229.2,5742.6
2024-08-27,TR-11,11#矿车,2021,8.76,3,227.1,5964.9
2024-08-27,TR-12,12#矿车,2013,6.98,3,227.1,4755.0
2024-08-28,TR-01,01#矿车,2017,8.73,2,219.5,3831.3
2024-08-28,TR-02,02#矿车,2021,8.02,3,217.3,5229.1
2024-08-28,TR-03,03#矿车,2019,8.61,3,219.3,5665.1
2024-08-28,TR-04,04#矿车,2014,7.1,3,217.8,4635.2
2024-08-28,TR-05,05#矿车,2022,8.07,3,231.5,5604.3
2024-08-28,TR-06,06#矿车,2018,8.01,3,229.1,5501.9
2024-08-28,TR-07,07#矿车,2020,8.2,3,217.4,5343.9
2024-08-28,TR-08,08#矿车,2015,8.8,3,222.5,5876.3
2024-08-28,TR-09,09#矿车,2023,7.9,2,220.5,3484.0
2024-08-28,TR-10,10#矿车,2016,8.45,3,229.2,5810.7
2024-08-28,TR-11,11#矿车,2021,8.57,2,227.1,3892.1
2024-08-28,TR-12,12#矿车,2013,7.0,3,227.1,4769.2
2024-08-29,TR-01,01#矿车,2017,8.81,2,219.5,3867.5
2024-08-29,TR-02,02#矿车,2021,7.87,2,217.3,3421.7
2024-08-29,TR-03,03#矿车,2019,8.43,3,219.3,5547.5
2024-08-29,TR-04,04#矿车,2014,6.9,2,217.8,3005.6
2024-08-29,TR-05,05#矿车,2022,8.21,2,231.5,3800.4
2024-08-29,TR-06,06#矿车,2018,7.67,2,229.1,3512.4
2024-08-29,TR-07,07#矿车,2020,8.61,3,217.4,5616.4
2024-08-29,TR-08,08#矿车,2015,8.8,3,222.5,5872.3
2024-08-29,TR-09,09#矿车,2023,7.62,3,220.5,5042.8
2024-08-29,TR-10,10#矿车,2016,8.58,3,229.2,5898.1
2024-08-29,TR-11,11#矿车,2021,8.25,3,227.1,5618.4
2024-08-29,TR-12,12#矿车,2013,7.1,3,227.1,4835.7
2024-08-30,TR-01,01#矿车,2017,8.31,2,219.5,3648.2
2024-08-30,TR-02,02#矿车,2021,7.81,2,217.3,3394.1
2024-08-30,TR-03,03#矿车,2019,8.29,3,219.3,5451.7
2024-08-30,TR-04,04#矿车,2014,7.25,3,217.8,4734.3
2024-08-30,TR-05,05#矿车,2022,8.48,2,231.5,3926.6
2024-08-30,TR-06,06#矿车,2018,7.71,3,229.1,5299.5
2024-08-30,TR-07,07#矿车,2020,8.82,3,217.4,5750.2
2024-08-30,TR-08,08#矿车,2015,8.78,3,222.5,5863.5
2024-08-30,TR-09,09#矿车,2023,8.02,2,220.5,3536.5
2024-08-30,TR-10,10#矿车,2016,8.96,3,229.2,6162.8
2024-08-30,TR-11,11#矿车,2021,8.59,3,227.1,5848.2
2024-08-30,TR-12,12#矿车,2013,6.65,2,227.1,3018.9
2024-08-31,TR-01,01#矿车,2017,7.74,2,219.5,3398.1
2024-08-31,TR-02,02#矿车,2021,4.97,1,217.3,1081.1
2024-08-31,TR-03,03#矿车,2019,8.2,3,219.3,5393.8
2024-08-31,TR-04,04#矿车,2014,7.5,3,217.8,4901.9
2024-08-31,TR-05,05#矿车,2022,8.64,3,231.5,6001.8
2024-08-31,TR-06,06#矿车,2018,7.73,2,229.1,3544.0
2024-08-31,TR-07,07#矿车,2020,8.97,2,217.4,3900.4
2024-08-31,TR-08,08#矿车,2015,8.54,2,222.5,3799.0
2024-08-31,TR-09,09#矿车,2023,8.24,3,220.5,5449.0
2024-08-31,TR-10,10#矿车,2016,8.78,3,229.2,6038.9
2024-08-31,TR-11,11#矿车,2021,8.65,3,227.1,5895.6
2024-08-31,TR-12,12#矿车,2013,6.95,3,227.1,4738.0
2024-09-01,TR-01,01#矿车,2017,8.36,2,219.5,3672.2
2024-09-01,TR-02,02#矿车,2021,8.2,3,217.3,5342.5
2024-09-01,TR-03,03#矿车,2019,8.26,3,219.3,5434.3
2024-09-01,TR-04,04#矿车,2014,7.21,3,217.8,4710.8
2024-09-01,TR-05,05#矿车,2022,7.91,3,231.5,5496.1
2024-09-01,TR-06,06#矿车,2018,4.71,0,229.1,0.0
2024-09-01,TR-07,07#矿车,2020,8.63,2,217.4,3752.1
2024-09-01,TR-08,08#矿车,2015,8.68,3,222.5,5793.9
2024-09-01,TR-09,09#矿车,2023,8.26,3,220.5,5464.8
2024-09-01,TR-10,10#矿车,2016,8.43,2,229.2,3862.9
2024-09-01,TR-11,11#矿车,2021,8.59,2,227.1,3900.7
2024-09-01,TR-12,12#矿车,2013,6.96,3,227.1,4739.0
2024-09-02,TR-01,01#矿车,2017,8.12,3,219.5,5346.4
2024-09-02,TR-02,02#矿车,2021,8.22,3,217.3,5358.2
2024-09-02,TR-03,03#矿车,2019,8.26,3,219.3,5433.3
2024-09-02,TR-04,04#矿车,2014,7.22,2,217.8,3144.4
2024-09-02,TR-05,05#矿车,2022,7.93,2,231.5,3673.8
2024-09-02,TR-06,06#矿车,2018,7.34,3,229.1,5045.1
2024-09-02,TR-07,07#矿车,2020,8.61,2,217.4,3741.8
2024-09-02,TR-08,08#矿车,2015,8.73,3,222.5,5824.4
2024-09-02,TR-09,09#矿车,2023,7.97,3,220.5,5270.9
2024-09-02,TR-10,10#矿车,2016,9.0,2,229.2,4125.5
2024-09-02,TR-11,11#矿车,2021,8.53,3,227.1,5810.7
2024-09-02,TR-12,12#矿车,2013,7.11,3,227.1,4845.7
2024-09-03,TR-01,01#矿车,2017,8.26,3,219.5,5440.9
2024-09-03,TR-02,02#矿车,2021,8.44,3,217.3,5503.7
2024-09-03,TR-03,03#矿车,2019,8.45,3,219.3,5561.8
2024-09-03,TR-04,04#矿车,2014,7.68,2,217.8,3344.6
2024-09-03,TR-05,05#矿车,2022,8.78,2,231.5,4065.2
2024-09-03,TR-06,06#矿车,2018,8.05,2,229.1,3690.1
2024-09-03,TR-07,07#矿车,2020,8.73,3,217.4,5692.8
2024-09-03,TR-08,08#矿车,2015,8.75,3,222.5,5840.5
2024-09-03,TR-09,09#矿车,2023,7.67,3,220.5,5071.9
2024-09-03,TR-10,10#矿车,2016,8.69,2,229.2,3982.7
2024-09-03,TR-11,11#矿车,2021,8.73,2,227.1,3962.8
2024-09-03,TR-12,12#矿车,2013,6.86,3,227.1,4672.8
2024-09-04,TR-01,01#矿车,2017,8.55,3,219.5,5627.7
2024-09-04,TR-02,02#矿车,2021,8.61,3,217.3,5614.2
2024-09-04,TR-03,03#矿车,2019,8.45,2,219.3,3707.8
2024-09-04,TR-04,04#矿车,2014,7.45,3,217.8,4867.6
2024-09-04,TR-05,05#矿车,2022,8.3,2,231.5,3844.6
2024-09-04,TR-06,06#矿车,2018,8.26,3,229.1,5675.7
2024-09-04,TR-07,07#矿车,2020,8.71,2,217.4,3787.6
2024-09-04,TR-08,08#矿车,2015,9.02,2,222.5,4011.8
2024-09-04,TR-09,09#矿车,2023,7.8,3,220.5,5163.2
2024-09-04,TR-10,10#矿车,2016,8.52,3,229.2,5859.4
2024-09-04,TR-11,11#矿车,2021,9.13,3,227.1,6220.9
2024-09-04,TR-12,12#矿车,2013,6.72,3,227.1,4576.1
2024-09-05,TR-01,01#矿车,2017,8.17,3,219.5,5380.7
2024-09-05,TR-02,02#矿车,2021,8.28,3,217.3,5395.9
2024-09-05,TR-03,03#矿车,2019,8.52,3,219.3,5606.8
2024-09-05,TR-04,04#矿车,2014,6.94,2,217.8,3020.5
2024-09-05,TR-05,05#矿车,2022,8.33,2,231.5,3855.5
2024-09-05,TR-06,06#矿车,2018,8.55,2,229.1,3919.7
2024-09-05,TR-07,07#矿车,2020,8.43,2,217.4,3664.4
2024-09-05,TR-08,08#矿车,2015,9.32,3,222.5,6222.4
2024-09-05,TR-09,09#矿车,2023,7.88,2,220.5,3475.1
2024-09-05,TR-10,10#矿车,2016,8.4,3,229.2,5780.3
2024-09-05,TR-11,11#矿车,2021,8.5,2,227.1,3858.0
2024-09-05,TR-12,12#矿车,2013,7.02,2,227.1,3190.0
2024-09-06,TR-01,01#矿车,2017,8.04,2,219.5,3528.7
2024-09-06,TR-02,02#矿车,2021,8.54,3,217.3,5564.8
2024-09-06,TR-03,03#矿车,2019,8.73,2,219.3,3830.3
2024-09-06,TR-04,04#矿车,2014,7.03,2,217.8,3061.8
2024-09-06,TR-05,05#矿车,2022,8.32,3,231.5,5781.9
2024-09-06,TR-06,06#矿车,2018,8.46,3,229.1,5815.6
2024-09-06,TR-07,07#矿车,2020,9.05,2,217.4,3935.1
2024-09-06,TR-08,08#矿车,2015,9.01,3,222.5,6013.4
2024-09-06,TR-09,09#矿车,2023,7.84,3,220.5,5186.9
2024-09-06,TR-10,10#矿车,2016,8.41,3,229.2,5783.0
2024-09-06,TR-11,11#矿车,2021,8.24,2,227.1,3743.5
2024-09-06,TR-12,12#矿车,2013,7.31,2,227.1,3320.0
2024-09-07,TR-01,01#矿车,2017,8.07,3,219.5,5316.6
2024-09-07,TR-02,02#矿车,2021,8.14,3,217.3,5305.0
2024-09-07,TR-03,03#矿车,2019,8.54,3,219.3,5621.4
2024-09-07,TR-04,04#矿车,2014,7.27,3,217.8,4749.8
2024-09-07,TR-05,05#矿车,2022,8.57,3,231.5,5952.7
2024-09-07,TR-06,06#矿车,2018,8.03,3,229.1,5518.1
2024-09-07,TR-07,07#矿车,2020,8.92,3,217.4,5814.0
2024-09-07,TR-08,08#矿车,2015,9.03,3,222.5,6024.5
2024-09-07,TR-09,09#矿车,2023,7.47,2,220.5,3292.8
2024-09-07,TR-10,10#矿车,2016,8.77,3,229.2,6034.1
2024-09-07,TR-11,11#矿车,2021,4.38,1,227.1,994.5
2024-09-07,TR-12,12#矿车,2013,7.15,3,227.1,4868.8
2024-09-08,TR-01,01#矿车,2017,7.99,3,219.5,5260.0
2024-09-08,TR-02,02#矿车,2021,8.84,2,217.3,3840.6
2024-09-08,TR-03,03#矿车,2019,8.07,3,219.3,5311.9
2024-09-08,TR-04,04#矿车,2014,7.04,3,217.8,4597.1
2024-09-08,TR-05,05#矿车,2022,8.52,2,231.5,3947.4
2024-09-08,TR-06,06#矿车,2018,8.06,3,229.1,5542.3
2024-09-08,TR-07,07#矿车,2020,8.84,3,217.4,5766.2
2024-09-08,TR-08,08#矿车,2015,8.85,3,222.5,5906.2
2024-09-08,TR-09,09#矿车,2023,7.49,2,220.5,3301.6
2024-09-08,TR-10,10#矿车,2016,8.36,2,229.2,3831.6
2024-09-08,TR-11,11#矿车,2021,8.65,2,227.1,3926.2
2024-09-08,TR-12,12#矿车,2013,7.15,2,227.1,3246.7
2024-09-09,TR-01,01#矿车,2017,7.98,3,219.5,5253.0
2024-09-09,TR-02,02#矿车,2021,8.79,2,217.3,3819.5
2024-09-09,TR-03,03#矿车,2019,8.83,2,219.3,3872.8
2024-09-09,TR-04,04#矿车,2014,6.92,2,217.8,3015.0
2024-09-09,TR-05,05#矿车,2022,8.58,3,231.5,5962.9
2024-09-09,TR-06,06#矿车,2018,7.96,3,229.1,5469.5
2024-09-09,TR-07,07#矿车,2020,8.8,3,217.4,5740.5
2024-09-09,TR-08,08#矿车,2015,8.61,3,222.5,5747.2
2024-09-09,TR-09,09#矿车,2023,7.61,3,220.5,5033.3
2024-09-09,TR-10,10#矿车,2016,8.37,2,229.2,3838.3
2024-09-09,TR-11,11#矿车,2021,8.58,3,227.1,5841.3
2024-09-09,TR-12,12#矿车,2013,6.71,3,227.1,4570.1
2024-09-10,TR-01,01#矿车,2017,7.59,3,219.5,5001.5
2024-09-10,TR-02,02#矿车,2021,8.64,2,217.3,3753.9
2024-09-10,TR-03,03#矿车,2019,8.76,3,219.3,5761.2
2024-09-10,TR-04,04#矿车,2014,7.21,3,217.8,4707.2
2024-09-10,TR-05,05#矿车,2022,8.57,3,231.5,5953.3
2024-09-10,TR-06,06#矿车,2018,7.56,3,229.1,5193.6
2024-09-10,TR-07,07#矿车,2020,8.86,3,217.4,5775.2
2024-09-10,TR-08,08#矿车,2015,8.88,3,222.5,5927.1
2024-09-10,TR-09,09#矿车,2023,7.59,2,220.5,3347.1
2024-09-10,TR-10,10#矿车,2016,8.48,3,229.2,5833.6
2024-09-10,TR-11,11#矿车,2021,8.47,3,227.1,5772.5
2024-09-10,TR-12,12#矿车,2013,6.88,3,227.1,4685.9
2024-09-11,TR-01,01#矿车,2017,8.33,3,219.5,5484.9
2024-09-11,TR-02,02#矿车,2021,7.93,2,217.3,3445.5
2024-09-11,TR-03,03#矿车,2019,8.64,3,219.3,5681.3
2024-09-11,TR-04,04#矿车,2014,7.5,2,217.8,3264.3
2024-09-11,TR-05,05#矿车,2022,8.61,3,231.5,5981.2
2024-09-11,TR-06,06#矿车,2018,7.91,2,229.1,3622.4
2024-09-11,TR-07,07#矿车,2020,8.87,3,217.4,5785.9
2024-09-11,TR-08,08#矿车,2015,8.96,3,222.5,5980.1
2024-09-11,TR-09,09#矿车,2023,7.61,3,220.5,5031.0
2024-09-11,TR-10,10#矿车,2016,8.39,3,229.2,5768.2
2024-09-11,TR-11,11#矿车,2021,8.09,3,227.1,5513.2
2024-09-11,TR-12,12#矿车,2013,7.27,3,227.1,4956.2
2024-09-12,TR-01,01#矿车,2017,8.51,3,219.5,5606.1
2024-09-12,TR-02,02#矿车,2021,8.26,3,217.3,5387.8
2024-09-12,TR-03,03#矿车,2019,5.19,0,219.3,0.0
2024-09-12,TR-04,04#矿车,2014,7.17,3,217.8,4680.6
2024-09-12,TR-05,05#矿车,2022,8.68,3,231.5,6028.2
2024-09-12,TR-06,06#矿车,2018,7.85,2,229.1,3597.6
2024-09-12,TR-07,07#矿车,2020,8.88,2,217.4,3858.5
2024-09-12,TR-08,08#矿车,2015,8.27,3,222.5,5521.0
2024-09-12,TR-09,09#矿车,2023,7.47,3,220.5,4941.0
2024-09-12,TR-10,10#矿车,2016,8.38,3,229.2,5763.1
2024-09-12,TR-11,11#矿车,2021,8.54,2,227.1,3877.3
2024-09-12,TR-12,12#矿车,2013,7.07,3,227.1,4818.0
2024-09-13,TR-01,01#矿车,2017,8.32,3,219.5,5476.8
2024-09-13,TR-02,02#矿车,2021,8.87,2,217.3,3854.5
2024-09-13,TR-03,03#矿车,2019,8.38,3,219.3,5511.3
2024-09-13,TR-04,04#矿车,2014,6.33,3,217.8,4136.8
2024-09-13,TR-05,05#矿车,2022,8.65,3,231.5,6007.0
2024-09-13,TR-06,06#矿车,2018,7.95,3,229.1,5466.6
2024-09-13,TR-07,07#矿车,2020,9.01,3,217.4,5877.6
2024-09-13,TR-08,08#矿车,2015,8.69,3,222.5,5798.2
2024-09-13,TR-09,09#矿车,2023,7.79,3,220.5,5154.0
2024-09-13,TR-10,10#矿车,2016,8.56,2,229.2,3926.8
2024-09-13,TR-11,11#矿车,2021,8.67,2,227.1,3938.3
2024-09-13,TR-12,12#矿车,2013,7.24,3,227.1,4935.3
2024-09-14,TR-01,01#矿车,2017,8.15,3,219.5,5365.2
2024-09-14,TR-02,02#矿车,2021,8.61,2,217.3,3743.1
2024-09-14,TR-03,03#矿车,2019,8.68,3,219.3,5713.9
2024-09-14,TR-04,04#矿车,2014,6.75,3,217.8,4411.7
2024-09-14,TR-05,05#矿车,2022,8.73,2,231.5,4040.5
2024-09-14,TR-06,06#矿车,2018,8.5,3,229.1,5841.1
2024-09-14,TR-07,07#矿车,2020,9.02,3,217.4,5883.4
2024-09-14,TR-08,08#矿车,2015,8.21,3,222.5,5482.4
2024-09-14,TR-09,09#矿车,2023,7.66,3,220.5,5067.7
2024-09-14,TR-10,10#矿车,2016,8.19,3,229.2,5632.3
2024-09-14,TR-11,11#矿车,2021,8.75,2,227.1,3972.0
2024-09-14,TR-12,12#矿车,2013,7.29,3,227.1,4968.6
2024-09-15,TR-01,01#矿车,2017,7.45,2,219.5,3271.5
2024-09-15,TR-02,02#矿车,2021,8.27,3,217.3,5392.7
2024-09-15,TR-03,03#矿车,2019,8.13,2,219.3,3563.8
2024-09-15,TR-04,04#矿车,2014,7.38,3,217.8,4819.9
2024-09-15,TR-05,05#矿车,2022,8.64,2,231.5,4002.9
2024-09-15,TR-06,06#矿车,2018,8.71,2,229.1,3990.0
2024-09-15,TR-07,07#矿车,2020,8.61,2,217.4,3744.4
2024-09-15,TR-08,08#矿车,2015,9.15,3,222.5,6108.4
2024-09-15,TR-09,09#矿车,2023,7.95,2,220.5,3504.1
2024-09-15,TR-10,10#矿车,2016,8.49,2,229.2,3891.1
2024-09-15,TR-11,11#矿车,2021,8.59,2,227.1,3901.6
2024-09-15,TR-12,12#矿车,2013,7.06,3,227.1,4810.3
2024-09-16,TR-01,01#矿车,2017,8.03,3,219.5,5285.4
2024-09-16,TR-02,02#矿车,2021,7.94,3,217.3,5179.1
2024-09-16,TR-03,03#矿车,2019,7.88,3,219.3,5186.6
2024-09-16,TR-04,04#矿车,2014,7.43,2,217.8,3236.5
2024-09-16,TR-05,05#矿车,2022,8.9,2,231.5,4119.5
2024-09-16,TR-06,06#矿车,2018,8.43,3,229.1,5795.8
2024-09-16,TR-07,07#矿车,2020,8.56,3,217.4,5581.3
2024-09-16,TR-08,08#矿车,2015,8.6,2,222.5,3829.0
2024-09-16,TR-09,09#矿车,2023,8.37,3,220.5,5536.9
2024-09-16,TR-10,10#矿车,2016,8.35,2,229.2,3826.7
2024-09-16,TR-11,11#矿车,2021,8.72,2,227.1,3960.7
2024-09-16,TR-12,12#矿车,2013,7.21,3,227.1,4912.4
2024-09-17,TR-01,01#矿车,2017,8.28,2,219.5,3636.0
2024-09-17,TR-02,02#矿车,2021,8.05,3,217.3,5247.3
2024-09-17,TR-03,03#矿车,2019,8.27,2,219.3,3626.9
2024-09-17,TR-04,04#矿车,2014,7.21,3,217.8,4710.5
2024-09-17,TR-05,05#矿车,2022,8.77,3,231.5,6092.3
2024-09-17,TR-06,06#矿车,2018,8.06,3,229.1,5542.0
2024-09-17,TR-07,07#矿车,2020,8.59,3,217.4,5602.0
2024-09-17,TR-08,08#矿车,2015,8.55,3,222.5,5704.5
2024-09-17,TR-09,09#矿车,2023,8.32,3,220.5,5504.8
2024-09-17,TR-10,10#矿车,2016,3.82,1,229.2,876.8
2024-09-17,TR-11,11#矿车,2021,8.72,3,227.1,5939.3
2024-09-17,TR-12,12#矿车,2013,6.8,3,227.1,4632.9
2024-09-18,TR-01,01#矿车,2017,8.74,2,219.5,3837.6
2024-09-18,TR-02,02#矿车,2021,8.72,3,217.3,5684.4
2024-09-18,TR-03,03#矿车,2019,8.29,2,219.3,3635.3
2024-09-18,TR-04,04#矿车,2014,7.32,3,217.8,4780.7
2024-09-18,TR-05,05#矿车,2022,8.61,3,231.5,5983.6
2024-09-18,TR-06,06#矿车,2018,8.1,3,229.1,5568.9
2024-09-18,TR-07,07#矿车,2020,8.77,3,217.4,5717.0
2024-09-18,TR-08,08#矿车,2015,8.96,3,222.5,5982.7
2024-09-18,TR-09,09#矿车,2023,8.09,3,220.5,5353.2
2024-09-18,TR-10,10#矿车,2016,8.82,3,229.2,6068.2
2024-09-18,TR-11,11#矿车,2021,8.5,2,227.1,3860.1
2024-09-18,TR-12,12#矿车,2013,6.85,2,227.1,3113.1
2024-09-19,TR-01,01#矿车,2017,8.15,3,219.5,5364.4
2024-09-19,TR-02,02#矿车,2021,8.5,3,217.3,5539.4
2024-09-19,TR-03,03#矿车,2019,8.45,3,219.3,5556.5
2024-09-19,TR-04,04#矿车,2014,7.4,2,217.8,3222.2
2024-09-19,TR-05,05#矿车,2022,8.69,3,231.5,6035.0
2024-09-19,TR-06,06#矿车,2018,7.91,3,229.1,5438.9
2024-09-19,TR-07,07#矿车,2020,8.96,3,217.4,5843.8
2024-09-19,TR-08,08#矿车,2015,8.76,3,222.5,5850.1
2024-09-19,TR-09,09#矿车,2023,8.17,3,220.5,5405.9
2024-09-19,TR-10,10#矿车,2016,8.49,3,229.2,5840.6
2024-09-19,TR-11,11#矿车,2021,8.73,2,227.1,3966.5
2024-09-19,TR-12,12#矿车,2013,6.81,2,227.1,3094.0
2024-09-20,TR-01,01#矿车,2017,8.09,3,219.5,5330.5
2024-09-20,TR-02,02#矿车,2021,8.11,3,217.3,5286.7
2024-09-20,TR-03,03#矿车,2019,8.25,3,219.3,5429.0
2024-09-20,TR-04,04#矿车,2014,7.15,3,217.8,4670.4
2024-09-20,TR-05,05#矿车,2022,8.34,3,231.5,5794.1
2024-09-20,TR-06,06#矿车,2018,8.08,3,229.1,5550.9
2024-09-20,TR-07,07#矿车,2020,8.71,3,217.4,5682.4
2024-09-20,TR-08,08#矿车,2015,8.74,3,222.5,5831.0
2024-09-20,TR-09,09#矿车,2023,7.37,3,220.5,4874.6
2024-09-20,TR-10,10#矿车,2016,8.49,3,229.2,5841.7
2024-09-20,TR-11,11#矿车,2021,8.86,3,227.1,6035.2
2024-09-20,TR-12,12#矿车,2013,6.9,3,227.1,4702.4
2024-09-21,TR-01,01#矿车,2017,8.12,2,219.5,3565.7
2024-09-21,TR-02,02#矿车,2021,8.39,3,217.3,5469.3
2024-09-21,TR-03,03#矿车,2019,8.52,2,219.3,3738.6
2024-09-21,TR-04,04#矿车,2014,7.5,3,217.8,4901.7
2024-09-21,TR-05,05#矿车,2022,8.33,3,231.5,5785.0
2024-09-21,TR-06,06#矿车,2018,8.66,3,229.1,5952.3
2024-09-21,TR-07,07#矿车,2020,8.56,3,217.4,5579.6
2024-09-21,TR-08,08#矿车,2015,9.24,3,222.5,6166.4
2024-09-21,TR-09,09#矿车,2023,7.91,2,220.5,3487.3
2024-09-21,TR-10,10#矿车,2016,8.62,3,229.2,5928.2
2024-09-21,TR-11,11#矿车,2021,9.48,3,227.1,6458.7
2024-09-21,TR-12,12#矿车,2013,6.9,2,227.1,3134.6
2024-09-22,TR-01,01#矿车,2017,8.68,3,219.5,5714.7
2024-09-22,TR-02,02#矿车,2021,8.71,2,217.3,3783.6
2024-09-22,TR-03,03#矿车,2019,8.12,2,219.3,3560.9
2024-09-22,TR-04,04#矿车,2014,7.17,3,217.8,4681.6
2024-09-22,TR-05,05#矿车,2022,8.24,2,231.5,3814.1
2024-09-22,TR-06,06#矿车,2018,8.34,3,229.1,5730.4
2024-09-22,TR-07,07#矿车,2020,8.55,2,217.4,3714.8
2024-09-22,TR-08,08#矿车,2015,9.42,2,222.5,4191.6
2024-09-22,TR-09,09#矿车,2023,8.02,2,220.5,3537.6
2024-09-22,TR-10,10#矿车,2016,8.35,3,229.2,5745.4
2024-09-22,TR-11,11#矿车,2021,8.88,2,227.1,4034.5
2024-09-22,TR-12,12#矿车,2013,6.67,3,227.1,4547.2
2024-09-23,TR-01,01#矿车,2017,8.61,3,219.5,5670.3
2024-09-23,TR-02,02#矿车,2021,8.61,3,217.3,5615.7
2024-09-23,TR-03,03#矿车,2019,8.11,3,219.3,5338.5
2024-09-23,TR-04,04#矿车,2014,7.32,2,217.8,3188.0
2024-09-23,TR-05,05#矿车,2022,8.16,3,231.5,5665.5
2024-09-23,TR-06,06#矿车,2018,8.02,3,229.1,5510.9
2024-09-23,TR-07,07#矿车,2020,8.42,3,217.4,5488.8
2024-09-23,TR-08,08#矿车,2015,9.15,3,222.5,6105.8
2024-09-23,TR-09,09#矿车,2023,7.51,2,220.5,3312.3
2024-09-23,TR-10,10#矿车,2016,8.28,2,229.2,3794.7
2024-09-23,TR-11,11#矿车,2021,8.64,2,227.1,3922.4
2024-09-23,TR-12,12#矿车,2013,6.87,3,227.1,4682.4
2024-09-24,TR-01,01#矿车,2017,8.32,3,219.5,5476.8
2024-09-24,TR-02,02#矿车,2021,8.32,3,217.3,5424.9
2024-09-24,TR-03,03#矿车,2019,8.22,2,219.3,3607.4
2024-09-24,TR-04,04#矿车,2014,7.45,2,217.8,3245.0
2024-09-24,TR-05,05#矿车,2022,8.49,3,231.5,5894.1
2024-09-24,TR-06,06#矿车,2018,7.91,3,229.1,5434.4
2024-09-24,TR-07,07#矿车,2020,8.59,2,217.4,3735.8
2024-09-24,TR-08,08#矿车,2015,8.98,3,222.5,5996.7
2024-09-24,TR-09,09#矿车,2023,7.67,2,220.5,3383.1
2024-09-24,TR-10,10#矿车,2016,8.29,3,229.2,5703.3
2024-09-24,TR-11,11#矿车,2021,8.92,3,227.1,6075.3
2024-09-24,TR-12,12#矿车,2013,6.98,3,227.1,4758.6
2024-09-25,TR-01,01#矿车,2017,8.27,2,219.5,3631.1
2024-09-25,TR-02,02#矿车,2021,8.11,3,217.3,5285.3
2024-09-25,TR-03,03#矿车,2019,8.3,3,219.3,5463.3
2024-09-25,TR-04,04#矿车,2014,7.03,3,217.8,4590.2
2024-09-25,TR-05,05#矿车,2022,8.13,2,231.5,3765.2
2024-09-25,TR-06,06#矿车,2018,8.06,2,229.1,3692.3
2024-09-25,TR-07,07#矿车,2020,8.73,3,217.4,5695.0
2024-09-25,TR-08,08#矿车,2015,8.74,2,222.5,3889.8
2024-09-25,TR-09,09#矿车,2023,7.98,3,220.5,5280.8
2024-09-25,TR-10,10#矿车,2016,8.4,2,229.2,3850.8
2024-09-25,TR-11,11#矿车,2021,8.89,3,227.1,6054.3
2024-09-25,TR-12,12#矿车,2013,7.05,3,227.1,4803.2
2024-09-26,TR-01,01#矿车,2017,8.39,3,219.5,5522.9
2024-09-26,TR-02,02#矿车,2021,7.73,2,217.3,3360.7
2024-09-26,TR-03,03#矿车,2019,8.34,3,219.3,5489.6
2024-09-26,TR-04,04#矿车,2014,7.55,3,217.8,4934.1
2024-09-26,TR-05,05#矿车,2022,8.42,3,231.5,5845.3
2024-09-26,TR-06,06#矿车,2018,7.66,3,229.1,5267.2
2024-09-26,TR-07,07#矿车,2020,8.65,3,217.4,5639.6
2024-09-26,TR-08,08#矿车,2015,8.18,2,222.5,3641.9
2024-09-26,TR-09,09#矿车,2023,7.61,2,220.5,3354.7
2024-09-26,TR-10,10#矿车,2016,8.55,2,229.2,3920.7
2024-09-26,TR-11,11#矿车,2021,8.76,3,227.1,5966.2
2024-09-26,TR-12,12#矿车,2013,7.09,3,227.1,4833.1
2024-09-27,TR-01,01#矿车,2017,8.0,3,219.5,5269.4
2024-09-27,TR-02,02#矿车,2021,8.03,3,217.3,5233.1
2024-09-27,TR-03,03#矿车,2019,8.88,3,219.3,5844.3
2024-09-27,TR-04,04#矿车,2014,7.37,3,217.8,4814.9
2024-09-27,TR-05,05#矿车,2022,8.61,3,231.5,5978.2
2024-09-27,TR-06,06#矿车,2018,8.1,2,229.1,3710.0
2024-09-27,TR-07,07#矿车,2020,8.71,3,217.4,5680.6
2024-09-27,TR-08,08#矿车,2015,8.24,3,222.5,5498.1
2024-09-27,TR-09,09#矿车,2023,7.64,3,220.5,5054.1
2024-09-27,TR-10,10#矿车,2016,8.69,2,229.2,3985.3
2024-09-27,TR-11,11#矿车,2021,8.3,2,227.1,3769.6
2024-09-27,TR-12,12#矿车,2013,6.97,3,227.1,4752.2
2024-09-28,TR-01,01#矿车,2017,7.8,3,219.5,5135.5
2024-09-28,TR-02,02#矿车,2021,7.96,2,217.3,3460.1
2024-09-28,TR-03,03#矿车,2019,8.18,3,219.3,5383.6
2024-09-28,TR-04,04#矿车,2014,7.02,3,217.8,4584.4
2024-09-28,TR-05,05#矿车,2022,8.85,2,231.5,4095.8
2024-09-28,TR-06,06#矿车,2018,7.95,3,229.1,5462.7
2024-09-28,TR-07,07#矿车,2020,8.75,3,217.4,5708.7
2024-09-28,TR-08,08#矿车,2015,8.52,3,222.5,5688.9
2024-09-28,TR-09,09#矿车,2023,8.04,3,220.5,5317.4
2024-09-28,TR-10,10#矿车,2016,8.19,2,229.2,3754.9
2024-09-28,TR-11,11#矿车,2021,8.42,3,227.1,5733.8
2024-09-28,TR-12,12#矿车,2013,7.05,3,227.1,4803.8
2024-09-29,TR-01,01#矿车,2017,8.47,3,219.5,5580.2
2024-09-29,TR-02,02#矿车,2021,8.08,3,217.3,5270.6
2024-09-29,TR-03,03#矿车,2019,8.18,2,219.3,3588.2
2024-09-29,TR-04,04#矿车,2014,7.42,3,217.8,4849.0
2024-09-29,TR-05,05#矿车,2022,8.05,2,231.5,3729.0
2024-09-29,TR-06,06#矿车,2018,7.81,3,229.1,5369.2
2024-09-29,TR-07,07#矿车,2020,8.59,2,217.4,3733.9
2024-09-29,TR-08,08#矿车,2015,8.63,2,222.5,3840.8
2024-09-29,TR-09,09#矿车,2023,7.65,2,220.5,3373.0
2024-09-29,TR-10,10#矿车,2016,7.98,3,229.2,5488.4
2024-09-29,TR-11,11#矿车,2021,8.63,3,227.1,5881.8
2024-09-29,TR-12,12#矿车,2013,6.95,3,227.1,4736.1
2024-09-30,TR-01,01#矿车,2017,8.04,2,219.5,3530.2
2024-09-30,TR-02,02#矿车,2021,8.38,2,217.3,3640.0
2024-09-30,TR-03,03#矿车,2019,8.53,2,219.3,3742.6
2024-09-30,TR-04,04#矿车,2014,7.39,2,217.8,3217.0
2024-09-30,TR-05,05#矿车,2022,8.31,3,231.5,5771.8
2024-09-30,TR-06,06#矿车,2018,8.08,3,229.1,5552.3
2024-09-30,TR-07,07#矿车,2020,8.6,3,217.4,5607.7
2024-09-30,TR-08,08#矿车,2015,8.23,2,222.5,3661.7
2024-09-30,TR-09,09#矿车,2023,7.97,3,220.5,5269.6
2024-09-30,TR-10,10#矿车,2016,8.34,3,229.2,5738.0
2024-09-30,TR-11,11#矿车,2021,8.68,3,227.1,5913.6
2024-09-30,TR-12,12#矿车,2013,6.97,2,227.1,3168.0
2024-10-01,TR-01,01#矿车,2017,7.74,3,219.5,5100.3
2024-10-01,TR-02,02#矿车,2021,8.2,2,217.3,3562.2
2024-10-01,TR-03,03#矿车,2019,8.5,3,219.3,5589.3
2024-10-01,TR-04,04#矿车,2014,7.27,2,217.8,3166.0
2024-10-01,TR-05,05#矿车,2022,8.39,3,231.5,5826.7
2024-10-01,TR-06,06#矿车,2018,7.83,3,229.1,5382.1
2024-10-01,TR-07,07#矿车,2020,8.62,3,217.4,5620.5
2024-10-01,TR-08,08#矿车,2015,8.28,3,222.5,5523.7
2024-10-01,TR-09,09#矿车,2023,7.9,3,220.5,5224.8
2024-10-01,TR-10,10#矿车,2016,7.9,2,229.2,3623.3
2024-10-01,TR-11,11#矿车,2021,8.68,3,227.1,5913.4
2024-10-01,TR-12,12#矿车,2013,7.05,3,227.1,4800.1
2024-10-02,TR-01,01#矿车,2017,7.84,2,219.5,3443.0
2024-10-02,TR-02,02#矿车,2021,7.98,3,217.3,5199.6
2024-10-02,TR-03,03#矿车,2019,8.75,3,219.3,5757.9
2024-10-02,TR-04,04#矿车,2014,6.86,3,217.8,4484.4
2024-10-02,TR-05,05#矿车,2022,8.56,3,231.5,5945.0
2024-10-02,TR-06,06#矿车,2018,7.86,3,229.1,5400.5
2024-10-02,TR-07,07#矿车,2020,8.1,3,217.4,5281.4
2024-10-02,TR-08,08#矿车,2015,8.73,3,222.5,5825.7
2024-10-02,TR-09,09#矿车,2023,7.95,2,220.5,3504.8
2024-10-02,TR-10,10#矿车,2016,8.54,2,229.2,3916.4
2024-10-02,TR-11,11#矿车,2021,8.6,3,227.1,5857.4
2024-10-02,TR-12,12#矿车,2013,6.64,3,227.1,4526.4
2024-10-03,TR-01,01#矿车,2017,7.98,3,219.5,5256.9
2024-10-03,TR-02,02#矿车,2021,7.69,2,217.3,3341.6
2024-10-03,TR-03,03#矿车,2019,8.13,3,219.3,5350.4
2024-10-03,TR-04,04#矿车,2014,7.11,3,217.8,4641.4
2024-10-03,TR-05,05#矿车,2022,8.76,3,231.5,6084.6
2024-10-03,TR-06,06#矿车,2018,8.41,2,229.1,3855.6
2024-10-03,TR-07,07#矿车,2020,6.09,0,217.4,0.0
2024-10-03,TR-08,08#矿车,2015,8.62,3,222.5,5753.6
2024-10-03,TR-09,09#矿车,2023,7.78,2,220.5,3429.7
2024-10-03,TR-10,10#矿车,2016,8.09,2,229.2,3708.4
2024-10-03,TR-11,11#矿车,2021,8.84,2,227.1,4012.6
2024-10-03,TR-12,12#矿车,2013,6.84,3,227.1,4662.2
2024-10-04,TR-01,01#矿车,2017,7.65,3,219.5,5035.4
2024-10-04,TR-02,02#矿车,2021,7.7,2,217.3,3344.5
2024-10-04,TR-03,03#矿车,2019,8.3,3,219.3,5462.3
2024-10-04,TR-04,04#矿车,2014,7.25,2,217.8,3156.1
2024-10-04,TR-05,05#矿车,2022,8.53,3,231.5,5923.1
2024-10-04,TR-06,06#矿车,2018,8.23,3,229.1,5659.7
2024-10-04,TR-07,07#矿车,2020,8.8,3,217.4,5735.2
2024-10-04,TR-08,08#矿车,2015,8.82,3,222.5,5886.9
2024-10-04,TR-09,09#矿车,2023,7.74,3,220.5,5117.4
2024-10-04,TR-10,10#矿车,2016,7.67,3,229.2,5274.9
2024-10-04,TR-11,11#矿车,2021,8.4,3,227.1,5723.8
2024-10-04,TR-12,12#矿车,2013,6.62,2,227.1,3007.4
2024-10-05,TR-01,01#矿车,2017,8.11,2,219.5,3561.8
2024-10-05,TR-02,02#矿车,2021,7.89,3,217.3,5140.7
2024-10-05,TR-03,03#矿车,2019,8.33,3,219.3,5482.3
2024-10-05,TR-04,04#矿车,2014,7.28,3,217.8,4753.0
2024-10-05,TR-05,05#矿车,2022,8.83,3,231.5,6130.4
2024-10-05,TR-06,06#矿车,2018,7.94,2,229.1,3638.0
2024-10-05,TR-07,07#矿车,2020,8.54,3,217.4,5570.5
2024-10-05,TR-08,08#矿车,2015,8.97,2,222.5,3992.7
2024-10-05,TR-09,09#矿车,2023,7.93,2,220.5,3495.5
2024-10-05,TR-10,10#矿车,2016,8.09,2,229.2,3710.6
2024-10-05,TR-11,11#矿车,2021,8.75,2,227.1,3975.7
2024-10-05,TR-12,12#矿车,2013,6.71,3,227.1,4570.0
2024-10-06,TR-01,01#矿车,2017,8.59,3,219.5,5656.2
2024-10-06,TR-02,02#矿车,2021,8.32,3,217.3,5425.3
2024-10-06,TR-03,03#矿车,2019,8.69,3,219.3,5716.5
2024-10-06,TR-04,04#矿车,2014,6.98,3,217.8,4557.5
2024-10-06,TR-05,05#矿车,2022,8.7,3,231.5,6045.7
2024-10-06,TR-06,06#矿车,2018,8.27,2,229.1,3790.8
2024-10-06,TR-07,07#矿车,2020,8.81,3,217.4,5741.9
2024-10-06,TR-08,08#矿车,2015,8.53,2,222.5,3795.6
2024-10-06,TR-09,09#矿车,2023,7.76,2,220.5,3422.9
2024-10-06,TR-10,10#矿车,2016,8.42,3,229.2,5788.7
2024-10-06,TR-11,11#矿车,2021,8.67,3,227.1,5905.1
2024-10-06,TR-12,12#矿车,2013,6.89,3,227.1,4692.4
2024-10-07,TR-01,01#矿车,2017,8.59,3,219.5,5654.1
2024-10-07,TR-02,02#矿车,2021,8.65,3,217.3,5636.1
2024-10-07,TR-03,03#矿车,2019,8.42,2,219.3,3692.5
2024-10-07,TR-04,04#矿车,2014,7.17,3,217.8,4684.0
2024-10-07,TR-05,05#矿车,2022,8.28,3,231.5,5753.9
2024-10-07,TR-06,06#矿车,2018,8.16,3,229.1,5608.3
2024-10-07,TR-07,07#矿车,2020,8.9,3,217.4,5802.9
2024-10-07,TR-08,08#矿车,2015,8.34,3,222.5,5568.6
2024-10-07,TR-09,09#矿车,2023,7.96,3,220.5,5267.7
2024-10-07,TR-10,10#矿车,2016,8.71,3,229.2,5987.6
2024-10-07,TR-11,11#矿车,2021,8.56,3,227.1,5832.7
2024-10-07,TR-12,12#矿车,2013,6.57,3,227.1,4474.5
2024-10-08,TR-01,01#矿车,2017,8.8,2,219.5,3864.8
2024-10-08,TR-02,02#矿车,2021,8.37,3,217.3,5458.5
2024-10-08,TR-03,03#矿车,2019,8.38,3,219.3,5515.5
2024-10-08,TR-04,04#矿车,2014,7.27,3,217.8,4746.9
2024-10-08,TR-05,05#矿车,2022,8.41,3,231.5,5843.2
2024-10-08,TR-06,06#矿车,2018,8.13,2,229.1,3725.8
2024-10-08,TR-07,07#矿车,2020,8.55,3,217.4,5573.7
2024-10-08,TR-08,08#矿车,2015,8.38,3,222.5,5592.0
2024-10-08,TR-09,09#矿车,2023,7.77,3,220.5,5140.3
2024-10-08,TR-10,10#矿车,2016,9.23,2,229.2,4234.1
2024-10-08,TR-11,11#矿车,2021,8.17,3,227.1,5564.9
2024-10-08,TR-12,12#矿车,2013,6.97,2,227.1,3166.8
2024-10-09,TR-01,01#矿车,2017,8.32,3,219.5,5476.2
2024-10-09,TR-02,02#矿车,2021,8.17,3,217.3,5329.2
2024-10-09,TR-03,03#矿车,2019,8.3,3,219.3,5463.5
2024-10-09,TR-04,04#矿车,2014,7.42,3,217.8,4844.8
2024-10-09,TR-05,05#矿车,2022,9.25,3,231.5,6427.3
2024-10-09,TR-06,06#矿车,2018,8.05,3,229.1,5529.2
2024-10-09,TR-07,07#矿车,2020,8.15,3,217.4,5317.1
2024-10-09,TR-08,08#矿车,2015,8.65,2,222.5,3848.4
2024-10-09,TR-09,09#矿车,2023,7.7,3,220.5,5096.6
2024-10-09,TR-10,10#矿车,2016,8.96,3,229.2,6160.0
2024-10-09,TR-11,11#矿车,2021,9.22,3,227.1,6283.4
2024-10-09,TR-12,12#矿车,2013,7.02,3,227.1,4782.7
2024-10-10,TR-01,01#矿车,2017,8.36,3,219.5,5508.1
2024-10-10,TR-02,02#矿车,2021,8.67,3,217.3,5653.1
2024-10-10,TR-03,03#矿车,2019,8.33,2,219.3,3655.7
2024-10-10,TR-04,04#矿车,2014,7.52,3,217.8,4914.0
2024-10-10,TR-05,05#矿车,2022,8.62,3,231.5,5984.3
2024-10-10,TR-06,06#矿车,2018,7.79,3,229.1,5353.2
2024-10-10,TR-07,07#矿车,2020,8.64,2,217.4,3755.8
2024-10-10,TR-08,08#矿车,2015,8.3,3,222.5,5543.4
2024-10-10,TR-09,09#矿车,2023,7.61,3,220.5,5032.1
2024-10-10,TR-10,10#矿车,2016,8.54,3,229.2,5871.4
2024-10-10,TR-11,11#矿车,2021,8.94,3,227.1,6088.4
2024-10-10,TR-12,12#矿车,2013,7.22,3,227.1,4917.5
2024-10-11,TR-01,01#矿车,2017,8.37,3,219.5,5513.5
2024-10-11,TR-02,02#矿车,2021,7.87,3,217.3,5133.2
2024-10-11,TR-03,03#矿车,2019,8.15,2,219.3,3574.8
2024-10-11,TR-04,04#矿车,2014,7.07,2,217.8,3077.2
2024-10-11,TR-05,05#矿车,2022,8.53,3,231.5,5927.5
2024-10-11,TR-06,06#矿车,2018,7.76,3,229.1,5331.6
2024-10-11,TR-07,07#矿车,2020,8.91,2,217.4,3873.2
2024-10-11,TR-08,08#矿车,2015,8.7,3,222.5,5804.1
2024-10-11,TR-09,09#矿车,2023,7.53,2,220.5,3322.1
2024-10-11,TR-10,10#矿车,2016,8.61,2,229.2,3946.1
2024-10-11,TR-11,11#矿车,2021,8.6,3,227.1,5860.3
2024-10-11,TR-12,12#矿车,2013,7.33,3,227.1,4996.9
2024-10-12,TR-01,01#矿车,2017,8.24,3,219.5,5423.5
2024-10-12,TR-02,02#矿车,2021,7.99,2,217.3,3472.9
2024-10-12,TR-03,03#矿车,2019,8.27,2,219.3,3626.9
2024-10-12,TR-04,04#矿车,2014,7.18,3,217.8,4687.1
2024-10-12,TR-05,05#矿车,2022,8.74,3,231.5,6073.2
2024-10-12,TR-06,06#矿车,2018,8.22,2,229.1,3768.2
2024-10-12,TR-07,07#矿车,2020,8.36,3,217.4,5449.6
2024-10-12,TR-08,08#矿车,2015,8.56,2,222.5,3808.5
2024-10-12,TR-09,09#矿车,2023,7.96,2,220.5,3511.6
2024-10-12,TR-10,10#矿车,2016,8.34,3,229.2,5738.3
2024-10-12,TR-11,11#矿车,2021,8.49,2,227.1,3856.6
2024-10-12,TR-12,12#矿车,2013,7.16,2,227.1,3253.0
2024-10-13,TR-01,01#矿车,2017,7.85,3,219.5,5173.1
2024-10-13,TR-02,02#矿车,2021,7.95,2,217.3,3454.6
2024-10-13,TR-03,03#矿车,2019,8.42,2,219.3,3694.0
2024-10-13,TR-04,04#矿车,2014,7.03,3,217.8,4591.8
2024-10-13,TR-05,05#矿车,2022,9.02,3,231.5,6266.3
2024-10-13,TR-06,06#矿车,2018,8.07,3,229.1,5547.6
2024-10-13,TR-07,07#矿车,2020,9.22,2,217.4,4007.2
2024-10-13,TR-08,08#矿车,2015,8.41,2,222.5,3744.2
2024-10-13,TR-09,09#矿车,2023,8.02,2,220.5,3537.4
2024-10-13,TR-10,10#矿车,2016,8.81,2,229.2,4040.0
2024-10-13,TR-11,11#矿车,2021,8.26,3,227.1,5629.1
2024-10-13,TR-12,12#矿车,2013,7.01,2,227.1,3183.2
2024-10-14,TR-01,01#矿车,2017,8.2,3,219.5,5400.0
2024-10-14,TR-02,02#矿车,2021,8.23,2,217.3,3575.7
2024-10-14,TR-03,03#矿车,2019,8.37,3,219.3,5507.8
2024-10-14,TR-04,04#矿车,2014,7.38,3,217.8,4821.1
2024-10-14,TR-05,05#矿车,2022,8.44,2,231.5,3907.3
2024-10-14,TR-06,06#矿车,2018,7.76,3,229.1,5335.0
2024-10-14,TR-07,07#矿车,2020,8.82,2,217.4,3835.5
2024-10-14,TR-08,08#矿车,2015,8.96,3,222.5,5982.2
2024-10-14,TR-09,09#矿车,2023,8.01,3,220.5,5298.0
2024-10-14,TR-10,10#矿车,2016,8.62,3,229.2,5928.6
2024-10-14,TR-11,11#矿车,2021,8.41,3,227.1,5727.1
2024-10-14,TR-12,12#矿车,2013,6.75,3,227.1,4600.8
2024-10-15,TR-01,01#矿车,2017,8.66,3,219.5,5701.4
2024-10-15,TR-02,02#矿车,2021,8.49,2,217.3,3691.7
2024-10-15,TR-03,03#矿车,2019,8.31,2,219.3,3645.0
2024-10-15,TR-04,04#矿车,2014,7.08,3,217.8,4623.1
2024-10-15,TR-05,05#矿车,2022,8.24,3,231.5,5720.0
2024-10-15,TR-06,06#矿车,2018,7.83,3,229.1,5383.8
2024-10-15,TR-07,07#矿车,2020,8.16,3,217.4,5318.5
2024-10-15,TR-08,08#矿车,2015,8.62,2,222.5,3836.5
2024-10-15,TR-09,09#矿车,2023,7.87,2,220.5,3469.1
2024-10-15,TR-10,10#矿车,2016,8.36,3,229.2,5749.1
2024-10-15,TR-11,11#矿车,2021,8.69,3,227.1,5916.5
2024-10-15,TR-12,12#矿车,2013,6.88,2,227.1,3123.1
2024-10-16,TR-01,01#矿车,2017,8.44,3,219.5,5561.8
2024-10-16,TR-02,02#矿车,2021,8.23,2,217.3,3578.9
2024-10-16,TR-03,03#矿车,2019,7.93,2,219.3,3477.2
2024-10-16,TR-04,04#矿车,2014,7.27,2,217.8,3165.8
2024-10-16,TR-05,05#矿车,2022,8.18,3,231.5,5684.7
2024-10-16,TR-06,06#矿车,2018,8.4,3,229.1,5771.7
2024-10-16,TR-07,07#矿车,2020,8.66,3,217.4,5648.4
2024-10-16,TR-08,08#矿车,2015,8.59,3,222.5,5735.8
2024-10-16,TR-09,09#矿车,2023,7.79,2,220.5,3433.9
2024-10-16,TR-10,10#矿车,2016,8.57,3,229.2,5893.2
2024-10-16,TR-11,11#矿车,2021,8.31,3,227.1,5664.0
2024-10-16,TR-12,12#矿车,2013,7.07,3,227.1,4815.7
2024-10-17,TR-01,01#矿车,2017,7.9,3,219.5,5205.4
2024-10-17,TR-02,02#矿车,2021,8.7,3,217.3,5672.7
2024-10-17,TR-03,03#矿车,2019,7.56,2,219.3,3314.1
2024-10-17,TR-04,04#矿车,2014,7.28,2,217.8,3171.2
2024-10-17,TR-05,05#矿车,2022,8.55,3,231.5,5937.3
2024-10-17,TR-06,06#矿车,2018,8.02,3,229.1,5509.1
2024-10-17,TR-07,07#矿车,2020,8.57,3,217.4,5586.6
2024-10-17,TR-08,08#矿车,2015,8.69,2,222.5,3869.2
2024-10-17,TR-09,09#矿车,2023,8.13,2,220.5,3587.2
2024-10-17,TR-10,10#矿车,2016,8.11,3,229.2,5575.5
2024-10-17,TR-11,11#矿车,2021,8.34,2,227.1,3785.4
2024-10-17,TR-12,12#矿车,2013,6.94,2,227.1,3154.3
2024-10-18,TR-01,01#矿车,2017,7.76,2,219.5,3406.9
2024-10-18,TR-02,02#矿车,2021,8.8,3,217.3,5738.6
2024-10-18,TR-03,03#矿车,2019,7.84,3,219.3,5157.1
2024-10-18,TR-04,04#矿车,2014,7.21,3,217.8,4711.3
2024-10-18,TR-05,05#矿车,2022,8.63,2,231.5,3994.7
2024-10-18,TR-06,06#矿车,2018,8.27,3,229.1,5684.2
2024-10-18,TR-07,07#矿车,2020,8.39,3,217.4,5468.5
2024-10-18,TR-08,08#矿车,2015,8.21,3,222.5,5479.0
2024-10-18,TR-09,09#矿车,2023,8.11,3,220.5,5363.2
2024-10-18,TR-10,10#矿车,2016,9.0,3,229.2,6187.1
2024-10-18,TR-11,11#矿车,2021,8.31,2,227.1,3773.5
2024-10-18,TR-12,12#矿车,2013,7.43,2,227.1,3375.5
2024-10-19,TR-01,01#矿车,2017,8.05,2,219.5,3533.5
2024-10-19,TR-02,02#矿车,2021,7.91,3,217.3,5157.5
2024-10-19,TR-03,03#矿车,2019,8.2,3,219.3,5395.0
2024-10-19,TR-04,04#矿车,2014,6.94,3,217.8,4535.0
2024-10-19,TR-05,05#矿车,2022,8.23,3,231.5,5717.3
2024-10-19,TR-06,06#矿车,2018,7.94,2,229.1,3636.6
2024-10-19,TR-07,07#矿车,2020,8.42,3,217.4,5491.1
2024-10-19,TR-08,08#矿车,2015,8.05,2,222.5,3581.5
2024-10-19,TR-09,09#矿车,2023,7.77,3,220.5,5141.0
2024-10-19,TR-10,10#矿车,2016,8.18,2,229.2,3749.1
2024-10-19,TR-11,11#矿车,2021,8.27,2,227.1,3754.7
2024-10-19,TR-12,12#矿车,2013,7.13,2,227.1,3238.2
2024-10-20,TR-01,01#矿车,2017,8.16,3,219.5,5373.4
2024-10-20,TR-02,02#矿车,2021,8.08,3,217.3,5269.4
2024-10-20,TR-03,03#矿车,2019,7.91,2,219.3,3468.0
2024-10-20,TR-04,04#矿车,2014,6.99,3,217.8,4566.5
2024-10-20,TR-05,05#矿车,2022,8.87,3,231.5,6161.4
2024-10-20,TR-06,06#矿车,2018,7.66,3,229.1,5264.8
2024-10-20,TR-07,07#矿车,2020,8.36,2,217.4,3635.0
2024-10-20,TR-08,08#矿车,2015,8.41,2,222.5,3742.7
2024-10-20,TR-09,09#矿车,2023,8.27,2,220.5,3647.7
2024-10-20,TR-10,10#矿车,2016,8.48,2,229.2,3888.7
2024-10-20,TR-11,11#矿车,2021,8.57,3,227.1,5839.4
2024-10-20,TR-12,12#矿车,2013,6.53,3,227.1,4451.2
2024-10-21,TR-01,01#矿车,2017,8.07,3,219.5,5313.0
2024-10-21,TR-02,02#矿车,2021,8.26,2,217.3,3590.6
2024-10-21,TR-03,03#矿车,2019,8.15,3,219.3,5361.7
2024-10-21,TR-04,04#矿车,2014,6.59,3,217.8,4307.8
2024-10-21,TR-05,05#矿车,2022,8.57,3,231.5,5950.3
2024-10-21,TR-06,06#矿车,2018,8.37,2,229.1,3835.0
2024-10-21,TR-07,07#矿车,2020,8.65,3,217.4,5643.2
2024-10-21,TR-08,08#矿车,2015,9.23,2,222.5,4105.5
2024-10-21,TR-09,09#矿车,2023,8.38,2,220.5,3696.6
2024-10-21,TR-10,10#矿车,2016,8.59,2,229.2,3937.9
2024-10-21,TR-11,11#矿车,2021,8.14,2,227.1,3697.0
2024-10-21,TR-12,12#矿车,2013,6.96,2,227.1,3162.0
2024-10-22,TR-01,01#矿车,2017,8.02,3,219.5,5279.7
2024-10-22,TR-02,02#矿车,2021,8.31,3,217.3,5414.5
2024-10-22,TR-03,03#矿车,2019,8.4,3,219.3,5525.1
2024-10-22,TR-04,04#矿车,2014,6.79,2,217.8,2955.9
2024-10-22,TR-05,05#矿车,2022,8.34,3,231.5,5793.5
2024-10-22,TR-06,06#矿车,2018,7.55,2,229.1,3459.7
2024-10-22,TR-07,07#矿车,2020,8.58,2,217.4,3730.3
2024-10-22,TR-08,08#矿车,2015,8.76,2,222.5,3896.1
2024-10-22,TR-09,09#矿车,2023,8.24,2,220.5,3634.2
2024-10-22,TR-10,10#矿车,2016,8.29,2,229.2,3802.6
2024-10-22,TR-11,11#矿车,2021,8.35,3,227.1,5685.9
2024-10-22,TR-12,12#矿车,2013,7.09,3,227.1,4827.3
2024-10-23,TR-01,01#矿车,2017,7.91,3,219.5,5211.8
2024-10-23,TR-02,02#矿车,2021,8.36,3,217.3,5451.5
2024-10-23,TR-03,03#矿车,2019,8.35,3,219.3,5496.1
2024-10-23,TR-04,04#矿车,2014,6.85,3,217.8,4472.6
2024-10-23,TR-05,05#矿车,2022,8.73,2,231.5,4041.2
2024-10-23,TR-06,06#矿车,2018,7.87,2,229.1,3603.9
2024-10-23,TR-07,07#矿车,2020,8.27,2,217.4,3596.1
2024-10-23,TR-08,08#矿车,2015,9.02,2,222.5,4012.4
2024-10-23,TR-09,09#矿车,2023,8.34,3,220.5,5517.7
2024-10-23,TR-10,10#矿车,2016,8.29,3,229.2,5703.6
2024-10-23,TR-11,11#矿车,2021,8.23,3,227.1,5606.3
2024-10-23,TR-12,12#矿车,2013,7.12,3,227.1,4853.4
2024-10-24,TR-01,01#矿车,2017,8.03,3,219.5,5286.8
2024-10-24,TR-02,02#矿车,2021,7.66,3,217.3,4996.0
2024-10-24,TR-03,03#矿车,2019,8.64,3,219.3,5682.2
2024-10-24,TR-04,04#矿车,2014,7.17,3,217.8,4686.7
2024-10-24,TR-05,05#矿车,2022,8.65,3,231.5,6005.1
2024-10-24,TR-06,06#矿车,2018,8.04,3,229.1,5528.6
2024-10-24,TR-07,07#矿车,2020,8.5,3,217.4,5539.3
2024-10-24,TR-08,08#矿车,2015,8.75,2,222.5,3894.5
2024-10-24,TR-09,09#矿车,2023,7.97,3,220.5,5269.2
2024-10-24,TR-10,10#矿车,2016,8.36,3,229.2,5751.5
2024-10-24,TR-11,11#矿车,2021,8.58,3,227.1,5842.3
2024-10-24,TR-12,12#矿车,2013,7.14,3,227.1,4867.6
2024-10-25,TR-01,01#矿车,2017,8.23,3,219.5,5417.0
2024-10-25,TR-02,02#矿车,2021,7.97,3,217.3,5196.5
2024-10-25,TR-03,03#矿车,2019,8.3,2,219.3,3639.4
2024-10-25,TR-04,04#矿车,2014,7.53,3,217.8,4917.5
2024-10-25,TR-05,05#矿车,2022,8.6,2,231.5,3980.6
2024-10-25,TR-06,06#矿车,2018,8.32,2,229.1,3812.0
2024-10-25,TR-07,07#矿车,2020,8.63,3,217.4,5624.4
2024-10-25,TR-08,08#矿车,2015,9.17,3,222.5,6120.6
2024-10-25,TR-09,09#矿车,2023,8.05,3,220.5,5327.9
2024-10-25,TR-10,10#矿车,2016,8.44,3,229.2,5805.3
2024-10-25,TR-11,11#矿车,2021,8.44,2,227.1,3833.1
2024-10-25,TR-12,12#矿车,2013,7.24,3,227.1,4934.4
2024-10-26,TR-01,01#矿车,2017,8.41,3,219.5,5536.3
2024-10-26,TR-02,02#矿车,2021,7.9,2,217.3,3435.3
2024-10-26,TR-03,03#矿车,2019,8.13,2,219.3,3566.6
2024-10-26,TR-04,04#矿车,2014,7.0,3,217.8,4570.9
2024-10-26,TR-05,05#矿车,2022,8.16,2,231.5,3779.3
2024-10-26,TR-06,06#矿车,2018,8.28,2,229.1,3794.2
2024-10-26,TR-07,07#矿车,2020,8.37,2,217.4,3636.7
2024-10-26,TR-08,08#矿车,2015,8.26,3,222.5,5516.4
2024-10-26,TR-09,09#矿车,2023,8.57,2,220.5,3778.1
2024-10-26,TR-10,10#矿车,2016,8.63,2,229.2,3955.8
2024-10-26,TR-11,11#矿车,2021,8.42,3,227.1,5735.2
2024-10-26,TR-12,12#矿车,2013,6.98,3,227.1,4756.3
2024-10-27,TR-01,01#矿车,2017,8.06,3,219.5,5311.0
2024-10-27,TR-02,02#矿车,2021,7.75,2,217.3,3366.5
2024-10-27,TR-03,03#矿车,2019,8.48,3,219.3,5579.6
2024-10-27,TR-04,04#矿车,2014,7.16,3,217.8,4677.3
2024-10-27,TR-05,05#矿车,2022,8.81,3,231.5,6120.5
2024-10-27,TR-06,06#矿车,2018,8.27,3,229.1,5681.5
2024-10-27,TR-07,07#矿车,2020,8.11,2,217.4,3524.8
2024-10-27,TR-08,08#矿车,2015,8.58,3,222.5,5726.5
2024-10-27,TR-09,09#矿车,2023,8.81,3,220.5,5829.6
2024-10-27,TR-10,10#矿车,2016,8.51,3,229.2,5855.8
2024-10-27,TR-11,11#矿车,2021,8.33,3,227.1,5676.8
2024-10-27,TR-12,12#矿车,2013,6.77,3,227.1,4609.6
2024-10-28,TR-01,01#矿车,2017,8.36,3,219.5,5507.8
2024-10-28,TR-02,02#矿车,2021,8.04,3,217.3,5240.3
2024-10-28,TR-03,03#矿车,2019,8.19,2,219.3,3593.7
2024-10-28,TR-04,04#矿车,2014,6.77,2,217.8,2949.3
2024-10-28,TR-05,05#矿车,2022,8.62,3,231.5,5986.5
2024-10-28,TR-06,06#矿车,2018,8.2,3,229.1,5636.6
2024-10-28,TR-07,07#矿车,2020,8.59,3,217.4,5598.7
2024-10-28,TR-08,08#矿车,2015,5.49,0,222.5,0.0
2024-10-28,TR-09,09#矿车,2023,8.43,2,220.5,3719.4
2024-10-28,TR-10,10#矿车,2016,8.47,2,229.2,3881.8
2024-10-28,TR-11,11#矿车,2021,8.68,2,227.1,3943.1
2024-10-28,TR-12,12#矿车,2013,7.23,3,227.1,4925.1
2024-10-29,TR-01,01#矿车,2017,8.36,3,219.5,5505.4
2024-10-29,TR-02,02#矿车,2021,8.2,2,217.3,3563.6
2024-10-29,TR-03,03#矿车,2019,8.15,3,219.3,5359.3
2024-10-29,TR-04,04#矿车,2014,7.1,3,217.8,4639.9
2024-10-29,TR-05,05#矿车,2022,7.7,3,231.5,5351.2
2024-10-29,TR-06,06#矿车,2018,8.32,3,229.1,5716.7
2024-10-29,TR-07,07#矿车,2020,8.44,3,217.4,5504.9
2024-10-29,TR-08,08#矿车,2015,9.03,3,222.5,6029.0
2024-10-29,TR-09,09#矿车,2023,7.64,2,220.5,3371.2
2024-10-29,TR-10,10#矿车,2016,8.22,3,229.2,5651.4
2024-10-29,TR-11,11#矿车,2021,8.36,3,227.1,5695.1
2024-10-29,TR-12,12#矿车,2013,7.12,3,227.1,4853.7
2024-10-30,TR-01,01#矿车,2017,7.74,3,219.5,5100.2
2024-10-30,TR-02,02#矿车,2021,8.41,3,217.3,5484.0
2024-10-30,TR-03,03#矿车,2019,8.46,2,219.3,3711.8
2024-10-30,TR-04,04#矿车,2014,7.11,2,217.8,3094.9
2024-10-30,TR-05,05#矿车,2022,8.42,3,231.5,5846.4
2024-10-30,TR-06,06#矿车,2018,7.89,2,229.1,3614.7
2024-10-30,TR-07,07#矿车,2020,8.52,3,217.4,5554.1
2024-10-30,TR-08,08#矿车,2015,8.75,3,222.5,5841.5
2024-10-30,TR-09,09#矿车,2023,8.04,3,220.5,5321.7
2024-10-30,TR-10,10#矿车,2016,8.27,2,229.2,3793.3
2024-10-30,TR-11,11#矿车,2021,8.44,3,227.1,5752.1
2024-10-30,TR-12,12#矿车,2013,7.53,2,227.1,3420.3
2024-10-31,TR-01,01#矿车,2017,7.76,2,219.5,3405.6
2024-10-31,TR-02,02#矿车,2021,8.23,3,217.3,5364.3
2024-10-31,TR-03,03#矿车,2019,8.21,3,219.3,5399.2
2024-10-31,TR-04,04#矿车,2014,7.57,2,217.8,3296.8
2024-10-31,TR-05,05#矿车,2022,8.24,2,231.5,3815.6
2024-10-31,TR-06,06#矿车,2018,7.88,3,229.1,5414.9
2024-10-31,TR-07,07#矿车,2020,8.99,2,217.4,3909.5
2024-10-31,TR-08,08#矿车,2015,8.53,2,222.5,3794.3
2024-10-31,TR-09,09#矿车,2023,8.52,2,220.5,3755.6
2024-10-31,TR-10,10#矿车,2016,8.75,3,229.2,6015.0
2024-10-31,TR-11,11#矿车,2021,8.58,3,227.1,5841.4
2024-10-31,TR-12,12#矿车,2013,7.32,2,227.1,3326.3
2024-11-01,TR-01,01#矿车,2017,7.91,2,219.5,3473.5
2024-11-01,TR-02,02#矿车,2021,7.95,3,217.3,5183.9
2024-11-01,TR-03,03#矿车,2019,8.47,3,219.3,5573.4
2024-11-01,TR-04,04#矿车,2014,7.22,3,217.8,4719.6
2024-11-01,TR-05,05#矿车,2022,8.44,3,231.5,5861.9
2024-11-01,TR-06,06#矿车,2018,7.96,3,229.1,5470.7
2024-11-01,TR-07,07#矿车,2020,8.53,2,217.4,3709.9
2024-11-01,TR-08,08#矿车,2015,8.51,3,222.5,5682.1
2024-11-01,TR-09,09#矿车,2023,8.42,3,220.5,5568.2
2024-11-01,TR-10,10#矿车,2016,8.57,3,229.2,5895.2
2024-11-01,TR-11,11#矿车,2021,8.7,3,227.1,5923.3
2024-11-01,TR-12,12#矿车,2013,7.23,3,227.1,4925.4
2024-11-02,TR-01,01#矿车,2017,8.31,3,219.5,5471.0
2024-11-02,TR-02,02#矿车,2021,8.17,2,217.3,3549.2
2024-11-02,TR-03,03#矿车,2019,4.77,1,219.3,1045.6
2024-11-02,TR-04,04#矿车,2014,6.87,3,217.8,4485.6
2024-11-02,TR-05,05#矿车,2022,8.41,3,231.5,5840.5
2024-11-02,TR-06,06#矿车,2018,7.92,3,229.1,5441.6
2024-11-02,TR-07,07#矿车,2020,8.74,2,217.4,3798.2
2024-11-02,TR-08,08#矿车,2015,8.58,3,222.5,5727.6
2024-11-02,TR-09,09#矿车,2023,7.91,2,220.5,3486.5
2024-11-02,TR-10,10#矿车,2016,8.29,3,229.2,5699.0
2024-11-02,TR-11,11#矿车,2021,8.47,3,227.1,5769.4
2024-11-02,TR-12,12#矿车,2013,6.92,2,227.1,3144.9
2024-11-03,TR-01,01#矿车,2017,8.24,2,219.5,3616.2
2024-11-03,TR-02,02#矿车,2021,8.09,2,217.3,3515.3
2024-11-03,TR-03,03#矿车,2019,8.36,3,219.3,5500.1
2024-11-03,TR-04,04#矿车,2014,7.14,3,217.8,4662.0
2024-11-03,TR-05,05#矿车,2022,8.8,3,231.5,6111.9
2024-11-03,TR-06,06#矿车,2018,7.68,2,229.1,3519.3
2024-11-03,TR-07,07#矿车,2020,8.8,2,217.4,3826.5
2024-11-03,TR-08,08#矿车,2015,8.83,2,222.5,3928.5
2024-11-03,TR-09,09#矿车,2023,7.95,3,220.5,5259.8
2024-11-03,TR-10,10#矿车,2016,8.56,2,229.2,3923.1
2024-11-03,TR-11,11#矿车,2021,8.64,2,227.1,3922.0
2024-11-03,TR-12,12#矿车,2013,7.14,3,227.1,4863.2
2024-11-04,TR-01,01#矿车,2017,8.16,2,219.5,3582.4
2024-11-04,TR-02,02#矿车,2021,7.84,3,217.3,5113.6
2024-11-04,TR-03,03#矿车,2019,8.26,3,219.3,5435.9
2024-11-04,TR-04,04#矿车,2014,6.95,3,217.8,4538.5
2024-11-04,TR-05,05#矿车,2022,8.95,3,231.5,6218.9
2024-11-04,TR-06,06#矿车,2018,8.03,3,229.1,5519.9
2024-11-04,TR-07,07#矿车,2020,8.9,3,217.4,5803.4
2024-11-04,TR-08,08#矿车,2015,8.5,2,222.5,3782.4
2024-11-04,TR-09,09#矿车,2023,4.72,0,220.5,0.0
2024-11-04,TR-10,10#矿车,2016,8.29,3,229.2,5702.5
2024-11-04,TR-11,11#矿车,2021,8.58,2,227.1,3896.9
2024-11-04,TR-12,12#矿车,2013,6.61,3,227.1,4501.1
2024-11-05,TR-01,01#矿车,2017,7.99,3,219.5,5260.9
2024-11-05,TR-02,02#矿车,2021,7.96,2,217.3,3457.8
2024-11-05,TR-03,03#矿车,2019,8.22,3,219.3,5410.1
2024-11-05,TR-04,04#矿车,2014,7.25,2,217.8,3157.2
2024-11-05,TR-05,05#矿车,2022,8.52,3,231.5,5920.6
2024-11-05,TR-06,06#矿车,2018,7.77,3,229.1,5342.3
2024-11-05,TR-07,07#矿车,2020,8.98,3,217.4,5854.7
2024-11-05,TR-08,08#矿车,2015,8.53,2,222.5,3795.3
2024-11-05,TR-09,09#矿车,2023,7.69,2,220.5,3391.4
2024-11-05,TR-10,10#矿车,2016,8.24,2,229.2,3778.1
2024-11-05,TR-11,11#矿车,2021,8.53,3,227.1,5810.9
2024-11-05,TR-12,12#矿车,2013,6.75,2,227.1,3065.8
2024-11-06,TR-01,01#矿车,2017,7.76,2,219.5,3406.0
2024-11-06,TR-02,02#矿车,2021,8.45,2,217.3,3670.9
2024-11-06,TR-03,03#矿车,2019,8.45,3,219.3,5562.8
2024-11-06,TR-04,04#矿车,2014,7.3,3,217.8,4769.9
2024-11-06,TR-05,05#矿车,2022,8.45,3,231.5,5866.6
2024-11-06,TR-06,06#矿车,2018,7.92,3,229.1,5445.6
2024-11-06,TR-07,07#矿车,2020,8.76,3,217.4,5711.0
2024-11-06,TR-08,08#矿车,2015,8.46,3,222.5,5646.3
2024-11-06,TR-09,09#矿车,2023,7.78,2,220.5,3429.1
2024-11-06,TR-10,10#矿车,2016,8.53,3,229.2,5865.8
2024-11-06,TR-11,11#矿车,2021,8.64,2,227.1,3924.9
2024-11-06,TR-12,12#矿车,2013,6.74,3,227.1,4589.8
2024-11-07,TR-01,01#矿车,2017,8.42,2,219.5,3698.2
2024-11-07,TR-02,02#矿车,2021,7.93,3,217.3,5172.0
2024-11-07,TR-03,03#矿车,2019,8.45,3,219.3,5562.1
2024-11-07,TR-04,04#矿车,2014,7.36,2,217.8,3205.3
2024-11-07,TR-05,05#矿车,2022,8.56,2,231.5,3965.5
2024-11-07,TR-06,06#矿车,2018,8.23,3,229.1,5655.8
2024-11-07,TR-07,07#矿车,2020,8.82,3,217.4,5754.2
2024-11-07,TR-08,08#矿车,2015,8.75,3,222.5,5841.8
2024-11-07,TR-09,09#矿车,2023,8.04,3,220.5,5318.1
2024-11-07,TR-10,10#矿车,2016,8.25,3,229.2,5675.1
2024-11-07,TR-11,11#矿车,2021,8.92,3,227.1,6075.7
2024-11-07,TR-12,12#矿车,2013,6.5,3,227.1,4428.9
2024-11-08,TR-01,01#矿车,2017,7.99,3,219.5,5259.2
2024-11-08,TR-02,02#矿车,2021,8.01,3,217.3,5224.1
2024-11-08,TR-03,03#矿车,2019,8.23,2,219.3,3610.9
2024-11-08,TR-04,04#矿车,2014,7.26,2,217.8,3160.4
2024-11-08,TR-05,05#矿车,2022,8.56,3,231.5,5943.8
2024-11-08,TR-06,06#矿车,2018,8.08,3,229.1,5555.5
2024-11-08,TR-07,07#矿车,2020,8.53,2,217.4,3706.1
2024-11-08,TR-08,08#矿车,2015,8.86,3,222.5,5910.9
2024-11-08,TR-09,09#矿车,2023,7.4,2,220.5,3264.6
2024-11-08,TR-10,10#矿车,2016,8.39,3,229.2,5769.0
2024-11-08,TR-11,11#矿车,2021,8.74,3,227.1,5955.1
2024-11-08,TR-12,12#矿车,2013,6.95,3,227.1,4734.7
2024-11-09,TR-01,01#矿车,2017,7.77,3,219.5,5115.0
2024-11-09,TR-02,02#矿车,2021,8.46,2,217.3,3674.7
2024-11-09,TR-03,03#矿车,2019,8.35,2,219.3,3663.8
2024-11-09,TR-04,04#矿车,2014,7.32,3,217.8,4780.7
2024-11-09,TR-05,05#矿车,2022,8.55,3,231.5,5936.1
2024-11-09,TR-06,06#矿车,2018,7.94,2,229.1,3637.3
2024-11-09,TR-07,07#矿车,2020,8.55,3,217.4,5578.2
2024-11-09,TR-08,08#矿车,2015,8.88,3,222.5,5930.0
2024-11-09,TR-09,09#矿车,2023,7.6,2,220.5,3352.5
2024-11-09,TR-10,10#矿车,2016,8.74,2,229.2,4005.1
2024-11-09,TR-11,11#矿车,2021,8.29,3,227.1,5650.1
2024-11-09,TR-12,12#矿车,2013,6.68,3,227.1,4549.8
2024-11-10,TR-01,01#矿车,2017,8.09,3,219.5,5328.6
2024-11-10,TR-02,02#矿车,2021,8.35,3,217.3,5443.0
2024-11-10,TR-03,03#矿车,2019,8.05,2,219.3,3530.7
2024-11-10,TR-04,04#矿车,2014,7.27,3,217.8,4751.8
2024-11-10,TR-05,05#矿车,2022,8.32,3,231.5,5776.8
2024-11-10,TR-06,06#矿车,2018,8.07,3,229.1,5544.2
2024-11-10,TR-07,07#矿车,2020,8.15,3,217.4,5316.8
2024-11-10,TR-08,08#矿车,2015,8.55,2,222.5,3806.3
2024-11-10,TR-09,09#矿车,2023,7.81,2,220.5,3445.2
2024-11-10,TR-10,10#矿车,2016,8.63,3,229.2,5937.7
2024-11-10,TR-11,11#矿车,2021,8.29,3,227.1,5644.4
2024-11-10,TR-12,12#矿车,2013,6.86,3,227.1,4677.2
2024-11-11,TR-01,01#矿车,2017,8.2,3,219.5,5397.4
2024-11-11,TR-02,02#矿车,2021,8.33,3,217.3,5431.5
2024-11-11,TR-03,03#矿车,2019,8.04,2,219.3,3527.4
2024-11-11,TR-04,04#矿车,2014,6.76,2,217.8,2945.7
2024-11-11,TR-05,05#矿车,2022,8.45,2,231.5,3910.8
2024-11-11,TR-06,06#矿车,2018,7.69,2,229.1,3525.4
2024-11-11,TR-07,07#矿车,2020,8.48,2,217.4,3685.0
2024-11-11,TR-08,08#矿车,2015,8.18,3,222.5,5457.3
2024-11-11,TR-09,09#矿车,2023,7.83,3,220.5,5181.4
2024-11-11,TR-10,10#矿车,2016,8.76,2,229.2,4017.9
2024-11-11,TR-11,11#矿车,2021,8.43,2,227.1,3828.4
2024-11-11,TR-12,12#矿车,2013,6.3,2,227.1,2860.4
2024-11-12,TR-01,01#矿车,2017,8.19,2,219.5,3595.3
2024-11-12,TR-02,02#矿车,2021,8.2,3,217.3,5345.0
2024-11-12,TR-03,03#矿车,2019,7.95,3,219.3,5231.7
2024-11-12,TR-04,04#矿车,2014,6.91,2,217.8,3009.0
2024-11-12,TR-05,05#矿车,2022,8.78,3,231.5,6096.1
2024-11-12,TR-06,06#矿车,2018,8.12,3,229.1,5580.7
2024-11-12,TR-07,07#矿车,2020,8.83,2,217.4,3839.6
2024-11-12,TR-08,08#矿车,2015,8.54,2,222.5,3798.7
2024-11-12,TR-09,09#矿车,2023,7.58,3,220.5,5014.5
2024-11-12,TR-10,10#矿车,2016,8.73,2,229.2,4004.8
2024-11-12,TR-11,11#矿车,2021,8.89,3,227.1,6054.4
2024-11-12,TR-12,12#矿车,2013,7.21,2,227.1,3275.7
2024-11-13,TR-01,01#矿车,2017,7.82,3,219.5,5152.0
2024-11-13,TR-02,02#矿车,2021,8.38,2,217.3,3640.1
2024-11-13,TR-03,03#矿车,2019,7.78,3,219.3,5120.8
2024-11-13,TR-04,04#矿车,2014,7.43,2,217.8,3235.9
2024-11-13,TR-05,05#矿车,2022,8.64,3,231.5,6000.2
2024-11-13,TR-06,06#矿车,2018,8.1,3,229.1,5570.3
2024-11-13,TR-07,07#矿车,2020,8.61,3,217.4,5614.4
2024-11-13,TR-08,08#矿车,2015,8.76,2,222.5,3896.0
2024-11-13,TR-09,09#矿车,2023,7.61,2,220.5,3356.2
2024-11-13,TR-10,10#矿车,2016,8.81,3,229.2,6059.4
2024-11-13,TR-11,11#矿车,2021,8.32,2,227.1,3779.4
2024-11-13,TR-12,12#矿车,2013,7.29,3,227.1,4964.2
2024-11-14,TR-01,01#矿车,2017,7.79,2,219.5,3419.4
2024-11-14,TR-02,02#矿车,2021,8.52,2,217.3,3703.1
2024-11-14,TR-03,03#矿车,2019,7.93,2,219.3,3480.1
2024-11-14,TR-04,04#矿车,2014,7.57,2,217.8,3296.7
2024-11-14,TR-05,05#矿车,2022,8.71,3,231.5,6051.2
2024-11-14,TR-06,06#矿车,2018,8.05,3,229.1,5533.3
2024-11-14,TR-07,07#矿车,2020,9.06,2,217.4,3940.0
2024-11-14,TR-08,08#矿车,2015,8.39,3,222.5,5602.0
2024-11-14,TR-09,09#矿车,2023,8.22,3,220.5,5436.3
2024-11-14,TR-10,10#矿车,2016,8.35,3,229.2,5744.4
2024-11-14,TR-11,11#矿车,2021,8.8,3,227.1,5991.0
2024-11-14,TR-12,12#矿车,2013,7.62,3,227.1,5189.4
2024-11-15,TR-01,01#矿车,2017,7.72,2,219.5,3388.5
2024-11-15,TR-02,02#矿车,2021,8.8,3,217.3,5739.9
2024-11-15,TR-03,03#矿车,2019,8.12,3,219.3,5344.2
2024-11-15,TR-04,04#矿车,2014,7.65,3,217.8,4995.6
2024-11-15,TR-05,05#矿车,2022,8.65,3,231.5,6009.6
2024-11-15,TR-06,06#矿车,2018,7.56,2,229.1,3464.6
2024-11-15,TR-07,07#矿车,2020,8.77,3,217.4,5717.2
2024-11-15,TR-08,08#矿车,2015,8.57,3,222.5,5720.0
2024-11-15,TR-09,09#矿车,2023,8.22,3,220.5,5440.9
2024-11-15,TR-10,10#矿车,2016,8.46,2,229.2,3879.7
2024-11-15,TR-11,11#矿车,2021,8.33,2,227.1,3783.3
2024-11-15,TR-12,12#矿车,2013,6.83,2,227.1,3103.4
2024-11-16,TR-01,01#矿车,2017,8.16,3,219.5,5373.8
2024-11-16,TR-02,02#矿车,2021,8.08,3,217.3,5269.4
2024-11-16,TR-03,03#矿车,2019,8.1,2,219.3,3551.7
2024-11-16,TR-04,04#矿车,2014,7.44,2,217.8,3240.2
2024-11-16,TR-05,05#矿车,2022,8.65,3,231.5,6010.8
2024-11-16,TR-06,06#矿车,2018,7.75,3,229.1,5328.7
2024-11-16,TR-07,07#矿车,2020,9.1,3,217.4,5932.8
2024-11-16,TR-08,08#矿车,2015,8.23,2,222.5,3660.2
2024-11-16,TR-09,09#矿车,2023,8.12,2,220.5,3581.6
2024-11-16,TR-10,10#矿车,2016,8.55,3,229.2,5879.9
2024-11-16,TR-11,11#矿车,2021,8.77,3,227.1,5971.5
2024-11-16,TR-12,12#矿车,2013,6.75,2,227.1,3064.9
2024-11-17,TR-01,01#矿车,2017,8.3,2,219.5,3644.3
2024-11-17,TR-02,02#矿车,2021,8.46,2,217.3,3675.8
2024-11-17,TR-03,03#矿车,2019,8.04,3,219.3,5293.1
2024-11-17,TR-04,04#矿车,2014,7.28,2,217.8,3169.8
2024-11-17,TR-05,05#矿车,2022,8.5,3,231.5,5902.3
2024-11-17,TR-06,06#矿车,2018,7.82,3,229.1,5376.1
2024-11-17,TR-07,07#矿车,2020,8.73,3,217.4,5695.6
2024-11-17,TR-08,08#矿车,2015,8.32,3,222.5,5553.5
2024-11-17,TR-09,09#矿车,2023,7.47,3,220.5,4944.7
2024-11-17,TR-10,10#矿车,2016,7.8,3,229.2,5361.5
2024-11-17,TR-11,11#矿车,2021,8.56,3,227.1,5830.5
2024-11-17,TR-12,12#矿车,2013,6.79,3,227.1,4626.3
2024-11-18,TR-01,01#矿车,2017,8.32,2,219.5,3654.6
2024-11-18,TR-02,02#矿车,2021,8.03,3,217.3,5235.0
2024-11-18,TR-03,03#矿车,2019,8.12,3,219.3,5345.5
2024-11-18,TR-04,04#矿车,2014,7.08,3,217.8,4625.2
2024-11-18,TR-05,05#矿车,2022,8.86,3,231.5,6153.1
2024-11-18,TR-06,06#矿车,2018,7.7,3,229.1,5294.0
2024-11-18,TR-07,07#矿车,2020,8.5,2,217.4,3696.3
2024-11-18,TR-08,08#矿车,2015,8.68,3,222.5,5796.9
2024-11-18,TR-09,09#矿车,2023,7.63,3,220.5,5047.7
2024-11-18,TR-10,10#矿车,2016,8.54,2,229.2,3915.7
2024-11-18,TR-11,11#矿车,2021,8.75,3,227.1,5963.2
2024-11-18,TR-12,12#矿车,2013,7.42,2,227.1,3369.2
2024-11-19,TR-01,01#矿车,2017,8.03,3,219.5,5287.0
2024-11-19,TR-02,02#矿车,2021,7.86,3,217.3,5123.8
2024-11-19,TR-03,03#矿车,2019,8.26,2,219.3,3623.3
2024-11-19,TR-04,04#矿车,2014,6.86,3,217.8,4481.7
2024-11-19,TR-05,05#矿车,2022,8.77,3,231.5,6094.8
2024-11-19,TR-06,06#矿车,2018,8.14,3,229.1,5595.6
2024-11-19,TR-07,07#矿车,2020,8.68,3,217.4,5659.0
2024-11-19,TR-08,08#矿车,2015,8.45,2,222.5,3762.3
2024-11-19,TR-09,09#矿车,2023,7.91,2,220.5,3488.4
2024-11-19,TR-10,10#矿车,2016,8.72,3,229.2,5993.8
2024-11-19,TR-11,11#矿车,2021,8.99,3,227.1,6121.1
2024-11-19,TR-12,12#矿车,2013,7.08,3,227.1,4820.9
2024-11-20,TR-01,01#矿车,2017,7.82,2,219.5,3431.5
2024-11-20,TR-02,02#矿车,2021,8.37,3,217.3,5457.9
2024-11-20,TR-03,03#矿车,2019,8.03,2,219.3,3523.8
2024-11-20,TR-04,04#矿车,2014,7.27,2,217.8,3168.1
2024-11-20,TR-05,05#矿车,2022,8.5,2,231.5,3938.0
2024-11-20,TR-06,06#矿车,2018,8.05,3,229.1,5530.8
2024-11-20,TR-07,07#矿车,2020,8.41,2,217.4,3656.3
2024-11-20,TR-08,08#矿车,2015,8.68,2,222.5,3861.6
2024-11-20,TR-09,09#矿车,2023,8.03,3,220.5,5310.3
2024-11-20,TR-10,10#矿车,2016,8.85,2,229.2,4059.6
2024-11-20,TR-11,11#矿车,2021,8.94,3,227.1,6091.7
2024-11-20,TR-12,12#矿车,2013,6.71,3,227.1,4570.8
2024-11-21,TR-01,01#矿车,2017,7.84,3,219.5,5160.6
2024-11-21,TR-02,02#矿车,2021,8.51,3,217.3,5547.5
2024-11-21,TR-03,03#矿车,2019,8.36,3,219.3,5499.6
2024-11-21,TR-04,04#矿车,2014,7.12,3,217.8,4653.3
2024-11-21,TR-05,05#矿车,2022,8.72,3,231.5,6058.0
2024-11-21,TR-06,06#矿车,2018,7.78,3,229.1,5345.2
2024-11-21,TR-07,07#矿车,2020,8.6,2,217.4,3738.6
2024-11-21,TR-08,08#矿车,2015,8.2,3,222.5,5471.5
2024-11-21,TR-09,09#矿车,2023,7.67,2,220.5,3381.4
2024-11-21,TR-10,10#矿车,2016,8.3,2,229.2,3807.2
2024-11-21,TR-11,11#矿车,2021,8.77,3,227.1,5972.8
2024-11-21,TR-12,12#矿车,2013,7.11,2,227.1,3229.8
2024-11-22,TR-01,01#矿车,2017,8.19,2,219.5,3598.1
2024-11-22,TR-02,02#矿车,2021,8.02,3,217.3,5227.9
2024-11-22,TR-03,03#矿车,2019,8.24,2,219.3,3615.3
2024-11-22,TR-04,04#矿车,2014,7.05,3,217.8,4607.1
2024-11-22,TR-05,05#矿车,2022,8.75,3,231.5,6079.6
2024-11-22,TR-06,06#矿车,2018,8.48,2,229.1,3885.9
2024-11-22,TR-07,07#矿车,2020,8.79,2,217.4,3820.7
2024-11-22,TR-08,08#矿车,2015,8.55,3,222.5,5708.8
2024-11-22,TR-09,09#矿车,2023,8.3,2,220.5,3659.6
2024-11-22,TR-10,10#矿车,2016,8.41,2,229.2,3853.9
2024-11-22,TR-11,11#矿车,2021,8.93,2,227.1,4056.1
2024-11-22,TR-12,12#矿车,2013,7.04,3,227.1,4794.5
2024-11-23,TR-01,01#矿车,2017,8.03,3,219.5,5288.1
2024-11-23,TR-02,02#矿车,2021,8.37,3,217.3,5459.2
2024-11-23,TR-03,03#矿车,2019,8.66,2,219.3,3800.5
2024-11-23,TR-04,04#矿车,2014,7.21,2,217.8,3138.1
2024-11-23,TR-05,05#矿车,2022,8.84,3,231.5,6137.4
2024-11-23,TR-06,06#矿车,2018,8.02,2,229.1,3674.0
2024-11-23,TR-07,07#矿车,2020,8.66,2,217.4,3764.8
2024-11-23,TR-08,08#矿车,2015,8.97,2,222.5,3991.5
2024-11-23,TR-09,09#矿车,2023,8.28,3,220.5,5480.2
2024-11-23,TR-10,10#矿车,2016,8.64,3,229.2,5945.4
2024-11-23,TR-11,11#矿车,2021,8.83,3,227.1,6017.7
2024-11-23,TR-12,12#矿车,2013,7.25,3,227.1,4939.8
2024-11-24,TR-01,01#矿车,2017,8.05,2,219.5,3536.4
2024-11-24,TR-02,02#矿车,2021,8.22,3,217.3,5360.5
2024-11-24,TR-03,03#矿车,2019,8.47,3,219.3,5574.6
2024-11-24,TR-04,04#矿车,2014,6.98,2,217.8,3040.2
2024-11-24,TR-05,05#矿车,2022,7.9,2,231.5,3656.1
2024-11-24,TR-06,06#矿车,2018,8.05,3,229.1,5534.2
2024-11-24,TR-07,07#矿车,2020,8.68,3,217.4,5660.1
2024-11-24,TR-08,08#矿车,2015,8.78,3,222.5,5862.4
2024-11-24,TR-09,09#矿车,2023,8.22,3,220.5,5438.0
2024-11-24,TR-10,10#矿车,2016,7.91,2,229.2,3626.3
2024-11-24,TR-11,11#矿车,2021,8.49,3,227.1,5786.0
2024-11-24,TR-12,12#矿车,2013,7.31,3,227.1,4980.4
2024-11-25,TR-01,01#矿车,2017,7.94,2,219.5,3486.0
2024-11-25,TR-02,02#矿车,2021,7.73,3,217.3,5038.7
2024-11-25,TR-03,03#矿车,2019,8.11,3,219.3,5338.4
2024-11-25,TR-04,04#矿车,2014,7.0,3,217.8,4574.4
2024-11-25,TR-05,05#矿车,2022,8.39,3,231.5,5824.6
2024-11-25,TR-06,06#矿车,2018,7.79,3,229.1,5351.8
2024-11-25,TR-07,07#矿车,2020,8.67,2,217.4,3770.5
2024-11-25,TR-08,08#矿车,2015,8.65,3,222.5,5772.7
2024-11-25,TR-09,09#矿车,2023,8.23,3,220.5,5447.7
2024-11-25,TR-10,10#矿车,2016,8.46,2,229.2,3880.1
2024-11-25,TR-11,11#矿车,2021,8.27,3,227.1,5630.2
2024-11-25,TR-12,12#矿车,2013,7.29,3,227.1,4967.4
2024-11-26,TR-01,01#矿车,2017,8.15,2,219.5,3578.0
2024-11-26,TR-02,02#矿车,2021,8.2,3,217.3,5346.9
2024-11-26,TR-03,03#矿车,2019,7.97,3,219.3,5242.8
2024-11-26,TR-04,04#矿车,2014,7.62,3,217.8,4979.9
2024-11-26,TR-05,05#矿车,2022,8.28,3,231.5,5750.9
2024-11-26,TR-06,06#矿车,2018,7.87,3,229.1,5406.9
2024-11-26,TR-07,07#矿车,2020,8.52,2,217.4,3705.3
2024-11-26,TR-08,08#矿车,2015,8.84,2,222.5,3933.9
2024-11-26,TR-09,09#矿车,2023,8.07,3,220.5,5335.5
2024-11-26,TR-10,10#矿车,2016,8.49,3,229.2,5839.4
2024-11-26,TR-11,11#矿车,2021,8.22,2,227.1,3730.6
2024-11-26,TR-12,12#矿车,2013,7.01,3,227.1,4773.9
2024-11-27,TR-01,01#矿车,2017,8.45,3,219.5,5567.5
2024-11-27,TR-02,02#矿车,2021,8.14,3,217.3,5309.6
2024-11-27,TR-03,03#矿车,2019,7.96,3,219.3,5234.0
2024-11-27,TR-04,04#矿车,2014,7.59,3,217.8,4961.1
2024-11-27,TR-05,05#矿车,2022,8.34,3,231.5,5795.5
2024-11-27,TR-06,06#矿车,2018,8.34,3,229.1,5732.3
2024-11-27,TR-07,07#矿车,2020,8.38,3,217.4,5465.1
2024-11-27,TR-08,08#矿车,2015,9.18,2,222.5,4086.8
2024-11-27,TR-09,09#矿车,2023,8.2,3,220.5,5425.4
2024-11-27,TR-10,10#矿车,2016,8.05,3,229.2,5538.4
2024-11-27,TR-11,11#矿车,2021,8.67,2,227.1,3936.7
2024-11-27,TR-12,12#矿车,2013,6.94,3,227.1,4731.3
2024-11-28,TR-01,01#矿车,2017,8.64,2,219.5,3795.5
2024-11-28,TR-02,02#矿车,2021,8.5,3,217.3,5543.4
2024-11-28,TR-03,03#矿车,2019,8.02,3,219.3,5279.8
2024-11-28,TR-04,04#矿车,2014,7.2,3,217.8,4705.4
2024-11-28,TR-05,05#矿车,2022,8.47,2,231.5,3922.4
2024-11-28,TR-06,06#矿车,2018,7.6,2,229.1,3483.8
2024-11-28,TR-07,07#矿车,2020,8.54,2,217.4,3712.0
2024-11-28,TR-08,08#矿车,2015,8.95,3,222.5,5974.1
2024-11-28,TR-09,09#矿车,2023,8.47,3,220.5,5600.8
2024-11-28,TR-10,10#矿车,2016,8.27,3,229.2,5687.2
2024-11-28,TR-11,11#矿车,2021,8.89,2,227.1,4037.8
2024-11-28,TR-12,12#矿车,2013,6.62,3,227.1,4507.6
2024-11-29,TR-01,01#矿车,2017,8.41,3,219.5,5538.2
2024-11-29,TR-02,02#矿车,2021,8.23,3,217.3,5364.1
2024-11-29,TR-03,03#矿车,2019,8.09,3,219.3,5322.1
2024-11-29,TR-04,04#矿车,2014,7.11,3,217.8,4642.9
2024-11-29,TR-05,05#矿车,2022,8.55,3,231.5,5939.9
2024-11-29,TR-06,06#矿车,2018,7.72,3,229.1,5303.3
2024-11-29,TR-07,07#矿车,2020,8.58,3,217.4,5597.4
2024-11-29,TR-08,08#矿车,2015,8.69,3,222.5,5799.3
2024-11-29,TR-09,09#矿车,2023,7.87,3,220.5,5205.2
2024-11-29,TR-10,10#矿车,2016,8.5,2,229.2,3899.2
2024-11-29,TR-11,11#矿车,2021,9.33,3,227.1,6355.0
2024-11-29,TR-12,12#矿车,2013,6.93,3,227.1,4724.5
2024-11-30,TR-01,01#矿车,2017,8.05,2,219.5,3533.7
2024-11-30,TR-02,02#矿车,2021,8.41,2,217.3,3654.9
2024-11-30,TR-03,03#矿车,2019,8.43,3,219.3,5547.9
2024-11-30,TR-04,04#矿车,2014,7.09,3,217.8,4632.7
2024-11-30,TR-05,05#矿车,2022,8.72,2,231.5,4037.7
2024-11-30,TR-06,06#矿车,2018,7.8,2,229.1,3575.6
2024-11-30,TR-07,07#矿车,2020,8.49,2,217.4,3690.4
2024-11-30,TR-08,08#矿车,2015,8.85,2,222.5,3936.8
2024-11-30,TR-09,09#矿车,2023,7.99,3,220.5,5284.6
2024-11-30,TR-10,10#矿车,2016,8.19,2,229.2,3756.9
2024-11-30,TR-11,11#矿车,2021,8.66,3,227.1,5899.2
2024-11-30,TR-12,12#矿车,2013,7.08,3,227.1,4826.3
2024-12-01,TR-01,01#矿车,2017,8.12,3,219.5,5347.4
2024-12-01,TR-02,02#矿车,2021,8.64,2,217.3,3755.9
2024-12-01,TR-03,03#矿车,2019,8.2,2,219.3,3598.2
2024-12-01,TR-04,04#矿车,2014,6.52,2,217.8,2838.9
2024-12-01,TR-05,05#矿车,2022,8.83,3,231.5,6134.4
2024-12-01,TR-06,06#矿车,2018,8.02,2,229.1,3674.4
2024-12-01,TR-07,07#矿车,2020,8.56,3,217.4,5583.4
2024-12-01,TR-08,08#矿车,2015,8.97,2,222.5,3990.7
2024-12-01,TR-09,09#矿车,2023,8.0,3,220.5,5295.1
2024-12-01,TR-10,10#矿车,2016,8.41,3,229.2,5784.3
2024-12-01,TR-11,11#矿车,2021,8.62,3,227.1,5871.9
2024-12-01,TR-12,12#矿车,2013,7.54,2,227.1,3422.8
2024-12-02,TR-01,01#矿车,2017,8.27,2,219.5,3632.6
2024-12-02,TR-02,02#矿车,2021,8.31,3,217.3,5419.7
2024-12-02,TR-03,03#矿车,2019,8.53,2,219.3,3741.9
2024-12-02,TR-04,04#矿车,2014,7.57,3,217.8,4947.8
2024-12-02,TR-05,05#矿车,2022,8.88,2,231.5,4111.8
2024-12-02,TR-06,06#矿车,2018,7.87,3,229.1,5408.0
2024-12-02,TR-07,07#矿车,2020,8.67,3,217.4,5654.9
2024-12-02,TR-08,08#矿车,2015,8.52,3,222.5,5688.3
2024-12-02,TR-09,09#矿车,2023,7.74,2,220.5,3412.5
2024-12-02,TR-10,10#矿车,2016,8.3,3,229.2,5710.0
2024-12-02,TR-11,11#矿车,2021,9.0,3,227.1,6131.1
2024-12-02,TR-12,12#矿车,2013,7.04,3,227.1,4799.0
2024-12-03,TR-01,01#矿车,2017,8.28,3,219.5,5455.1
2024-12-03,TR-02,02#矿车,2021,8.66,3,217.3,5644.3
2024-12-03,TR-03,03#矿车,2019,8.44,3,219.3,5551.2
2024-12-03,TR-04,04#矿车,2014,6.92,2,217.8,3015.4
2024-12-03,TR-05,05#矿车,2022,8.25,2,231.5,3818.6
2024-12-03,TR-06,06#矿车,2018,7.79,2,229.1,3568.0
2024-12-03,TR-07,07#矿车,2020,8.7,3,217.4,5674.6
2024-12-03,TR-08,08#矿车,2015,8.67,2,222.5,3857.6
2024-12-03,TR-09,09#矿车,2023,8.19,2,220.5,3613.2
2024-12-03,TR-10,10#矿车,2016,8.54,3,229.2,5870.3
2024-12-03,TR-11,11#矿车,2021,8.61,2,227.1,3909.8
2024-12-03,TR-12,12#矿车,2013,7.22,3,227.1,4920.7
2024-12-04,TR-01,01#矿车,2017,8.24,3,219.5,5427.3
2024-12-04,TR-02,02#矿车,2021,8.33,3,217.3,5430.3
2024-12-04,TR-03,03#矿车,2019,8.74,3,219.3,5751.1
2024-12-04,TR-04,04#矿车,2014,6.99,3,217.8,4566.7
2024-12-04,TR-05,05#矿车,2022,8.35,3,231.5,5796.9
2024-12-04,TR-06,06#矿车,2018,7.79,3,229.1,5352.0
2024-12-04,TR-07,07#矿车,2020,9.11,2,217.4,3959.5
2024-12-04,TR-08,08#矿车,2015,8.17,2,222.5,3635.3
2024-12-04,TR-09,09#矿车,2023,8.02,3,220.5,5305.2
2024-12-04,TR-10,10#矿车,2016,8.47,3,229.2,5825.0
2024-12-04,TR-11,11#矿车,2021,8.71,3,227.1,5936.1
2024-12-04,TR-12,12#矿车,2013,7.29,3,227.1,4967.9
2024-12-05,TR-01,01#矿车,2017,8.45,2,219.5,3710.7
2024-12-05,TR-02,02#矿车,2021,8.5,2,217.3,3692.8
2024-12-05,TR-03,03#矿车,2019,8.09,3,219.3,5320.2
2024-12-05,TR-04,04#矿车,2014,7.27,3,217.8,4751.5
2024-12-05,TR-05,05#矿车,2022,8.5,2,231.5,3937.2
2024-12-05,TR-06,06#矿车,2018,7.95,3,229.1,5466.7
2024-12-05,TR-07,07#矿车,2020,8.95,2,217.4,3888.5
2024-12-05,TR-08,08#矿车,2015,8.33,2,222.5,3707.3
2024-12-05,TR-09,09#矿车,2023,7.89,3,220.5,5221.4
2024-12-05,TR-10,10#矿车,2016,8.68,2,229.2,3977.5
2024-12-05,TR-11,11#矿车,2021,8.13,2,227.1,3690.8
2024-12-05,TR-12,12#矿车,2013,7.58,2,227.1,3443.6
2024-12-06,TR-01,01#矿车,2017,8.23,3,219.5,5420.0
2024-12-06,TR-02,02#矿车,2021,8.13,2,217.3,3534.2
2024-12-06,TR-03,03#矿车,2019,8.08,3,219.3,5318.4
2024-12-06,TR-04,04#矿车,2014,7.16,3,217.8,4677.0
2024-12-06,TR-05,05#矿车,2022,8.57,3,231.5,5954.8
2024-12-06,TR-06,06#矿车,2018,7.75,3,229.1,5329.0
2024-12-06,TR-07,07#矿车,2020,8.8,3,217.4,5735.2
2024-12-06,TR-08,08#矿车,2015,8.49,3,222.5,5665.9
2024-12-06,TR-09,09#矿车,2023,7.84,3,220.5,5188.5
2024-12-06,TR-10,10#矿车,2016,8.85,3,229.2,6085.1
2024-12-06,TR-11,11#矿车,2021,7.5,2,227.1,3406.1
2024-12-06,TR-12,12#矿车,2013,6.88,3,227.1,4685.6
2024-12-07,TR-01,01#矿车,2017,7.85,3,219.5,5173.0
2024-12-07,TR-02,02#矿车,2021,8.37,2,217.3,3639.8
2024-12-07,TR-03,03#矿车,2019,8.17,3,219.3,5373.0
2024-12-07,TR-04,04#矿车,2014,7.05,2,217.8,3071.7
2024-12-07,TR-05,05#矿车,2022,8.97,3,231.5,6230.8
2024-12-07,TR-06,06#矿车,2018,8.07,2,229.1,3697.9
2024-12-07,TR-07,07#矿车,2020,8.14,3,217.4,5310.8
2024-12-07,TR-08,08#矿车,2015,8.21,2,222.5,3652.1
2024-12-07,TR-09,09#矿车,2023,7.92,3,220.5,5237.5
2024-12-07,TR-10,10#矿车,2016,8.63,3,229.2,5937.2
2024-12-07,TR-11,11#矿车,2021,8.53,3,227.1,5809.0
2024-12-07,TR-12,12#矿车,2013,6.93,2,227.1,3147.0
2024-12-08,TR-01,01#矿车,2017,8.05,3,219.5,5300.1
2024-12-08,TR-02,02#矿车,2021,7.88,3,217.3,5138.3
2024-12-08,TR-03,03#矿车,2019,8.48,3,219.3,5581.9
2024-12-08,TR-04,04#矿车,2014,7.6,3,217.8,4961.8
2024-12-08,TR-05,05#矿车,2022,8.8,3,231.5,6110.9
2024-12-08,TR-06,06#矿车,2018,8.21,3,229.1,5643.2
2024-12-08,TR-07,07#矿车,2020,8.78,3,217.4,5724.7
2024-12-08,TR-08,08#矿车,2015,8.16,2,222.5,3631.9
2024-12-08,TR-09,09#矿车,2023,4.88,1,220.5,1076.7
2024-12-08,TR-10,10#矿车,2016,8.58,3,229.2,5902.7
2024-12-08,TR-11,11#矿车,2021,5.65,0,227.1,0.0
2024-12-08,TR-12,12#矿车,2013,7.17,3,227.1,4885.2
2024-12-09,TR-01,01#矿车,2017,8.11,3,219.5,5339.9
2024-12-09,TR-02,02#矿车,2021,8.29,2,217.3,3603.7
2024-12-09,TR-03,03#矿车,2019,8.59,2,219.3,3767.7
2024-12-09,TR-04,04#矿车,2014,7.25,2,217.8,3157.9
2024-12-09,TR-05,05#矿车,2022,8.56,2,231.5,3963.7
2024-12-09,TR-06,06#矿车,2018,7.95,2,229.1,3643.4
2024-12-09,TR-07,07#矿车,2020,8.97,2,217.4,3900.6
2024-12-09,TR-08,08#矿车,2015,8.83,2,222.5,3931.5
2024-12-09,TR-09,09#矿车,2023,7.96,3,220.5,5266.0
2024-12-09,TR-10,10#矿车,2016,8.92,3,229.2,6134.8
2024-12-09,TR-11,11#矿车,2021,8.36,3,227.1,5695.6
2024-12-09,TR-12,12#矿车,2013,6.78,2,227.1,3080.7
2024-12-10,TR-01,01#矿车,2017,8.83,3,219.5,5814.3
2024-12-10,TR-02,02#矿车,2021,8.62,3,217.3,5616.6
2024-12-10,TR-03,03#矿车,2019,8.27,3,219.3,5439.0
2024-12-10,TR-04,04#矿车,2014,7.25,2,217.8,3156.5
2024-12-10,TR-05,05#矿车,2022,8.21,3,231.5,5701.2
2024-12-10,TR-06,06#矿车,2018,8.34,3,229.1,5728.9
2024-12-10,TR-07,07#矿车,2020,9.12,3,217.4,5944.4
2024-12-10,TR-08,08#矿车,2015,8.2,3,222.5,5476.6
2024-12-10,TR-09,09#矿车,2023,7.68,2,220.5,3388.9
2024-12-10,TR-10,10#矿车,2016,8.0,3,229.2,5499.0
2024-12-10,TR-11,11#矿车,2021,8.34,3,227.1,5682.1
2024-12-10,TR-12,12#矿车,2013,6.96,2,227.1,3160.4
2024-12-11,TR-01,01#矿车,2017,8.53,3,219.5,5619.5
2024-12-11,TR-02,02#矿车,2021,8.52,3,217.3,5556.3
2024-12-11,TR-03,03#矿车,2019,8.43,2,219.3,3696.8
2024-12-11,TR-04,04#矿车,2014,7.09,3,217.8,4633.2
2024-12-11,TR-05,05#矿车,2022,8.6,2,231.5,3980.2
2024-12-11,TR-06,06#矿车,2018,7.87,3,229.1,5410.8
2024-12-11,TR-07,07#矿车,2020,9.02,3,217.4,5883.1
2024-12-11,TR-08,08#矿车,2015,7.89,2,222.5,3511.2
2024-12-11,TR-09,09#矿车,2023,7.7,2,220.5,3395.1
2024-12-11,TR-10,10#矿车,2016,7.82,3,229.2,5380.6
2024-12-11,TR-11,11#矿车,2021,8.54,2,227.1,3876.6
2024-12-11,TR-12,12#矿车,2013,7.0,3,227.1,4768.1
2024-12-12,TR-01,01#矿车,2017,8.6,2,219.5,3774.2
2024-12-12,TR-02,02#矿车,2021,8.27,2,217.3,3594.9
2024-12-12,TR-03,03#矿车,2019,8.48,3,219.3,5581.3
2024-12-12,TR-04,04#矿车,2014,7.03,3,217.8,4592.2
2024-12-12,TR-05,05#矿车,2022,8.89,3,231.5,6172.0
2024-12-12,TR-06,06#矿车,2018,8.01,3,229.1,5503.4
2024-12-12,TR-07,07#矿车,2020,8.83,2,217.4,3836.6
2024-12-12,TR-08,08#矿车,2015,8.35,2,222.5,3713.8
2024-12-12,TR-09,09#矿车,2023,8.19,3,220.5,5417.6
2024-12-12,TR-10,10#矿车,2016,8.14,3,229.2,5601.6
2024-12-12,TR-11,11#矿车,2021,8.89,3,227.1,6052.6
2024-12-12,TR-12,12#矿车,2013,6.97,3,227.1,4746.0
2024-12-13,TR-01,01#矿车,2017,8.12,2,219.5,3563.6
2024-12-13,TR-02,02#矿车,2021,8.32,2,217.3,3617.9
2024-12-13,TR-03,03#矿车,2019,8.25,3,219.3,5427.8
2024-12-13,TR-04,04#矿车,2014,7.42,3,217.8,4850.3
2024-12-13,TR-05,05#矿车,2022,8.45,3,231.5,5865.9
2024-12-13,TR-06,06#矿车,2018,8.19,3,229.1,5629.3
2024-12-13,TR-07,07#矿车,2020,8.83,3,217.4,5754.5
2024-12-13,TR-08,08#矿车,2015,8.65,3,222.5,5776.2
2024-12-13,TR-09,09#矿车,2023,7.7,2,220.5,3394.8
2024-12-13,TR-10,10#矿车,2016,8.39,3,229.2,5766.7
2024-12-13,TR-11,11#矿车,2021,8.7,2,227.1,3951.4
2024-12-13,TR-12,12#矿车,2013,7.27,2,227.1,3301.6
2024-12-14,TR-01,01#矿车,2017,7.94,3,219.5,5228.8
2024-12-14,TR-02,02#矿车,2021,8.13,2,217.3,3533.8
2024-12-14,TR-03,03#矿车,2019,8.16,3,219.3,5367.7
2024-12-14,TR-04,04#矿车,2014,7.19,2,217.8,3130.7
2024-12-14,TR-05,05#矿车,2022,9.11,3,231.5,6328.2
2024-12-14,TR-06,06#矿车,2018,7.99,3,229.1,5493.9
2024-12-14,TR-07,07#矿车,2020,8.48,3,217.4,5528.3
2024-12-14,TR-08,08#矿车,2015,8.85,3,222.5,5908.9
2024-12-14,TR-09,09#矿车,2023,7.73,2,220.5,3409.4
2024-12-14,TR-10,10#矿车,2016,8.41,3,229.2,5784.8
2024-12-14,TR-11,11#矿车,2021,8.22,3,227.1,5598.6
2024-12-14,TR-12,12#矿车,2013,7.31,3,227.1,4981.8
2024-12-15,TR-01,01#矿车,2017,8.55,2,219.5,3753.9
2024-12-15,TR-02,02#矿车,2021,8.07,3,217.3,5257.7
2024-12-15,TR-03,03#矿车,2019,8.38,3,219.3,5510.5
2024-12-15,TR-04,04#矿车,2014,7.29,3,217.8,4763.5
2024-12-15,TR-05,05#矿车,2022,8.21,3,231.5,5701.4
2024-12-15,TR-06,06#矿车,2018,8.32,2,229.1,3813.6
2024-12-15,TR-07,07#矿车,2020,8.83,2,217.4,3838.9
2024-12-15,TR-08,08#矿车,2015,8.73,2,222.5,3884.4
2024-12-15,TR-09,09#矿车,2023,7.7,3,220.5,5094.2
2024-12-15,TR-10,10#矿车,2016,8.04,3,229.2,5529.3
2024-12-15,TR-11,11#矿车,2021,8.25,3,227.1,5619.4
2024-12-15,TR-12,12#矿车,2013,7.43,3,227.1,5065.3
2024-12-16,TR-01,01#矿车,2017,8.0,2,219.5,3513.4
2024-12-16,TR-02,02#矿车,2021,8.09,3,217.3,5275.4
2024-12-16,TR-03,03#矿车,2019,8.51,3,219.3,5598.5
2024-12-16,TR-04,04#矿车,2014,7.39,2,217.8,3219.6
2024-12-16,TR-05,05#矿车,2022,8.4,2,231.5,3891.0
2024-12-16,TR-06,06#矿车,2018,8.23,3,229.1,5659.0
2024-12-16,TR-07,07#矿车,2020,8.77,2,217.4,3812.1
2024-12-16,TR-08,08#矿车,2015,8.9,3,222.5,5940.0
2024-12-16,TR-09,09#矿车,2023,7.64,3,220.5,5053.8
2024-12-16,TR-10,10#矿车,2016,8.12,3,229.2,5587.3
2024-12-16,TR-11,11#矿车,2021,8.46,3,227.1,5759.7
2024-12-16,TR-12,12#矿车,2013,6.9,3,227.1,4701.7
2024-12-17,TR-01,01#矿车,2017,8.06,2,219.5,3539.2
2024-12-17,TR-02,02#矿车,2021,7.89,2,217.3,3427.2
2024-12-17,TR-03,03#矿车,2019,8.42,3,219.3,5541.8
2024-12-17,TR-04,04#矿车,2014,7.36,2,217.8,3206.9
2024-12-17,TR-05,05#矿车,2022,8.56,3,231.5,5948.1
2024-12-17,TR-06,06#矿车,2018,8.13,3,229.1,5590.6
2024-12-17,TR-07,07#矿车,2020,8.81,3,217.4,5743.2
2024-12-17,TR-08,08#矿车,2015,8.44,3,222.5,5632.6
2024-12-17,TR-09,09#矿车,2023,8.1,3,220.5,5355.6
2024-12-17,TR-10,10#矿车,2016,8.13,2,229.2,3727.7
2024-12-17,TR-11,11#矿车,2021,8.33,3,227.1,5673.5
2024-12-17,TR-12,12#矿车,2013,6.79,3,227.1,4623.3
2024-12-18,TR-01,01#矿车,2017,8.03,3,219.5,5290.2
2024-12-18,TR-02,02#矿车,2021,8.35,2,217.3,3627.2
2024-12-18,TR-03,03#矿车,2019,8.6,2,219.3,3773.1
2024-12-18,TR-04,04#矿车,2014,3.11,0,217.8,0.0
2024-12-18,TR-05,05#矿车,2022,8.72,3,231.5,6053.8
2024-12-18,TR-06,06#矿车,2018,8.31,2,229.1,3808.8
2024-12-18,TR-07,07#矿车,2020,8.39,2,217.4,3645.0
2024-12-18,TR-08,08#矿车,2015,8.9,3,222.5,5943.1
2024-12-18,TR-09,09#矿车,2023,8.26,3,220.5,5466.3
2024-12-18,TR-10,10#矿车,2016,8.26,2,229.2,3785.0
2024-12-18,TR-11,11#矿车,2021,8.51,3,227.1,5796.7
2024-12-18,TR-12,12#矿车,2013,7.06,2,227.1,3205.7
2024-12-19,TR-01,01#矿车,2017,7.56,2,219.5,3319.6
2024-12-19,TR-02,02#矿车,2021,8.12,3,217.3,5290.7
2024-12-19,TR-03,03#矿车,2019,8.56,3,219.3,5635.0
2024-12-19,TR-04,04#矿车,2014,7.57,2,217.8,3296.0
2024-12-19,TR-05,05#矿车,2022,8.92,2,231.5,4130.8
2024-12-19,TR-06,06#矿车,2018,8.4,3,229.1,5773.7
2024-12-19,TR-07,07#矿车,2020,8.14,3,217.4,5307.5
2024-12-19,TR-08,08#矿车,2015,8.45,3,222.5,5638.8
2024-12-19,TR-09,09#矿车,2023,7.92,3,220.5,5237.3
2024-12-19,TR-10,10#矿车,2016,8.39,3,229.2,5770.1
2024-12-19,TR-11,11#矿车,2021,8.71,3,227.1,5932.8
2024-12-19,TR-12,12#矿车,2013,7.13,3,227.1,4855.2
2024-12-20,TR-01,01#矿车,2017,8.23,3,219.5,5420.8
2024-12-20,TR-02,02#矿车,2021,8.0,3,217.3,5214.7
2024-12-20,TR-03,03#矿车,2019,8.65,3,219.3,5689.1
2024-12-20,TR-04,04#矿车,2014,7.02,3,217.8,4589.0
2024-12-20,TR-05,05#矿车,2022,8.2,2,231.5,3797.2
2024-12-20,TR-06,06#矿车,2018,7.98,3,229.1,5487.8
2024-12-20,TR-07,07#矿车,2020,8.94,3,217.4,5828.5
2024-12-20,TR-08,08#矿车,2015,8.48,3,222.5,5658.4
2024-12-20,TR-09,09#矿车,2023,7.4,2,220.5,3265.6
2024-12-20,TR-10,10#矿车,2016,8.78,2,229.2,4025.4
2024-12-20,TR-11,11#矿车,2021,8.58,2,227.1,3894.3
2024-12-20,TR-12,12#矿车,2013,7.05,3,227.1,4806.3
2024-12-21,TR-01,01#矿车,2017,8.53,3,219.5,5618.1
2024-12-21,TR-02,02#矿车,2021,8.36,3,217.3,5449.5
2024-12-21,TR-03,03#矿车,2019,8.3,3,219.3,5458.2
2024-12-21,TR-04,04#矿车,2014,7.0,2,217.8,3047.8
2024-12-21,TR-05,05#矿车,2022,9.06,3,231.5,6289.6
2024-12-21,TR-06,06#矿车,2018,8.0,2,229.1,3666.8
2024-12-21,TR-07,07#矿车,2020,9.04,3,217.4,5894.6
2024-12-21,TR-08,08#矿车,2015,8.2,3,222.5,5472.9
2024-12-21,TR-09,09#矿车,2023,7.7,3,220.5,5095.1
2024-12-21,TR-10,10#矿车,2016,8.2,3,229.2,5637.8
2024-12-21,TR-11,11#矿车,2021,8.47,3,227.1,5770.8
2024-12-21,TR-12,12#矿车,2013,7.17,3,227.1,4885.5
2024-12-22,TR-01,01#矿车,2017,7.95,3,219.5,5235.2
2024-12-22,TR-02,02#矿车,2021,8.26,3,217.3,5383.7
2024-12-22,TR-03,03#矿车,2019,8.51,3,219.3,5596.8
2024-12-22,TR-04,04#矿车,2014,6.91,3,217.8,4515.1
2024-12-22,TR-05,05#矿车,2022,8.8,2,231.5,4074.8
2024-12-22,TR-06,06#矿车,2018,8.27,3,229.1,5684.0
2024-12-22,TR-07,07#矿车,2020,8.97,2,217.4,3901.1
2024-12-22,TR-08,08#矿车,2015,8.36,3,222.5,5582.8
2024-12-22,TR-09,09#矿车,2023,7.52,2,220.5,3316.4
2024-12-22,TR-10,10#矿车,2016,7.64,3,229.2,5256.3
2024-12-22,TR-11,11#矿车,2021,8.15,3,227.1,5550.7
2024-12-22,TR-12,12#矿车,2013,7.11,2,227.1,3229.8
2024-12-23,TR-01,01#矿车,2017,8.38,3,219.5,5520.9
2024-12-23,TR-02,02#矿车,2021,8.46,3,217.3,5512.1
2024-12-23,TR-03,03#矿车,2019,8.16,2,219.3,3581.2
2024-12-23,TR-04,04#矿车,2014,7.19,3,217.8,4700.1
2024-12-23,TR-05,05#矿车,2022,8.46,3,231.5,5873.8
2024-12-23,TR-06,06#矿车,2018,4.13,1,229.1,945.3
2024-12-23,TR-07,07#矿车,2020,9.11,3,217.4,5938.0
2024-12-23,TR-08,08#矿车,2015,8.82,3,222.5,5884.5
2024-12-23,TR-09,09#矿车,2023,7.8,2,220.5,3439.5
2024-12-23,TR-10,10#矿车,2016,8.4,2,229.2,3851.0
2024-12-23,TR-11,11#矿车,2021,7.94,3,227.1,5406.7
2024-12-23,TR-12,12#矿车,2013,7.18,2,227.1,3259.9
2024-12-24,TR-01,01#矿车,2017,8.34,2,219.5,3661.7
2024-12-24,TR-02,02#矿车,2021,8.44,3,217.3,5503.4
2024-12-24,TR-03,03#矿车,2019,8.59,2,219.3,3768.7
2024-12-24,TR-04,04#矿车,2014,6.75,3,217.8,4408.0
2024-12-24,TR-05,05#矿车,2022,8.65,2,231.5,4004.0
2024-12-24,TR-06,06#矿车,2018,8.43,2,229.1,3860.7
2024-12-24,TR-07,07#矿车,2020,8.81,3,217.4,5746.6
2024-12-24,TR-08,08#矿车,2015,8.33,2,222.5,3704.7
2024-12-24,TR-09,09#矿车,2023,7.69,2,220.5,3391.8
2024-12-24,TR-10,10#矿车,2016,8.13,3,229.2,5593.1
2024-12-24,TR-11,11#矿车,2021,8.6,3,227.1,5856.8
2024-12-24,TR-12,12#矿车,2013,6.16,3,227.1,4200.0
2024-12-25,TR-01,01#矿车,2017,8.07,3,219.5,5317.4
2024-12-25,TR-02,02#矿车,2021,8.46,2,217.3,3678.2
2024-12-25,TR-03,03#矿车,2019,8.52,3,219.3,5602.6
2024-12-25,TR-04,04#矿车,2014,6.71,3,217.8,4383.8
2024-12-25,TR-05,05#矿车,2022,8.59,3,231.5,5967.1
2024-12-25,TR-06,06#矿车,2018,7.81,3,229.1,5370.7
2024-12-25,TR-07,07#矿车,2020,8.6,3,217.4,5605.1
2024-12-25,TR-08,08#矿车,2015,8.91,3,222.5,5945.6
2024-12-25,TR-09,09#矿车,2023,7.61,3,220.5,5032.1
2024-12-25,TR-10,10#矿车,2016,8.44,2,229.2,3870.2
2024-12-25,TR-11,11#矿车,2021,8.77,3,227.1,5972.9
2024-12-25,TR-12,12#矿车,2013,6.61,3,227.1,4501.6
2024-12-26,TR-01,01#矿车,2017,8.38,3,219.5,5516.2
2024-12-26,TR-02,02#矿车,2021,8.48,3,217.3,5531.3
2024-12-26,TR-03,03#矿车,2019,8.1,3,219.3,5329.0
2024-12-26,TR-04,04#矿车,2014,6.95,3,217.8,4538.0
2024-12-26,TR-05,05#矿车,2022,8.62,2,231.5,3992.4
2024-12-26,TR-06,06#矿车,2018,7.96,2,229.1,3648.1
2024-12-26,TR-07,07#矿车,2020,8.49,3,217.4,5535.9
2024-12-26,TR-08,08#矿车,2015,9.04,3,222.5,6032.0
2024-12-26,TR-09,09#矿车,2023,7.91,2,220.5,3487.7
2024-12-26,TR-10,10#矿车,2016,8.36,2,229.2,3832.9
2024-12-26,TR-11,11#矿车,2021,9.11,3,227.1,6203.7
2024-12-26,TR-12,12#矿车,2013,6.74,2,227.1,3062.2
2024-12-27,TR-01,01#矿车,2017,8.31,3,219.5,5474.4
2024-12-27,TR-02,02#矿车,2021,9.01,2,217.3,3915.0
2024-12-27,TR-03,03#矿车,2019,8.96,3,219.3,5892.8
2024-12-27,TR-04,04#矿车,2014,7.17,3,217.8,4686.6
2024-12-27,TR-05,05#矿车,2022,8.51,3,231.5,5910.5
2024-12-27,TR-06,06#矿车,2018,8.34,3,229.1,5730.6
2024-12-27,TR-07,07#矿车,2020,7.96,3,217.4,5191.6
2024-12-27,TR-08,08#矿车,2015,9.08,2,222.5,4039.0
2024-12-27,TR-09,09#矿车,2023,7.7,2,220.5,3397.7
2024-12-27,TR-10,10#矿车,2016,8.21,3,229.2,5646.7
2024-12-27,TR-11,11#矿车,2021,8.97,3,227.1,6111.2
2024-12-27,TR-12,12#矿车,2013,6.88,3,227.1,4690.6
2024-12-28,TR-01,01#矿车,2017,7.45,3,219.5,4903.5
2024-12-28,TR-02,02#矿车,2021,8.43,3,217.3,5496.7
2024-12-28,TR-03,03#矿车,2019,8.66,3,219.3,5695.0
2024-12-28,TR-04,04#矿车,2014,6.96,2,217.8,3031.6
2024-12-28,TR-05,05#矿车,2022,8.44,3,231.5,5865.2
2024-12-28,TR-06,06#矿车,2018,8.13,3,229.1,5589.7
2024-12-28,TR-07,07#矿车,2020,8.58,3,217.4,5592.7
2024-12-28,TR-08,08#矿车,2015,8.9,3,222.5,5943.3
2024-12-28,TR-09,09#矿车,2023,8.07,3,220.5,5338.7
2024-12-28,TR-10,10#矿车,2016,8.17,2,229.2,3745.6
2024-12-28,TR-11,11#矿车,2021,8.93,3,227.1,6083.8
2024-12-28,TR-12,12#矿车,2013,7.37,3,227.1,5018.1
2024-12-29,TR-01,01#矿车,2017,7.96,2,219.5,3496.5
2024-12-29,TR-02,02#矿车,2021,8.2,2,217.3,3563.2
2024-12-29,TR-03,03#矿车,2019,8.78,3,219.3,5778.6
2024-12-29,TR-04,04#矿车,2014,7.24,3,217.8,4731.1
2024-12-29,TR-05,05#矿车,2022,8.57,2,231.5,3966.6
2024-12-29,TR-06,06#矿车,2018,7.65,3,229.1,5255.8
2024-12-29,TR-07,07#矿车,2020,8.93,3,217.4,5825.3
2024-12-29,TR-08,08#矿车,2015,8.88,3,222.5,5927.1
2024-12-29,TR-09,09#矿车,2023,7.78,3,220.5,5146.8
2024-12-29,TR-10,10#矿车,2016,7.9,2,229.2,3621.8
2024-12-29,TR-11,11#矿车,2021,8.54,3,227.1,5818.4
2024-12-29,TR-12,12#矿车,2013,6.97,2,227.1,3165.6
2024-12-30,TR-01,01#矿车,2017,8.31,2,219.5,3649.5
2024-12-30,TR-02,02#矿车,2021,8.18,3,217.3,5330.3
2024-12-30,TR-03,03#矿车,2019,8.6,3,219.3,5658.6
2024-12-30,TR-04,04#矿车,2014,7.32,3,217.8,4784.9
2024-12-30,TR-05,05#矿车,2022,8.82,2,231.5,4085.1
2024-12-30,TR-06,06#矿车,2018,7.9,3,229.1,5427.6
2024-12-30,TR-07,07#矿车,2020,8.6,2,217.4,3737.2
2024-12-30,TR-08,08#矿车,2015,8.35,3,222.5,5573.7
2024-12-30,TR-09,09#矿车,2023,8.33,3,220.5,5512.9
2024-12-30,TR-10,10#矿车,2016,8.29,2,229.2,3802.3
2024-12-30,TR-11,11#矿车,2021,8.34,2,227.1,3786.0
2024-12-30,TR-12,12#矿车,2013,7.09,3,227.1,4832.2
2024-12-31,TR-01,01#矿车,2017,8.24,2,219.5,3617.7
2024-12-31,TR-02,02#矿车,2021,8.39,2,217.3,3644.8
2024-12-31,TR-03,03#矿车,2019,5.17,1,219.3,1134.3
2024-12-31,TR-04,04#矿车,2014,7.67,3,217.8,5010.5
2024-12-31,TR-05,05#矿车,2022,9.2,3,231.5,6392.2
2024-12-31,TR-06,06#矿车,2018,7.58,3,229.1,5211.9
2024-12-31,TR-07,07#矿车,2020,8.5,3,217.4,5543.3
2024-12-31,TR-08,08#矿车,2015,9.01,3,222.5,6016.8
2024-12-31,TR-09,09#矿车,2023,7.8,3,220.5,5159.4
2024-12-31,TR-10,10#矿车,2016,8.25,3,229.2,5671.4
2024-12-31,TR-11,11#矿车,2021,8.48,3,227.1,5779.2
2024-12-31,TR-12,12#矿车,2013,6.51,3,227.1,4432.3
2025-01-01,TR-01,01#矿车,2017,8.11,2,219.5,3561.7
2025-01-01,TR-02,02#矿车,2021,8.24,3,217.3,5374.2
2025-01-01,TR-03,03#矿车,2019,8.14,3,219.3,5355.8
2025-01-01,TR-04,04#矿车,2014,7.31,3,217.8,4774.7
2025-01-01,TR-05,05#矿车,2022,8.91,2,231.5,4125.6
2025-01-01,TR-06,06#矿车,2018,7.97,3,229.1,5478.7
2025-01-01,TR-07,07#矿车,2020,8.68,3,217.4,5659.1
2025-01-01,TR-08,08#矿车,2015,9.01,3,222.5,6013.7
2025-01-01,TR-09,09#矿车,2023,8.17,3,220.5,5402.7
2025-01-01,TR-10,10#矿车,2016,8.73,2,229.2,4000.4
2025-01-01,TR-11,11#矿车,2021,8.75,3,227.1,5961.4
2025-01-01,TR-12,12#矿车,2013,6.53,3,227.1,4449.7
2025-01-02,TR-01,01#矿车,2017,7.6,3,219.5,5002.3
2025-01-02,TR-02,02#矿车,2021,7.78,2,217.3,3381.2
2025-01-02,TR-03,03#矿车,2019,7.95,3,219.3,5233.6
2025-01-02,TR-04,04#矿车,2014,7.39,2,217.8,3217.4
2025-01-02,TR-05,05#矿车,2022,8.75,3,231.5,6079.4
2025-01-02,TR-06,06#矿车,2018,8.23,3,229.1,5655.8
2025-01-02,TR-07,07#矿车,2020,8.88,3,217.4,5789.1
2025-01-02,TR-08,08#矿车,2015,8.35,3,222.5,5571.8
2025-01-02,TR-09,09#矿车,2023,7.93,3,220.5,5248.3
2025-01-02,TR-10,10#矿车,2016,8.36,2,229.2,3834.1
2025-01-02,TR-11,11#矿车,2021,8.52,3,227.1,5800.5
2025-01-02,TR-12,12#矿车,2013,6.94,3,227.1,4731.8
2025-01-03,TR-01,01#矿车,2017,8.16,3,219.5,5374.6
2025-01-03,TR-02,02#矿车,2021,8.25,2,217.3,3587.2
2025-01-03,TR-03,03#矿车,2019,8.17,2,219.3,3583.4
2025-01-03,TR-04,04#矿车,2014,7.08,3,217.8,4624.3
2025-01-03,TR-05,05#矿车,2022,8.8,3,231.5,6112.7
2025-01-03,TR-06,06#矿车,2018,8.07,2,229.1,3699.3
2025-01-03,TR-07,07#矿车,2020,8.94,3,217.4,5831.1
2025-01-03,TR-08,08#矿车,2015,8.55,3,222.5,5707.8
2025-01-03,TR-09,09#矿车,2023,7.78,3,220.5,5146.2
2025-01-03,TR-10,10#矿车,2016,8.6,3,229.2,5914.4
2025-01-03,TR-11,11#矿车,2021,8.34,3,227.1,5678.2
2025-01-03,TR-12,12#矿车,2013,6.89,3,227.1,4693.2
2025-01-04,TR-01,01#矿车,2017,7.8,3,219.5,5136.9
2025-01-04,TR-02,02#矿车,2021,7.92,3,217.3,5161.0
2025-01-04,TR-03,03#矿车,2019,7.8,2,219.3,3420.6
2025-01-04,TR-04,04#矿车,2014,6.74,2,217.8,2934.8
2025-01-04,TR-05,05#矿车,2022,8.44,3,231.5,5859.1
2025-01-04,TR-06,06#矿车,2018,8.03,2,229.1,3679.9
2025-01-04,TR-07,07#矿车,2020,8.45,3,217.4,5509.6
2025-01-04,TR-08,08#矿车,2015,8.37,2,222.5,3724.5
2025-01-04,TR-09,09#矿车,2023,7.91,2,220.5,3489.6
2025-01-04,TR-10,10#矿车,2016,8.59,3,229.2,5911.0
2025-01-04,TR-11,11#矿车,2021,8.01,2,227.1,3635.9
2025-01-04,TR-12,12#矿车,2013,6.34,3,227.1,4321.8
2025-01-05,TR-01,01#矿车,2017,7.83,2,219.5,3439.1
2025-01-05,TR-02,02#矿车,2021,8.45,3,217.3,5510.7
2025-01-05,TR-03,03#矿车,2019,7.81,3,219.3,5137.9
2025-01-05,TR-04,04#矿车,2014,6.95,3,217.8,4540.3
2025-01-05,TR-05,05#矿车,2022,8.53,3,231.5,5922.7
2025-01-05,TR-06,06#矿车,2018,8.19,2,229.1,3750.7
2025-01-05,TR-07,07#矿车,2020,8.64,3,217.4,5635.8
2025-01-05,TR-08,08#矿车,2015,8.39,3,222.5,5599.9
2025-01-05,TR-09,09#矿车,2023,7.46,2,220.5,3291.0
2025-01-05,TR-10,10#矿车,2016,8.42,3,229.2,5787.3
2025-01-05,TR-11,11#矿车,2021,8.27,3,227.1,5635.4
2025-01-05,TR-12,12#矿车,2013,6.61,2,227.1,3004.2
2025-01-06,TR-01,01#矿车,2017,8.05,3,219.5,5303.8
2025-01-06,TR-02,02#矿车,2021,8.29,3,217.3,5406.3
2025-01-06,TR-03,03#矿车,2019,8.0,3,219.3,5260.6
2025-01-06,TR-04,04#矿车,2014,6.72,2,217.8,2925.9
2025-01-06,TR-05,05#矿车,2022,8.66,3,231.5,6018.2
2025-01-06,TR-06,06#矿车,2018,8.11,3,229.1,5570.6
2025-01-06,TR-07,07#矿车,2020,8.47,3,217.4,5519.7
2025-01-06,TR-08,08#矿车,2015,8.69,3,222.5,5801.5
2025-01-06,TR-09,09#矿车,2023,8.03,3,220.5,5309.0
2025-01-06,TR-10,10#矿车,2016,8.24,3,229.2,5664.5
2025-01-06,TR-11,11#矿车,2021,8.83,3,227.1,6017.1
2025-01-06,TR-12,12#矿车,2013,7.09,3,227.1,4832.1
2025-01-07,TR-01,01#矿车,2017,8.35,3,219.5,5498.1
2025-01-07,TR-02,02#矿车,2021,7.88,2,217.3,3423.1
2025-01-07,TR-03,03#矿车,2019,8.31,3,219.3,5467.6
2025-01-07,TR-04,04#矿车,2014,7.11,3,217.8,4641.8
2025-01-07,TR-05,05#矿车,2022,8.52,3,231.5,5918.5
2025-01-07,TR-06,06#矿车,2018,7.54,2,229.1,3454.2
2025-01-07,TR-07,07#矿车,2020,8.4,2,217.4,3651.2
2025-01-07,TR-08,08#矿车,2015,8.37,3,222.5,5583.8
2025-01-07,TR-09,09#矿车,2023,7.88,2,220.5,3475.1
2025-01-07,TR-10,10#矿车,2016,8.93,3,229.2,6141.4
2025-01-07,TR-11,11#矿车,2021,8.95,3,227.1,6094.0
2025-01-07,TR-12,12#矿车,2013,7.01,3,227.1,4774.4
2025-01-08,TR-01,01#矿车,2017,8.22,2,219.5,3607.6
2025-01-08,TR-02,02#矿车,2021,7.72,3,217.3,5033.0
2025-01-08,TR-03,03#矿车,2019,8.43,2,219.3,3695.4
2025-01-08,TR-04,04#矿车,2014,6.89,2,217.8,2999.2
2025-01-08,TR-05,05#矿车,2022,8.8,2,231.5,4073.5
2025-01-08,TR-06,06#矿车,2018,8.1,3,229.1,5567.3
2025-01-08,TR-07,07#矿车,2020,8.58,2,217.4,3732.0
2025-01-08,TR-08,08#矿车,2015,8.26,3,222.5,5513.1
2025-01-08,TR-09,09#矿车,2023,7.93,2,220.5,3497.8
2025-01-08,TR-10,10#矿车,2016,8.63,3,229.2,5932.2
2025-01-08,TR-11,11#矿车,2021,8.27,3,227.1,5631.0
2025-01-08,TR-12,12#矿车,2013,7.27,3,227.1,4951.2
2025-01-09,TR-01,01#矿车,2017,8.33,2,219.5,3659.1
2025-01-09,TR-02,02#矿车,2021,7.89,2,217.3,3431.1
2025-01-09,TR-03,03#矿车,2019,8.68,3,219.3,5709.5
2025-01-09,TR-04,04#矿车,2014,7.5,3,217.8,4899.3
2025-01-09,TR-05,05#矿车,2022,8.98,2,231.5,4160.6
2025-01-09,TR-06,06#矿车,2018,8.11,3,229.1,5574.9
2025-01-09,TR-07,07#矿车,2020,8.81,2,217.4,3828.2
2025-01-09,TR-08,08#矿车,2015,8.62,2,222.5,3834.7
2025-01-09,TR-09,09#矿车,2023,7.63,3,220.5,5049.2
2025-01-09,TR-10,10#矿车,2016,8.55,3,229.2,5881.8
2025-01-09,TR-11,11#矿车,2021,8.73,2,227.1,3963.8
2025-01-09,TR-12,12#矿车,2013,7.04,2,227.1,3198.7
2025-01-10,TR-01,01#矿车,2017,8.19,3,219.5,5396.6
2025-01-10,TR-02,02#矿车,2021,8.33,2,217.3,3620.4
2025-01-10,TR-03,03#矿车,2019,8.35,3,219.3,5491.8
2025-01-10,TR-04,04#矿车,2014,7.24,2,217.8,3154.7
2025-01-10,TR-05,05#矿车,2022,8.84,3,231.5,6137.1
2025-01-10,TR-06,06#矿车,2018,8.22,2,229.1,3766.0
2025-01-10,TR-07,07#矿车,2020,9.11,3,217.4,5938.3
2025-01-10,TR-08,08#矿车,2015,8.36,3,222.5,5578.9
2025-01-10,TR-09,09#矿车,2023,7.51,3,220.5,4969.7
2025-01-10,TR-10,10#矿车,2016,8.61,3,229.2,5920.0
2025-01-10,TR-11,11#矿车,2021,8.23,2,227.1,3737.6
2025-01-10,TR-12,12#矿车,2013,6.89,2,227.1,3129.1
2025-01-11,TR-01,01#矿车,2017,8.1,2,219.5,3556.3
2025-01-11,TR-02,02#矿车,2021,8.41,2,217.3,3653.5
2025-01-11,TR-03,03#矿车,2019,8.5,2,219.3,3728.8
2025-01-11,TR-04,04#矿车,2014,7.65,3,217.8,5000.1
2025-01-11,TR-05,05#矿车,2022,8.47,2,231.5,3921.2
2025-01-11,TR-06,06#矿车,2018,7.98,2,229.1,3655.0
2025-01-11,TR-07,07#矿车,2020,8.77,3,217.4,5716.4
2025-01-11,TR-08,08#矿车,2015,8.63,3,222.5,5761.8
2025-01-11,TR-09,09#矿车,2023,7.8,2,220.5,3438.1
2025-01-11,TR-10,10#矿车,2016,8.47,3,229.2,5824.4
2025-01-11,TR-11,11#矿车,2021,8.05,3,227.1,5483.9
2025-01-11,TR-12,12#矿车,2013,7.54,3,227.1,5135.8
2025-01-12,TR-01,01#矿车,2017,8.11,2,219.5,3560.6
2025-01-12,TR-02,02#矿车,2021,8.51,3,217.3,5547.1
2025-01-12,TR-03,03#矿车,2019,8.55,2,219.3,3751.7
2025-01-12,TR-04,04#矿车,2014,7.12,3,217.8,4650.9
2025-01-12,TR-05,05#矿车,2022,8.51,3,231.5,5909.6
2025-01-12,TR-06,06#矿车,2018,8.08,2,229.1,3700.9
2025-01-12,TR-07,07#矿车,2020,8.63,3,217.4,5628.3
2025-01-12,TR-08,08#矿车,2015,8.65,3,222.5,5774.9
2025-01-12,TR-09,09#矿车,2023,7.87,3,220.5,5205.3
2025-01-12,TR-10,10#矿车,2016,8.42,3,229.2,5787.7
2025-01-12,TR-11,11#矿车,2021,8.36,3,227.1,5691.5
2025-01-12,TR-12,12#矿车,2013,7.52,3,227.1,5124.3
2025-01-13,TR-01,01#矿车,2017,8.02,2,219.5,3519.8
2025-01-13,TR-02,02#矿车,2021,8.18,3,217.3,5334.0
2025-01-13,TR-03,03#矿车,2019,8.36,3,219.3,5499.8
2025-01-13,TR-04,04#矿车,2014,6.73,3,217.8,4394.7
2025-01-13,TR-05,05#矿车,2022,8.57,3,231.5,5952.9
2025-01-13,TR-06,06#矿车,2018,8.41,2,229.1,3851.7
2025-01-13,TR-07,07#矿车,2020,8.39,3,217.4,5468.6
2025-01-13,TR-08,08#矿车,2015,8.17,3,222.5,5456.1
2025-01-13,TR-09,09#矿车,2023,7.69,3,220.5,5087.5
2025-01-13,TR-10,10#矿车,2016,8.75,3,229.2,6020.3
2025-01-13,TR-11,11#矿车,2021,8.57,3,227.1,5840.1
2025-01-13,TR-12,12#矿车,2013,7.11,3,227.1,4847.6
2025-01-14,TR-01,01#矿车,2017,8.03,2,219.5,3525.9
2025-01-14,TR-02,02#矿车,2021,8.04,2,217.3,3495.3
2025-01-14,TR-03,03#矿车,2019,7.63,3,219.3,5018.9
2025-01-14,TR-04,04#矿车,2014,6.99,3,217.8,4566.6
2025-01-14,TR-05,05#矿车,2022,7.8,3,231.5,5415.8
2025-01-14,TR-06,06#矿车,2018,8.34,2,229.1,3820.9
2025-01-14,TR-07,07#矿车,2020,8.67,2,217.4,3768.7
2025-01-14,TR-08,08#矿车,2015,8.39,3,222.5,5599.3
2025-01-14,TR-09,09#矿车,2023,7.87,2,220.5,3469.1
2025-01-14,TR-10,10#矿车,2016,8.61,3,229.2,5923.2
2025-01-14,TR-11,11#矿车,2021,8.66,3,227.1,5901.8
2025-01-14,TR-12,12#矿车,2013,7.01,2,227.1,3182.2
2025-01-15,TR-01,01#矿车,2017,8.64,2,219.5,3792.8
2025-01-15,TR-02,02#矿车,2021,7.92,3,217.3,5164.0
2025-01-15,TR-03,03#矿车,2019,8.11,3,219.3,5333.2
2025-01-15,TR-04,04#矿车,2014,7.12,3,217.8,4651.4
2025-01-15,TR-05,05#矿车,2022,8.37,2,231.5,3875.8
2025-01-15,TR-06,06#矿车,2018,8.32,3,229.1,5715.7
2025-01-15,TR-07,07#矿车,2020,8.84,3,217.4,5761.4
2025-01-15,TR-08,08#矿车,2015,8.41,3,222.5,5614.3
2025-01-15,TR-09,09#矿车,2023,7.76,3,220.5,5132.9
2025-01-15,TR-10,10#矿车,2016,8.58,2,229.2,3934.7
2025-01-15,TR-11,11#矿车,2021,8.33,3,227.1,5674.8
2025-01-15,TR-12,12#矿车,2013,6.83,3,227.1,4652.6
2025-01-16,TR-01,01#矿车,2017,8.22,2,219.5,3607.6
2025-01-16,TR-02,02#矿车,2021,8.41,3,217.3,5482.5
2025-01-16,TR-03,03#矿车,2019,8.28,3,219.3,5447.0
2025-01-16,TR-04,04#矿车,2014,7.59,2,217.8,3305.0
2025-01-16,TR-05,05#矿车,2022,8.56,3,231.5,5943.4
2025-01-16,TR-06,06#矿车,2018,8.15,3,229.1,5598.1
2025-01-16,TR-07,07#矿车,2020,9.07,3,217.4,5915.0
2025-01-16,TR-08,08#矿车,2015,8.69,3,222.5,5797.6
2025-01-16,TR-09,09#矿车,2023,7.39,3,220.5,4888.3
2025-01-16,TR-10,10#矿车,2016,8.34,3,229.2,5734.4
2025-01-16,TR-11,11#矿车,2021,8.44,3,227.1,5752.4
2025-01-16,TR-12,12#矿车,2013,7.48,3,227.1,5096.6
2025-01-17,TR-01,01#矿车,2017,7.5,3,219.5,4938.1
2025-01-17,TR-02,02#矿车,2021,8.16,2,217.3,3546.1
2025-01-17,TR-03,03#矿车,2019,8.25,2,219.3,3617.8
2025-01-17,TR-04,04#矿车,2014,7.23,3,217.8,4723.7
2025-01-17,TR-05,05#矿车,2022,9.07,2,231.5,4199.4
2025-01-17,TR-06,06#矿车,2018,7.91,3,229.1,5433.9
2025-01-17,TR-07,07#矿车,2020,8.61,2,217.4,3744.6
2025-01-17,TR-08,08#矿车,2015,8.7,3,222.5,5809.9
2025-01-17,TR-09,09#矿车,2023,8.0,3,220.5,5290.3
2025-01-17,TR-10,10#矿车,2016,8.62,3,229.2,5925.3
2025-01-17,TR-11,11#矿车,2021,8.34,2,227.1,3787.6
2025-01-17,TR-12,12#矿车,2013,6.88,2,227.1,3125.8
2025-01-18,TR-01,01#矿车,2017,8.13,3,219.5,5356.9
2025-01-18,TR-02,02#矿车,2021,8.78,3,217.3,5724.0
2025-01-18,TR-03,03#矿车,2019,8.05,3,219.3,5296.1
2025-01-18,TR-04,04#矿车,2014,7.1,2,217.8,3092.8
2025-01-18,TR-05,05#矿车,2022,8.64,3,231.5,6001.1
2025-01-18,TR-06,06#矿车,2018,8.22,3,229.1,5651.2
2025-01-18,TR-07,07#矿车,2020,4.57,0,217.4,0.0
2025-01-18,TR-08,08#矿车,2015,8.55,3,222.5,5704.1
2025-01-18,TR-09,09#矿车,2023,7.97,3,220.5,5273.1
2025-01-18,TR-10,10#矿车,2016,8.41,3,229.2,5784.4
2025-01-18,TR-11,11#矿车,2021,8.34,3,227.1,5677.8
2025-01-18,TR-12,12#矿车,2013,6.89,3,227.1,4697.4
2025-01-19,TR-01,01#矿车,2017,8.13,3,219.5,5352.2
2025-01-19,TR-02,02#矿车,2021,8.37,3,217.3,5454.7
2025-01-19,TR-03,03#矿车,2019,8.08,3,219.3,5319.1
2025-01-19,TR-04,04#矿车,2014,6.71,3,217.8,4386.1
2025-01-19,TR-05,05#矿车,2022,8.24,3,231.5,5723.3
2025-01-19,TR-06,06#矿车,2018,7.97,2,229.1,3649.6
2025-01-19,TR-07,07#矿车,2020,8.53,3,217.4,5559.4
2025-01-19,TR-08,08#矿车,2015,9.01,2,222.5,4009.4
2025-01-19,TR-09,09#矿车,2023,8.07,3,220.5,5337.9
2025-01-19,TR-10,10#矿车,2016,8.2,2,229.2,3757.3
2025-01-19,TR-11,11#矿车,2021,8.02,2,227.1,3643.2
2025-01-19,TR-12,12#矿车,2013,7.09,2,227.1,3220.7
2025-01-20,TR-01,01#矿车,2017,8.02,3,219.5,5281.0
2025-01-20,TR-02,02#矿车,2021,8.06,2,217.3,3502.6
2025-01-20,TR-03,03#矿车,2019,8.24,3,219.3,5420.7
2025-01-20,TR-04,04#矿车,2014,6.98,3,217.8,4559.8
2025-01-20,TR-05,05#矿车,2022,8.56,3,231.5,5947.1
2025-01-20,TR-06,06#矿车,2018,7.86,2,229.1,3602.0
2025-01-20,TR-07,07#矿车,2020,8.36,3,217.4,5451.2
2025-01-20,TR-08,08#矿车,2015,8.72,2,222.5,3878.8
2025-01-20,TR-09,09#矿车,2023,7.62,3,220.5,5044.0
2025-01-20,TR-10,10#矿车,2016,8.14,3,229.2,5598.7
2025-01-20,TR-11,11#矿车,2021,8.51,3,227.1,5796.4
2025-01-20,TR-12,12#矿车,2013,6.73,2,227.1,3055.0
2025-01-21,TR-01,01#矿车,2017,8.11,3,219.5,5338.2
2025-01-21,TR-02,02#矿车,2021,8.06,3,217.3,5255.9
2025-01-21,TR-03,03#矿车,2019,8.07,2,219.3,3538.7
2025-01-21,TR-04,04#矿车,2014,6.81,3,217.8,4450.9
2025-01-21,TR-05,05#矿车,2022,8.19,3,231.5,5690.2
2025-01-21,TR-06,06#矿车,2018,8.35,2,229.1,3827.8
2025-01-21,TR-07,07#矿车,2020,8.24,3,217.4,5375.6
2025-01-21,TR-08,08#矿车,2015,8.87,3,222.5,5920.2
2025-01-21,TR-09,09#矿车,2023,7.48,3,220.5,4950.2
2025-01-21,TR-10,10#矿车,2016,8.22,2,229.2,3770.8
2025-01-21,TR-11,11#矿车,2021,8.57,3,227.1,5835.6
2025-01-21,TR-12,12#矿车,2013,6.6,2,227.1,2998.3
2025-01-22,TR-01,01#矿车,2017,7.84,2,219.5,3440.0
2025-01-22,TR-02,02#矿车,2021,8.31,2,217.3,3611.0
2025-01-22,TR-03,03#矿车,2019,8.46,2,219.3,3708.9
2025-01-22,TR-04,04#矿车,2014,6.86,3,217.8,4478.5
2025-01-22,TR-05,05#矿车,2022,8.17,3,231.5,5675.5
2025-01-22,TR-06,06#矿车,2018,7.87,3,229.1,5405.6
2025-01-22,TR-07,07#矿车,2020,8.31,3,217.4,5415.9
2025-01-22,TR-08,08#矿车,2015,8.8,3,222.5,5875.3
2025-01-22,TR-09,09#矿车,2023,7.57,2,220.5,3337.8
2025-01-22,TR-10,10#矿车,2016,8.77,2,229.2,4021.1
2025-01-22,TR-11,11#矿车,2021,8.48,3,227.1,5777.2
2025-01-22,TR-12,12#矿车,2013,6.88,2,227.1,3124.6
2025-01-23,TR-01,01#矿车,2017,8.14,2,219.5,3575.0
2025-01-23,TR-02,02#矿车,2021,8.56,2,217.3,3720.8
2025-01-23,TR-03,03#矿车,2019,8.46,2,219.3,3708.6
2025-01-23,TR-04,04#矿车,2014,6.68,3,217.8,4365.4
2025-01-23,TR-05,05#矿车,2022,8.44,3,231.5,5863.5
2025-01-23,TR-06,06#矿车,2018,7.93,3,229.1,5453.3
2025-01-23,TR-07,07#矿车,2020,8.49,3,217.4,5532.9
2025-01-23,TR-08,08#矿车,2015,8.67,3,222.5,5786.8
2025-01-23,TR-09,09#矿车,2023,7.97,3,220.5,5272.1
2025-01-23,TR-10,10#矿车,2016,8.27,3,229.2,5689.4
2025-01-23,TR-11,11#矿车,2021,8.34,3,227.1,5683.9
2025-01-23,TR-12,12#矿车,2013,6.63,3,227.1,4517.9
2025-01-24,TR-01,01#矿车,2017,8.16,2,219.5,3582.4
2025-01-24,TR-02,02#矿车,2021,8.33,3,217.3,5432.2
2025-01-24,TR-03,03#矿车,2019,8.1,2,219.3,3553.0
2025-01-24,TR-04,04#矿车,2014,7.01,2,217.8,3054.9
2025-01-24,TR-05,05#矿车,2022,8.18,3,231.5,5679.7
2025-01-24,TR-06,06#矿车,2018,7.8,3,229.1,5358.4
2025-01-24,TR-07,07#矿车,2020,8.31,2,217.4,3612.4
2025-01-24,TR-08,08#矿车,2015,8.35,2,222.5,3716.0
2025-01-24,TR-09,09#矿车,2023,7.7,2,220.5,3395.7
2025-01-24,TR-10,10#矿车,2016,8.38,3,229.2,5765.3
2025-01-24,TR-11,11#矿车,2021,8.28,2,227.1,3760.2
2025-01-24,TR-12,12#矿车,2013,6.62,2,227.1,3008.1
2025-01-25,TR-01,01#矿车,2017,8.09,2,219.5,3551.5
2025-01-25,TR-02,02#矿车,2021,8.57,3,217.3,5583.7
2025-01-25,TR-03,03#矿车,2019,8.43,2,219.3,3698.7
2025-01-25,TR-04,04#矿车,2014,7.31,3,217.8,4773.8
2025-01-25,TR-05,05#矿车,2022,8.36,3,231.5,5807.7
2025-01-25,TR-06,06#矿车,2018,8.19,3,229.1,5626.8
2025-01-25,TR-07,07#矿车,2020,8.24,3,217.4,5369.8
2025-01-25,TR-08,08#矿车,2015,4.37,0,222.5,0.0
2025-01-25,TR-09,09#矿车,2023,7.46,2,220.5,3289.2
2025-01-25,TR-10,10#矿车,2016,8.78,3,229.2,6037.7
2025-01-25,TR-11,11#矿车,2021,7.94,3,227.1,5407.6
2025-01-25,TR-12,12#矿车,2013,7.09,3,227.1,4829.9
2025-01-26,TR-01,01#矿车,2017,8.33,3,219.5,5488.0
2025-01-26,TR-02,02#矿车,2021,8.44,2,217.3,3667.1
2025-01-26,TR-03,03#矿车,2019,8.69,3,219.3,5718.7
2025-01-26,TR-04,04#矿车,2014,7.11,3,217.8,4643.9
2025-01-26,TR-05,05#矿车,2022,8.41,3,231.5,5842.0
2025-01-26,TR-06,06#矿车,2018,7.99,2,229.1,3660.3
2025-01-26,TR-07,07#矿车,2020,8.4,3,217.4,5474.6
2025-01-26,TR-08,08#矿车,2015,8.46,2,222.5,3763.3
2025-01-26,TR-09,09#矿车,2023,7.85,2,220.5,3460.4
2025-01-26,TR-10,10#矿车,2016,8.81,3,229.2,6061.7
2025-01-26,TR-11,11#矿车,2021,8.25,3,227.1,5621.7
2025-01-26,TR-12,12#矿车,2013,6.93,2,227.1,3147.3
2025-01-27,TR-01,01#矿车,2017,8.08,2,219.5,3547.7
2025-01-27,TR-02,02#矿车,2021,8.37,3,217.3,5454.0
2025-01-27,TR-03,03#矿车,2019,8.61,2,219.3,3778.4
2025-01-27,TR-04,04#矿车,2014,3.56,0,217.8,0.0
2025-01-27,TR-05,05#矿车,2022,8.31,2,231.5,3848.8
2025-01-27,TR-06,06#矿车,2018,7.77,3,229.1,5341.3
2025-01-27,TR-07,07#矿车,2020,8.71,3,217.4,5681.9
2025-01-27,TR-08,08#矿车,2015,8.45,3,222.5,5642.4
2025-01-27,TR-09,09#矿车,2023,7.97,3,220.5,5275.6
2025-01-27,TR-10,10#矿车,2016,8.19,2,229.2,3755.5
2025-01-27,TR-11,11#矿车,2021,8.27,3,227.1,5636.6
2025-01-27,TR-12,12#矿车,2013,6.73,3,227.1,4583.8
2025-01-28,TR-01,01#矿车,2017,7.54,2,219.5,3308.6
2025-01-28,TR-02,02#矿车,2021,8.23,3,217.3,5366.5
2025-01-28,TR-03,03#矿车,2019,8.3,2,219.3,3639.8
2025-01-28,TR-04,04#矿车,2014,7.1,2,217.8,3092.0
2025-01-28,TR-05,05#矿车,2022,8.14,3,231.5,5652.9
2025-01-28,TR-06,06#矿车,2018,7.98,3,229.1,5481.7
2025-01-28,TR-07,07#矿车,2020,8.03,3,217.4,5233.0
2025-01-28,TR-08,08#矿车,2015,8.34,3,222.5,5565.3
2025-01-28,TR-09,09#矿车,2023,8.07,3,220.5,5337.9
2025-01-28,TR-10,10#矿车,2016,8.46,3,229.2,5818.4
2025-01-28,TR-11,11#矿车,2021,8.69,3,227.1,5916.3
2025-01-28,TR-12,12#矿车,2013,6.98,2,227.1,3170.3
2025-01-29,TR-01,01#矿车,2017,7.96,2,219.5,3496.7
2025-01-29,TR-02,02#矿车,2021,8.21,2,217.3,3567.7
2025-01-29,TR-03,03#矿车,2019,8.37,2,219.3,3671.2
2025-01-29,TR-04,04#矿车,2014,7.28,3,217.8,4756.8
2025-01-29,TR-05,05#矿车,2022,8.27,3,231.5,5745.4
2025-01-29,TR-06,06#矿车,2018,8.0,3,229.1,5498.6
2025-01-29,TR-07,07#矿车,2020,8.52,3,217.4,5558.6
2025-01-29,TR-08,08#矿车,2015,8.57,3,222.5,5718.2
2025-01-29,TR-09,09#矿车,2023,7.72,2,220.5,3406.8
2025-01-29,TR-10,10#矿车,2016,8.56,3,229.2,5885.3
2025-01-29,TR-11,11#矿车,2021,8.13,2,227.1,3693.4
2025-01-29,TR-12,12#矿车,2013,6.58,3,227.1,4481.9
2025-01-30,TR-01,01#矿车,2017,8.16,2,219.5,3581.9
2025-01-30,TR-02,02#矿车,2021,8.0,2,217.3,3477.5
2025-01-30,TR-03,03#矿车,2019,8.37,3,219.3,5507.0
2025-01-30,TR-04,04#矿车,2014,7.35,3,217.8,4800.0
2025-01-30,TR-05,05#矿车,2022,8.47,3,231.5,5882.5
2025-01-30,TR-06,06#矿车,2018,8.13,3,229.1,5586.0
2025-01-30,TR-07,07#矿车,2020,8.64,3,217.4,5635.1
2025-01-30,TR-08,08#矿车,2015,8.51,3,222.5,5682.8
2025-01-30,TR-09,09#矿车,2023,7.9,3,220.5,5227.8
2025-01-30,TR-10,10#矿车,2016,8.36,3,229.2,5749.6
2025-01-30,TR-11,11#矿车,2021,8.49,3,227.1,5780.2
2025-01-30,TR-12,12#矿车,2013,6.96,2,227.1,3163.2
2025-01-31,TR-01,01#矿车,2017,8.7,3,219.5,5732.1
2025-01-31,TR-02,02#矿车,2021,8.22,3,217.3,5356.2
2025-01-31,TR-03,03#矿车,2019,8.18,3,219.3,5383.2
2025-01-31,TR-04,04#矿车,2014,7.38,2,217.8,3215.4
2025-01-31,TR-05,05#矿车,2022,8.7,2,231.5,4028.2
2025-01-31,TR-06,06#矿车,2018,7.75,3,229.1,5326.1
2025-01-31,TR-07,07#矿车,2020,8.41,3,217.4,5486.8
2025-01-31,TR-08,08#矿车,2015,8.91,3,222.5,5946.9
2025-01-31,TR-09,09#矿车,2023,7.8,3,220.5,5161.0
2025-01-31,TR-10,10#矿车,2016,8.5,3,229.2,5845.3
2025-01-31,TR-11,11#矿车,2021,8.13,3,227.1,5534.7
2025-01-31,TR-12,12#矿车,2013,6.85,2,227.1,3110.9
2025-02-01,TR-01,01#矿车,2017,8.25,2,219.5,3620.9
2025-02-01,TR-02,02#矿车,2021,8.59,2,217.3,3734.6
2025-02-01,TR-03,03#矿车,2019,8.38,2,219.3,3676.1
2025-02-01,TR-04,04#矿车,2014,6.88,3,217.8,4494.7
2025-02-01,TR-05,05#矿车,2022,8.49,3,231.5,5894.4
2025-02-01,TR-06,06#矿车,2018,7.46,3,229.1,5129.0
2025-02-01,TR-07,07#矿车,2020,8.52,3,217.4,5554.3
2025-02-01,TR-08,08#矿车,2015,8.46,2,222.5,3766.9
2025-02-01,TR-09,09#矿车,2023,7.5,2,220.5,3306.0
2025-02-01,TR-10,10#矿车,2016,8.51,3,229.2,5851.8
2025-02-01,TR-11,11#矿车,2021,8.55,3,227.1,5823.8
2025-02-01,TR-12,12#矿车,2013,6.64,2,227.1,3014.7
2025-02-02,TR-01,01#矿车,2017,8.12,2,219.5,3565.2
2025-02-02,TR-02,02#矿车,2021,8.03,3,217.3,5232.7
2025-02-02,TR-03,03#矿车,2019,8.3,2,219.3,3640.4
2025-02-02,TR-04,04#矿车,2014,7.28,3,217.8,4755.0
2025-02-02,TR-05,05#矿车,2022,8.31,3,231.5,5773.2
2025-02-02,TR-06,06#矿车,2018,8.1,3,229.1,5564.7
2025-02-02,TR-07,07#矿车,2020,8.75,2,217.4,3802.0
2025-02-02,TR-08,08#矿车,2015,8.49,3,222.5,5668.7
2025-02-02,TR-09,09#矿车,2023,7.43,3,220.5,4915.7
2025-02-02,TR-10,10#矿车,2016,8.59,2,229.2,3939.0
2025-02-02,TR-11,11#矿车,2021,8.58,2,227.1,3896.3
2025-02-02,TR-12,12#矿车,2013,6.73,3,227.1,4588.5
2025-02-03,TR-01,01#矿车,2017,7.98,2,219.5,3505.7
2025-02-03,TR-02,02#矿车,2021,8.11,3,217.3,5284.0
2025-02-03,TR-03,03#矿车,2019,8.02,3,219.3,5277.4
2025-02-03,TR-04,04#矿车,2014,7.13,3,217.8,4660.9
2025-02-03,TR-05,05#矿车,2022,8.25,3,231.5,5732.6
2025-02-03,TR-06,06#矿车,2018,7.77,2,229.1,3560.9
2025-02-03,TR-07,07#矿车,2020,8.54,3,217.4,5571.4
2025-02-03,TR-08,08#矿车,2015,8.56,3,222.5,5717.1
2025-02-03,TR-09,09#矿车,2023,7.65,3,220.5,5061.1
2025-02-03,TR-10,10#矿车,2016,8.1,3,229.2,5572.9
2025-02-03,TR-11,11#矿车,2021,8.55,3,227.1,5824.9
2025-02-03,TR-12,12#矿车,2013,7.17,3,227.1,4887.9
2025-02-04,TR-01,01#矿车,2017,5.44,0,219.5,0.0
2025-02-04,TR-02,02#矿车,2021,8.08,3,217.3,5270.5
2025-02-04,TR-03,03#矿车,2019,8.19,3,219.3,5388.6
2025-02-04,TR-04,04#矿车,2014,7.7,2,217.8,3354.2
2025-02-04,TR-05,05#矿车,2022,8.61,3,231.5,5979.9
2025-02-04,TR-06,06#矿车,2018,7.74,3,229.1,5318.0
2025-02-04,TR-07,07#矿车,2020,8.63,3,217.4,5626.1
2025-02-04,TR-08,08#矿车,2015,8.49,2,222.5,3777.8
2025-02-04,TR-09,09#矿车,2023,7.88,3,220.5,5212.8
2025-02-04,TR-10,10#矿车,2016,8.27,3,229.2,5689.0
2025-02-04,TR-11,11#矿车,2021,8.2,2,227.1,3722.8
2025-02-04,TR-12,12#矿车,2013,7.01,3,227.1,4778.0
2025-02-05,TR-01,01#矿车,2017,8.23,2,219.5,3613.0
2025-02-05,TR-02,02#矿车,2021,7.91,2,217.3,3435.7
2025-02-05,TR-03,03#矿车,2019,8.18,2,219.3,3588.9
2025-02-05,TR-04,04#矿车,2014,7.45,3,217.8,4866.6
2025-02-05,TR-05,05#矿车,2022,8.63,3,231.5,5991.5
2025-02-05,TR-06,06#矿车,2018,7.78,3,229.1,5350.2
2025-02-05,TR-07,07#矿车,2020,8.66,3,217.4,5643.9
2025-02-05,TR-08,08#矿车,2015,8.42,3,222.5,5622.0
2025-02-05,TR-09,09#矿车,2023,7.94,2,220.5,3502.2
2025-02-05,TR-10,10#矿车,2016,8.48,2,229.2,3888.5
2025-02-05,TR-11,11#矿车,2021,8.61,2,227.1,3910.9
2025-02-05,TR-12,12#矿车,2013,7.1,2,227.1,3224.6
2025-02-06,TR-01,01#矿车,2017,8.1,2,219.5,3555.9
2025-02-06,TR-02,02#矿车,2021,7.68,3,217.3,5006.4
2025-02-06,TR-03,03#矿车,2019,8.43,3,219.3,5546.3
2025-02-06,TR-04,04#矿车,2014,7.18,3,217.8,4692.2
2025-02-06,TR-05,05#矿车,2022,8.68,2,231.5,4020.5
2025-02-06,TR-06,06#矿车,2018,7.72,2,229.1,3538.1
2025-02-06,TR-07,07#矿车,2020,8.46,3,217.4,5513.5
2025-02-06,TR-08,08#矿车,2015,8.74,2,222.5,3891.0
2025-02-06,TR-09,09#矿车,2023,7.89,2,220.5,3478.1
2025-02-06,TR-10,10#矿车,2016,8.65,2,229.2,3964.7
2025-02-06,TR-11,11#矿车,2021,8.34,3,227.1,5679.7
2025-02-06,TR-12,12#矿车,2013,7.03,3,227.1,4788.9
2025-02-07,TR-01,01#矿车,2017,8.14,2,219.5,3574.0
2025-02-07,TR-02,02#矿车,2021,8.14,2,217.3,3538.2
2025-02-07,TR-03,03#矿车,2019,8.02,2,219.3,3515.9
2025-02-07,TR-04,04#矿车,2014,7.01,3,217.8,4582.5
2025-02-07,TR-05,05#矿车,2022,8.46,3,231.5,5879.0
2025-02-07,TR-06,06#矿车,2018,8.06,3,229.1,5536.2
2025-02-07,TR-07,07#矿车,2020,8.65,2,217.4,3759.3
2025-02-07,TR-08,08#矿车,2015,8.65,3,222.5,5771.3
2025-02-07,TR-09,09#矿车,2023,7.71,2,220.5,3400.9
2025-02-07,TR-10,10#矿车,2016,8.95,3,229.2,6153.8
2025-02-07,TR-11,11#矿车,2021,8.37,3,227.1,5701.4
2025-02-07,TR-12,12#矿车,2013,7.02,2,227.1,3188.4
2025-02-08,TR-01,01#矿车,2017,7.65,2,219.5,3356.8
2025-02-08,TR-02,02#矿车,2021,7.91,3,217.3,5159.4
2025-02-08,TR-03,03#矿车,2019,3.82,1,219.3,837.5
2025-02-08,TR-04,04#矿车,2014,6.95,3,217.8,4539.8
2025-02-08,TR-05,05#矿车,2022,8.51,3,231.5,5910.0
2025-02-08,TR-06,06#矿车,2018,8.28,3,229.1,5692.8
2025-02-08,TR-07,07#矿车,2020,8.76,2,217.4,3806.0
2025-02-08,TR-08,08#矿车,2015,8.35,3,222.5,5576.2
2025-02-08,TR-09,09#矿车,2023,8.04,2,220.5,3545.4
2025-02-08,TR-10,10#矿车,2016,8.92,3,229.2,6134.9
2025-02-08,TR-11,11#矿车,2021,8.37,3,227.1,5698.3
2025-02-08,TR-12,12#矿车,2013,7.21,2,227.1,3274.0
2025-02-09,TR-01,01#矿车,2017,7.97,3,219.5,5247.4
2025-02-09,TR-02,02#矿车,2021,8.55,2,217.3,3713.8
2025-02-09,TR-03,03#矿车,2019,8.4,3,219.3,5528.3
2025-02-09,TR-04,04#矿车,2014,7.02,3,217.8,4586.3
2025-02-09,TR-05,05#矿车,2022,8.18,2,231.5,3789.2
2025-02-09,TR-06,06#矿车,2018,7.94,3,229.1,5455.7
2025-02-09,TR-07,07#矿车,2020,8.64,2,217.4,3754.9
2025-02-09,TR-08,08#矿车,2015,8.36,2,222.5,3719.5
2025-02-09,TR-09,09#矿车,2023,7.13,3,220.5,4719.4
2025-02-09,TR-10,10#矿车,2016,8.75,2,229.2,4010.1
2025-02-09,TR-11,11#矿车,2021,8.37,3,227.1,5699.9
2025-02-09,TR-12,12#矿车,2013,6.98,3,227.1,4754.0
2025-02-10,TR-01,01#矿车,2017,7.77,3,219.5,5116.6
2025-02-10,TR-02,02#矿车,2021,8.12,3,217.3,5295.8
2025-02-10,TR-03,03#矿车,2019,8.82,3,219.3,5804.0
2025-02-10,TR-04,04#矿车,2014,6.64,3,217.8,4334.9
2025-02-10,TR-05,05#矿车,2022,8.4,3,231.5,5832.0
2025-02-10,TR-06,06#矿车,2018,8.03,3,229.1,5521.1
2025-02-10,TR-07,07#矿车,2020,8.43,2,217.4,3662.9
2025-02-10,TR-08,08#矿车,2015,8.73,3,222.5,5824.0
2025-02-10,TR-09,09#矿车,2023,7.31,3,220.5,4837.3
2025-02-10,TR-10,10#矿车,2016,8.51,3,229.2,5851.5
2025-02-10,TR-11,11#矿车,2021,8.55,3,227.1,5823.5
2025-02-10,TR-12,12#矿车,2013,7.04,3,227.1,4797.4
2025-02-11,TR-01,01#矿车,2017,8.21,2,219.5,3602.5
2025-02-11,TR-02,02#矿车,2021,7.56,3,217.3,4929.7
2025-02-11,TR-03,03#矿车,2019,8.25,2,219.3,3620.5
2025-02-11,TR-04,04#矿车,2014,7.32,3,217.8,4779.6
2025-02-11,TR-05,05#矿车,2022,8.54,2,231.5,3956.3
2025-02-11,TR-06,06#矿车,2018,7.87,3,229.1,5409.2
2025-02-11,TR-07,07#矿车,2020,8.93,2,217.4,3882.2
2025-02-11,TR-08,08#矿车,2015,8.48,3,222.5,5661.8
2025-02-11,TR-09,09#矿车,2023,7.37,3,220.5,4875.5
2025-02-11,TR-10,10#矿车,2016,8.81,3,229.2,6062.3
2025-02-11,TR-11,11#矿车,2021,8.48,3,227.1,5773.4
2025-02-11,TR-12,12#矿车,2013,6.99,3,227.1,4765.1
2025-02-12,TR-01,01#矿车,2017,8.08,3,219.5,5321.3
2025-02-12,TR-02,02#矿车,2021,7.76,2,217.3,3372.3
2025-02-12,TR-03,03#矿车,2019,8.31,3,219.3,5469.0
2025-02-12,TR-04,04#矿车,2014,7.25,3,217.8,4737.3
2025-02-12,TR-05,05#矿车,2022,8.08,3,231.5,5609.0
2025-02-12,TR-06,06#矿车,2018,7.4,2,229.1,3391.3
2025-02-12,TR-07,07#矿车,2020,8.54,2,217.4,3711.5
2025-02-12,TR-08,08#矿车,2015,8.14,3,222.5,5433.8
2025-02-12,TR-09,09#矿车,2023,7.44,3,220.5,4918.5
2025-02-12,TR-10,10#矿车,2016,6.48,1,229.2,1486.5
2025-02-12,TR-11,11#矿车,2021,8.65,3,227.1,5889.1
2025-02-12,TR-12,12#矿车,2013,6.73,2,227.1,3056.1
2025-02-13,TR-01,01#矿车,2017,7.99,2,219.5,3507.3
2025-02-13,TR-02,02#矿车,2021,7.79,2,217.3,3385.5
2025-02-13,TR-03,03#矿车,2019,8.58,3,219.3,5641.8
2025-02-13,TR-04,04#矿车,2014,7.33,3,217.8,4786.8
2025-02-13,TR-05,05#矿车,2022,8.23,3,231.5,5715.3
2025-02-13,TR-06,06#矿车,2018,7.74,3,229.1,5317.3
2025-02-13,TR-07,07#矿车,2020,8.75,3,217.4,5704.4
2025-02-13,TR-08,08#矿车,2015,8.31,3,222.5,5549.7
2025-02-13,TR-09,09#矿车,2023,7.68,3,220.5,5079.8
2025-02-13,TR-10,10#矿车,2016,8.7,3,229.2,5983.5
2025-02-13,TR-11,11#矿车,2021,8.11,3,227.1,5525.4
2025-02-13,TR-12,12#矿车,2013,6.69,3,227.1,4559.9
2025-02-14,TR-01,01#矿车,2017,8.09,2,219.5,3550.0
2025-02-14,TR-02,02#矿车,2021,8.34,2,217.3,3626.7
2025-02-14,TR-03,03#矿车,2019,8.04,3,219.3,5288.9
2025-02-14,TR-04,04#矿车,2014,7.23,2,217.8,3150.7
2025-02-14,TR-05,05#矿车,2022,8.49,3,231.5,5898.0
2025-02-14,TR-06,06#矿车,2018,7.64,3,229.1,5247.7
2025-02-14,TR-07,07#矿车,2020,8.27,3,217.4,5392.3
2025-02-14,TR-08,08#矿车,2015,4.94,1,222.5,1099.0
2025-02-14,TR-09,09#矿车,2023,7.54,3,220.5,4990.0
2025-02-14,TR-10,10#矿车,2016,8.63,3,229.2,5937.9
2025-02-14,TR-11,11#矿车,2021,8.37,2,227.1,3799.5
2025-02-14,TR-12,12#矿车,2013,6.9,2,227.1,3133.8
2025-02-15,TR-01,01#矿车,2017,7.98,3,219.5,5256.9
2025-02-15,TR-02,02#矿车,2021,7.79,3,217.3,5080.5
2025-02-15,TR-03,03#矿车,2019,8.44,3,219.3,5554.0
2025-02-15,TR-04,04#矿车,2014,7.3,2,217.8,3179.5
2025-02-15,TR-05,05#矿车,2022,8.78,3,231.5,6096.5
2025-02-15,TR-06,06#矿车,2018,8.04,3,229.1,5525.5
2025-02-15,TR-07,07#矿车,2020,8.72,3,217.4,5687.3
2025-02-15,TR-08,08#矿车,2015,7.96,3,222.5,5311.7
2025-02-15,TR-09,09#矿车,2023,7.69,3,220.5,5089.2
2025-02-15,TR-10,10#矿车,2016,8.42,3,229.2,5793.5
2025-02-15,TR-11,11#矿车,2021,8.53,2,227.1,3873.0
2025-02-15,TR-12,12#矿车,2013,7.34,3,227.1,4997.9
2025-02-16,TR-01,01#矿车,2017,8.2,3,219.5,5401.3
2025-02-16,TR-02,02#矿车,2021,8.19,2,217.3,3558.4
2025-02-16,TR-03,03#矿车,2019,8.53,2,219.3,3740.1
2025-02-16,TR-04,04#矿车,2014,6.94,3,217.8,4536.5
2025-02-16,TR-05,05#矿车,2022,8.68,3,231.5,6026.1
2025-02-16,TR-06,06#矿车,2018,8.28,3,229.1,5687.4
2025-02-16,TR-07,07#矿车,2020,8.49,2,217.4,3690.9
2025-02-16,TR-08,08#矿车,2015,8.26,3,222.5,5512.6
2025-02-16,TR-09,09#矿车,2023,7.75,2,220.5,3417.8
2025-02-16,TR-10,10#矿车,2016,8.13,2,229.2,3726.8
2025-02-16,TR-11,11#矿车,2021,8.49,3,227.1,5781.9
2025-02-16,TR-12,12#矿车,2013,7.2,2,227.1,3269.2
2025-02-17,TR-01,01#矿车,2017,8.12,2,219.5,3567.3
2025-02-17,TR-02,02#矿车,2021,8.26,3,217.3,5384.8
2025-02-17,TR-03,03#矿车,2019,8.13,3,219.3,5346.2
2025-02-17,TR-04,04#矿车,2014,7.19,3,217.8,4698.5
2025-02-17,TR-05,05#矿车,2022,8.63,2,231.5,3996.3
2025-02-17,TR-06,06#矿车,2018,8.08,3,229.1,5556.0
2025-02-17,TR-07,07#矿车,2020,8.59,2,217.4,3736.2
2025-02-17,TR-08,08#矿车,2015,8.47,3,222.5,5651.1
2025-02-17,TR-09,09#矿车,2023,7.87,3,220.5,5203.9
2025-02-17,TR-10,10#矿车,2016,8.07,3,229.2,5550.5
2025-02-17,TR-11,11#矿车,2021,8.35,3,227.1,5686.2
2025-02-17,TR-12,12#矿车,2013,7.2,3,227.1,4908.4
2025-02-18,TR-01,01#矿车,2017,7.71,3,219.5,5079.3
2025-02-18,TR-02,02#矿车,2021,8.33,2,217.3,3619.9
2025-02-18,TR-03,03#矿车,2019,7.96,3,219.3,5235.6
2025-02-18,TR-04,04#矿车,2014,7.66,3,217.8,5003.2
2025-02-18,TR-05,05#矿车,2022,8.2,3,231.5,5692.8
2025-02-18,TR-06,06#矿车,2018,7.84,2,229.1,3592.8
2025-02-18,TR-07,07#矿车,2020,8.76,2,217.4,3807.2
2025-02-18,TR-08,08#矿车,2015,8.62,3,222.5,5756.8
2025-02-18,TR-09,09#矿车,2023,8.02,3,220.5,5305.9
2025-02-18,TR-10,10#矿车,2016,8.46,3,229.2,5819.9
2025-02-18,TR-11,11#矿车,2021,8.52,3,227.1,5800.3
2025-02-18,TR-12,12#矿车,2013,7.09,3,227.1,4830.3
2025-02-19,TR-01,01#矿车,2017,4.48,1,219.5,983.8
2025-02-19,TR-02,02#矿车,2021,8.13,3,217.3,5300.2
2025-02-19,TR-03,03#矿车,2019,8.23,3,219.3,5414.1
2025-02-19,TR-04,04#矿车,2014,7.66,3,217.8,5001.1
2025-02-19,TR-05,05#矿车,2022,8.45,3,231.5,5867.6
2025-02-19,TR-06,06#矿车,2018,7.93,3,229.1,5452.7
2025-02-19,TR-07,07#矿车,2020,8.6,2,217.4,3739.0
2025-02-19,TR-08,08#矿车,2015,8.95,2,222.5,3980.7
2025-02-19,TR-09,09#矿车,2023,8.11,3,220.5,5363.5
2025-02-19,TR-10,10#矿车,2016,8.43,2,229.2,3866.3
2025-02-19,TR-11,11#矿车,2021,8.6,2,227.1,3905.2
2025-02-19,TR-12,12#矿车,2013,7.2,2,227.1,3270.5
2025-02-20,TR-01,01#矿车,2017,8.03,2,219.5,3525.1
2025-02-20,TR-02,02#矿车,2021,8.5,3,217.3,5538.6
2025-02-20,TR-03,03#矿车,2019,8.54,3,219.3,5615.7
2025-02-20,TR-04,04#矿车,2014,7.33,3,217.8,4791.5
2025-02-20,TR-05,05#矿车,2022,8.45,2,231.5,3910.9
2025-02-20,TR-06,06#矿车,2018,7.69,2,229.1,3522.1
2025-02-20,TR-07,07#矿车,2020,8.17,3,217.4,5330.5
2025-02-20,TR-08,08#矿车,2015,8.73,2,222.5,3882.9
2025-02-20,TR-09,09#矿车,2023,7.78,3,220.5,5145.4
2025-02-20,TR-10,10#矿车,2016,8.03,3,229.2,5521.9
2025-02-20,TR-11,11#矿车,2021,8.3,2,227.1,3767.9
2025-02-20,TR-12,12#矿车,2013,6.91,2,227.1,3137.3
2025-02-21,TR-01,01#矿车,2017,8.28,2,219.5,3634.0
2025-02-21,TR-02,02#矿车,2021,8.07,2,217.3,3507.1
2025-02-21,TR-03,03#矿车,2019,8.28,2,219.3,3634.0
2025-02-21,TR-04,04#矿车,2014,7.18,3,217.8,4691.0
2025-02-21,TR-05,05#矿车,2022,8.28,3,231.5,5749.4
2025-02-21,TR-06,06#矿车,2018,7.7,2,229.1,3529.4
2025-02-21,TR-07,07#矿车,2020,8.39,2,217.4,3645.1
2025-02-21,TR-08,08#矿车,2015,8.76,3,222.5,5846.0
2025-02-21,TR-09,09#矿车,2023,7.69,2,220.5,3390.6
2025-02-21,TR-10,10#矿车,2016,8.44,3,229.2,5801.6
2025-02-21,TR-11,11#矿车,2021,8.36,3,227.1,5692.7
2025-02-21,TR-12,12#矿车,2013,6.87,3,227.1,4682.0
2025-02-22,TR-01,01#矿车,2017,8.05,3,219.5,5303.8
2025-02-22,TR-02,02#矿车,2021,7.98,2,217.3,3467.1
2025-02-22,TR-03,03#矿车,2019,8.32,3,219.3,5475.5
2025-02-22,TR-04,04#矿车,2014,7.4,2,217.8,3222.0
2025-02-22,TR-05,05#矿车,2022,8.3,3,231.5,5766.0
2025-02-22,TR-06,06#矿车,2018,8.04,3,229.1,5527.1
2025-02-22,TR-07,07#矿车,2020,8.19,3,217.4,5342.9
2025-02-22,TR-08,08#矿车,2015,8.98,3,222.5,5991.3
2025-02-22,TR-09,09#矿车,2023,7.78,2,220.5,3429.1
2025-02-22,TR-10,10#矿车,2016,8.61,3,229.2,5918.1
2025-02-22,TR-11,11#矿车,2021,8.84,2,227.1,4015.1
2025-02-22,TR-12,12#矿车,2013,6.72,3,227.1,4582.0
2025-02-23,TR-01,01#矿车,2017,8.1,3,219.5,5332.8
2025-02-23,TR-02,02#矿车,2021,8.22,3,217.3,5357.6
2025-02-23,TR-03,03#矿车,2019,7.98,3,219.3,5248.3
2025-02-23,TR-04,04#矿车,2014,7.12,2,217.8,3100.5
2025-02-23,TR-05,05#矿车,2022,8.6,3,231.5,5970.3
2025-02-23,TR-06,06#矿车,2018,8.21,3,229.1,5642.8
2025-02-23,TR-07,07#矿车,2020,8.65,3,217.4,5639.5
2025-02-23,TR-08,08#矿车,2015,8.78,3,222.5,5859.1
2025-02-23,TR-09,09#矿车,2023,7.64,2,220.5,3367.8
2025-02-23,TR-10,10#矿车,2016,8.57,3,229.2,5895.1
2025-02-23,TR-11,11#矿车,2021,8.66,3,227.1,5898.6
2025-02-23,TR-12,12#矿车,2013,6.8,3,227.1,4635.4
2025-02-24,TR-01,01#矿车,2017,8.21,2,219.5,3604.5
2025-02-24,TR-02,02#矿车,2021,8.04,3,217.3,5238.5
2025-02-24,TR-03,03#矿车,2019,8.03,3,219.3,5282.7
2025-02-24,TR-04,04#矿车,2014,7.33,3,217.8,4789.9
2025-02-24,TR-05,05#矿车,2022,8.32,3,231.5,5782.3
2025-02-24,TR-06,06#矿车,2018,7.97,3,229.1,5477.2
2025-02-24,TR-07,07#矿车,2020,8.44,2,217.4,3668.2
2025-02-24,TR-08,08#矿车,2015,8.85,3,222.5,5906.2
2025-02-24,TR-09,09#矿车,2023,7.58,2,220.5,3342.5
2025-02-24,TR-10,10#矿车,2016,8.46,3,229.2,5819.1
2025-02-24,TR-11,11#矿车,2021,8.48,2,227.1,3852.1
2025-02-24,TR-12,12#矿车,2013,6.7,3,227.1,4564.2
2025-02-25,TR-01,01#矿车,2017,7.96,3,219.5,5243.0
2025-02-25,TR-02,02#矿车,2021,8.21,3,217.3,5353.4
2025-02-25,TR-03,03#矿车,2019,8.37,2,219.3,3672.8
2025-02-25,TR-04,04#矿车,2014,7.3,3,217.8,4766.2
2025-02-25,TR-05,05#矿车,2022,8.32,3,231.5,5780.4
2025-02-25,TR-06,06#矿车,2018,7.64,3,229.1,5253.3
2025-02-25,TR-07,07#矿车,2020,8.41,2,217.4,3655.6
2025-02-25,TR-08,08#矿车,2015,8.35,2,222.5,3713.6
2025-02-25,TR-09,09#矿车,2023,8.25,3,220.5,5458.8
2025-02-25,TR-10,10#矿车,2016,8.61,2,229.2,3947.7
2025-02-25,TR-11,11#矿车,2021,8.6,3,227.1,5859.0
2025-02-25,TR-12,12#矿车,2013,6.96,3,227.1,4739.1
2025-02-26,TR-01,01#矿车,2017,7.83,2,219.5,3439.3
2025-02-26,TR-02,02#矿车,2021,8.37,3,217.3,5458.1
2025-02-26,TR-03,03#矿车,2019,7.95,2,219.3,3485.6
2025-02-26,TR-04,04#矿车,2014,7.35,2,217.8,3200.9
2025-02-26,TR-05,05#矿车,2022,8.47,3,231.5,5885.1
2025-02-26,TR-06,06#矿车,2018,7.86,3,229.1,5399.7
2025-02-26,TR-07,07#矿车,2020,8.82,3,217.4,5748.4
2025-02-26,TR-08,08#矿车,2015,8.16,3,222.5,5444.3
2025-02-26,TR-09,09#矿车,2023,7.75,3,220.5,5125.9
2025-02-26,TR-10,10#矿车,2016,8.68,3,229.2,5967.2
2025-02-26,TR-11,11#矿车,2021,8.57,3,227.1,5839.2
2025-02-26,TR-12,12#矿车,2013,7.13,2,227.1,3240.3
2025-02-27,TR-01,01#矿车,2017,7.85,2,219.5,3446.4
2025-02-27,TR-02,02#矿车,2021,8.39,3,217.3,5472.1
2025-02-27,TR-03,03#矿车,2019,8.28,3,219.3,5449.4
2025-02-27,TR-04,04#矿车,2014,7.34,3,217.8,4794.9
2025-02-27,TR-05,05#矿车,2022,8.67,3,231.5,6022.9
2025-02-27,TR-06,06#矿车,2018,7.9,3,229.1,5426.7
2025-02-27,TR-07,07#矿车,2020,8.13,2,217.4,3533.8
2025-02-27,TR-08,08#矿车,2015,8.26,2,222.5,3674.5
2025-02-27,TR-09,09#矿车,2023,8.17,3,220.5,5407.1
2025-02-27,TR-10,10#矿车,2016,8.67,3,229.2,5965.5
2025-02-27,TR-11,11#矿车,2021,8.18,2,227.1,3714.6
2025-02-27,TR-12,12#矿车,2013,6.62,3,227.1,4510.9
2025-02-28,TR-01,01#矿车,2017,7.74,2,219.5,3397.3
2025-02-28,TR-02,02#矿车,2021,8.5,3,217.3,5544.4
2025-02-28,TR-03,03#矿车,2019,8.28,2,219.3,3632.3
2025-02-28,TR-04,04#矿车,2014,7.03,2,217.8,3060.1
2025-02-28,TR-05,05#矿车,2022,8.31,3,231.5,5773.2
2025-02-28,TR-06,06#矿车,2018,7.56,3,229.1,5199.0
2025-02-28,TR-07,07#矿车,2020,8.2,3,217.4,5349.4
2025-02-28,TR-08,08#矿车,2015,8.86,2,222.5,3944.8
2025-02-28,TR-09,09#矿车,2023,7.89,3,220.5,5218.3
2025-02-28,TR-10,10#矿车,2016,8.55,3,229.2,5882.0
2025-02-28,TR-11,11#矿车,2021,8.15,3,227.1,5549.7
2025-02-28,TR-12,12#矿车,2013,6.83,3,227.1,4654.5
2025-03-01,TR-01,01#矿车,2017,8.06,3,219.5,5305.6
2025-03-01,TR-02,02#矿车,2021,8.33,3,217.3,5429.5
2025-03-01,TR-03,03#矿车,2019,8.73,2,219.3,3827.3
2025-03-01,TR-04,04#矿车,2014,6.81,3,217.8,4449.0
2025-03-01,TR-05,05#矿车,2022,8.56,3,231.5,5943.5
2025-03-01,TR-06,06#矿车,2018,7.55,2,229.1,3458.2
2025-03-01,TR-07,07#矿车,2020,8.22,3,217.4,5359.5
2025-03-01,TR-08,08#矿车,2015,8.21,3,222.5,5478.3
2025-03-01,TR-09,09#矿车,2023,7.65,3,220.5,5063.7
2025-03-01,TR-10,10#矿车,2016,8.28,2,229.2,3797.7
2025-03-01,TR-11,11#矿车,2021,8.35,3,227.1,5685.5
2025-03-01,TR-12,12#矿车,2013,6.58,2,227.1,2989.3
2025-03-02,TR-01,01#矿车,2017,8.35,2,219.5,3667.3
2025-03-02,TR-02,02#矿车,2021,8.28,3,217.3,5397.1
2025-03-02,TR-03,03#矿车,2019,8.7,3,219.3,5720.9
2025-03-02,TR-04,04#矿车,2014,6.79,3,217.8,4433.1
2025-03-02,TR-05,05#矿车,2022,8.75,3,231.5,6079.4
2025-03-02,TR-06,06#矿车,2018,8.65,3,229.1,5947.0
2025-03-02,TR-07,07#矿车,2020,8.03,3,217.4,5239.0
2025-03-02,TR-08,08#矿车,2015,8.05,2,222.5,3582.6
2025-03-02,TR-09,09#矿车,2023,7.75,2,220.5,3416.9
2025-03-02,TR-10,10#矿车,2016,8.46,3,229.2,5817.1
2025-03-02,TR-11,11#矿车,2021,8.76,3,227.1,5965.1
2025-03-02,TR-12,12#矿车,2013,6.87,3,227.1,4681.3
2025-03-03,TR-01,01#矿车,2017,7.76,3,219.5,5109.5
2025-03-03,TR-02,02#矿车,2021,8.46,2,217.3,3678.1
2025-03-03,TR-03,03#矿车,2019,8.22,3,219.3,5409.7
2025-03-03,TR-04,04#矿车,2014,6.63,2,217.8,2886.9
2025-03-03,TR-05,05#矿车,2022,8.57,3,231.5,5954.8
2025-03-03,TR-06,06#矿车,2018,7.97,3,229.1,5478.4
2025-03-03,TR-07,07#矿车,2020,7.88,2,217.4,3427.6
2025-03-03,TR-08,08#矿车,2015,8.26,3,222.5,5514.9
2025-03-03,TR-09,09#矿车,2023,7.4,3,220.5,4894.8
2025-03-03,TR-10,10#矿车,2016,8.43,3,229.2,5800.5
2025-03-03,TR-11,11#矿车,2021,8.11,3,227.1,5524.9
2025-03-03,TR-12,12#矿车,2013,7.26,3,227.1,4947.9
2025-03-04,TR-01,01#矿车,2017,8.0,3,219.5,5266.4
2025-03-04,TR-02,02#矿车,2021,8.67,3,217.3,5649.9
2025-03-04,TR-03,03#矿车,2019,8.44,3,219.3,5551.4
2025-03-04,TR-04,04#矿车,2014,7.2,2,217.8,3136.1
2025-03-04,TR-05,05#矿车,2022,8.64,3,231.5,6001.2
2025-03-04,TR-06,06#矿车,2018,8.14,2,229.1,3728.1
2025-03-04,TR-07,07#矿车,2020,7.93,3,217.4,5170.1
2025-03-04,TR-08,08#矿车,2015,8.39,2,222.5,3734.2
2025-03-04,TR-09,09#矿车,2023,7.34,2,220.5,3236.6
2025-03-04,TR-10,10#矿车,2016,7.86,3,229.2,5403.9
2025-03-04,TR-11,11#矿车,2021,7.81,3,227.1,5316.9
2025-03-04,TR-12,12#矿车,2013,6.66,3,227.1,4538.8
2025-03-05,TR-01,01#矿车,2017,7.96,2,219.5,3494.3
2025-03-05,TR-02,02#矿车,2021,8.76,3,217.3,5707.9
2025-03-05,TR-03,03#矿车,2019,8.11,3,219.3,5335.3
2025-03-05,TR-04,04#矿车,2014,6.93,3,217.8,4526.6
2025-03-05,TR-05,05#矿车,2022,8.8,3,231.5,6114.9
2025-03-05,TR-06,06#矿车,2018,7.88,3,229.1,5416.7
2025-03-05,TR-07,07#矿车,2020,8.62,3,217.4,5618.1
2025-03-05,TR-08,08#矿车,2015,8.54,3,222.5,5697.1
2025-03-05,TR-09,09#矿车,2023,7.49,3,220.5,4951.6
2025-03-05,TR-10,10#矿车,2016,7.81,2,229.2,3581.2
2025-03-05,TR-11,11#矿车,2021,8.56,3,227.1,5828.1
2025-03-05,TR-12,12#矿车,2013,6.84,3,227.1,4662.3
2025-03-06,TR-01,01#矿车,2017,8.11,3,219.5,5340.2
2025-03-06,TR-02,02#矿车,2021,8.39,3,217.3,5472.2
2025-03-06,TR-03,03#矿车,2019,8.26,2,219.3,3623.9
2025-03-06,TR-04,04#矿车,2014,6.89,3,217.8,4501.8
2025-03-06,TR-05,05#矿车,2022,8.44,3,231.5,5865.2
2025-03-06,TR-06,06#矿车,2018,8.11,3,229.1,5575.4
2025-03-06,TR-07,07#矿车,2020,8.24,3,217.4,5372.0
2025-03-06,TR-08,08#矿车,2015,8.57,2,222.5,3815.7
2025-03-06,TR-09,09#矿车,2023,7.39,3,220.5,4888.9
2025-03-06,TR-10,10#矿车,2016,8.09,3,229.2,5564.6
2025-03-06,TR-11,11#矿车,2021,7.98,3,227.1,5438.1
2025-03-06,TR-12,12#矿车,2013,6.77,3,227.1,4615.1
2025-03-07,TR-01,01#矿车,2017,8.2,2,219.5,3601.7
2025-03-07,TR-02,02#矿车,2021,7.53,2,217.3,3270.7
2025-03-07,TR-03,03#矿车,2019,8.21,2,219.3,3602.0
2025-03-07,TR-04,04#矿车,2014,6.86,3,217.8,4479.0
2025-03-07,TR-05,05#矿车,2022,8.61,3,231.5,5982.9
2025-03-07,TR-06,06#矿车,2018,8.24,3,229.1,5665.5
2025-03-07,TR-07,07#矿车,2020,8.78,3,217.4,5728.0
2025-03-07,TR-08,08#矿车,2015,8.5,3,222.5,5672.3
2025-03-07,TR-09,09#矿车,2023,7.67,3,220.5,5076.3
2025-03-07,TR-10,10#矿车,2016,8.31,2,229.2,3811.4
2025-03-07,TR-11,11#矿车,2021,8.44,2,227.1,3832.1
2025-03-07,TR-12,12#矿车,2013,6.75,3,227.1,4600.1
2025-03-08,TR-01,01#矿车,2017,7.97,2,219.5,3499.1
2025-03-08,TR-02,02#矿车,2021,7.85,3,217.3,5118.2
2025-03-08,TR-03,03#矿车,2019,8.26,3,219.3,5435.0
2025-03-08,TR-04,04#矿车,2014,6.73,2,217.8,2928.8
2025-03-08,TR-05,05#矿车,2022,8.6,3,231.5,5970.9
2025-03-08,TR-06,06#矿车,2018,8.04,2,229.1,3684.3
2025-03-08,TR-07,07#矿车,2020,8.78,2,217.4,3815.9
2025-03-08,TR-08,08#矿车,2015,8.4,3,222.5,5604.2
2025-03-08,TR-09,09#矿车,2023,7.56,3,220.5,4999.8
2025-03-08,TR-10,10#矿车,2016,8.35,3,229.2,5744.2
2025-03-08,TR-11,11#矿车,2021,8.26,3,227.1,5624.3
2025-03-08,TR-12,12#矿车,2013,6.65,2,227.1,3020.9
2025-03-09,TR-01,01#矿车,2017,7.69,3,219.5,5067.6
2025-03-09,TR-02,02#矿车,2021,8.0,3,217.3,5214.2
2025-03-09,TR-03,03#矿车,2019,8.56,2,219.3,3755.8
2025-03-09,TR-04,04#矿车,2014,7.36,3,217.8,4810.5
2025-03-09,TR-05,05#矿车,2022,8.58,3,231.5,5961.0
2025-03-09,TR-06,06#矿车,2018,7.98,3,229.1,5486.5
2025-03-09,TR-07,07#矿车,2020,8.75,3,217.4,5703.1
2025-03-09,TR-08,08#矿车,2015,7.91,3,222.5,5279.5
2025-03-09,TR-09,09#矿车,2023,7.85,3,220.5,5195.4
2025-03-09,TR-10,10#矿车,2016,8.56,3,229.2,5888.7
2025-03-09,TR-11,11#矿车,2021,7.7,3,227.1,5243.1
2025-03-09,TR-12,12#矿车,2013,6.82,2,227.1,3098.4
2025-03-10,TR-01,01#矿车,2017,7.49,2,219.5,3287.4
2025-03-10,TR-02,02#矿车,2021,8.23,3,217.3,5362.8
2025-03-10,TR-03,03#矿车,2019,8.48,3,219.3,5577.7
2025-03-10,TR-04,04#矿车,2014,6.84,3,217.8,4467.6
2025-03-10,TR-05,05#矿车,2022,8.27,2,231.5,3829.9
2025-03-10,TR-06,06#矿车,2018,7.87,2,229.1,3606.1
2025-03-10,TR-07,07#矿车,2020,8.7,2,217.4,3782.2
2025-03-10,TR-08,08#矿车,2015,8.45,3,222.5,5641.7
2025-03-10,TR-09,09#矿车,2023,8.05,2,220.5,3548.6
2025-03-10,TR-10,10#矿车,2016,8.56,3,229.2,5885.1
2025-03-10,TR-11,11#矿车,2021,8.25,3,227.1,5618.2
2025-03-10,TR-12,12#矿车,2013,7.2,3,227.1,4907.9
2025-03-11,TR-01,01#矿车,2017,7.93,3,219.5,5224.3
2025-03-11,TR-02,02#矿车,2021,7.93,3,217.3,5168.3
2025-03-11,TR-03,03#矿车,2019,8.33,2,219.3,3654.0
2025-03-11,TR-04,04#矿车,2014,7.25,2,217.8,3158.1
2025-03-11,TR-05,05#矿车,2022,8.47,3,231.5,5884.2
2025-03-11,TR-06,06#矿车,2018,7.68,3,229.1,5281.2
2025-03-11,TR-07,07#矿车,2020,8.66,3,217.4,5645.3
2025-03-11,TR-08,08#矿车,2015,8.42,3,222.5,5622.9
2025-03-11,TR-09,09#矿车,2023,8.01,3,220.5,5298.9
2025-03-11,TR-10,10#矿车,2016,8.09,2,229.2,3707.9
2025-03-11,TR-11,11#矿车,2021,8.34,2,227.1,3787.6
2025-03-11,TR-12,12#矿车,2013,6.9,2,227.1,3132.2
2025-03-12,TR-01,01#矿车,2017,7.8,2,219.5,3426.8
2025-03-12,TR-02,02#矿车,2021,7.94,3,217.3,5179.0
2025-03-12,TR-03,03#矿车,2019,8.53,3,219.3,5610.7
2025-03-12,TR-04,04#矿车,2014,7.21,3,217.8,4711.1
2025-03-12,TR-05,05#矿车,2022,9.11,2,231.5,4219.7
2025-03-12,TR-06,06#矿车,2018,7.16,3,229.1,4921.8
2025-03-12,TR-07,07#矿车,2020,8.99,3,217.4,5864.7
2025-03-12,TR-08,08#矿车,2015,8.74,3,222.5,5835.2
2025-03-12,TR-09,09#矿车,2023,7.79,3,220.5,5155.1
2025-03-12,TR-10,10#矿车,2016,7.73,3,229.2,5317.2
2025-03-12,TR-11,11#矿车,2021,8.4,2,227.1,3815.8
2025-03-12,TR-12,12#矿车,2013,6.76,3,227.1,4603.8
2025-03-13,TR-01,01#矿车,2017,7.87,3,219.5,5182.8
2025-03-13,TR-02,02#矿车,2021,8.17,3,217.3,5324.6
2025-03-13,TR-03,03#矿车,2019,8.19,3,219.3,5391.3
2025-03-13,TR-04,04#矿车,2014,7.52,3,217.8,4914.6
2025-03-13,TR-05,05#矿车,2022,9.17,3,231.5,6367.9
2025-03-13,TR-06,06#矿车,2018,7.81,3,229.1,5365.3
2025-03-13,TR-07,07#矿车,2020,8.64,2,217.4,3758.0
2025-03-13,TR-08,08#矿车,2015,8.45,2,222.5,3758.4
2025-03-13,TR-09,09#矿车,2023,7.36,3,220.5,4867.3
2025-03-13,TR-10,10#矿车,2016,8.21,2,229.2,3763.9
2025-03-13,TR-11,11#矿车,2021,8.16,2,227.1,3705.4
2025-03-13,TR-12,12#矿车,2013,6.92,2,227.1,3145.1
2025-03-14,TR-01,01#矿车,2017,7.97,3,219.5,5248.0
2025-03-14,TR-02,02#矿车,2021,7.7,3,217.3,5018.7
2025-03-14,TR-03,03#矿车,2019,8.09,3,219.3,5324.0
2025-03-14,TR-04,04#矿车,2014,6.71,3,217.8,4384.6
2025-03-14,TR-05,05#矿车,2022,8.51,3,231.5,5909.2
2025-03-14,TR-06,06#矿车,2018,7.79,2,229.1,3570.6
2025-03-14,TR-07,07#矿车,2020,8.87,2,217.4,3855.4
2025-03-14,TR-08,08#矿车,2015,8.76,3,222.5,5845.4
2025-03-14,TR-09,09#矿车,2023,7.49,2,220.5,3303.5
2025-03-14,TR-10,10#矿车,2016,7.83,2,229.2,3588.2
2025-03-14,TR-11,11#矿车,2021,8.06,2,227.1,3662.4
2025-03-14,TR-12,12#矿车,2013,6.64,2,227.1,3014.1
2025-03-15,TR-01,01#矿车,2017,8.0,2,219.5,3513.9
2025-03-15,TR-02,02#矿车,2021,7.95,3,217.3,5180.2
2025-03-15,TR-03,03#矿车,2019,8.3,3,219.3,5462.0
2025-03-15,TR-04,04#矿车,2014,7.17,2,217.8,3123.5
2025-03-15,TR-05,05#矿车,2022,8.44,3,231.5,5865.7
2025-03-15,TR-06,06#矿车,2018,8.27,3,229.1,5686.9
2025-03-15,TR-07,07#矿车,2020,8.41,3,217.4,5482.3
2025-03-15,TR-08,08#矿车,2015,8.54,3,222.5,5702.4
2025-03-15,TR-09,09#矿车,2023,7.45,3,220.5,4927.8
2025-03-15,TR-10,10#矿车,2016,7.97,3,229.2,5481.1
2025-03-15,TR-11,11#矿车,2021,8.07,2,227.1,3664.2
2025-03-15,TR-12,12#矿车,2013,6.37,3,227.1,4337.3
2025-03-16,TR-01,01#矿车,2017,7.94,3,219.5,5226.8
2025-03-16,TR-02,02#矿车,2021,8.15,3,217.3,5315.7
2025-03-16,TR-03,03#矿车,2019,8.45,3,219.3,5557.1
2025-03-16,TR-04,04#矿车,2014,7.13,2,217.8,3106.7
2025-03-16,TR-05,05#矿车,2022,8.74,2,231.5,4047.8
2025-03-16,TR-06,06#矿车,2018,7.34,2,229.1,3361.4
2025-03-16,TR-07,07#矿车,2020,8.4,2,217.4,3649.9
2025-03-16,TR-08,08#矿车,2015,8.51,3,222.5,5677.1
2025-03-16,TR-09,09#矿车,2023,7.37,3,220.5,4873.4
2025-03-16,TR-10,10#矿车,2016,7.83,3,229.2,5385.9
2025-03-16,TR-11,11#矿车,2021,8.35,2,227.1,3793.3
2025-03-16,TR-12,12#矿车,2013,7.03,2,227.1,3193.0
2025-03-17,TR-01,01#矿车,2017,8.11,3,219.5,5341.9
2025-03-17,TR-02,02#矿车,2021,8.35,3,217.3,5445.9
2025-03-17,TR-03,03#矿车,2019,8.51,3,219.3,5597.9
2025-03-17,TR-04,04#矿车,2014,6.96,2,217.8,3030.4
2025-03-17,TR-05,05#矿车,2022,9.13,3,231.5,6341.6
2025-03-17,TR-06,06#矿车,2018,7.86,3,229.1,5399.8
2025-03-17,TR-07,07#矿车,2020,8.35,3,217.4,5447.0
2025-03-17,TR-08,08#矿车,2015,8.39,3,222.5,5599.8
2025-03-17,TR-09,09#矿车,2023,4.79,1,220.5,1057.1
2025-03-17,TR-10,10#矿车,2016,8.34,3,229.2,5734.1
2025-03-17,TR-11,11#矿车,2021,7.96,3,227.1,5424.6
2025-03-17,TR-12,12#矿车,2013,6.78,2,227.1,3080.3
2025-03-18,TR-01,01#矿车,2017,8.5,3,219.5,5596.6
2025-03-18,TR-02,02#矿车,2021,8.02,3,217.3,5231.4
2025-03-18,TR-03,03#矿车,2019,8.48,2,219.3,3717.8
2025-03-18,TR-04,04#矿车,2014,6.72,3,217.8,4390.4
2025-03-18,TR-05,05#矿车,2022,8.85,3,231.5,6144.2
2025-03-18,TR-06,06#矿车,2018,7.85,3,229.1,5397.7
2025-03-18,TR-07,07#矿车,2020,8.32,3,217.4,5423.2
2025-03-18,TR-08,08#矿车,2015,8.25,3,222.5,5503.9
2025-03-18,TR-09,09#矿车,2023,8.03,2,220.5,3539.6
2025-03-18,TR-10,10#矿车,2016,8.14,3,229.2,5598.9
2025-03-18,TR-11,11#矿车,2021,8.13,2,227.1,3689.9
2025-03-18,TR-12,12#矿车,2013,6.68,3,227.1,4551.9
2025-03-19,TR-01,01#矿车,2017,8.27,2,219.5,3633.1
2025-03-19,TR-02,02#矿车,2021,7.92,3,217.3,5161.1
2025-03-19,TR-03,03#矿车,2019,8.46,3,219.3,5563.5
2025-03-19,TR-04,04#矿车,2014,6.83,3,217.8,4463.3
2025-03-19,TR-05,05#矿车,2022,8.5,2,231.5,3934.2
2025-03-19,TR-06,06#矿车,2018,8.01,3,229.1,5502.7
2025-03-19,TR-07,07#矿车,2020,8.53,3,217.4,5563.7
2025-03-19,TR-08,08#矿车,2015,8.19,3,222.5,5465.9
2025-03-19,TR-09,09#矿车,2023,8.06,3,220.5,5334.8
2025-03-19,TR-10,10#矿车,2016,7.93,3,229.2,5451.6
2025-03-19,TR-11,11#矿车,2021,8.06,2,227.1,3659.4
2025-03-19,TR-12,12#矿车,2013,6.59,3,227.1,4487.2
2025-03-20,TR-01,01#矿车,2017,8.29,2,219.5,3637.6
2025-03-20,TR-02,02#矿车,2021,8.26,2,217.3,3590.1
2025-03-20,TR-03,03#矿车,2019,8.5,2,219.3,3730.1
2025-03-20,TR-04,04#矿车,2014,6.9,3,217.8,4506.4
2025-03-20,TR-05,05#矿车,2022,8.21,3,231.5,5701.2
2025-03-20,TR-06,06#矿车,2018,8.1,3,229.1,5567.7
2025-03-20,TR-07,07#矿车,2020,8.25,2,217.4,3586.5
2025-03-20,TR-08,08#矿车,2015,8.4,3,222.5,5607.2
2025-03-20,TR-09,09#矿车,2023,7.6,3,220.5,5024.6
2025-03-20,TR-10,10#矿车,2016,7.82,2,229.2,3583.2
2025-03-20,TR-11,11#矿车,2021,8.18,3,227.1,5573.6
2025-03-20,TR-12,12#矿车,2013,6.69,2,227.1,3039.0
2025-03-21,TR-01,01#矿车,2017,8.23,2,219.5,3613.4
2025-03-21,TR-02,02#矿车,2021,7.95,2,217.3,3455.7
2025-03-21,TR-03,03#矿车,2019,8.23,2,219.3,3609.7
2025-03-21,TR-04,04#矿车,2014,7.24,3,217.8,4726.3
2025-03-21,TR-05,05#矿车,2022,8.18,3,231.5,5684.1
2025-03-21,TR-06,06#矿车,2018,8.1,3,229.1,5569.8
2025-03-21,TR-07,07#矿车,2020,7.99,3,217.4,5213.0
2025-03-21,TR-08,08#矿车,2015,8.53,2,222.5,3797.0
2025-03-21,TR-09,09#矿车,2023,7.66,3,220.5,5064.3
2025-03-21,TR-10,10#矿车,2016,8.03,2,229.2,3679.5
2025-03-21,TR-11,11#矿车,2021,7.78,2,227.1,3532.8
2025-03-21,TR-12,12#矿车,2013,6.93,2,227.1,3146.4
2025-03-22,TR-01,01#矿车,2017,8.32,2,219.5,3653.9
2025-03-22,TR-02,02#矿车,2021,8.14,3,217.3,5304.9
2025-03-22,TR-03,03#矿车,2019,8.26,3,219.3,5437.1
2025-03-22,TR-04,04#矿车,2014,6.79,3,217.8,4435.8
2025-03-22,TR-05,05#矿车,2022,8.79,3,231.5,6102.0
2025-03-22,TR-06,06#矿车,2018,8.1,3,229.1,5568.7
2025-03-22,TR-07,07#矿车,2020,8.65,3,217.4,5637.6
2025-03-22,TR-08,08#矿车,2015,3.68,1,222.5,818.7
2025-03-22,TR-09,09#矿车,2023,8.03,2,220.5,3541.3
2025-03-22,TR-10,10#矿车,2016,8.65,3,229.2,5948.6
2025-03-22,TR-11,11#矿车,2021,7.86,3,227.1,5357.2
2025-03-22,TR-12,12#矿车,2013,7.08,3,227.1,4823.1
2025-03-23,TR-01,01#矿车,2017,7.88,3,219.5,5188.9
2025-03-23,TR-02,02#矿车,2021,8.41,3,217.3,5479.8
2025-03-23,TR-03,03#矿车,2019,8.3,3,219.3,5458.5
2025-03-23,TR-04,04#矿车,2014,7.02,3,217.8,4582.8
2025-03-23,TR-05,05#矿车,2022,8.77,3,231.5,6089.6
2025-03-23,TR-06,06#矿车,2018,7.99,2,229.1,3658.9
2025-03-23,TR-07,07#矿车,2020,8.35,3,217.4,5441.6
2025-03-23,TR-08,08#矿车,2015,8.34,2,222.5,3711.7
2025-03-23,TR-09,09#矿车,2023,7.8,3,220.5,5157.7
2025-03-23,TR-10,10#矿车,2016,8.11,2,229.2,3718.7
2025-03-23,TR-11,11#矿车,2021,8.03,3,227.1,5470.1
2025-03-23,TR-12,12#矿车,2013,7.06,3,227.1,4811.7
2025-03-24,TR-01,01#矿车,2017,7.64,3,219.5,5030.0
2025-03-24,TR-02,02#矿车,2021,7.89,2,217.3,3430.3
2025-03-24,TR-03,03#矿车,2019,8.61,3,219.3,5664.7
2025-03-24,TR-04,04#矿车,2014,6.65,3,217.8,4341.7
2025-03-24,TR-05,05#矿车,2022,8.56,3,231.5,5947.1
2025-03-24,TR-06,06#矿车,2018,7.53,3,229.1,5177.0
2025-03-24,TR-07,07#矿车,2020,8.29,3,217.4,5404.0
2025-03-24,TR-08,08#矿车,2015,8.58,3,222.5,5730.0
2025-03-24,TR-09,09#矿车,2023,8.1,2,220.5,3570.9
2025-03-24,TR-10,10#矿车,2016,8.01,3,229.2,5506.6
2025-03-24,TR-11,11#矿车,2021,8.2,2,227.1,3725.4
2025-03-24,TR-12,12#矿车,2013,6.89,2,227.1,3129.0
2025-03-25,TR-01,01#矿车,2017,7.44,3,219.5,4898.2
2025-03-25,TR-02,02#矿车,2021,8.34,3,217.3,5434.4
2025-03-25,TR-03,03#矿车,2019,8.22,3,219.3,5408.9
2025-03-25,TR-04,04#矿车,2014,6.59,2,217.8,2870.8
2025-03-25,TR-05,05#矿车,2022,8.79,3,231.5,6104.1
2025-03-25,TR-06,06#矿车,2018,7.87,3,229.1,5410.6
2025-03-25,TR-07,07#矿车,2020,8.37,2,217.4,3638.2
2025-03-25,TR-08,08#矿车,2015,8.53,2,222.5,3796.7
2025-03-25,TR-09,09#矿车,2023,7.65,3,220.5,5058.0
2025-03-25,TR-10,10#矿车,2016,8.35,3,229.2,5742.4
2025-03-25,TR-11,11#矿车,2021,8.52,2,227.1,3867.5
2025-03-25,TR-12,12#矿车,2013,6.67,3,227.1,4543.6
2025-03-26,TR-01,01#矿车,2017,8.07,3,219.5,5316.4
2025-03-26,TR-02,02#矿车,2021,7.61,3,217.3,4958.1
2025-03-26,TR-03,03#矿车,2019,7.91,3,219.3,5202.4
2025-03-26,TR-04,04#矿车,2014,6.89,3,217.8,4504.0
2025-03-26,TR-05,05#矿车,2022,8.61,3,231.5,5978.1
2025-03-26,TR-06,06#矿车,2018,7.92,3,229.1,5440.8
2025-03-26,TR-07,07#矿车,2020,8.52,3,217.4,5553.7
2025-03-26,TR-08,08#矿车,2015,8.07,3,222.5,5388.9
2025-03-26,TR-09,09#矿车,2023,7.64,3,220.5,5052.0
2025-03-26,TR-10,10#矿车,2016,8.27,2,229.2,3793.5
2025-03-26,TR-11,11#矿车,2021,8.58,2,227.1,3894.6
2025-03-26,TR-12,12#矿车,2013,3.63,1,227.1,825.2
2025-03-27,TR-01,01#矿车,2017,3.72,0,219.5,0.0
2025-03-27,TR-02,02#矿车,2021,8.27,2,217.3,3595.7
2025-03-27,TR-03,03#矿车,2019,7.78,3,219.3,5119.2
2025-03-27,TR-04,04#矿车,2014,6.63,2,217.8,2887.0
2025-03-27,TR-05,05#矿车,2022,8.62,2,231.5,3993.1
2025-03-27,TR-06,06#矿车,2018,7.78,3,229.1,5350.4
2025-03-27,TR-07,07#矿车,2020,8.35,2,217.4,3631.8
2025-03-27,TR-08,08#矿车,2015,8.24,2,222.5,3667.1
2025-03-27,TR-09,09#矿车,2023,7.58,2,220.5,3342.0
2025-03-27,TR-10,10#矿车,2016,7.95,3,229.2,5465.9
2025-03-27,TR-11,11#矿车,2021,8.58,3,227.1,5846.6
2025-03-27,TR-12,12#矿车,2013,6.76,2,227.1,3068.5
2025-03-28,TR-01,01#矿车,2017,7.99,2,219.5,3507.7
2025-03-28,TR-02,02#矿车,2021,7.81,3,217.3,5090.7
2025-03-28,TR-03,03#矿车,2019,7.64,3,219.3,5026.8
2025-03-28,TR-04,04#矿车,2014,6.34,3,217.8,4144.7
2025-03-28,TR-05,05#矿车,2022,8.56,3,231.5,5942.8
2025-03-28,TR-06,06#矿车,2018,7.81,3,229.1,5369.1
2025-03-28,TR-07,07#矿车,2020,8.22,3,217.4,5362.3
2025-03-28,TR-08,08#矿车,2015,8.5,3,222.5,5670.6
2025-03-28,TR-09,09#矿车,2023,7.73,3,220.5,5116.0
2025-03-28,TR-10,10#矿车,2016,7.96,3,229.2,5475.1
2025-03-28,TR-11,11#矿车,2021,8.21,3,227.1,5592.3
2025-03-28,TR-12,12#矿车,2013,7.05,3,227.1,4804.8
2025-03-29,TR-01,01#矿车,2017,8.66,2,219.5,3804.2
2025-03-29,TR-02,02#矿车,2021,8.08,3,217.3,5268.5
2025-03-29,TR-03,03#矿车,2019,7.88,2,219.3,3457.2
2025-03-29,TR-04,04#矿车,2014,6.62,3,217.8,4326.4
2025-03-29,TR-05,05#矿车,2022,8.27,3,231.5,5746.7
2025-03-29,TR-06,06#矿车,2018,7.4,3,229.1,5086.6
2025-03-29,TR-07,07#矿车,2020,7.97,2,217.4,3466.3
2025-03-29,TR-08,08#矿车,2015,8.21,3,222.5,5483.3
2025-03-29,TR-09,09#矿车,2023,7.92,3,220.5,5240.7
2025-03-29,TR-10,10#矿车,2016,7.83,3,229.2,5382.0
2025-03-29,TR-11,11#矿车,2021,8.06,3,227.1,5491.2
2025-03-29,TR-12,12#矿车,2013,6.54,2,227.1,2970.6
2025-03-30,TR-01,01#矿车,2017,8.33,2,219.5,3656.8
2025-03-30,TR-02,02#矿车,2021,7.75,3,217.3,5053.8
2025-03-30,TR-03,03#矿车,2019,8.17,2,219.3,3583.7
2025-03-30,TR-04,04#矿车,2014,6.74,2,217.8,2935.8
2025-03-30,TR-05,05#矿车,2022,8.63,3,231.5,5997.6
2025-03-30,TR-06,06#矿车,2018,7.61,2,229.1,3488.2
2025-03-30,TR-07,07#矿车,2020,8.07,3,217.4,5260.5
2025-03-30,TR-08,08#矿车,2015,8.37,3,222.5,5586.6
2025-03-30,TR-09,09#矿车,2023,7.66,3,220.5,5066.9
2025-03-30,TR-10,10#矿车,2016,7.72,2,229.2,3538.2
2025-03-30,TR-11,11#矿车,2021,7.77,3,227.1,5293.5
2025-03-30,TR-12,12#矿车,2013,6.53,3,227.1,4447.9
2025-03-31,TR-01,01#矿车,2017,7.67,3,219.5,5049.9
2025-03-31,TR-02,02#矿车,2021,7.78,3,217.3,5072.4
2025-03-31,TR-03,03#矿车,2019,8.07,2,219.3,3539.7
2025-03-31,TR-04,04#矿车,2014,7.0,3,217.8,4574.7
2025-03-31,TR-05,05#矿车,2022,8.69,2,231.5,4024.2
2025-03-31,TR-06,06#矿车,2018,7.25,2,229.1,3320.1
2025-03-31,TR-07,07#矿车,2020,8.11,3,217.4,5286.9
2025-03-31,TR-08,08#矿车,2015,8.68,3,222.5,5795.3
2025-03-31,TR-09,09#矿车,2023,7.7,3,220.5,5091.6
2025-03-31,TR-10,10#矿车,2016,7.98,3,229.2,5491.4
2025-03-31,TR-11,11#矿车,2021,4.99,1,227.1,1132.3
2025-03-31,TR-12,12#矿车,2013,6.56,3,227.1,4467.7
2025-04-01,TR-01,01#矿车,2017,7.58,3,219.5,4994.7
2025-04-01,TR-02,02#矿车,2021,7.51,3,217.3,4893.6
2025-04-01,TR-03,03#矿车,2019,8.58,3,219.3,5645.2
2025-04-01,TR-04,04#矿车,2014,6.85,3,217.8,4474.1
2025-04-01,TR-05,05#矿车,2022,8.43,3,231.5,5853.6
2025-04-01,TR-06,06#矿车,2018,7.55,3,229.1,5191.5
2025-04-01,TR-07,07#矿车,2020,8.43,3,217.4,5496.6
2025-04-01,TR-08,08#矿车,2015,8.43,3,222.5,5629.2
2025-04-01,TR-09,09#矿车,2023,7.39,2,220.5,3258.4
2025-04-01,TR-10,10#矿车,2016,8.11,3,229.2,5580.7
2025-04-01,TR-11,11#矿车,2021,8.43,3,227.1,5742.7
2025-04-01,TR-12,12#矿车,2013,3.03,0,227.1,0.0
2025-04-02,TR-01,01#矿车,2017,7.65,3,219.5,5037.2
2025-04-02,TR-02,02#矿车,2021,8.11,3,217.3,5284.4
2025-04-02,TR-03,03#矿车,2019,8.07,2,219.3,3539.0
2025-04-02,TR-04,04#矿车,2014,6.74,2,217.8,2935.5
2025-04-02,TR-05,05#矿车,2022,8.8,3,231.5,6114.9
2025-04-02,TR-06,06#矿车,2018,7.94,3,229.1,5455.3
2025-04-02,TR-07,07#矿车,2020,8.57,3,217.4,5588.7
2025-04-02,TR-08,08#矿车,2015,8.38,3,222.5,5593.8
2025-04-02,TR-09,09#矿车,2023,7.68,3,220.5,5078.5
2025-04-02,TR-10,10#矿车,2016,8.43,3,229.2,5800.2
2025-04-02,TR-11,11#矿车,2021,7.95,3,227.1,5417.8
2025-04-02,TR-12,12#矿车,2013,6.63,3,227.1,4518.7
2025-04-03,TR-01,01#矿车,2017,7.36,3,219.5,4848.5
2025-04-03,TR-02,02#矿车,2021,7.72,3,217.3,5032.8
2025-04-03,TR-03,03#矿车,2019,7.97,2,219.3,3494.3
2025-04-03,TR-04,04#矿车,2014,6.93,2,217.8,3019.2
2025-04-03,TR-05,05#矿车,2022,8.09,3,231.5,5619.8
2025-04-03,TR-06,06#矿车,2018,8.01,2,229.1,3668.3
2025-04-03,TR-07,07#矿车,2020,8.52,3,217.4,5553.6
2025-04-03,TR-08,08#矿车,2015,8.05,3,222.5,5370.4
2025-04-03,TR-09,09#矿车,2023,7.91,3,220.5,5229.8
2025-04-03,TR-10,10#矿车,2016,8.29,3,229.2,5704.0
2025-04-03,TR-11,11#矿车,2021,8.04,3,227.1,5476.5
2025-04-03,TR-12,12#矿车,2013,6.52,3,227.1,4443.0
2025-04-04,TR-01,01#矿车,2017,7.64,2,219.5,3353.0
2025-04-04,TR-02,02#矿车,2021,7.64,3,217.3,4982.5
2025-04-04,TR-03,03#矿车,2019,7.88,3,219.3,5182.8
2025-04-04,TR-04,04#矿车,2014,6.83,2,217.8,2973.1
2025-04-04,TR-05,05#矿车,2022,8.08,3,231.5,5611.0
2025-04-04,TR-06,06#矿车,2018,7.75,2,229.1,3551.6
2025-04-04,TR-07,07#矿车,2020,8.68,3,217.4,5657.0
2025-04-04,TR-08,08#矿车,2015,8.13,3,222.5,5425.9
2025-04-04,TR-09,09#矿车,2023,7.59,3,220.5,5018.0
2025-04-04,TR-10,10#矿车,2016,7.99,3,229.2,5493.3
2025-04-04,TR-11,11#矿车,2021,7.74,2,227.1,3516.9
2025-04-04,TR-12,12#矿车,2013,6.68,3,227.1,4554.4
2025-04-05,TR-01,01#矿车,2017,8.05,2,219.5,3532.5
2025-04-05,TR-02,02#矿车,2021,7.48,2,217.3,3252.0
2025-04-05,TR-03,03#矿车,2019,8.12,2,219.3,3559.7
2025-04-05,TR-04,04#矿车,2014,6.49,3,217.8,4238.8
2025-04-05,TR-05,05#矿车,2022,8.12,3,231.5,5641.3
2025-04-05,TR-06,06#矿车,2018,8.34,3,229.1,5730.9
2025-04-05,TR-07,07#矿车,2020,8.51,3,217.4,5551.7
2025-04-05,TR-08,08#矿车,2015,8.51,3,222.5,5681.4
2025-04-05,TR-09,09#矿车,2023,7.0,3,220.5,4629.5
2025-04-05,TR-10,10#矿车,2016,8.34,3,229.2,5735.9
2025-04-05,TR-11,11#矿车,2021,7.95,3,227.1,5412.5
2025-04-05,TR-12,12#矿车,2013,7.14,2,227.1,3243.5
2025-04-06,TR-01,01#矿车,2017,8.24,3,219.5,5426.6
2025-04-06,TR-02,02#矿车,2021,7.11,3,217.3,4635.3
2025-04-06,TR-03,03#矿车,2019,8.22,3,219.3,5410.4
2025-04-06,TR-04,04#矿车,2014,7.0,3,217.8,4574.1
2025-04-06,TR-05,05#矿车,2022,8.73,3,231.5,6065.4
2025-04-06,TR-06,06#矿车,2018,8.19,2,229.1,3754.4
2025-04-06,TR-07,07#矿车,2020,8.45,3,217.4,5511.4
2025-04-06,TR-08,08#矿车,2015,8.48,3,222.5,5659.5
2025-04-06,TR-09,09#矿车,2023,7.72,2,220.5,3405.1
2025-04-06,TR-10,10#矿车,2016,8.61,3,229.2,5919.6
2025-04-06,TR-11,11#矿车,2021,7.93,3,227.1,5398.8
2025-04-06,TR-12,12#矿车,2013,7.11,3,227.1,4841.0
2025-04-07,TR-01,01#矿车,2017,8.09,3,219.5,5328.4
2025-04-07,TR-02,02#矿车,2021,7.51,3,217.3,4896.7
2025-04-07,TR-03,03#矿车,2019,7.96,2,219.3,3493.1
2025-04-07,TR-04,04#矿车,2014,7.12,3,217.8,4654.3
2025-04-07,TR-05,05#矿车,2022,8.75,2,231.5,4053.6
2025-04-07,TR-06,06#矿车,2018,8.19,2,229.1,3752.1
2025-04-07,TR-07,07#矿车,2020,8.02,3,217.4,5232.2
2025-04-07,TR-08,08#矿车,2015,8.01,3,222.5,5348.5
2025-04-07,TR-09,09#矿车,2023,7.65,3,220.5,5059.1
2025-04-07,TR-10,10#矿车,2016,8.0,2,229.2,3666.8
2025-04-07,TR-11,11#矿车,2021,8.76,3,227.1,5963.7
2025-04-07,TR-12,12#矿车,2013,6.71,3,227.1,4568.6
2025-04-08,TR-01,01#矿车,2017,7.65,2,219.5,3358.7
2025-04-08,TR-02,02#矿车,2021,7.75,3,217.3,5052.7
2025-04-08,TR-03,03#矿车,2019,7.8,3,219.3,5128.7
2025-04-08,TR-04,04#矿车,2014,7.18,3,217.8,4690.4
2025-04-08,TR-05,05#矿车,2022,8.6,3,231.5,5972.0
2025-04-08,TR-06,06#矿车,2018,8.03,2,229.1,3678.8
2025-04-08,TR-07,07#矿车,2020,8.43,2,217.4,3664.8
2025-04-08,TR-08,08#矿车,2015,8.01,2,222.5,3565.4
2025-04-08,TR-09,09#矿车,2023,7.61,2,220.5,3356.9
2025-04-08,TR-10,10#矿车,2016,8.28,3,229.2,5691.6
2025-04-08,TR-11,11#矿车,2021,8.19,2,227.1,3718.2
2025-04-08,TR-12,12#矿车,2013,6.86,2,227.1,3117.0
2025-04-09,TR-01,01#矿车,2017,7.79,2,219.5,3420.8
2025-04-09,TR-02,02#矿车,2021,8.04,2,217.3,3493.1
2025-04-09,TR-03,03#矿车,2019,8.15,3,219.3,5363.3
2025-04-09,TR-04,04#矿车,2014,6.75,3,217.8,4411.0
2025-04-09,TR-05,05#矿车,2022,7.83,2,231.5,3624.9
2025-04-09,TR-06,06#矿车,2018,7.85,2,229.1,3598.2
2025-04-09,TR-07,07#矿车,2020,8.36,2,217.4,3633.0
2025-04-09,TR-08,08#矿车,2015,8.6,3,222.5,5738.8
2025-04-09,TR-09,09#矿车,2023,7.45,3,220.5,4927.3
2025-04-09,TR-10,10#矿车,2016,8.06,2,229.2,3693.6
2025-04-09,TR-11,11#矿车,2021,8.48,2,227.1,3849.0
2025-04-09,TR-12,12#矿车,2013,6.68,3,227.1,4548.9
2025-04-10,TR-01,01#矿车,2017,8.01,3,219.5,5272.4
2025-04-10,TR-02,02#矿车,2021,8.06,3,217.3,5252.9
2025-04-10,TR-03,03#矿车,2019,8.42,3,219.3,5543.0
2025-04-10,TR-04,04#矿车,2014,6.54,3,217.8,4273.7
2025-04-10,TR-05,05#矿车,2022,8.29,2,231.5,3841.1
2025-04-10,TR-06,06#矿车,2018,7.58,3,229.1,5211.4
2025-04-10,TR-07,07#矿车,2020,8.59,3,217.4,5603.5
2025-04-10,TR-08,08#矿车,2015,8.85,2,222.5,3936.9
2025-04-10,TR-09,09#矿车,2023,7.63,3,220.5,5045.8
2025-04-10,TR-10,10#矿车,2016,7.96,3,229.2,5474.0
2025-04-10,TR-11,11#矿车,2021,8.64,3,227.1,5888.4
2025-04-10,TR-12,12#矿车,2013,6.87,3,227.1,4678.1
2025-04-11,TR-01,01#矿车,2017,7.91,3,219.5,5210.3
2025-04-11,TR-02,02#矿车,2021,8.37,2,217.3,3637.9
2025-04-11,TR-03,03#矿车,2019,8.14,2,219.3,3572.0
2025-04-11,TR-04,04#矿车,2014,6.69,3,217.8,4372.0
2025-04-11,TR-05,05#矿车,2022,7.89,2,231.5,3652.8
2025-04-11,TR-06,06#矿车,2018,7.19,3,229.1,4939.7
2025-04-11,TR-07,07#矿车,2020,8.5,3,217.4,5544.5
2025-04-11,TR-08,08#矿车,2015,8.04,2,222.5,3579.4
2025-04-11,TR-09,09#矿车,2023,6.91,3,220.5,4574.0
2025-04-11,TR-10,10#矿车,2016,7.87,3,229.2,5414.0
2025-04-11,TR-11,11#矿车,2021,8.36,3,227.1,5697.3
2025-04-11,TR-12,12#矿车,2013,6.84,3,227.1,4658.1
2025-04-12,TR-01,01#矿车,2017,7.79,2,219.5,3420.6
2025-04-12,TR-02,02#矿车,2021,8.07,3,217.3,5262.8
2025-04-12,TR-03,03#矿车,2019,8.33,3,219.3,5483.5
2025-04-12,TR-04,04#矿车,2014,6.7,2,217.8,2917.5
2025-04-12,TR-05,05#矿车,2022,8.85,2,231.5,4097.4
2025-04-12,TR-06,06#矿车,2018,7.44,3,229.1,5111.1
2025-04-12,TR-07,07#矿车,2020,8.29,2,217.4,3605.1
2025-04-12,TR-08,08#矿车,2015,7.97,3,222.5,5318.4
2025-04-12,TR-09,09#矿车,2023,7.48,2,220.5,3297.6
2025-04-12,TR-10,10#矿车,2016,7.55,2,229.2,3460.8
2025-04-12,TR-11,11#矿车,2021,8.96,3,227.1,6104.8
2025-04-12,TR-12,12#矿车,2013,6.48,3,227.1,4416.4
2025-04-13,TR-01,01#矿车,2017,7.97,3,219.5,5250.3
2025-04-13,TR-02,02#矿车,2021,8.08,2,217.3,3511.5
2025-04-13,TR-03,03#矿车,2019,8.16,3,219.3,5366.3
2025-04-13,TR-04,04#矿车,2014,6.12,3,217.8,3995.3
2025-04-13,TR-05,05#矿车,2022,8.17,3,231.5,5673.3
2025-04-13,TR-06,06#矿车,2018,7.33,3,229.1,5041.2
2025-04-13,TR-07,07#矿车,2020,8.25,3,217.4,5381.5
2025-04-13,TR-08,08#矿车,2015,8.05,3,222.5,5376.6
2025-04-13,TR-09,09#矿车,2023,7.49,2,220.5,3303.4
2025-04-13,TR-10,10#矿车,2016,8.01,2,229.2,3670.2
2025-04-13,TR-11,11#矿车,2021,8.55,3,227.1,5824.9
2025-04-13,TR-12,12#矿车,2013,6.6,3,227.1,4498.4
2025-04-14,TR-01,01#矿车,2017,8.0,3,219.5,5268.3
2025-04-14,TR-02,02#矿车,2021,8.17,2,217.3,3551.7
2025-04-14,TR-03,03#矿车,2019,8.0,3,219.3,5262.0
2025-04-14,TR-04,04#矿车,2014,5.93,2,217.8,2584.7
2025-04-14,TR-05,05#矿车,2022,7.72,3,231.5,5361.6
2025-04-14,TR-06,06#矿车,2018,7.73,2,229.1,3543.8
2025-04-14,TR-07,07#矿车,2020,8.1,3,217.4,5280.5
2025-04-14,TR-08,08#矿车,2015,8.09,2,222.5,3600.6
2025-04-14,TR-09,09#矿车,2023,7.05,3,220.5,4660.9
2025-04-14,TR-10,10#矿车,2016,8.16,2,229.2,3740.2
2025-04-14,TR-11,11#矿车,2021,8.2,3,227.1,5582.9
2025-04-14,TR-12,12#矿车,2013,5.93,3,227.1,4039.5
2025-04-15,TR-01,01#矿车,2017,7.99,2,219.5,3506.6
2025-04-15,TR-02,02#矿车,2021,7.78,3,217.3,5069.0
2025-04-15,TR-03,03#矿车,2019,7.79,2,219.3,3414.9
2025-04-15,TR-04,04#矿车,2014,6.37,3,217.8,4158.8
2025-04-15,TR-05,05#矿车,2022,7.89,2,231.5,3653.9
2025-04-15,TR-06,06#矿车,2018,7.7,3,229.1,5295.2
2025-04-15,TR-07,07#矿车,2020,8.46,3,217.4,5518.8
2025-04-15,TR-08,08#矿车,2015,8.41,3,222.5,5614.8
2025-04-15,TR-09,09#矿车,2023,7.02,3,220.5,4643.8
2025-04-15,TR-10,10#矿车,2016,8.01,3,229.2,5506.9
2025-04-15,TR-11,11#矿车,2021,8.31,3,227.1,5659.5
2025-04-15,TR-12,12#矿车,2013,6.16,3,227.1,4195.2
2025-04-16,TR-01,01#矿车,2017,7.71,2,219.5,3385.9
2025-04-16,TR-02,02#矿车,2021,7.65,2,217.3,3324.9
2025-04-16,TR-03,03#矿车,2019,8.07,3,219.3,5306.4
2025-04-16,TR-04,04#矿车,2014,6.54,3,217.8,4274.9
2025-04-16,TR-05,05#矿车,2022,8.05,3,231.5,5588.6
2025-04-16,TR-06,06#矿车,2018,7.55,3,229.1,5185.6
2025-04-16,TR-07,07#矿车,2020,8.75,3,217.4,5708.8
2025-04-16,TR-08,08#矿车,2015,8.56,3,222.5,5716.1
2025-04-16,TR-09,09#矿车,2023,7.22,3,220.5,4776.7
2025-04-16,TR-10,10#矿车,2016,8.55,3,229.2,5878.4
2025-04-16,TR-11,11#矿车,2021,8.35,2,227.1,3793.9
2025-04-16,TR-12,12#矿车,2013,6.54,2,227.1,2970.3
2025-04-17,TR-01,01#矿车,2017,7.5,3,219.5,4942.3
2025-04-17,TR-02,02#矿车,2021,8.13,3,217.3,5301.7
2025-04-17,TR-03,03#矿车,2019,8.03,2,219.3,3522.0
2025-04-17,TR-04,04#矿车,2014,7.18,3,217.8,4688.2
2025-04-17,TR-05,05#矿车,2022,8.03,3,231.5,5576.9
2025-04-17,TR-06,06#矿车,2018,7.23,3,229.1,4971.0
2025-04-17,TR-07,07#矿车,2020,8.59,2,217.4,3734.0
2025-04-17,TR-08,08#矿车,2015,8.21,2,222.5,3651.6
2025-04-17,TR-09,09#矿车,2023,7.08,2,220.5,3124.0
2025-04-17,TR-10,10#矿车,2016,8.09,3,229.2,5566.8
2025-04-17,TR-11,11#矿车,2021,8.43,3,227.1,5742.3
2025-04-17,TR-12,12#矿车,2013,6.83,3,227.1,4654.4
2025-04-18,TR-01,01#矿车,2017,7.35,3,219.5,4840.3
2025-04-18,TR-02,02#矿车,2021,7.76,3,217.3,5059.5
2025-04-18,TR-03,03#矿车,2019,7.78,3,219.3,5121.0
2025-04-18,TR-04,04#矿车,2014,6.96,2,217.8,3030.4
2025-04-18,TR-05,05#矿车,2022,8.35,3,231.5,5796.6
2025-04-18,TR-06,06#矿车,2018,7.5,3,229.1,5157.5
2025-04-18,TR-07,07#矿车,2020,8.23,2,217.4,3578.7
2025-04-18,TR-08,08#矿车,2015,8.29,2,222.5,3690.9
2025-04-18,TR-09,09#矿车,2023,7.96,2,220.5,3512.2
2025-04-18,TR-10,10#矿车,2016,7.69,3,229.2,5287.6
2025-04-18,TR-11,11#矿车,2021,8.19,2,227.1,3717.9
2025-04-18,TR-12,12#矿车,2013,6.49,3,227.1,4421.0
2025-04-19,TR-01,01#矿车,2017,7.38,3,219.5,4858.2
2025-04-19,TR-02,02#矿车,2021,7.83,3,217.3,5104.0
2025-04-19,TR-03,03#矿车,2019,3.08,1,219.3,675.6
2025-04-19,TR-04,04#矿车,2014,6.93,2,217.8,3017.7
2025-04-19,TR-05,05#矿车,2022,8.58,3,231.5,5962.2
2025-04-19,TR-06,06#矿车,2018,7.62,3,229.1,5237.3
2025-04-19,TR-07,07#矿车,2020,8.34,2,217.4,3624.1
2025-04-19,TR-08,08#矿车,2015,7.99,3,222.5,5333.1
2025-04-19,TR-09,09#矿车,2023,7.37,3,220.5,4878.2
2025-04-19,TR-10,10#矿车,2016,7.9,3,229.2,5429.7
2025-04-19,TR-11,11#矿车,2021,7.98,3,227.1,5438.7
2025-04-19,TR-12,12#矿车,2013,6.58,2,227.1,2988.3
2025-04-20,TR-01,01#矿车,2017,7.78,3,219.5,5122.1
2025-04-20,TR-02,02#矿车,2021,7.42,3,217.3,4836.2
2025-04-20,TR-03,03#矿车,2019,7.72,3,219.3,5080.1
2025-04-20,TR-04,04#矿车,2014,6.95,2,217.8,3027.0
2025-04-20,TR-05,05#矿车,2022,8.51,3,231.5,5912.8
2025-04-20,TR-06,06#矿车,2018,8.06,2,229.1,3692.3
2025-04-20,TR-07,07#矿车,2020,7.99,3,217.4,5211.2
2025-04-20,TR-08,08#矿车,2015,8.84,2,222.5,3933.8
2025-04-20,TR-09,09#矿车,2023,7.75,2,220.5,3419.8
2025-04-20,TR-10,10#矿车,2016,7.8,2,229.2,3575.3
2025-04-20,TR-11,11#矿车,2021,8.04,3,227.1,5476.8
2025-04-20,TR-12,12#矿车,2013,6.53,2,227.1,2964.6
2025-04-21,TR-01,01#矿车,2017,8.02,2,219.5,3519.9
2025-04-21,TR-02,02#矿车,2021,7.92,3,217.3,5161.8
2025-04-21,TR-03,03#矿车,2019,7.77,3,219.3,5109.4
2025-04-21,TR-04,04#矿车,2014,6.84,2,217.8,2977.2
2025-04-21,TR-05,05#矿车,2022,8.15,3,231.5,5657.9
2025-04-21,TR-06,06#矿车,2018,7.74,3,229.1,5318.6
2025-04-21,TR-07,07#矿车,2020,8.26,3,217.4,5385.1
2025-04-21,TR-08,08#矿车,2015,8.04,2,222.5,3579.2
2025-04-21,TR-09,09#矿车,2023,7.38,3,220.5,4884.2
2025-04-21,TR-10,10#矿车,2016,8.24,3,229.2,5669.0
2025-04-21,TR-11,11#矿车,2021,7.91,2,227.1,3593.4
2025-04-21,TR-12,12#矿车,2013,6.69,2,227.1,3040.3
2025-04-22,TR-01,01#矿车,2017,7.6,3,219.5,5007.2
2025-04-22,TR-02,02#矿车,2021,4.99,1,217.3,1083.5
2025-04-22,TR-03,03#矿车,2019,7.53,3,219.3,4957.4
2025-04-22,TR-04,04#矿车,2014,7.01,2,217.8,3053.9
2025-04-22,TR-05,05#矿车,2022,8.12,3,231.5,5638.5
2025-04-22,TR-06,06#矿车,2018,7.28,3,229.1,5000.6
2025-04-22,TR-07,07#矿车,2020,8.16,3,217.4,5319.2
2025-04-22,TR-08,08#矿车,2015,8.25,3,222.5,5508.6
2025-04-22,TR-09,09#矿车,2023,7.69,3,220.5,5088.1
2025-04-22,TR-10,10#矿车,2016,7.97,2,229.2,3654.4
2025-04-22,TR-11,11#矿车,2021,8.41,3,227.1,5729.2
2025-04-22,TR-12,12#矿车,2013,6.4,3,227.1,4359.9
2025-04-23,TR-01,01#矿车,2017,7.99,3,219.5,5259.3
2025-04-23,TR-02,02#矿车,2021,8.01,3,217.3,5222.9
2025-04-23,TR-03,03#矿车,2019,8.22,2,219.3,3606.7
2025-04-23,TR-04,04#矿车,2014,6.86,3,217.8,4481.1
2025-04-23,TR-05,05#矿车,2022,8.51,2,231.5,3942.1
2025-04-23,TR-06,06#矿车,2018,7.3,2,229.1,3346.4
2025-04-23,TR-07,07#矿车,2020,8.02,2,217.4,3484.5
2025-04-23,TR-08,08#矿车,2015,7.67,3,222.5,5121.0
2025-04-23,TR-09,09#矿车,2023,7.58,3,220.5,5015.4
2025-04-23,TR-10,10#矿车,2016,7.99,2,229.2,3663.6
2025-04-23,TR-11,11#矿车,2021,8.62,3,227.1,5870.1
2025-04-23,TR-12,12#矿车,2013,6.39,3,227.1,4354.5
2025-04-24,TR-01,01#矿车,2017,7.66,2,219.5,3361.7
2025-04-24,TR-02,02#矿车,2021,7.98,3,217.3,5203.2
2025-04-24,TR-03,03#矿车,2019,7.95,2,219.3,3487.0
2025-04-24,TR-04,04#矿车,2014,7.1,3,217.8,4635.5
2025-04-24,TR-05,05#矿车,2022,8.09,3,231.5,5621.5
2025-04-24,TR-06,06#矿车,2018,7.55,3,229.1,5190.8
2025-04-24,TR-07,07#矿车,2020,8.31,2,217.4,3611.3
2025-04-24,TR-08,08#矿车,2015,7.77,3,222.5,5185.8
2025-04-24,TR-09,09#矿车,2023,7.46,2,220.5,3290.3
2025-04-24,TR-10,10#矿车,2016,7.8,3,229.2,5365.8
2025-04-24,TR-11,11#矿车,2021,8.33,2,227.1,3780.6
2025-04-24,TR-12,12#矿车,2013,6.52,3,227.1,4443.1
2025-04-25,TR-01,01#矿车,2017,3.38,0,219.5,0.0
2025-04-25,TR-02,02#矿车,2021,7.68,2,217.3,3337.7
2025-04-25,TR-03,03#矿车,2019,7.53,2,219.3,3304.2
2025-04-25,TR-04,04#矿车,2014,7.09,3,217.8,4632.6
2025-04-25,TR-05,05#矿车,2022,8.02,2,231.5,3714.4
2025-04-25,TR-06,06#矿车,2018,7.71,2,229.1,3531.7
2025-04-25,TR-07,07#矿车,2020,7.56,2,217.4,3284.2
2025-04-25,TR-08,08#矿车,2015,8.14,3,222.5,5433.9
2025-04-25,TR-09,09#矿车,2023,7.33,2,220.5,3232.5
2025-04-25,TR-10,10#矿车,2016,7.98,2,229.2,3659.4
2025-04-25,TR-11,11#矿车,2021,8.65,3,227.1,5894.7
2025-04-25,TR-12,12#矿车,2013,6.26,2,227.1,2843.5
2025-04-26,TR-01,01#矿车,2017,7.68,3,219.5,5058.2
2025-04-26,TR-02,02#矿车,2021,7.53,2,217.3,3270.7
2025-04-26,TR-03,03#矿车,2019,7.75,2,219.3,3397.6
2025-04-26,TR-04,04#矿车,2014,6.93,3,217.8,4524.6
2025-04-26,TR-05,05#矿车,2022,7.74,3,231.5,5377.5
2025-04-26,TR-06,06#矿车,2018,7.38,3,229.1,5072.5
2025-04-26,TR-07,07#矿车,2020,7.95,3,217.4,5184.1
2025-04-26,TR-08,08#矿车,2015,3.65,1,222.5,812.6
2025-04-26,TR-09,09#矿车,2023,7.32,2,220.5,3229.4
2025-04-26,TR-10,10#矿车,2016,7.72,2,229.2,3539.6
2025-04-26,TR-11,11#矿车,2021,8.57,3,227.1,5837.8
2025-04-26,TR-12,12#矿车,2013,6.71,2,227.1,3047.3
2025-04-27,TR-01,01#矿车,2017,7.56,3,219.5,4979.8
2025-04-27,TR-02,02#矿车,2021,7.66,2,217.3,3327.5
2025-04-27,TR-03,03#矿车,2019,8.03,2,219.3,3522.1
2025-04-27,TR-04,04#矿车,2014,6.42,2,217.8,2794.1
2025-04-27,TR-05,05#矿车,2022,8.11,3,231.5,5630.7
2025-04-27,TR-06,06#矿车,2018,7.57,3,229.1,5203.2
2025-04-27,TR-07,07#矿车,2020,8.19,3,217.4,5342.1
2025-04-27,TR-08,08#矿车,2015,7.96,3,222.5,5312.3
2025-04-27,TR-09,09#矿车,2023,7.62,3,220.5,5040.2
2025-04-27,TR-10,10#矿车,2016,8.19,2,229.2,3757.1
2025-04-27,TR-11,11#矿车,2021,5.08,0,227.1,0.0
2025-04-27,TR-12,12#矿车,2013,6.96,3,227.1,4741.3
2025-04-28,TR-01,01#矿车,2017,7.72,2,219.5,3391.7
2025-04-28,TR-02,02#矿车,2021,7.53,3,217.3,4910.3
2025-04-28,TR-03,03#矿车,2019,8.1,3,219.3,5329.6
2025-04-28,TR-04,04#矿车,2014,6.37,3,217.8,4163.5
2025-04-28,TR-05,05#矿车,2022,8.4,3,231.5,5834.7
2025-04-28,TR-06,06#矿车,2018,7.67,3,229.1,5268.7
2025-04-28,TR-07,07#矿车,2020,8.11,3,217.4,5286.9
2025-04-28,TR-08,08#矿车,2015,7.97,2,222.5,3548.4
2025-04-28,TR-09,09#矿车,2023,7.75,3,220.5,5128.8
2025-04-28,TR-10,10#矿车,2016,7.56,3,229.2,5201.7
2025-04-28,TR-11,11#矿车,2021,7.87,3,227.1,5359.4
2025-04-28,TR-12,12#矿车,2013,6.93,3,227.1,4719.9
2025-04-29,TR-01,01#矿车,2017,7.73,2,219.5,3392.9
2025-04-29,TR-02,02#矿车,2021,7.88,3,217.3,5138.4
2025-04-29,TR-03,03#矿车,2019,8.02,3,219.3,5278.1
2025-04-29,TR-04,04#矿车,2014,6.27,3,217.8,4099.1
2025-04-29,TR-05,05#矿车,2022,8.33,3,231.5,5786.1
2025-04-29,TR-06,06#矿车,2018,8.09,2,229.1,3707.1
2025-04-29,TR-07,07#矿车,2020,7.99,3,217.4,5212.4
2025-04-29,TR-08,08#矿车,2015,7.94,2,222.5,3532.8
2025-04-29,TR-09,09#矿车,2023,7.71,2,220.5,3398.7
2025-04-29,TR-10,10#矿车,2016,7.82,3,229.2,5377.2
2025-04-29,TR-11,11#矿车,2021,7.51,2,227.1,3409.3
2025-04-29,TR-12,12#矿车,2013,7.04,2,227.1,3197.9
2025-04-30,TR-01,01#矿车,2017,7.83,3,219.5,5157.5
2025-04-30,TR-02,02#矿车,2021,7.52,3,217.3,4903.4
2025-04-30,TR-03,03#矿车,2019,7.57,2,219.3,3319.5
2025-04-30,TR-04,04#矿车,2014,6.49,3,217.8,4237.3
2025-04-30,TR-05,05#矿车,2022,8.6,2,231.5,3984.6
2025-04-30,TR-06,06#矿车,2018,7.29,3,229.1,5011.8
2025-04-30,TR-07,07#矿车,2020,8.37,2,217.4,3637.1
2025-04-30,TR-08,08#矿车,2015,7.81,2,222.5,3473.8
2025-04-30,TR-09,09#矿车,2023,7.46,3,220.5,4936.3
2025-04-30,TR-10,10#矿车,2016,7.52,2,229.2,3447.4
2025-04-30,TR-11,11#矿车,2021,8.16,3,227.1,5557.4
2025-04-30,TR-12,12#矿车,2013,6.77,3,227.1,4613.8
2025-05-01,TR-01,01#矿车,2017,7.48,2,219.5,3283.6
2025-05-01,TR-02,02#矿车,2021,7.4,3,217.3,4822.7
2025-05-01,TR-03,03#矿车,2019,7.66,3,219.3,5042.2
2025-05-01,TR-04,04#矿车,2014,6.66,2,217.8,2901.9
2025-05-01,TR-05,05#矿车,2022,8.47,3,231.5,5880.8
2025-05-01,TR-06,06#矿车,2018,7.24,2,229.1,3315.4
2025-05-01,TR-07,07#矿车,2020,8.49,3,217.4,5537.6
2025-05-01,TR-08,08#矿车,2015,8.05,2,222.5,3583.1
2025-05-01,TR-09,09#矿车,2023,7.78,3,220.5,5143.7
2025-05-01,TR-10,10#矿车,2016,8.07,3,229.2,5553.3
2025-05-01,TR-11,11#矿车,2021,8.4,3,227.1,5723.4
2025-05-01,TR-12,12#矿车,2013,6.59,3,227.1,4488.2
2025-05-02,TR-01,01#矿车,2017,7.58,3,219.5,4992.1
2025-05-02,TR-02,02#矿车,2021,7.57,2,217.3,3290.1
2025-05-02,TR-03,03#矿车,2019,7.75,2,219.3,3397.9
2025-05-02,TR-04,04#矿车,2014,6.32,2,217.8,2753.1
2025-05-02,TR-05,05#矿车,2022,8.11,2,231.5,3754.8
2025-05-02,TR-06,06#矿车,2018,7.32,3,229.1,5029.5
2025-05-02,TR-07,07#矿车,2020,8.26,3,217.4,5387.0
2025-05-02,TR-08,08#矿车,2015,8.58,3,222.5,5726.8
2025-05-02,TR-09,09#矿车,2023,7.83,3,220.5,5181.8
2025-05-02,TR-10,10#矿车,2016,8.14,2,229.2,3730.7
2025-05-02,TR-11,11#矿车,2021,8.0,3,227.1,5450.1
2025-05-02,TR-12,12#矿车,2013,6.73,3,227.1,4585.5
2025-05-03,TR-01,01#矿车,2017,8.09,3,219.5,5325.4
2025-05-03,TR-02,02#矿车,2021,7.25,3,217.3,4729.2
2025-05-03,TR-03,03#矿车,2019,7.91,2,219.3,3470.7
2025-05-03,TR-04,04#矿车,2014,6.67,2,217.8,2907.0
2025-05-03,TR-05,05#矿车,2022,7.96,2,231.5,3685.6
2025-05-03,TR-06,06#矿车,2018,7.41,3,229.1,5095.6
2025-05-03,TR-07,07#矿车,2020,8.01,3,217.4,5224.1
2025-05-03,TR-08,08#矿车,2015,8.76,3,222.5,5844.4
2025-05-03,TR-09,09#矿车,2023,7.42,2,220.5,3274.2
2025-05-03,TR-10,10#矿车,2016,7.64,2,229.2,3501.8
2025-05-03,TR-11,11#矿车,2021,7.93,3,227.1,5403.0
2025-05-03,TR-12,12#矿车,2013,6.93,3,227.1,4724.8
2025-05-04,TR-01,01#矿车,2017,8.14,2,219.5,3575.5
2025-05-04,TR-02,02#矿车,2021,7.91,3,217.3,5153.7
2025-05-04,TR-03,03#矿车,2019,7.8,2,219.3,3422.4
2025-05-04,TR-04,04#矿车,2014,6.28,3,217.8,4103.9
2025-05-04,TR-05,05#矿车,2022,7.75,3,231.5,5386.1
2025-05-04,TR-06,06#矿车,2018,7.23,3,229.1,4969.2
2025-05-04,TR-07,07#矿车,2020,7.78,2,217.4,3382.6
2025-05-04,TR-08,08#矿车,2015,8.6,2,222.5,3826.8
2025-05-04,TR-09,09#矿车,2023,7.13,3,220.5,4716.2
2025-05-04,TR-10,10#矿车,2016,7.91,3,229.2,5438.1
2025-05-04,TR-11,11#矿车,2021,7.91,3,227.1,5384.9
2025-05-04,TR-12,12#矿车,2013,6.84,3,227.1,4659.0
2025-05-05,TR-01,01#矿车,2017,7.8,3,219.5,5135.0
2025-05-05,TR-02,02#矿车,2021,8.06,3,217.3,5255.3
2025-05-05,TR-03,03#矿车,2019,8.37,3,219.3,5506.9
2025-05-05,TR-04,04#矿车,2014,6.73,2,217.8,2932.0
2025-05-05,TR-05,05#矿车,2022,7.95,3,231.5,5520.3
2025-05-05,TR-06,06#矿车,2018,7.42,3,229.1,5099.1
2025-05-05,TR-07,07#矿车,2020,8.63,3,217.4,5624.7
2025-05-05,TR-08,08#矿车,2015,8.33,3,222.5,5562.6
2025-05-05,TR-09,09#矿车,2023,7.48,3,220.5,4949.3
2025-05-05,TR-10,10#矿车,2016,7.59,3,229.2,5218.7
2025-05-05,TR-11,11#矿车,2021,8.02,3,227.1,5463.3
2025-05-05,TR-12,12#矿车,2013,6.39,3,227.1,4350.7
2025-05-06,TR-01,01#矿车,2017,7.73,3,219.5,5091.3
2025-05-06,TR-02,02#矿车,2021,3.77,1,217.3,818.9
2025-05-06,TR-03,03#矿车,2019,8.46,3,219.3,5568.7
2025-05-06,TR-04,04#矿车,2014,6.86,3,217.8,4481.6
2025-05-06,TR-05,05#矿车,2022,8.16,3,231.5,5667.8
2025-05-06,TR-06,06#矿车,2018,7.04,3,229.1,4837.8
2025-05-06,TR-07,07#矿车,2020,8.56,3,217.4,5580.6
2025-05-06,TR-08,08#矿车,2015,8.3,3,222.5,5537.2
2025-05-06,TR-09,09#矿车,2023,7.06,3,220.5,4673.2
2025-05-06,TR-10,10#矿车,2016,7.74,2,229.2,3548.5
2025-05-06,TR-11,11#矿车,2021,7.99,2,227.1,3629.3
2025-05-06,TR-12,12#矿车,2013,6.23,2,227.1,2831.6
2025-05-07,TR-01,01#矿车,2017,7.53,2,219.5,3306.6
2025-05-07,TR-02,02#矿车,2021,7.4,3,217.3,4822.2
2025-05-07,TR-03,03#矿车,2019,7.87,3,219.3,5175.0
2025-05-07,TR-04,04#矿车,2014,6.66,3,217.8,4348.7
2025-05-07,TR-05,05#矿车,2022,8.44,3,231.5,5859.0
2025-05-07,TR-06,06#矿车,2018,7.16,3,229.1,4921.3
2025-05-07,TR-07,07#矿车,2020,8.33,3,217.4,5432.6
2025-05-07,TR-08,08#矿车,2015,8.43,2,222.5,3753.2
2025-05-07,TR-09,09#矿车,2023,7.61,3,220.5,5032.9
2025-05-07,TR-10,10#矿车,2016,7.3,2,229.2,3345.5
2025-05-07,TR-11,11#矿车,2021,7.73,3,227.1,5266.7
2025-05-07,TR-12,12#矿车,2013,6.37,2,227.1,2894.7
2025-05-08,TR-01,01#矿车,2017,3.86,0,219.5,0.0
2025-05-08,TR-02,02#矿车,2021,7.73,3,217.3,5036.1
2025-05-08,TR-03,03#矿车,2019,8.09,3,219.3,5321.4
2025-05-08,TR-04,04#矿车,2014,6.75,2,217.8,2938.4
2025-05-08,TR-05,05#矿车,2022,8.07,2,231.5,3735.7
2025-05-08,TR-06,06#矿车,2018,6.96,2,229.1,3188.6
2025-05-08,TR-07,07#矿车,2020,8.0,3,217.4,5217.7
2025-05-08,TR-08,08#矿车,2015,8.2,3,222.5,5473.6
2025-05-08,TR-09,09#矿车,2023,7.31,2,220.5,3221.7
2025-05-08,TR-10,10#矿车,2016,7.19,2,229.2,3294.5
2025-05-08,TR-11,11#矿车,2021,7.81,3,227.1,5321.0
2025-05-08,TR-12,12#矿车,2013,6.81,3,227.1,4638.7
2025-05-09,TR-01,01#矿车,2017,7.49,3,219.5,4931.8
2025-05-09,TR-02,02#矿车,2021,7.97,3,217.3,5197.8
2025-05-09,TR-03,03#矿车,2019,7.77,2,219.3,3408.1
2025-05-09,TR-04,04#矿车,2014,6.6,3,217.8,4310.4
2025-05-09,TR-05,05#矿车,2022,7.85,2,231.5,3633.5
2025-05-09,TR-06,06#矿车,2018,7.15,2,229.1,3274.5
2025-05-09,TR-07,07#矿车,2020,8.44,2,217.4,3668.7
2025-05-09,TR-08,08#矿车,2015,8.27,3,222.5,5521.9
2025-05-09,TR-09,09#矿车,2023,6.98,3,220.5,4619.8
2025-05-09,TR-10,10#矿车,2016,7.91,3,229.2,5437.8
2025-05-09,TR-11,11#矿车,2021,7.81,3,227.1,5317.7
2025-05-09,TR-12,12#矿车,2013,6.86,3,227.1,4673.3
2025-05-10,TR-01,01#矿车,2017,2.86,1,219.5,628.2
2025-05-10,TR-02,02#矿车,2021,7.74,2,217.3,3364.8
2025-05-10,TR-03,03#矿车,2019,7.77,3,219.3,5109.6
2025-05-10,TR-04,04#矿车,2014,6.18,2,217.8,2691.2
2025-05-10,TR-05,05#矿车,2022,7.66,2,231.5,3547.5
2025-05-10,TR-06,06#矿车,2018,7.63,2,229.1,3495.3
2025-05-10,TR-07,07#矿车,2020,8.44,3,217.4,5505.1
2025-05-10,TR-08,08#矿车,2015,7.96,2,222.5,3541.8
2025-05-10,TR-09,09#矿车,2023,7.18,2,220.5,3165.1
2025-05-10,TR-10,10#矿车,2016,8.11,2,229.2,3716.4
2025-05-10,TR-11,11#矿车,2021,8.09,2,227.1,3673.2
2025-05-10,TR-12,12#矿车,2013,6.67,2,227.1,3031.4
2025-05-11,TR-01,01#矿车,2017,7.52,2,219.5,3300.8
2025-05-11,TR-02,02#矿车,2021,7.29,2,217.3,3170.1
2025-05-11,TR-03,03#矿车,2019,7.86,3,219.3,5170.1
2025-05-11,TR-04,04#矿车,2014,6.41,3,217.8,4187.2
2025-05-11,TR-05,05#矿车,2022,8.0,3,231.5,5557.2
2025-05-11,TR-06,06#矿车,2018,7.62,2,229.1,3493.5
2025-05-11,TR-07,07#矿车,2020,8.25,2,217.4,3585.9
2025-05-11,TR-08,08#矿车,2015,8.15,2,222.5,3628.5
2025-05-11,TR-09,09#矿车,2023,7.16,3,220.5,4739.5
2025-05-11,TR-10,10#矿车,2016,8.08,3,229.2,5560.0
2025-05-11,TR-11,11#矿车,2021,8.8,3,227.1,5996.1
2025-05-11,TR-12,12#矿车,2013,6.56,3,227.1,4470.4
2025-05-12,TR-01,01#矿车,2017,7.84,3,219.5,5165.1
2025-05-12,TR-02,02#矿车,2021,7.68,3,217.3,5006.1
2025-05-12,TR-03,03#矿车,2019,7.63,3,219.3,5017.8
2025-05-12,TR-04,04#矿车,2014,6.52,3,217.8,4257.3
2025-05-12,TR-05,05#矿车,2022,8.29,2,231.5,3840.7
2025-05-12,TR-06,06#矿车,2018,7.76,2,229.1,3553.9
2025-05-12,TR-07,07#矿车,2020,8.24,2,217.4,3582.5
2025-05-12,TR-08,08#矿车,2015,8.24,3,222.5,5500.8
2025-05-12,TR-09,09#矿车,2023,7.06,2,220.5,3115.8
2025-05-12,TR-10,10#矿车,2016,7.82,3,229.2,5376.3
2025-05-12,TR-11,11#矿车,2021,8.22,3,227.1,5600.2
2025-05-12,TR-12,12#矿车,2013,6.32,3,227.1,4303.5
2025-05-13,TR-01,01#矿车,2017,7.73,2,219.5,3393.3
2025-05-13,TR-02,02#矿车,2021,8.03,2,217.3,3491.6
2025-05-13,TR-03,03#矿车,2019,8.26,3,219.3,5435.1
2025-05-13,TR-04,04#矿车,2014,6.71,3,217.8,4384.7
2025-05-13,TR-05,05#矿车,2022,8.1,3,231.5,5626.8
2025-05-13,TR-06,06#矿车,2018,7.92,3,229.1,5444.2
2025-05-13,TR-07,07#矿车,2020,8.54,3,217.4,5570.9
2025-05-13,TR-08,08#矿车,2015,8.44,3,222.5,5632.4
2025-05-13,TR-09,09#矿车,2023,7.76,2,220.5,3422.7
2025-05-13,TR-10,10#矿车,2016,8.1,2,229.2,3715.1
2025-05-13,TR-11,11#矿车,2021,8.43,3,227.1,5740.1
2025-05-13,TR-12,12#矿车,2013,6.06,3,227.1,4130.7
2025-05-14,TR-01,01#矿车,2017,7.42,2,219.5,3257.8
2025-05-14,TR-02,02#矿车,2021,8.2,2,217.3,3561.8
2025-05-14,TR-03,03#矿车,2019,7.95,3,219.3,5229.4
2025-05-14,TR-04,04#矿车,2014,6.68,2,217.8,2911.2
2025-05-14,TR-05,05#矿车,2022,7.82,3,231.5,5433.5
2025-05-14,TR-06,06#矿车,2018,7.17,3,229.1,4924.4
2025-05-14,TR-07,07#矿车,2020,8.11,3,217.4,5287.4
2025-05-14,TR-08,08#矿车,2015,8.53,3,222.5,5692.2
2025-05-14,TR-09,09#矿车,2023,7.57,2,220.5,3336.4
2025-05-14,TR-10,10#矿车,2016,8.03,2,229.2,3681.2
2025-05-14,TR-11,11#矿车,2021,7.99,2,227.1,3630.4
2025-05-14,TR-12,12#矿车,2013,6.21,3,227.1,4233.9
2025-05-15,TR-01,01#矿车,2017,7.58,2,219.5,3327.5
2025-05-15,TR-02,02#矿车,2021,7.62,3,217.3,4965.5
2025-05-15,TR-03,03#矿车,2019,7.84,2,219.3,3440.3
2025-05-15,TR-04,04#矿车,2014,6.29,3,217.8,4105.7
2025-05-15,TR-05,05#矿车,2022,8.23,3,231.5,5717.9
2025-05-15,TR-06,06#矿车,2018,7.4,2,229.1,3392.4
2025-05-15,TR-07,07#矿车,2020,8.15,3,217.4,5314.0
2025-05-15,TR-08,08#矿车,2015,8.0,3,222.5,5341.1
2025-05-15,TR-09,09#矿车,2023,7.82,3,220.5,5172.5
2025-05-15,TR-10,10#矿车,2016,8.02,2,229.2,3677.4
2025-05-15,TR-11,11#矿车,2021,8.27,3,227.1,5631.5
2025-05-15,TR-12,12#矿车,2013,6.73,2,227.1,3055.4
2025-05-16,TR-01,01#矿车,2017,7.82,3,219.5,5152.8
2025-05-16,TR-02,02#矿车,2021,7.47,3,217.3,4868.5
2025-05-16,TR-03,03#矿车,2019,7.62,3,219.3,5014.1
2025-05-16,TR-04,04#矿车,2014,5.78,3,217.8,3775.2
2025-05-16,TR-05,05#矿车,2022,8.08,3,231.5,5611.7
2025-05-16,TR-06,06#矿车,2018,7.69,2,229.1,3525.5
2025-05-16,TR-07,07#矿车,2020,7.8,2,217.4,3389.7
2025-05-16,TR-08,08#矿车,2015,8.03,3,222.5,5359.1
2025-05-16,TR-09,09#矿车,2023,7.42,3,220.5,4910.5
2025-05-16,TR-10,10#矿车,2016,7.89,2,229.2,3618.9
2025-05-16,TR-11,11#矿车,2021,7.99,3,227.1,5445.5
2025-05-16,TR-12,12#矿车,2013,6.57,3,227.1,4479.3
2025-05-17,TR-01,01#矿车,2017,8.23,3,219.5,5419.4
2025-05-17,TR-02,02#矿车,2021,7.4,3,217.3,4824.5
2025-05-17,TR-03,03#矿车,2019,7.56,3,219.3,4972.4
2025-05-17,TR-04,04#矿车,2014,6.32,3,217.8,4126.5
2025-05-17,TR-05,05#矿车,2022,8.01,3,231.5,5566.9
2025-05-17,TR-06,06#矿车,2018,7.57,3,229.1,5202.8
2025-05-17,TR-07,07#矿车,2020,8.42,3,217.4,5488.1
2025-05-17,TR-08,08#矿车,2015,7.62,2,222.5,3391.1
2025-05-17,TR-09,09#矿车,2023,7.56,3,220.5,4998.0
2025-05-17,TR-10,10#矿车,2016,7.71,3,229.2,5305.7
2025-05-17,TR-11,11#矿车,2021,8.11,3,227.1,5521.9
2025-05-17,TR-12,12#矿车,2013,6.41,3,227.1,4366.9
2025-05-18,TR-01,01#矿车,2017,7.86,3,219.5,5177.5
2025-05-18,TR-02,02#矿车,2021,7.88,3,217.3,5137.5
2025-05-18,TR-03,03#矿车,2019,7.41,3,219.3,4877.2
2025-05-18,TR-04,04#矿车,2014,6.45,3,217.8,4216.1
2025-05-18,TR-05,05#矿车,2022,8.43,2,231.5,3904.6
2025-05-18,TR-06,06#矿车,2018,7.46,3,229.1,5127.9
2025-05-18,TR-07,07#矿车,2020,7.86,2,217.4,3417.1
2025-05-18,TR-08,08#矿车,2015,8.26,2,222.5,3674.5
2025-05-18,TR-09,09#矿车,2023,7.31,2,220.5,3222.1
2025-05-18,TR-10,10#矿车,2016,7.61,3,229.2,5234.6
2025-05-18,TR-11,11#矿车,2021,8.35,2,227.1,3791.5
2025-05-18,TR-12,12#矿车,2013,6.39,2,227.1,2903.2
2025-05-19,TR-01,01#矿车,2017,8.19,3,219.5,5395.5
2025-05-19,TR-02,02#矿车,2021,7.92,2,217.3,3440.0
2025-05-19,TR-03,03#矿车,2019,7.74,3,219.3,5095.6
2025-05-19,TR-04,04#矿车,2014,6.34,3,217.8,4138.4
2025-05-19,TR-05,05#矿车,2022,4.08,1,231.5,945.6
2025-05-19,TR-06,06#矿车,2018,7.78,3,229.1,5350.0
2025-05-19,TR-07,07#矿车,2020,8.21,3,217.4,5350.5
2025-05-19,TR-08,08#矿车,2015,7.99,3,222.5,5332.4
2025-05-19,TR-09,09#矿车,2023,7.31,3,220.5,4835.5
2025-05-19,TR-10,10#矿车,2016,8.23,2,229.2,3771.9
2025-05-19,TR-11,11#矿车,2021,8.05,3,227.1,5483.8
2025-05-19,TR-12,12#矿车,2013,6.7,2,227.1,3044.2
2025-05-20,TR-01,01#矿车,2017,7.86,2,219.5,3451.7
2025-05-20,TR-02,02#矿车,2021,7.94,2,217.3,3449.2
2025-05-20,TR-03,03#矿车,2019,7.56,3,219.3,4976.0
2025-05-20,TR-04,04#矿车,2014,6.52,3,217.8,4261.5
2025-05-20,TR-05,05#矿车,2022,7.96,2,231.5,3688.1
2025-05-20,TR-06,06#矿车,2018,7.15,3,229.1,4913.1
2025-05-20,TR-07,07#矿车,2020,8.41,2,217.4,3657.6
2025-05-20,TR-08,08#矿车,2015,8.42,3,222.5,5619.8
2025-05-20,TR-09,09#矿车,2023,7.57,3,220.5,5007.8
2025-05-20,TR-10,10#矿车,2016,8.57,3,229.2,5894.5
2025-05-20,TR-11,11#矿车,2021,7.51,3,227.1,5118.2
2025-05-20,TR-12,12#矿车,2013,6.49,3,227.1,4422.8
2025-05-21,TR-01,01#矿车,2017,7.48,3,219.5,4926.9
2025-05-21,TR-02,02#矿车,2021,7.97,3,217.3,5195.7
2025-05-21,TR-03,03#矿车,2019,7.84,3,219.3,5158.8
2025-05-21,TR-04,04#矿车,2014,6.54,2,217.8,2848.9
2025-05-21,TR-05,05#矿车,2022,8.03,2,231.5,3717.3
2025-05-21,TR-06,06#矿车,2018,7.8,3,229.1,5360.2
2025-05-21,TR-07,07#矿车,2020,7.88,3,217.4,5140.6
2025-05-21,TR-08,08#矿车,2015,8.12,2,222.5,3615.2
2025-05-21,TR-09,09#矿车,2023,7.41,3,220.5,4901.6
2025-05-21,TR-10,10#矿车,2016,8.49,3,229.2,5839.7
2025-05-21,TR-11,11#矿车,2021,7.81,2,227.1,3544.8
2025-05-21,TR-12,12#矿车,2013,6.51,3,227.1,4433.3
2025-05-22,TR-01,01#矿车,2017,7.47,2,219.5,3281.5
2025-05-22,TR-02,02#矿车,2021,7.32,3,217.3,4774.6
2025-05-22,TR-03,03#矿车,2019,7.74,3,219.3,5092.8
2025-05-22,TR-04,04#矿车,2014,6.65,2,217.8,2897.4
2025-05-22,TR-05,05#矿车,2022,8.24,3,231.5,5725.5
2025-05-22,TR-06,06#矿车,2018,7.31,3,229.1,5024.7
2025-05-22,TR-07,07#矿车,2020,7.82,2,217.4,3397.9
2025-05-22,TR-08,08#矿车,2015,8.64,3,222.5,5764.8
2025-05-22,TR-09,09#矿车,2023,7.57,3,220.5,5006.8
2025-05-22,TR-10,10#矿车,2016,8.0,2,229.2,3667.4
2025-05-22,TR-11,11#矿车,2021,7.6,2,227.1,3452.0
2025-05-22,TR-12,12#矿车,2013,6.28,3,227.1,4276.3
2025-05-23,TR-01,01#矿车,2017,7.84,3,219.5,5164.7
2025-05-23,TR-02,02#矿车,2021,7.77,3,217.3,5067.6
2025-05-23,TR-03,03#矿车,2019,7.73,3,219.3,5086.2
2025-05-23,TR-04,04#矿车,2014,6.71,3,217.8,4381.6
2025-05-23,TR-05,05#矿车,2022,8.03,3,231.5,5578.9
2025-05-23,TR-06,06#矿车,2018,7.1,3,229.1,4880.2
2025-05-23,TR-07,07#矿车,2020,7.89,2,217.4,3430.8
2025-05-23,TR-08,08#矿车,2015,8.53,3,222.5,5696.3
2025-05-23,TR-09,09#矿车,2023,7.35,3,220.5,4862.3
2025-05-23,TR-10,10#矿车,2016,7.92,2,229.2,3630.0
2025-05-23,TR-11,11#矿车,2021,7.98,2,227.1,3621.9
2025-05-23,TR-12,12#矿车,2013,6.5,3,227.1,4429.5
2025-05-24,TR-01,01#矿车,2017,8.17,3,219.5,5377.7
2025-05-24,TR-02,02#矿车,2021,8.14,3,217.3,5309.1
2025-05-24,TR-03,03#矿车,2019,8.04,2,219.3,3527.1
2025-05-24,TR-04,04#矿车,2014,6.84,3,217.8,4465.7
2025-05-24,TR-05,05#矿车,2022,7.92,2,231.5,3665.9
2025-05-24,TR-06,06#矿车,2018,7.1,3,229.1,4876.5
2025-05-24,TR-07,07#矿车,2020,8.13,3,217.4,5303.4
2025-05-24,TR-08,08#矿车,2015,8.28,2,222.5,3685.4
2025-05-24,TR-09,09#矿车,2023,7.18,2,220.5,3167.9
2025-05-24,TR-10,10#矿车,2016,7.84,3,229.2,5393.7
2025-05-24,TR-11,11#矿车,2021,8.17,3,227.1,5568.4
2025-05-24,TR-12,12#矿车,2013,6.35,2,227.1,2886.3
2025-05-25,TR-01,01#矿车,2017,7.45,2,219.5,3269.6
2025-05-25,TR-02,02#矿车,2021,7.8,2,217.3,3390.8
2025-05-25,TR-03,03#矿车,2019,8.01,3,219.3,5270.1
2025-05-25,TR-04,04#矿车,2014,6.37,2,217.8,2774.4
2025-05-25,TR-05,05#矿车,2022,7.98,3,231.5,5544.4
2025-05-25,TR-06,06#矿车,2018,7.0,3,229.1,4810.5
2025-05-25,TR-07,07#矿车,2020,8.31,2,217.4,3611.4
2025-05-25,TR-08,08#矿车,2015,8.08,3,222.5,5396.4
2025-05-25,TR-09,09#矿车,2023,7.46,3,220.5,4938.3
2025-05-25,TR-10,10#矿车,2016,7.92,3,229.2,5448.6
2025-05-25,TR-11,11#矿车,2021,8.27,2,227.1,3757.2
2025-05-25,TR-12,12#矿车,2013,6.08,3,227.1,4140.2
2025-05-26,TR-01,01#矿车,2017,7.42,3,219.5,4885.1
2025-05-26,TR-02,02#矿车,2021,7.45,3,217.3,4856.3
2025-05-26,TR-03,03#矿车,2019,7.71,3,219.3,5071.3
2025-05-26,TR-04,04#矿车,2014,6.74,2,217.8,2936.5
2025-05-26,TR-05,05#矿车,2022,8.25,2,231.5,3818.3
2025-05-26,TR-06,06#矿车,2018,7.15,2,229.1,3274.5
2025-05-26,TR-07,07#矿车,2020,8.35,3,217.4,5443.4
2025-05-26,TR-08,08#矿车,2015,8.42,3,222.5,5618.7
2025-05-26,TR-09,09#矿车,2023,7.58,2,220.5,3344.7
2025-05-26,TR-10,10#矿车,2016,8.19,2,229.2,3756.1
2025-05-26,TR-11,11#矿车,2021,8.21,3,227.1,5594.5
2025-05-26,TR-12,12#矿车,2013,6.36,3,227.1,4336.0
2025-05-27,TR-01,01#矿车,2017,8.15,3,219.5,5366.1
2025-05-27,TR-02,02#矿车,2021,7.57,3,217.3,4935.5
2025-05-27,TR-03,03#矿车,2019,8.08,3,219.3,5316.1
2025-05-27,TR-04,04#矿车,2014,6.63,3,217.8,4330.8
2025-05-27,TR-05,05#矿车,2022,8.41,3,231.5,5844.6
2025-05-27,TR-06,06#矿车,2018,7.54,3,229.1,5183.2
2025-05-27,TR-07,07#矿车,2020,8.04,3,217.4,5243.3
2025-05-27,TR-08,08#矿车,2015,7.5,2,222.5,3335.7
2025-05-27,TR-09,09#矿车,2023,7.06,3,220.5,4672.3
2025-05-27,TR-10,10#矿车,2016,8.42,2,229.2,3861.0
2025-05-27,TR-11,11#矿车,2021,7.67,3,227.1,5221.7
2025-05-27,TR-12,12#矿车,2013,6.49,2,227.1,2946.9
2025-05-28,TR-01,01#矿车,2017,7.9,3,219.5,5201.4
2025-05-28,TR-02,02#矿车,2021,7.93,3,217.3,5167.0
2025-05-28,TR-03,03#矿车,2019,7.55,3,219.3,4968.3
2025-05-28,TR-04,04#矿车,2014,6.44,2,217.8,2805.6
2025-05-28,TR-05,05#矿车,2022,8.32,3,231.5,5778.0
2025-05-28,TR-06,06#矿车,2018,7.73,3,229.1,5311.7
2025-05-28,TR-07,07#矿车,2020,8.45,3,217.4,5512.0
2025-05-28,TR-08,08#矿车,2015,7.98,3,222.5,5323.6
2025-05-28,TR-09,09#矿车,2023,7.17,2,220.5,3163.2
2025-05-28,TR-10,10#矿车,2016,7.9,2,229.2,3623.1
2025-05-28,TR-11,11#矿车,2021,7.81,3,227.1,5319.5
2025-05-28,TR-12,12#矿车,2013,6.55,2,227.1,2974.2
2025-05-29,TR-01,01#矿车,2017,7.87,2,219.5,3456.9
2025-05-29,TR-02,02#矿车,2021,7.87,3,217.3,5128.5
2025-05-29,TR-03,03#矿车,2019,7.8,3,219.3,5133.5
2025-05-29,TR-04,04#矿车,2014,6.84,2,217.8,2981.0
2025-05-29,TR-05,05#矿车,2022,7.81,3,231.5,5423.9
2025-05-29,TR-06,06#矿车,2018,7.62,3,229.1,5237.9
2025-05-29,TR-07,07#矿车,2020,7.9,3,217.4,5148.3
2025-05-29,TR-08,08#矿车,2015,8.19,2,222.5,3645.7
2025-05-29,TR-09,09#矿车,2023,6.98,3,220.5,4620.5
2025-05-29,TR-10,10#矿车,2016,7.66,3,229.2,5267.2
2025-05-29,TR-11,11#矿车,2021,7.65,2,227.1,3475.4
2025-05-29,TR-12,12#矿车,2013,6.61,3,227.1,4503.4
2025-05-30,TR-01,01#矿车,2017,7.8,3,219.5,5137.0
2025-05-30,TR-02,02#矿车,2021,7.4,3,217.3,4822.5
2025-05-30,TR-03,03#矿车,2019,7.63,3,219.3,5019.8
2025-05-30,TR-04,04#矿车,2014,6.48,3,217.8,4233.9
2025-05-30,TR-05,05#矿车,2022,7.87,3,231.5,5463.7
2025-05-30,TR-06,06#矿车,2018,7.22,3,229.1,4962.4
2025-05-30,TR-07,07#矿车,2020,7.84,3,217.4,5113.9
2025-05-30,TR-08,08#矿车,2015,8.39,3,222.5,5597.4
2025-05-30,TR-09,09#矿车,2023,7.08,3,220.5,4680.8
2025-05-30,TR-10,10#矿车,2016,7.96,3,229.2,5474.0
2025-05-30,TR-11,11#矿车,2021,7.88,2,227.1,3580.6
2025-05-30,TR-12,12#矿车,2013,6.77,2,227.1,3074.1
2025-05-31,TR-01,01#矿车,2017,7.53,3,219.5,4960.0
2025-05-31,TR-02,02#矿车,2021,7.8,2,217.3,3391.0
2025-05-31,TR-03,03#矿车,2019,7.54,2,219.3,3306.8
2025-05-31,TR-04,04#矿车,2014,6.77,3,217.8,4419.5
2025-05-31,TR-05,05#矿车,2022,8.09,2,231.5,3747.4
2025-05-31,TR-06,06#矿车,2018,7.49,2,229.1,3429.5
2025-05-31,TR-07,07#矿车,2020,7.3,3,217.4,4759.4
2025-05-31,TR-08,08#矿车,2015,8.05,2,222.5,3583.2
2025-05-31,TR-09,09#矿车,2023,7.39,3,220.5,4885.6
2025-05-31,TR-10,10#矿车,2016,8.44,3,229.2,5807.5
2025-05-31,TR-11,11#矿车,2021,8.63,3,227.1,5876.8
2025-05-31,TR-12,12#矿车,2013,6.91,2,227.1,3136.6
2025-06-01,TR-01,01#矿车,2017,4.36,1,219.5,957.1
2025-06-01,TR-02,02#矿车,2021,7.96,3,217.3,5186.9
2025-06-01,TR-03,03#矿车,2019,8.15,2,219.3,3575.1
2025-06-01,TR-04,04#矿车,2014,6.57,3,217.8,4292.7
2025-06-01,TR-05,05#矿车,2022,8.65,3,231.5,6010.5
2025-06-01,TR-06,06#矿车,2018,7.85,3,229.1,5392.9
2025-06-01,TR-07,07#矿车,2020,7.71,3,217.4,5029.4
2025-06-01,TR-08,08#矿车,2015,8.05,3,222.5,5371.1
2025-06-01,TR-09,09#矿车,2023,7.25,2,220.5,3199.6
2025-06-01,TR-10,10#矿车,2016,7.95,3,229.2,5466.7
2025-06-01,TR-11,11#矿车,2021,8.44,3,227.1,5748.8
2025-06-01,TR-12,12#矿车,2013,6.8,2,227.1,3087.3
2025-06-02,TR-01,01#矿车,2017,7.48,2,219.5,3284.5
2025-06-02,TR-02,02#矿车,2021,7.95,3,217.3,5181.5
2025-06-02,TR-03,03#矿车,2019,7.65,3,219.3,5030.7
2025-06-02,TR-04,04#矿车,2014,6.72,2,217.8,2927.4
2025-06-02,TR-05,05#矿车,2022,8.38,3,231.5,5823.8
2025-06-02,TR-06,06#矿车,2018,8.05,3,229.1,5533.0
2025-06-02,TR-07,07#矿车,2020,8.22,2,217.4,3574.4
2025-06-02,TR-08,08#矿车,2015,7.87,2,222.5,3502.7
2025-06-02,TR-09,09#矿车,2023,7.15,3,220.5,4726.6
2025-06-02,TR-10,10#矿车,2016,7.95,2,229.2,3645.0
2025-06-02,TR-11,11#矿车,2021,8.75,3,227.1,5960.5
2025-06-02,TR-12,12#矿车,2013,6.57,3,227.1,4475.5
2025-06-03,TR-01,01#矿车,2017,7.15,2,219.5,3138.6
2025-06-03,TR-02,02#矿车,2021,8.06,3,217.3,5253.1
2025-06-03,TR-03,03#矿车,2019,7.76,2,219.3,3402.5
2025-06-03,TR-04,04#矿车,2014,6.62,2,217.8,2882.8
2025-06-03,TR-05,05#矿车,2022,7.74,3,231.5,5376.8
2025-06-03,TR-06,06#矿车,2018,7.27,3,229.1,4995.0
2025-06-03,TR-07,07#矿车,2020,7.88,2,217.4,3425.3
2025-06-03,TR-08,08#矿车,2015,7.95,3,222.5,5308.2
2025-06-03,TR-09,09#矿车,2023,6.68,3,220.5,4417.4
2025-06-03,TR-10,10#矿车,2016,7.53,2,229.2,3451.6
2025-06-03,TR-11,11#矿车,2021,8.14,2,227.1,3695.0
2025-06-03,TR-12,12#矿车,2013,6.63,2,227.1,3011.8
2025-06-04,TR-01,01#矿车,2017,7.44,2,219.5,3266.2
2025-06-04,TR-02,02#矿车,2021,7.76,3,217.3,5055.9
2025-06-04,TR-03,03#矿车,2019,7.52,3,219.3,4946.6
2025-06-04,TR-04,04#矿车,2014,6.76,3,217.8,4415.8
2025-06-04,TR-05,05#矿车,2022,7.94,3,231.5,5513.0
2025-06-04,TR-06,06#矿车,2018,7.78,2,229.1,3564.7
2025-06-04,TR-07,07#矿车,2020,8.06,3,217.4,5258.2
2025-06-04,TR-08,08#矿车,2015,8.02,3,222.5,5354.4
2025-06-04,TR-09,09#矿车,2023,6.9,2,220.5,3044.0
2025-06-04,TR-10,10#矿车,2016,7.33,3,229.2,5042.5
2025-06-04,TR-11,11#矿车,2021,8.11,2,227.1,3681.5
2025-06-04,TR-12,12#矿车,2013,6.28,3,227.1,4280.3
2025-06-05,TR-01,01#矿车,2017,7.69,3,219.5,5066.5
2025-06-05,TR-02,02#矿车,2021,7.55,3,217.3,4922.8
2025-06-05,TR-03,03#矿车,2019,7.95,3,219.3,5227.6
2025-06-05,TR-04,04#矿车,2014,6.92,3,217.8,4519.4
2025-06-05,TR-05,05#矿车,2022,8.15,3,231.5,5662.0
2025-06-05,TR-06,06#矿车,2018,7.78,2,229.1,3565.8
2025-06-05,TR-07,07#矿车,2020,7.99,3,217.4,5209.6
2025-06-05,TR-08,08#矿车,2015,8.11,3,222.5,5415.2
2025-06-05,TR-09,09#矿车,2023,7.04,3,220.5,4659.5
2025-06-05,TR-10,10#矿车,2016,8.09,3,229.2,5566.9
2025-06-05,TR-11,11#矿车,2021,7.97,2,227.1,3617.5
2025-06-05,TR-12,12#矿车,2013,6.01,3,227.1,4094.2
2025-06-06,TR-01,01#矿车,2017,7.13,2,219.5,3132.1
2025-06-06,TR-02,02#矿车,2021,7.4,2,217.3,3214.0
2025-06-06,TR-03,03#矿车,2019,8.19,2,219.3,3593.7
2025-06-06,TR-04,04#矿车,2014,7.26,3,217.8,4742.7
2025-06-06,TR-05,05#矿车,2022,8.19,3,231.5,5687.6
2025-06-06,TR-06,06#矿车,2018,7.16,3,229.1,4924.2
2025-06-06,TR-07,07#矿车,2020,8.17,2,217.4,3551.9
2025-06-06,TR-08,08#矿车,2015,7.54,2,222.5,3355.0
2025-06-06,TR-09,09#矿车,2023,7.53,3,220.5,4979.7
2025-06-06,TR-10,10#矿车,2016,8.03,3,229.2,5519.1
2025-06-06,TR-11,11#矿车,2021,7.77,3,227.1,5291.0
2025-06-06,TR-12,12#矿车,2013,6.5,3,227.1,4427.8
2025-06-07,TR-01,01#矿车,2017,7.8,3,219.5,5135.7
2025-06-07,TR-02,02#矿车,2021,7.37,3,217.3,4806.5
2025-06-07,TR-03,03#矿车,2019,7.72,3,219.3,5079.5
2025-06-07,TR-04,04#矿车,2014,7.02,3,217.8,4584.4
2025-06-07,TR-05,05#矿车,2022,8.02,2,231.5,3714.9
2025-06-07,TR-06,06#矿车,2018,7.04,2,229.1,3224.6
2025-06-07,TR-07,07#矿车,2020,8.29,2,217.4,3602.8
2025-06-07,TR-08,08#矿车,2015,8.05,3,222.5,5370.2
2025-06-07,TR-09,09#矿车,2023,7.4,3,220.5,4894.3
2025-06-07,TR-10,10#矿车,2016,8.05,3,229.2,5533.3
2025-06-07,TR-11,11#矿车,2021,8.05,2,227.1,3657.8
2025-06-07,TR-12,12#矿车,2013,6.31,3,227.1,4299.2
2025-06-08,TR-01,01#矿车,2017,7.42,2,219.5,3256.7
2025-06-08,TR-02,02#矿车,2021,7.74,3,217.3,5048.2
2025-06-08,TR-03,03#矿车,2019,7.91,3,219.3,5203.7
2025-06-08,TR-04,04#矿车,2014,6.7,3,217.8,4377.2
2025-06-08,TR-05,05#矿车,2022,8.3,3,231.5,5766.3
2025-06-08,TR-06,06#矿车,2018,7.1,3,229.1,4880.8
2025-06-08,TR-07,07#矿车,2020,8.07,3,217.4,5259.1
2025-06-08,TR-08,08#矿车,2015,8.16,3,222.5,5447.7
2025-06-08,TR-09,09#矿车,2023,7.44,2,220.5,3283.0
2025-06-08,TR-10,10#矿车,2016,7.5,2,229.2,3438.9
2025-06-08,TR-11,11#矿车,2021,7.98,3,227.1,5436.3
2025-06-08,TR-12,12#矿车,2013,6.51,2,227.1,2956.8
2025-06-09,TR-01,01#矿车,2017,7.28,3,219.5,4794.3
2025-06-09,TR-02,02#矿车,2021,7.58,3,217.3,4941.9
2025-06-09,TR-03,03#矿车,2019,7.95,2,219.3,3485.3
2025-06-09,TR-04,04#矿车,2014,6.8,2,217.8,2962.8
2025-06-09,TR-05,05#矿车,2022,8.09,3,231.5,5615.8
2025-06-09,TR-06,06#矿车,2018,7.25,3,229.1,4985.4
2025-06-09,TR-07,07#矿车,2020,8.21,3,217.4,5352.5
2025-06-09,TR-08,08#矿车,2015,7.96,2,222.5,3540.7
2025-06-09,TR-09,09#矿车,2023,7.36,3,220.5,4865.6
2025-06-09,TR-10,10#矿车,2016,7.74,3,229.2,5321.4
2025-06-09,TR-11,11#矿车,2021,7.88,3,227.1,5370.3
2025-06-09,TR-12,12#矿车,2013,6.31,3,227.1,4300.1
2025-06-10,TR-01,01#矿车,2017,7.96,3,219.5,5242.8
2025-06-10,TR-02,02#矿车,2021,7.93,3,217.3,5167.3
2025-06-10,TR-03,03#矿车,2019,8.03,2,219.3,3520.1
2025-06-10,TR-04,04#矿车,2014,7.11,2,217.8,3097.2
2025-06-10,TR-05,05#矿车,2022,8.19,3,231.5,5691.8
2025-06-10,TR-06,06#矿车,2018,7.15,3,229.1,4917.0
2025-06-10,TR-07,07#矿车,2020,8.49,3,217.4,5534.9
2025-06-10,TR-08,08#矿车,2015,7.75,2,222.5,3448.7
2025-06-10,TR-09,09#矿车,2023,7.15,2,220.5,3151.9
2025-06-10,TR-10,10#矿车,2016,7.41,3,229.2,5093.7
2025-06-10,TR-11,11#矿车,2021,8.2,2,227.1,3725.9
2025-06-10,TR-12,12#矿车,2013,6.54,3,227.1,4455.7
2025-06-11,TR-01,01#矿车,2017,7.63,2,219.5,3348.5
2025-06-11,TR-02,02#矿车,2021,7.85,3,217.3,5119.1
2025-06-11,TR-03,03#矿车,2019,8.17,2,219.3,3582.4
2025-06-11,TR-04,04#矿车,2014,4.55,0,217.8,0.0
2025-06-11,TR-05,05#矿车,2022,8.04,3,231.5,5587.8
2025-06-11,TR-06,06#矿车,2018,7.8,3,229.1,5361.7
2025-06-11,TR-07,07#矿车,2020,8.33,2,217.4,3621.5
2025-06-11,TR-08,08#矿车,2015,7.95,3,222.5,5307.7
2025-06-11,TR-09,09#矿车,2023,7.17,3,220.5,4745.9
2025-06-11,TR-10,10#矿车,2016,7.59,3,229.2,5216.8
2025-06-11,TR-11,11#矿车,2021,8.34,3,227.1,5679.1
2025-06-11,TR-12,12#矿车,2013,6.41,3,227.1,4364.2
2025-06-12,TR-01,01#矿车,2017,7.41,2,219.5,3254.4
2025-06-12,TR-02,02#矿车,2021,7.53,3,217.3,4912.0
2025-06-12,TR-03,03#矿车,2019,8.09,2,219.3,3547.0
2025-06-12,TR-04,04#矿车,2014,6.98,2,217.8,3041.2
2025-06-12,TR-05,05#矿车,2022,7.84,3,231.5,5447.1
2025-06-12,TR-06,06#矿车,2018,7.29,3,229.1,5007.2
2025-06-12,TR-07,07#矿车,2020,8.2,2,217.4,3564.9
2025-06-12,TR-08,08#矿车,2015,8.1,3,222.5,5403.9
2025-06-12,TR-09,09#矿车,2023,7.04,3,220.5,4656.4
2025-06-12,TR-10,10#矿车,2016,7.9,3,229.2,5430.6
2025-06-12,TR-11,11#矿车,2021,8.37,3,227.1,5702.4
2025-06-12,TR-12,12#矿车,2013,6.68,3,227.1,4551.0
2025-06-13,TR-01,01#矿车,2017,7.45,3,219.5,4906.1
2025-06-13,TR-02,02#矿车,2021,8.25,3,217.3,5380.3
2025-06-13,TR-03,03#矿车,2019,7.5,3,219.3,4934.1
2025-06-13,TR-04,04#矿车,2014,6.79,3,217.8,4433.0
2025-06-13,TR-05,05#矿车,2022,7.81,3,231.5,5425.5
2025-06-13,TR-06,06#矿车,2018,7.55,2,229.1,3460.8
2025-06-13,TR-07,07#矿车,2020,7.52,3,217.4,4902.0
2025-06-13,TR-08,08#矿车,2015,7.89,3,222.5,5263.3
2025-06-13,TR-09,09#矿车,2023,7.24,2,220.5,3192.6
2025-06-13,TR-10,10#矿车,2016,8.08,3,229.2,5557.9
2025-06-13,TR-11,11#矿车,2021,8.19,3,227.1,5578.3
2025-06-13,TR-12,12#矿车,2013,7.21,3,227.1,4911.1
2025-06-14,TR-01,01#矿车,2017,7.85,3,219.5,5169.5
2025-06-14,TR-02,02#矿车,2021,8.37,2,217.3,3636.7
2025-06-14,TR-03,03#矿车,2019,7.64,3,219.3,5027.2
2025-06-14,TR-04,04#矿车,2014,6.21,2,217.8,2704.9
2025-06-14,TR-05,05#矿车,2022,8.37,3,231.5,5811.2
2025-06-14,TR-06,06#矿车,2018,7.65,3,229.1,5255.9
2025-06-14,TR-07,07#矿车,2020,7.76,3,217.4,5060.5
2025-06-14,TR-08,08#矿车,2015,7.98,3,222.5,5324.7
2025-06-14,TR-09,09#矿车,2023,7.26,2,220.5,3200.3
2025-06-14,TR-10,10#矿车,2016,7.81,2,229.2,3578.5
2025-06-14,TR-11,11#矿车,2021,8.7,2,227.1,3952.7
2025-06-14,TR-12,12#矿车,2013,6.66,3,227.1,4538.3
2025-06-15,TR-01,01#矿车,2017,7.81,3,219.5,5145.8
2025-06-15,TR-02,02#矿车,2021,7.73,2,217.3,3361.0
2025-06-15,TR-03,03#矿车,2019,7.55,3,219.3,4968.5
2025-06-15,TR-04,04#矿车,2014,6.51,3,217.8,4255.3
2025-06-15,TR-05,05#矿车,2022,8.32,3,231.5,5778.1
2025-06-15,TR-06,06#矿车,2018,7.62,3,229.1,5238.0
2025-06-15,TR-07,07#矿车,2020,7.91,3,217.4,5158.0
2025-06-15,TR-08,08#矿车,2015,8.1,3,222.5,5403.7
2025-06-15,TR-09,09#矿车,2023,7.35,3,220.5,4859.7
2025-06-15,TR-10,10#矿车,2016,7.16,3,229.2,4922.4
2025-06-15,TR-11,11#矿车,2021,8.62,3,227.1,5870.8
2025-06-15,TR-12,12#矿车,2013,6.6,3,227.1,4494.1
2025-06-16,TR-01,01#矿车,2017,8.01,3,219.5,5273.2
2025-06-16,TR-02,02#矿车,2021,7.46,2,217.3,3240.2
2025-06-16,TR-03,03#矿车,2019,7.71,3,219.3,5073.8
2025-06-16,TR-04,04#矿车,2014,6.72,3,217.8,4387.0
2025-06-16,TR-05,05#矿车,2022,8.52,2,231.5,3945.2
2025-06-16,TR-06,06#矿车,2018,7.65,3,229.1,5261.0
2025-06-16,TR-07,07#矿车,2020,8.3,2,217.4,3608.2
2025-06-16,TR-08,08#矿车,2015,8.15,2,222.5,3628.7
2025-06-16,TR-09,09#矿车,2023,7.72,2,220.5,3403.8
2025-06-16,TR-10,10#矿车,2016,7.93,3,229.2,5456.7
2025-06-16,TR-11,11#矿车,2021,7.88,2,227.1,3577.8
2025-06-16,TR-12,12#矿车,2013,6.98,3,227.1,4752.7
2025-06-17,TR-01,01#矿车,2017,8.15,3,219.5,5370.0
2025-06-17,TR-02,02#矿车,2021,7.64,3,217.3,4978.0
2025-06-17,TR-03,03#矿车,2019,7.44,2,219.3,3264.0
2025-06-17,TR-04,04#矿车,2014,6.83,3,217.8,4460.7
2025-06-17,TR-05,05#矿车,2022,8.29,3,231.5,5755.2
2025-06-17,TR-06,06#矿车,2018,7.88,3,229.1,5413.6
2025-06-17,TR-07,07#矿车,2020,8.58,2,217.4,3727.7
2025-06-17,TR-08,08#矿车,2015,8.28,2,222.5,3685.2
2025-06-17,TR-09,09#矿车,2023,7.94,3,220.5,5249.5
2025-06-17,TR-10,10#矿车,2016,7.71,3,229.2,5303.3
2025-06-17,TR-11,11#矿车,2021,8.47,2,227.1,3848.0
2025-06-17,TR-12,12#矿车,2013,5.92,2,227.1,2689.0
2025-06-18,TR-01,01#矿车,2017,7.72,2,219.5,3389.7
2025-06-18,TR-02,02#矿车,2021,7.76,3,217.3,5060.3
2025-06-18,TR-03,03#矿车,2019,8.06,2,219.3,3533.5
2025-06-18,TR-04,04#矿车,2014,6.49,2,217.8,2824.5
2025-06-18,TR-05,05#矿车,2022,7.88,2,231.5,3648.2
2025-06-18,TR-06,06#矿车,2018,7.61,3,229.1,5231.2
2025-06-18,TR-07,07#矿车,2020,8.11,3,217.4,5289.7
2025-06-18,TR-08,08#矿车,2015,8.45,2,222.5,3762.2
2025-06-18,TR-09,09#矿车,2023,4.11,0,220.5,0.0
2025-06-18,TR-10,10#矿车,2016,7.53,3,229.2,5180.2
2025-06-18,TR-11,11#矿车,2021,8.56,2,227.1,3885.2
2025-06-18,TR-12,12#矿车,2013,6.4,2,227.1,2907.7
2025-06-19,TR-01,01#矿车,2017,7.74,2,219.5,3400.4
2025-06-19,TR-02,02#矿车,2021,7.71,2,217.3,3349.3
2025-06-19,TR-03,03#矿车,2019,8.22,3,219.3,5408.9
2025-06-19,TR-04,04#矿车,2014,5.96,3,217.8,3895.0
2025-06-19,TR-05,05#矿车,2022,8.12,2,231.5,3761.3
2025-06-19,TR-06,06#矿车,2018,7.56,2,229.1,3465.3
2025-06-19,TR-07,07#矿车,2020,8.22,2,217.4,3573.8
2025-06-19,TR-08,08#矿车,2015,8.42,3,222.5,5618.1
2025-06-19,TR-09,09#矿车,2023,7.83,3,220.5,5177.6
2025-06-19,TR-10,10#矿车,2016,7.71,3,229.2,5305.6
2025-06-19,TR-11,11#矿车,2021,8.06,3,227.1,5489.8
2025-06-19,TR-12,12#矿车,2013,6.57,2,227.1,2982.8
2025-06-20,TR-01,01#矿车,2017,7.91,2,219.5,3471.5
2025-06-20,TR-02,02#矿车,2021,7.74,2,217.3,3362.7
2025-06-20,TR-03,03#矿车,2019,8.11,3,219.3,5337.9
2025-06-20,TR-04,04#矿车,2014,6.25,3,217.8,4082.4
2025-06-20,TR-05,05#矿车,2022,7.65,3,231.5,5310.7
2025-06-20,TR-06,06#矿车,2018,7.36,2,229.1,3373.0
2025-06-20,TR-07,07#矿车,2020,7.97,3,217.4,5194.8
2025-06-20,TR-08,08#矿车,2015,8.12,3,222.5,5421.5
2025-06-20,TR-09,09#矿车,2023,7.9,3,220.5,5228.3
2025-06-20,TR-10,10#矿车,2016,7.72,3,229.2,5311.3
2025-06-20,TR-11,11#矿车,2021,8.0,2,227.1,3634.4
2025-06-20,TR-12,12#矿车,2013,6.59,2,227.1,2991.2
2025-06-21,TR-01,01#矿车,2017,8.03,3,219.5,5289.4
2025-06-21,TR-02,02#矿车,2021,7.72,3,217.3,5034.3
2025-06-21,TR-03,03#矿车,2019,7.8,3,219.3,5131.2
2025-06-21,TR-04,04#矿车,2014,6.4,3,217.8,4179.6
2025-06-21,TR-05,05#矿车,2022,7.74,3,231.5,5373.1
2025-06-21,TR-06,06#矿车,2018,7.04,3,229.1,4840.2
2025-06-21,TR-07,07#矿车,2020,8.2,3,217.4,5346.6
2025-06-21,TR-08,08#矿车,2015,8.18,2,222.5,3641.7
2025-06-21,TR-09,09#矿车,2023,7.3,3,220.5,4828.0
2025-06-21,TR-10,10#矿车,2016,7.26,3,229.2,4989.6
2025-06-21,TR-11,11#矿车,2021,7.97,2,227.1,3620.9
2025-06-21,TR-12,12#矿车,2013,6.27,2,227.1,2846.2
2025-06-22,TR-01,01#矿车,2017,8.42,2,219.5,3697.3
2025-06-22,TR-02,02#矿车,2021,7.41,3,217.3,4827.6
2025-06-22,TR-03,03#矿车,2019,7.86,2,219.3,3449.2
2025-06-22,TR-04,04#矿车,2014,7.21,3,217.8,4709.9
2025-06-22,TR-05,05#矿车,2022,7.96,3,231.5,5528.3
2025-06-22,TR-06,06#矿车,2018,7.88,3,229.1,5414.7
2025-06-22,TR-07,07#矿车,2020,7.87,3,217.4,5132.9
2025-06-22,TR-08,08#矿车,2015,8.0,2,222.5,3559.4
2025-06-22,TR-09,09#矿车,2023,7.55,2,220.5,3329.4
2025-06-22,TR-10,10#矿车,2016,7.81,2,229.2,3579.0
2025-06-22,TR-11,11#矿车,2021,8.17,3,227.1,5564.7
2025-06-22,TR-12,12#矿车,2013,6.27,3,227.1,4274.2
2025-06-23,TR-01,01#矿车,2017,8.4,3,219.5,5535.0
2025-06-23,TR-02,02#矿车,2021,7.7,3,217.3,5017.0
2025-06-23,TR-03,03#矿车,2019,8.21,3,219.3,5401.1
2025-06-23,TR-04,04#矿车,2014,6.76,2,217.8,2943.9
2025-06-23,TR-05,05#矿车,2022,8.27,2,231.5,3827.9
2025-06-23,TR-06,06#矿车,2018,7.44,2,229.1,3410.7
2025-06-23,TR-07,07#矿车,2020,8.01,3,217.4,5221.6
2025-06-23,TR-08,08#矿车,2015,8.26,3,222.5,5516.5
2025-06-23,TR-09,09#矿车,2023,7.29,3,220.5,4823.3
2025-06-23,TR-10,10#矿车,2016,7.86,3,229.2,5405.0
2025-06-23,TR-11,11#矿车,2021,7.83,3,227.1,5335.3
2025-06-23,TR-12,12#矿车,2013,6.42,2,227.1,2914.7
2025-06-24,TR-01,01#矿车,2017,8.27,3,219.5,5443.8
2025-06-24,TR-02,02#矿车,2021,7.43,3,217.3,4845.3
2025-06-24,TR-03,03#矿车,2019,7.98,3,219.3,5249.0
2025-06-24,TR-04,04#矿车,2014,6.47,3,217.8,4224.6
2025-06-24,TR-05,05#矿车,2022,7.9,3,231.5,5484.4
2025-06-24,TR-06,06#矿车,2018,7.44,2,229.1,3408.3
2025-06-24,TR-07,07#矿车,2020,7.89,3,217.4,5144.7
2025-06-24,TR-08,08#矿车,2015,8.28,2,222.5,3682.5
2025-06-24,TR-09,09#矿车,2023,7.49,3,220.5,4953.0
2025-06-24,TR-10,10#矿车,2016,8.01,3,229.2,5510.0
2025-06-24,TR-11,11#矿车,2021,7.93,2,227.1,3601.6
2025-06-24,TR-12,12#矿车,2013,6.61,2,227.1,3004.5
2025-06-25,TR-01,01#矿车,2017,7.69,3,219.5,5063.7
2025-06-25,TR-02,02#矿车,2021,7.55,3,217.3,4921.1
2025-06-25,TR-03,03#矿车,2019,7.81,3,219.3,5140.3
2025-06-25,TR-04,04#矿车,2014,6.82,2,217.8,2971.8
2025-06-25,TR-05,05#矿车,2022,8.25,2,231.5,3820.9
2025-06-25,TR-06,06#矿车,2018,7.65,3,229.1,5256.4
2025-06-25,TR-07,07#矿车,2020,8.58,2,217.4,3728.5
2025-06-25,TR-08,08#矿车,2015,8.11,3,222.5,5411.6
2025-06-25,TR-09,09#矿车,2023,7.69,3,220.5,5085.1
2025-06-25,TR-10,10#矿车,2016,7.82,3,229.2,5377.6
2025-06-25,TR-11,11#矿车,2021,7.79,2,227.1,3535.6
2025-06-25,TR-12,12#矿车,2013,6.55,2,227.1,2975.3
2025-06-26,TR-01,01#矿车,2017,7.7,3,219.5,5072.3
2025-06-26,TR-02,02#矿车,2021,7.57,2,217.3,3290.3
2025-06-26,TR-03,03#矿车,2019,7.97,3,219.3,5244.8
2025-06-26,TR-04,04#矿车,2014,7.05,3,217.8,4606.9
2025-06-26,TR-05,05#矿车,2022,7.99,2,231.5,3698.1
2025-06-26,TR-06,06#矿车,2018,7.78,3,229.1,5345.0
2025-06-26,TR-07,07#矿车,2020,8.33,3,217.4,5434.1
2025-06-26,TR-08,08#矿车,2015,8.29,2,222.5,3689.7
2025-06-26,TR-09,09#矿车,2023,7.94,3,220.5,5250.2
2025-06-26,TR-10,10#矿车,2016,7.93,2,229.2,3637.1
2025-06-26,TR-11,11#矿车,2021,8.13,3,227.1,5541.3
2025-06-26,TR-12,12#矿车,2013,6.47,3,227.1,4410.2
2025-06-27,TR-01,01#矿车,2017,7.53,2,219.5,3307.9
2025-06-27,TR-02,02#矿车,2021,7.79,3,217.3,5076.4
2025-06-27,TR-03,03#矿车,2019,7.99,3,219.3,5255.9
2025-06-27,TR-04,04#矿车,2014,6.64,2,217.8,2892.2
2025-06-27,TR-05,05#矿车,2022,8.27,3,231.5,5747.3
2025-06-27,TR-06,06#矿车,2018,7.95,3,229.1,5462.9
2025-06-27,TR-07,07#矿车,2020,8.43,3,217.4,5497.1
2025-06-27,TR-08,08#矿车,2015,8.08,3,222.5,5393.5
2025-06-27,TR-09,09#矿车,2023,7.7,2,220.5,3396.3
2025-06-27,TR-10,10#矿车,2016,7.62,2,229.2,3493.1
2025-06-27,TR-11,11#矿车,2021,7.98,3,227.1,5434.8
2025-06-27,TR-12,12#矿车,2013,7.06,3,227.1,4808.5
2025-06-28,TR-01,01#矿车,2017,7.34,3,219.5,4836.0
2025-06-28,TR-02,02#矿车,2021,8.13,3,217.3,5300.9
2025-06-28,TR-03,03#矿车,2019,7.72,3,219.3,5080.0
2025-06-28,TR-04,04#矿车,2014,6.75,3,217.8,4410.4
2025-06-28,TR-05,05#矿车,2022,8.19,3,231.5,5688.2
2025-06-28,TR-06,06#矿车,2018,7.8,3,229.1,5363.8
2025-06-28,TR-07,07#矿车,2020,8.62,3,217.4,5619.5
2025-06-28,TR-08,08#矿车,2015,7.46,3,222.5,4979.4
2025-06-28,TR-09,09#矿车,2023,7.67,3,220.5,5071.2
2025-06-28,TR-10,10#矿车,2016,7.73,2,229.2,3542.5
2025-06-28,TR-11,11#矿车,2021,8.09,3,227.1,5511.3
2025-06-28,TR-12,12#矿车,2013,6.93,3,227.1,4721.7
2025-06-29,TR-01,01#矿车,2017,7.58,3,219.5,4995.1
2025-06-29,TR-02,02#矿车,2021,7.76,3,217.3,5061.2
2025-06-29,TR-03,03#矿车,2019,8.16,3,219.3,5366.3
2025-06-29,TR-04,04#矿车,2014,6.38,3,217.8,4168.7
2025-06-29,TR-05,05#矿车,2022,8.15,3,231.5,5659.4
2025-06-29,TR-06,06#矿车,2018,7.59,3,229.1,5217.4
2025-06-29,TR-07,07#矿车,2020,8.43,2,217.4,3663.8
2025-06-29,TR-08,08#矿车,2015,7.73,2,222.5,3438.8
2025-06-29,TR-09,09#矿车,2023,7.8,3,220.5,5161.5
2025-06-29,TR-10,10#矿车,2016,7.99,3,229.2,5491.9
2025-06-29,TR-11,11#矿车,2021,8.14,3,227.1,5545.4
2025-06-29,TR-12,12#矿车,2013,6.38,3,227.1,4348.8
2025-06-30,TR-01,01#矿车,2017,7.79,3,219.5,5133.5
2025-06-30,TR-02,02#矿车,2021,7.78,3,217.3,5068.7
2025-06-30,TR-03,03#矿车,2019,8.28,3,219.3,5449.8
2025-06-30,TR-04,04#矿车,2014,6.26,3,217.8,4090.2
2025-06-30,TR-05,05#矿车,2022,8.17,2,231.5,3784.9
2025-06-30,TR-06,06#矿车,2018,7.4,3,229.1,5085.5
2025-06-30,TR-07,07#矿车,2020,8.28,3,217.4,5400.1
2025-06-30,TR-08,08#矿车,2015,7.87,3,222.5,5250.4
2025-06-30,TR-09,09#矿车,2023,7.43,3,220.5,4915.8
2025-06-30,TR-10,10#矿车,2016,7.83,2,229.2,3588.2
2025-06-30,TR-11,11#矿车,2021,7.7,3,227.1,5248.4
2025-06-30,TR-12,12#矿车,2013,6.24,3,227.1,4250.2
2025-07-01,TR-01,01#矿车,2017,7.82,3,219.5,5147.8
2025-07-01,TR-02,02#矿车,2021,8.01,3,217.3,5219.0
2025-07-01,TR-03,03#矿车,2019,7.78,3,219.3,5120.9
2025-07-01,TR-04,04#矿车,2014,6.35,3,217.8,4150.9
2025-07-01,TR-05,05#矿车,2022,8.14,3,231.5,5655.3
2025-07-01,TR-06,06#矿车,2018,7.55,3,229.1,5187.6
2025-07-01,TR-07,07#矿车,2020,8.07,2,217.4,3507.2
2025-07-01,TR-08,08#矿车,2015,3.77,0,222.5,0.0
2025-07-01,TR-09,09#矿车,2023,4.34,1,220.5,956.7
2025-07-01,TR-10,10#矿车,2016,8.0,2,229.2,3668.1
2025-07-01,TR-11,11#矿车,2021,8.25,3,227.1,5619.5
2025-07-01,TR-12,12#矿车,2013,6.22,3,227.1,4239.6
2025-07-02,TR-01,01#矿车,2017,7.78,3,219.5,5121.1
2025-07-02,TR-02,02#矿车,2021,7.93,3,217.3,5171.6
2025-07-02,TR-03,03#矿车,2019,8.09,3,219.3,5325.0
2025-07-02,TR-04,04#矿车,2014,6.3,3,217.8,4113.4
2025-07-02,TR-05,05#矿车,2022,8.03,3,231.5,5574.7
2025-07-02,TR-06,06#矿车,2018,7.61,3,229.1,5227.4
2025-07-02,TR-07,07#矿车,2020,7.99,3,217.4,5213.0
2025-07-02,TR-08,08#矿车,2015,8.03,2,222.5,3573.4
2025-07-02,TR-09,09#矿车,2023,7.58,2,220.5,3342.4
2025-07-02,TR-10,10#矿车,2016,7.68,3,229.2,5284.6
2025-07-02,TR-11,11#矿车,2021,8.02,3,227.1,5463.5
2025-07-02,TR-12,12#矿车,2013,6.09,2,227.1,2764.2
2025-07-03,TR-01,01#矿车,2017,7.64,3,219.5,5028.6
2025-07-03,TR-02,02#矿车,2021,7.97,3,217.3,5195.8
2025-07-03,TR-03,03#矿车,2019,8.36,3,219.3,5502.4
2025-07-03,TR-04,04#矿车,2014,6.43,3,217.8,4201.4
2025-07-03,TR-05,05#矿车,2022,8.15,3,231.5,5663.0
2025-07-03,TR-06,06#矿车,2018,7.36,2,229.1,3370.5
2025-07-03,TR-07,07#矿车,2020,8.27,2,217.4,3593.6
2025-07-03,TR-08,08#矿车,2015,8.42,3,222.5,5623.0
2025-07-03,TR-09,09#矿车,2023,7.08,2,220.5,3124.5
2025-07-03,TR-10,10#矿车,2016,7.89,2,229.2,3618.6
2025-07-03,TR-11,11#矿车,2021,8.28,3,227.1,5639.3
2025-07-03,TR-12,12#矿车,2013,6.34,3,227.1,4317.1
2025-07-04,TR-01,01#矿车,2017,7.05,3,219.5,4642.5
2025-07-04,TR-02,02#矿车,2021,8.12,3,217.3,5290.7
2025-07-04,TR-03,03#矿车,2019,8.15,3,219.3,5364.0
2025-07-04,TR-04,04#矿车,2014,6.51,3,217.8,4255.1
2025-07-04,TR-05,05#矿车,2022,8.35,3,231.5,5800.6
2025-07-04,TR-06,06#矿车,2018,7.62,3,229.1,5235.7
2025-07-04,TR-07,07#矿车,2020,8.1,2,217.4,3522.9
2025-07-04,TR-08,08#矿车,2015,8.73,3,222.5,5829.6
2025-07-04,TR-09,09#矿车,2023,7.33,3,220.5,4846.4
2025-07-04,TR-10,10#矿车,2016,7.88,2,229.2,3613.7
2025-07-04,TR-11,11#矿车,2021,8.16,3,227.1,5560.0
2025-07-04,TR-12,12#矿车,2013,6.2,3,227.1,4225.7
2025-07-05,TR-01,01#矿车,2017,7.33,3,219.5,4830.0
2025-07-05,TR-02,02#矿车,2021,7.59,2,217.3,3297.7
2025-07-05,TR-03,03#矿车,2019,7.71,3,219.3,5073.3
2025-07-05,TR-04,04#矿车,2014,6.42,3,217.8,4191.3
2025-07-05,TR-05,05#矿车,2022,8.12,2,231.5,3759.1
2025-07-05,TR-06,06#矿车,2018,7.01,3,229.1,4817.4
2025-07-05,TR-07,07#矿车,2020,8.16,3,217.4,5321.9
2025-07-05,TR-08,08#矿车,2015,8.55,2,222.5,3803.9
2025-07-05,TR-09,09#矿车,2023,7.5,3,220.5,4958.2
2025-07-05,TR-10,10#矿车,2016,8.06,2,229.2,3697.6
2025-07-05,TR-11,11#矿车,2021,7.87,3,227.1,5364.2
2025-07-05,TR-12,12#矿车,2013,6.21,3,227.1,4232.6
2025-07-06,TR-01,01#矿车,2017,7.55,3,219.5,4972.8
2025-07-06,TR-02,02#矿车,2021,7.77,3,217.3,5065.1
2025-07-06,TR-03,03#矿车,2019,4.71,0,219.3,0.0
2025-07-06,TR-04,04#矿车,2014,6.6,3,217.8,4312.5
2025-07-06,TR-05,05#矿车,2022,8.45,3,231.5,5869.6
2025-07-06,TR-06,06#矿车,2018,7.49,2,229.1,3429.7
2025-07-06,TR-07,07#矿车,2020,8.47,3,217.4,5525.0
2025-07-06,TR-08,08#矿车,2015,8.63,3,222.5,5757.5
2025-07-06,TR-09,09#矿车,2023,7.39,3,220.5,4887.7
2025-07-06,TR-10,10#矿车,2016,8.29,2,229.2,3800.7
2025-07-06,TR-11,11#矿车,2021,8.23,2,227.1,3738.3
2025-07-06,TR-12,12#矿车,2013,6.36,3,227.1,4336.5
2025-07-07,TR-01,01#矿车,2017,7.8,3,219.5,5136.3
2025-07-07,TR-02,02#矿车,2021,8.16,3,217.3,5318.4
2025-07-07,TR-03,03#矿车,2019,7.73,2,219.3,3390.9
2025-07-07,TR-04,04#矿车,2014,6.51,3,217.8,4253.1
2025-07-07,TR-05,05#矿车,2022,8.13,3,231.5,5648.7
2025-07-07,TR-06,06#矿车,2018,7.81,2,229.1,3579.7
2025-07-07,TR-07,07#矿车,2020,8.22,2,217.4,3574.8
2025-07-07,TR-08,08#矿车,2015,8.46,3,222.5,5643.9
2025-07-07,TR-09,09#矿车,2023,7.43,3,220.5,4913.5
2025-07-07,TR-10,10#矿车,2016,8.18,3,229.2,5625.4
2025-07-07,TR-11,11#矿车,2021,7.93,2,227.1,3600.4
2025-07-07,TR-12,12#矿车,2013,6.66,3,227.1,4537.1
2025-07-08,TR-01,01#矿车,2017,7.95,3,219.5,5237.2
2025-07-08,TR-02,02#矿车,2021,7.69,2,217.3,3344.0
2025-07-08,TR-03,03#矿车,2019,7.76,3,219.3,5103.8
2025-07-08,TR-04,04#矿车,2014,6.56,2,217.8,2855.9
2025-07-08,TR-05,05#矿车,2022,8.13,3,231.5,5645.9
2025-07-08,TR-06,06#矿车,2018,7.77,3,229.1,5337.0
2025-07-08,TR-07,07#矿车,2020,8.12,2,217.4,3528.6
2025-07-08,TR-08,08#矿车,2015,8.47,3,222.5,5651.0
2025-07-08,TR-09,09#矿车,2023,7.8,3,220.5,5161.0
2025-07-08,TR-10,10#矿车,2016,8.02,3,229.2,5513.2
2025-07-08,TR-11,11#矿车,2021,8.46,3,227.1,5765.7
2025-07-08,TR-12,12#矿车,2013,6.79,2,227.1,3085.7
2025-07-09,TR-01,01#矿车,2017,7.37,2,219.5,3237.1
2025-07-09,TR-02,02#矿车,2021,7.42,2,217.3,3224.4
2025-07-09,TR-03,03#矿车,2019,7.67,3,219.3,5046.8
2025-07-09,TR-04,04#矿车,2014,7.16,3,217.8,4674.2
2025-07-09,TR-05,05#矿车,2022,8.12,3,231.5,5641.4
2025-07-09,TR-06,06#矿车,2018,7.54,3,229.1,5182.9
2025-07-09,TR-07,07#矿车,2020,8.48,2,217.4,3687.3
2025-07-09,TR-08,08#矿车,2015,8.12,3,222.5,5418.3
2025-07-09,TR-09,09#矿车,2023,7.5,3,220.5,4960.1
2025-07-09,TR-10,10#矿车,2016,7.93,3,229.2,5456.9
2025-07-09,TR-11,11#矿车,2021,8.21,3,227.1,5590.0
2025-07-09,TR-12,12#矿车,2013,6.9,3,227.1,4699.4
2025-07-10,TR-01,01#矿车,2017,7.13,3,219.5,4695.3
2025-07-10,TR-02,02#矿车,2021,7.08,3,217.3,4613.3
2025-07-10,TR-03,03#矿车,2019,7.53,2,219.3,3302.1
2025-07-10,TR-04,04#矿车,2014,7.05,3,217.8,4602.2
2025-07-10,TR-05,05#矿车,2022,8.29,3,231.5,5759.3
2025-07-10,TR-06,06#矿车,2018,7.54,3,229.1,5179.3
2025-07-10,TR-07,07#矿车,2020,8.11,2,217.4,3525.2
2025-07-10,TR-08,08#矿车,2015,8.08,3,222.5,5396.4
2025-07-10,TR-09,09#矿车,2023,7.7,3,220.5,5091.6
2025-07-10,TR-10,10#矿车,2016,7.69,3,229.2,5290.3
2025-07-10,TR-11,11#矿车,2021,8.47,3,227.1,5772.7
2025-07-10,TR-12,12#矿车,2013,6.49,2,227.1,2947.3
2025-07-11,TR-01,01#矿车,2017,7.26,2,219.5,3185.6
2025-07-11,TR-02,02#矿车,2021,7.68,3,217.3,5004.9
2025-07-11,TR-03,03#矿车,2019,7.96,3,219.3,5239.4
2025-07-11,TR-04,04#矿车,2014,3.37,0,217.8,0.0
2025-07-11,TR-05,05#矿车,2022,8.45,3,231.5,5869.5
2025-07-11,TR-06,06#矿车,2018,7.48,3,229.1,5143.6
2025-07-11,TR-07,07#矿车,2020,8.0,3,217.4,5214.4
2025-07-11,TR-08,08#矿车,2015,7.64,3,222.5,5097.5
2025-07-11,TR-09,09#矿车,2023,7.83,2,220.5,3452.7
2025-07-11,TR-10,10#矿车,2016,7.67,2,229.2,3516.0
2025-07-11,TR-11,11#矿车,2021,7.74,3,227.1,5270.3
2025-07-11,TR-12,12#矿车,2013,6.45,3,227.1,4393.0
2025-07-12,TR-01,01#矿车,2017,7.56,3,219.5,4979.8
2025-07-12,TR-02,02#矿车,2021,7.38,3,217.3,4808.4
2025-07-12,TR-03,03#矿车,2019,7.67,3,219.3,5045.0
2025-07-12,TR-04,04#矿车,2014,6.8,3,217.8,4441.2
2025-07-12,TR-05,05#矿车,2022,9.01,2,231.5,4174.2
2025-07-12,TR-06,06#矿车,2018,7.8,3,229.1,5357.6
2025-07-12,TR-07,07#矿车,2020,8.36,2,217.4,3636.0
2025-07-12,TR-08,08#矿车,2015,8.49,2,222.5,3776.8
2025-07-12,TR-09,09#矿车,2023,7.45,2,220.5,3283.6
2025-07-12,TR-10,10#矿车,2016,7.95,3,229.2,5467.2
2025-07-12,TR-11,11#矿车,2021,8.15,2,227.1,3699.4
2025-07-12,TR-12,12#矿车,2013,6.38,3,227.1,4349.8
2025-07-13,TR-01,01#矿车,2017,7.52,2,219.5,3300.7
2025-07-13,TR-02,02#矿车,2021,7.8,3,217.3,5084.9
2025-07-13,TR-03,03#矿车,2019,7.63,2,219.3,3346.3
2025-07-13,TR-04,04#矿车,2014,6.7,2,217.8,2918.1
2025-07-13,TR-05,05#矿车,2022,8.5,2,231.5,3935.7
2025-07-13,TR-06,06#矿车,2018,7.68,2,229.1,3519.7
2025-07-13,TR-07,07#矿车,2020,8.26,3,217.4,5389.1
2025-07-13,TR-08,08#矿车,2015,8.46,3,222.5,5644.5
2025-07-13,TR-09,09#矿车,2023,7.55,3,220.5,4996.3
2025-07-13,TR-10,10#矿车,2016,8.14,3,229.2,5599.7
2025-07-13,TR-11,11#矿车,2021,7.95,3,227.1,5412.6
2025-07-13,TR-12,12#矿车,2013,6.55,3,227.1,4460.2
2025-07-14,TR-01,01#矿车,2017,7.34,3,219.5,4835.7
2025-07-14,TR-02,02#矿车,2021,7.84,3,217.3,5108.4
2025-07-14,TR-03,03#矿车,2019,8.04,3,219.3,5291.3
2025-07-14,TR-04,04#矿车,2014,6.9,2,217.8,3005.5
2025-07-14,TR-05,05#矿车,2022,8.38,3,231.5,5817.7
2025-07-14,TR-06,06#矿车,2018,7.61,2,229.1,3486.1
2025-07-14,TR-07,07#矿车,2020,8.44,3,217.4,5506.1
2025-07-14,TR-08,08#矿车,2015,8.03,3,222.5,5362.1
2025-07-14,TR-09,09#矿车,2023,7.51,3,220.5,4968.0
2025-07-14,TR-10,10#矿车,2016,8.11,3,229.2,5577.2
2025-07-14,TR-11,11#矿车,2021,8.11,3,227.1,5526.7
2025-07-14,TR-12,12#矿车,2013,2.23,0,227.1,0.0
2025-07-15,TR-01,01#矿车,2017,7.26,2,219.5,3189.1
2025-07-15,TR-02,02#矿车,2021,7.85,3,217.3,5118.8
2025-07-15,TR-03,03#矿车,2019,8.34,3,219.3,5484.2
2025-07-15,TR-04,04#矿车,2014,6.8,2,217.8,2959.9
2025-07-15,TR-05,05#矿车,2022,8.59,2,231.5,3977.8
2025-07-15,TR-06,06#矿车,2018,7.86,2,229.1,3602.6
2025-07-15,TR-07,07#矿车,2020,8.31,2,217.4,3610.4
2025-07-15,TR-08,08#矿车,2015,8.53,2,222.5,3794.1
2025-07-15,TR-09,09#矿车,2023,7.65,3,220.5,5061.6
2025-07-15,TR-10,10#矿车,2016,7.95,2,229.2,3647.2
2025-07-15,TR-11,11#矿车,2021,7.72,2,227.1,3506.9
2025-07-15,TR-12,12#矿车,2013,6.25,3,227.1,4259.4
2025-07-16,TR-01,01#矿车,2017,7.67,2,219.5,3369.0
2025-07-16,TR-02,02#矿车,2021,8.22,3,217.3,5361.2
2025-07-16,TR-03,03#矿车,2019,7.99,2,219.3,3504.9
2025-07-16,TR-04,04#矿车,2014,6.65,2,217.8,2897.0
2025-07-16,TR-05,05#矿车,2022,8.61,2,231.5,3984.8
2025-07-16,TR-06,06#矿车,2018,7.53,3,229.1,5177.2
2025-07-16,TR-07,07#矿车,2020,8.49,3,217.4,5536.7
2025-07-16,TR-08,08#矿车,2015,8.38,3,222.5,5595.8
2025-07-16,TR-09,09#矿车,2023,7.84,3,220.5,5183.4
2025-07-16,TR-10,10#矿车,2016,8.16,3,229.2,5613.0
2025-07-16,TR-11,11#矿车,2021,8.2,3,227.1,5583.1
2025-07-16,TR-12,12#矿车,2013,5.98,3,227.1,4076.7
2025-07-17,TR-01,01#矿车,2017,7.97,3,219.5,5251.3
2025-07-17,TR-02,02#矿车,2021,7.65,2,217.3,3324.5
2025-07-17,TR-03,03#矿车,2019,8.08,3,219.3,5317.7
2025-07-17,TR-04,04#矿车,2014,7.14,3,217.8,4666.0
2025-07-17,TR-05,05#矿车,2022,8.03,3,231.5,5574.3
2025-07-17,TR-06,06#矿车,2018,7.7,3,229.1,5292.6
2025-07-17,TR-07,07#矿车,2020,8.56,2,217.4,3720.1
2025-07-17,TR-08,08#矿车,2015,8.0,2,222.5,3561.3
2025-07-17,TR-09,09#矿车,2023,7.64,3,220.5,5053.7
2025-07-17,TR-10,10#矿车,2016,8.18,3,229.2,5626.8
2025-07-17,TR-11,11#矿车,2021,8.27,2,227.1,3756.7
2025-07-17,TR-12,12#矿车,2013,6.23,3,227.1,4247.9
2025-07-18,TR-01,01#矿车,2017,7.45,3,219.5,4904.9
2025-07-18,TR-02,02#矿车,2021,7.61,3,217.3,4963.4
2025-07-18,TR-03,03#矿车,2019,7.71,3,219.3,5071.2
2025-07-18,TR-04,04#矿车,2014,6.99,2,217.8,3042.9
2025-07-18,TR-05,05#矿车,2022,8.72,3,231.5,6056.5
2025-07-18,TR-06,06#矿车,2018,7.57,3,229.1,5204.4
2025-07-18,TR-07,07#矿车,2020,8.04,3,217.4,5240.4
2025-07-18,TR-08,08#矿车,2015,8.16,2,222.5,3631.0
2025-07-18,TR-09,09#矿车,2023,7.9,3,220.5,5226.6
2025-07-18,TR-10,10#矿车,2016,7.9,3,229.2,5430.2
2025-07-18,TR-11,11#矿车,2021,8.37,3,227.1,5703.5
2025-07-18,TR-12,12#矿车,2013,6.54,2,227.1,2970.9
2025-07-19,TR-01,01#矿车,2017,7.44,3,219.5,4898.8
2025-07-19,TR-02,02#矿车,2021,7.73,3,217.3,5040.7
2025-07-19,TR-03,03#矿车,2019,8.02,3,219.3,5278.6
2025-07-19,TR-04,04#矿车,2014,6.89,2,217.8,3002.3
2025-07-19,TR-05,05#矿车,2022,8.42,3,231.5,5847.7
2025-07-19,TR-06,06#矿车,2018,7.5,2,229.1,3437.9
2025-07-19,TR-07,07#矿车,2020,8.06,3,217.4,5255.3
2025-07-19,TR-08,08#矿车,2015,8.34,2,222.5,3709.1
2025-07-19,TR-09,09#矿车,2023,6.92,2,220.5,3050.8
2025-07-19,TR-10,10#矿车,2016,8.1,3,229.2,5569.1
2025-07-19,TR-11,11#矿车,2021,8.31,2,227.1,3773.0
2025-07-19,TR-12,12#矿车,2013,6.72,3,227.1,4576.0
2025-07-20,TR-01,01#矿车,2017,7.35,3,219.5,4842.4
2025-07-20,TR-02,02#矿车,2021,8.13,2,217.3,3534.8
2025-07-20,TR-03,03#矿车,2019,7.91,3,219.3,5201.0
2025-07-20,TR-04,04#矿车,2014,6.74,3,217.8,4400.6
2025-07-20,TR-05,05#矿车,2022,8.36,3,231.5,5807.4
2025-07-20,TR-06,06#矿车,2018,7.23,3,229.1,4971.9
2025-07-20,TR-07,07#矿车,2020,8.3,2,217.4,3607.6
2025-07-20,TR-08,08#矿车,2015,8.17,2,222.5,3633.5
2025-07-20,TR-09,09#矿车,2023,7.57,3,220.5,5008.0
2025-07-20,TR-10,10#矿车,2016,8.05,2,229.2,3690.5
2025-07-20,TR-11,11#矿车,2021,8.09,3,227.1,5513.2
2025-07-20,TR-12,12#矿车,2013,6.59,3,227.1,4493.5
2025-07-21,TR-01,01#矿车,2017,7.68,2,219.5,3372.2
2025-07-21,TR-02,02#矿车,2021,8.03,3,217.3,5233.2
2025-07-21,TR-03,03#矿车,2019,8.07,2,219.3,3541.4
2025-07-21,TR-04,04#矿车,2014,6.99,2,217.8,3042.1
2025-07-21,TR-05,05#矿车,2022,8.45,3,231.5,5868.7
2025-07-21,TR-06,06#矿车,2018,7.33,3,229.1,5040.0
2025-07-21,TR-07,07#矿车,2020,8.0,3,217.4,5219.0
2025-07-21,TR-08,08#矿车,2015,8.15,3,222.5,5440.3
2025-07-21,TR-09,09#矿车,2023,7.1,2,220.5,3133.4
2025-07-21,TR-10,10#矿车,2016,8.02,3,229.2,5515.0
2025-07-21,TR-11,11#矿车,2021,7.9,3,227.1,5383.3
2025-07-21,TR-12,12#矿车,2013,6.41,3,227.1,4364.2
2025-07-22,TR-01,01#矿车,2017,7.77,3,219.5,5116.5
2025-07-22,TR-02,02#矿车,2021,7.99,3,217.3,5211.3
2025-07-22,TR-03,03#矿车,2019,7.73,3,219.3,5083.2
2025-07-22,TR-04,04#矿车,2014,6.79,3,217.8,4434.3
2025-07-22,TR-05,05#矿车,2022,8.36,2,231.5,3870.7
2025-07-22,TR-06,06#矿车,2018,7.62,2,229.1,3491.7
2025-07-22,TR-07,07#矿车,2020,7.97,3,217.4,5197.0
2025-07-22,TR-08,08#矿车,2015,8.64,3,222.5,5768.0
2025-07-22,TR-09,09#矿车,2023,7.42,2,220.5,3272.9
2025-07-22,TR-10,10#矿车,2016,8.36,3,229.2,5746.6
2025-07-22,TR-11,11#矿车,2021,8.39,2,227.1,3810.6
2025-07-22,TR-12,12#矿车,2013,6.4,3,227.1,4362.1
2025-07-23,TR-01,01#矿车,2017,7.99,3,219.5,5262.7
2025-07-23,TR-02,02#矿车,2021,8.16,3,217.3,5320.2
2025-07-23,TR-03,03#矿车,2019,8.48,3,219.3,5582.3
2025-07-23,TR-04,04#矿车,2014,6.85,3,217.8,4471.8
2025-07-23,TR-05,05#矿车,2022,8.36,2,231.5,3870.4
2025-07-23,TR-06,06#矿车,2018,7.75,3,229.1,5327.6
2025-07-23,TR-07,07#矿车,2020,8.14,2,217.4,3537.5
2025-07-23,TR-08,08#矿车,2015,8.45,2,222.5,3759.6
2025-07-23,TR-09,09#矿车,2023,7.32,3,220.5,4842.9
2025-07-23,TR-10,10#矿车,2016,8.39,3,229.2,5772.9
2025-07-23,TR-11,11#矿车,2021,8.31,3,227.1,5660.4
2025-07-23,TR-12,12#矿车,2013,6.72,2,227.1,3052.3
2025-07-24,TR-01,01#矿车,2017,7.71,3,219.5,5076.8
2025-07-24,TR-02,02#矿车,2021,8.5,3,217.3,5540.2
2025-07-24,TR-03,03#矿车,2019,8.54,3,219.3,5618.0
2025-07-24,TR-04,04#矿车,2014,6.71,3,217.8,4380.8
2025-07-24,TR-05,05#矿车,2022,8.47,3,231.5,5882.8
2025-07-24,TR-06,06#矿车,2018,7.6,2,229.1,3480.5
2025-07-24,TR-07,07#矿车,2020,7.95,3,217.4,5184.8
2025-07-24,TR-08,08#矿车,2015,7.68,2,222.5,3416.0
2025-07-24,TR-09,09#矿车,2023,7.52,2,220.5,3318.5
2025-07-24,TR-10,10#矿车,2016,8.44,3,229.2,5806.4
2025-07-24,TR-11,11#矿车,2021,8.04,3,227.1,5476.4
2025-07-24,TR-12,12#矿车,2013,6.45,3,227.1,4391.4
2025-07-25,TR-01,01#矿车,2017,8.06,3,219.5,5307.0
2025-07-25,TR-02,02#矿车,2021,7.91,3,217.3,5154.7
2025-07-25,TR-03,03#矿车,2019,8.19,2,219.3,3592.6
2025-07-25,TR-04,04#矿车,2014,6.79,3,217.8,4433.8
2025-07-25,TR-05,05#矿车,2022,8.42,3,231.5,5848.9
2025-07-25,TR-06,06#矿车,2018,7.9,2,229.1,3620.7
2025-07-25,TR-07,07#矿车,2020,8.06,3,217.4,5253.5
2025-07-25,TR-08,08#矿车,2015,8.1,2,222.5,3605.8
2025-07-25,TR-09,09#矿车,2023,7.46,3,220.5,4932.2
2025-07-25,TR-10,10#矿车,2016,8.2,2,229.2,3759.2
2025-07-25,TR-11,11#矿车,2021,8.09,3,227.1,5509.4
2025-07-25,TR-12,12#矿车,2013,6.34,3,227.1,4318.5
2025-07-26,TR-01,01#矿车,2017,7.85,2,219.5,3446.7
2025-07-26,TR-02,02#矿车,2021,7.51,3,217.3,4893.0
2025-07-26,TR-03,03#矿车,2019,8.24,2,219.3,3614.3
2025-07-26,TR-04,04#矿车,2014,6.68,3,217.8,4360.9
2025-07-26,TR-05,05#矿车,2022,8.93,3,231.5,6205.3
2025-07-26,TR-06,06#矿车,2018,7.88,3,229.1,5419.0
2025-07-26,TR-07,07#矿车,2020,8.18,3,217.4,5335.4
2025-07-26,TR-08,08#矿车,2015,7.67,3,222.5,5118.5
2025-07-26,TR-09,09#矿车,2023,7.92,2,220.5,3491.4
2025-07-26,TR-10,10#矿车,2016,8.2,3,229.2,5636.9
2025-07-26,TR-11,11#矿车,2021,8.04,2,227.1,3651.2
2025-07-26,TR-12,12#矿车,2013,6.67,3,227.1,4544.6
2025-07-27,TR-01,01#矿车,2017,7.68,2,219.5,3372.2
2025-07-27,TR-02,02#矿车,2021,7.81,2,217.3,3395.2
2025-07-27,TR-03,03#矿车,2019,8.28,2,219.3,3633.7
2025-07-27,TR-04,04#矿车,2014,6.66,3,217.8,4348.5
2025-07-27,TR-05,05#矿车,2022,8.3,2,231.5,3843.7
2025-07-27,TR-06,06#矿车,2018,7.86,3,229.1,5405.4
2025-07-27,TR-07,07#矿车,2020,8.12,3,217.4,5292.3
2025-07-27,TR-08,08#矿车,2015,8.09,3,222.5,5399.0
2025-07-27,TR-09,09#矿车,2023,7.53,3,220.5,4981.8
2025-07-27,TR-10,10#矿车,2016,7.98,3,229.2,5486.9
2025-07-27,TR-11,11#矿车,2021,7.83,2,227.1,3557.7
2025-07-27,TR-12,12#矿车,2013,6.8,3,227.1,4633.5
2025-07-28,TR-01,01#矿车,2017,8.03,3,219.5,5287.3
2025-07-28,TR-02,02#矿车,2021,7.99,3,217.3,5208.2
2025-07-28,TR-03,03#矿车,2019,8.23,3,219.3,5416.3
2025-07-28,TR-04,04#矿车,2014,6.93,3,217.8,4525.5
2025-07-28,TR-05,05#矿车,2022,8.7,2,231.5,4027.8
2025-07-28,TR-06,06#矿车,2018,7.58,3,229.1,5209.1
2025-07-28,TR-07,07#矿车,2020,8.39,3,217.4,5472.3
2025-07-28,TR-08,08#矿车,2015,8.2,3,222.5,5474.7
2025-07-28,TR-09,09#矿车,2023,7.88,3,220.5,5213.0
2025-07-28,TR-10,10#矿车,2016,7.94,3,229.2,5461.4
2025-07-28,TR-11,11#矿车,2021,8.29,3,227.1,5644.2
2025-07-28,TR-12,12#矿车,2013,6.44,3,227.1,4387.8
2025-07-29,TR-01,01#矿车,2017,7.67,3,219.5,5054.3
2025-07-29,TR-02,02#矿车,2021,7.72,2,217.3,3355.6
2025-07-29,TR-03,03#矿车,2019,7.88,2,219.3,3458.0
2025-07-29,TR-04,04#矿车,2014,6.76,2,217.8,2943.0
2025-07-29,TR-05,05#矿车,2022,8.34,3,231.5,5791.0
2025-07-29,TR-06,06#矿车,2018,7.61,2,229.1,3484.8
2025-07-29,TR-07,07#矿车,2020,8.27,3,217.4,5394.0
2025-07-29,TR-08,08#矿车,2015,8.17,3,222.5,5450.2
2025-07-29,TR-09,09#矿车,2023,7.18,2,220.5,3168.4
2025-07-29,TR-10,10#矿车,2016,8.38,2,229.2,3844.4
2025-07-29,TR-11,11#矿车,2021,8.37,2,227.1,3801.3
2025-07-29,TR-12,12#矿车,2013,6.45,3,227.1,4392.9
2025-07-30,TR-01,01#矿车,2017,7.6,3,219.5,5002.8
2025-07-30,TR-02,02#矿车,2021,8.38,3,217.3,5463.1
2025-07-30,TR-03,03#矿车,2019,8.27,2,219.3,3626.1
2025-07-30,TR-04,04#矿车,2014,6.59,2,217.8,2869.2
2025-07-30,TR-05,05#矿车,2022,7.62,2,231.5,3527.0
2025-07-30,TR-06,06#矿车,2018,7.48,2,229.1,3429.5
2025-07-30,TR-07,07#矿车,2020,8.24,2,217.4,3581.6
2025-07-30,TR-08,08#矿车,2015,8.09,2,222.5,3598.8
2025-07-30,TR-09,09#矿车,2023,7.06,3,220.5,4669.5
2025-07-30,TR-10,10#矿车,2016,7.94,3,229.2,5463.1
2025-07-30,TR-11,11#矿车,2021,8.5,2,227.1,3859.3
2025-07-30,TR-12,12#矿车,2013,6.51,3,227.1,4435.9
2025-07-31,TR-01,01#矿车,2017,7.81,2,219.5,3430.4
2025-07-31,TR-02,02#矿车,2021,8.06,2,217.3,3503.1
2025-07-31,TR-03,03#矿车,2019,7.72,3,219.3,5082.0
2025-07-31,TR-04,04#矿车,2014,6.66,3,217.8,4350.1
2025-07-31,TR-05,05#矿车,2022,7.99,3,231.5,5550.2
2025-07-31,TR-06,06#矿车,2018,7.65,3,229.1,5258.7
2025-07-31,TR-07,07#矿车,2020,7.82,3,217.4,5100.2
2025-07-31,TR-08,08#矿车,2015,8.11,2,222.5,3608.6
2025-07-31,TR-09,09#矿车,2023,7.39,2,220.5,3260.8
2025-07-31,TR-10,10#矿车,2016,7.72,3,229.2,5309.7
2025-07-31,TR-11,11#矿车,2021,8.63,3,227.1,5877.9
2025-07-31,TR-12,12#矿车,2013,6.41,3,227.1,4369.3
2025-08-01,TR-01,01#矿车,2017,7.85,2,219.5,3447.9
2025-08-01,TR-02,02#矿车,2021,8.4,3,217.3,5476.5
2025-08-01,TR-03,03#矿车,2019,7.98,3,219.3,5249.3
2025-08-01,TR-04,04#矿车,2014,6.74,3,217.8,4404.2
2025-08-01,TR-05,05#矿车,2022,8.5,3,231.5,5902.4
2025-08-01,TR-06,06#矿车,2018,7.91,3,229.1,5436.4
2025-08-01,TR-07,07#矿车,2020,8.16,2,217.4,3548.0
2025-08-01,TR-08,08#矿车,2015,8.45,3,222.5,5642.4
2025-08-01,TR-09,09#矿车,2023,7.17,3,220.5,4746.0
2025-08-01,TR-10,10#矿车,2016,7.95,3,229.2,5469.6
2025-08-01,TR-11,11#矿车,2021,8.15,3,227.1,5548.7
2025-08-01,TR-12,12#矿车,2013,6.89,3,227.1,4693.7
2025-08-02,TR-01,01#矿车,2017,7.96,2,219.5,3493.7
2025-08-02,TR-02,02#矿车,2021,8.02,3,217.3,5230.8
2025-08-02,TR-03,03#矿车,2019,7.9,3,219.3,5200.1
2025-08-02,TR-04,04#矿车,2014,6.95,2,217.8,3027.6
2025-08-02,TR-05,05#矿车,2022,8.47,3,231.5,5884.6
2025-08-02,TR-06,06#矿车,2018,7.98,3,229.1,5483.9
2025-08-02,TR-07,07#矿车,2020,8.48,3,217.4,5529.8
2025-08-02,TR-08,08#矿车,2015,8.21,3,222.5,5480.9
2025-08-02,TR-09,09#矿车,2023,7.36,3,220.5,4866.6
2025-08-02,TR-10,10#矿车,2016,7.96,3,229.2,5472.4
2025-08-02,TR-11,11#矿车,2021,8.23,3,227.1,5607.6
2025-08-02,TR-12,12#矿车,2013,6.61,3,227.1,4505.5
2025-08-03,TR-01,01#矿车,2017,8.06,3,219.5,5308.0
2025-08-03,TR-02,02#矿车,2021,8.33,2,217.3,3620.7
2025-08-03,TR-03,03#矿车,2019,7.99,2,219.3,3506.5
2025-08-03,TR-04,04#矿车,2014,6.92,3,217.8,4519.8
2025-08-03,TR-05,05#矿车,2022,8.33,3,231.5,5782.9
2025-08-03,TR-06,06#矿车,2018,7.77,3,229.1,5338.6
2025-08-03,TR-07,07#矿车,2020,7.86,2,217.4,3418.1
2025-08-03,TR-08,08#矿车,2015,8.26,3,222.5,5513.9
2025-08-03,TR-09,09#矿车,2023,7.11,3,220.5,4702.8
2025-08-03,TR-10,10#矿车,2016,8.19,2,229.2,3754.4
2025-08-03,TR-11,11#矿车,2021,8.25,2,227.1,3748.3
2025-08-03,TR-12,12#矿车,2013,6.01,2,227.1,2731.7
2025-08-04,TR-01,01#矿车,2017,8.11,2,219.5,3561.7
2025-08-04,TR-02,02#矿车,2021,8.25,3,217.3,5377.0
2025-08-04,TR-03,03#矿车,2019,7.96,3,219.3,5238.0
2025-08-04,TR-04,04#矿车,2014,7.13,2,217.8,3104.4
2025-08-04,TR-05,05#矿车,2022,8.4,3,231.5,5836.0
2025-08-04,TR-06,06#矿车,2018,7.46,3,229.1,5127.5
2025-08-04,TR-07,07#矿车,2020,8.21,3,217.4,5354.8
2025-08-04,TR-08,08#矿车,2015,8.2,3,222.5,5470.9
2025-08-04,TR-09,09#矿车,2023,7.27,3,220.5,4810.8
2025-08-04,TR-10,10#矿车,2016,8.29,3,229.2,5699.6
2025-08-04,TR-11,11#矿车,2021,7.88,2,227.1,3577.9
2025-08-04,TR-12,12#矿车,2013,6.5,3,227.1,4426.7
2025-08-05,TR-01,01#矿车,2017,7.89,3,219.5,5194.9
2025-08-05,TR-02,02#矿车,2021,8.33,2,217.3,3621.2
2025-08-05,TR-03,03#矿车,2019,8.0,3,219.3,5261.9
2025-08-05,TR-04,04#矿车,2014,7.33,3,217.8,4786.5
2025-08-05,TR-05,05#矿车,2022,8.53,3,231.5,5925.1
2025-08-05,TR-06,06#矿车,2018,7.18,2,229.1,3288.1
2025-08-05,TR-07,07#矿车,2020,8.28,2,217.4,3599.9
2025-08-05,TR-08,08#矿车,2015,8.29,3,222.5,5535.9
2025-08-05,TR-09,09#矿车,2023,8.07,3,220.5,5340.7
2025-08-05,TR-10,10#矿车,2016,7.84,2,229.2,3593.3
2025-08-05,TR-11,11#矿车,2021,8.24,3,227.1,5612.4
2025-08-05,TR-12,12#矿车,2013,6.52,2,227.1,2961.0
2025-08-06,TR-01,01#矿车,2017,7.9,2,219.5,3469.4
2025-08-06,TR-02,02#矿车,2021,8.16,3,217.3,5321.6
2025-08-06,TR-03,03#矿车,2019,8.37,3,219.3,5508.8
2025-08-06,TR-04,04#矿车,2014,6.81,3,217.8,4446.6
2025-08-06,TR-05,05#矿车,2022,8.39,3,231.5,5824.2
2025-08-06,TR-06,06#矿车,2018,7.43,2,229.1,3403.1
2025-08-06,TR-07,07#矿车,2020,8.95,2,217.4,3891.9
2025-08-06,TR-08,08#矿车,2015,5.48,0,222.5,0.0
2025-08-06,TR-09,09#矿车,2023,7.89,2,220.5,3477.8
2025-08-06,TR-10,10#矿车,2016,7.68,3,229.2,5279.5
2025-08-06,TR-11,11#矿车,2021,8.26,3,227.1,5629.4
2025-08-06,TR-12,12#矿车,2013,6.47,3,227.1,4411.1
2025-08-07,TR-01,01#矿车,2017,8.12,3,219.5,5350.0
2025-08-07,TR-02,02#矿车,2021,7.96,2,217.3,3458.9
2025-08-07,TR-03,03#矿车,2019,8.3,2,219.3,3642.6
2025-08-07,TR-04,04#矿车,2014,7.21,3,217.8,4710.9
2025-08-07,TR-05,05#矿车,2022,8.4,2,231.5,3890.4
2025-08-07,TR-06,06#矿车,2018,7.62,3,229.1,5236.5
2025-08-07,TR-07,07#矿车,2020,8.73,3,217.4,5691.2
2025-08-07,TR-08,08#矿车,2015,9.01,3,222.5,6013.8
2025-08-07,TR-09,09#矿车,2023,7.75,3,220.5,5124.0
2025-08-07,TR-10,10#矿车,2016,8.21,3,229.2,5644.0
2025-08-07,TR-11,11#矿车,2021,8.06,2,227.1,3659.7
2025-08-07,TR-12,12#矿车,2013,6.52,3,227.1,4439.3
2025-08-08,TR-01,01#矿车,2017,8.22,2,219.5,3611.2
2025-08-08,TR-02,02#矿车,2021,8.32,3,217.3,5422.4
2025-08-08,TR-03,03#矿车,2019,7.97,3,219.3,5242.0
2025-08-08,TR-04,04#矿车,2014,7.02,3,217.8,4582.8
2025-08-08,TR-05,05#矿车,2022,8.48,2,231.5,3926.4
2025-08-08,TR-06,06#矿车,2018,7.87,2,229.1,3608.2
2025-08-08,TR-07,07#矿车,2020,8.39,3,217.4,5469.2
2025-08-08,TR-08,08#矿车,2015,8.27,3,222.5,5517.5
2025-08-08,TR-09,09#矿车,2023,7.48,3,220.5,4947.0
2025-08-08,TR-10,10#矿车,2016,8.17,3,229.2,5616.0
2025-08-08,TR-11,11#矿车,2021,7.92,2,227.1,3594.5
2025-08-08,TR-12,12#矿车,2013,6.39,2,227.1,2904.3
2025-08-09,TR-01,01#矿车,2017,8.51,3,219.5,5601.9
2025-08-09,TR-02,02#矿车,2021,8.29,3,217.3,5403.9
2025-08-09,TR-03,03#矿车,2019,8.21,3,219.3,5400.6
2025-08-09,TR-04,04#矿车,2014,7.1,3,217.8,4636.0
2025-08-09,TR-05,05#矿车,2022,8.21,3,231.5,5699.7
2025-08-09,TR-06,06#矿车,2018,7.46,3,229.1,5130.5
2025-08-09,TR-07,07#矿车,2020,8.75,3,217.4,5708.1
2025-08-09,TR-08,08#矿车,2015,8.94,2,222.5,3977.1
2025-08-09,TR-09,09#矿车,2023,7.49,3,220.5,4958.0
2025-08-09,TR-10,10#矿车,2016,8.01,2,229.2,3673.7
2025-08-09,TR-11,11#矿车,2021,8.52,3,227.1,5804.5
2025-08-09,TR-12,12#矿车,2013,6.53,2,227.1,2967.1
2025-08-10,TR-01,01#矿车,2017,8.26,2,219.5,3627.2
2025-08-10,TR-02,02#矿车,2021,8.05,2,217.3,3497.2
2025-08-10,TR-03,03#矿车,2019,8.51,3,219.3,5598.9
2025-08-10,TR-04,04#矿车,2014,7.02,2,217.8,3055.5
2025-08-10,TR-05,05#矿车,2022,8.38,3,231.5,5821.2
2025-08-10,TR-06,06#矿车,2018,7.81,3,229.1,5370.9
2025-08-10,TR-07,07#矿车,2020,9.1,2,217.4,3953.9
2025-08-10,TR-08,08#矿车,2015,8.38,3,222.5,5596.1
2025-08-10,TR-09,09#矿车,2023,7.6,3,220.5,5028.3
2025-08-10,TR-10,10#矿车,2016,8.12,2,229.2,3723.5
2025-08-10,TR-11,11#矿车,2021,8.63,2,227.1,3919.8
2025-08-10,TR-12,12#矿车,2013,6.9,3,227.1,4702.0
2025-08-11,TR-01,01#矿车,2017,7.93,3,219.5,5222.4
2025-08-11,TR-02,02#矿车,2021,7.99,3,217.3,5210.2
2025-08-11,TR-03,03#矿车,2019,8.5,3,219.3,5592.1
2025-08-11,TR-04,04#矿车,2014,6.86,3,217.8,4484.5
2025-08-11,TR-05,05#矿车,2022,8.71,3,231.5,6051.6
2025-08-11,TR-06,06#矿车,2018,8.02,3,229.1,5514.8
2025-08-11,TR-07,07#矿车,2020,8.88,3,217.4,5787.4
2025-08-11,TR-08,08#矿车,2015,8.31,3,222.5,5545.2
2025-08-11,TR-09,09#矿车,2023,7.55,3,220.5,4997.4
2025-08-11,TR-10,10#矿车,2016,8.4,3,229.2,5777.2
2025-08-11,TR-11,11#矿车,2021,8.42,3,227.1,5736.5
2025-08-11,TR-12,12#矿车,2013,6.77,2,227.1,3073.3
2025-08-12,TR-01,01#矿车,2017,8.27,2,219.5,3630.4
2025-08-12,TR-02,02#矿车,2021,7.66,3,217.3,4990.9
2025-08-12,TR-03,03#矿车,2019,8.01,2,219.3,3514.1
2025-08-12,TR-04,04#矿车,2014,6.93,3,217.8,4525.2
2025-08-12,TR-05,05#矿车,2022,8.6,2,231.5,3982.9
2025-08-12,TR-06,06#矿车,2018,7.74,3,229.1,5319.3
2025-08-12,TR-07,07#矿车,2020,8.67,3,217.4,5655.8
2025-08-12,TR-08,08#矿车,2015,8.24,3,222.5,5498.6
2025-08-12,TR-09,09#矿车,2023,7.51,2,220.5,3310.3
2025-08-12,TR-10,10#矿车,2016,8.39,3,229.2,5769.5
2025-08-12,TR-11,11#矿车,2021,8.47,3,227.1,5770.7
2025-08-12,TR-12,12#矿车,2013,6.87,3,227.1,4678.0
2025-08-13,TR-01,01#矿车,2017,7.51,3,219.5,4945.3
2025-08-13,TR-02,02#矿车,2021,7.69,2,217.3,3344.3
2025-08-13,TR-03,03#矿车,2019,7.91,2,219.3,3468.2
2025-08-13,TR-04,04#矿车,2014,7.18,3,217.8,4692.2
2025-08-13,TR-05,05#矿车,2022,8.56,3,231.5,5948.6
2025-08-13,TR-06,06#矿车,2018,7.91,2,229.1,3626.3
2025-08-13,TR-07,07#矿车,2020,8.62,3,217.4,5622.5
2025-08-13,TR-08,08#矿车,2015,8.51,2,222.5,3785.6
2025-08-13,TR-09,09#矿车,2023,7.55,2,220.5,3330.7
2025-08-13,TR-10,10#矿车,2016,7.91,3,229.2,5440.1
2025-08-13,TR-11,11#矿车,2021,8.64,3,227.1,5886.5
2025-08-13,TR-12,12#矿车,2013,6.74,3,227.1,4595.6
2025-08-14,TR-01,01#矿车,2017,6.93,3,219.5,4563.9
2025-08-14,TR-02,02#矿车,2021,7.71,2,217.3,3350.5
2025-08-14,TR-03,03#矿车,2019,8.36,2,219.3,3667.6
2025-08-14,TR-04,04#矿车,2014,7.14,3,217.8,4663.9
2025-08-14,TR-05,05#矿车,2022,8.76,3,231.5,6085.4
2025-08-14,TR-06,06#矿车,2018,7.95,2,229.1,3642.4
2025-08-14,TR-07,07#矿车,2020,8.77,3,217.4,5720.6
2025-08-14,TR-08,08#矿车,2015,8.36,3,222.5,5582.5
2025-08-14,TR-09,09#矿车,2023,7.57,2,220.5,3337.3
2025-08-14,TR-10,10#矿车,2016,8.13,3,229.2,5589.0
2025-08-14,TR-11,11#矿车,2021,8.59,3,227.1,5848.2
2025-08-14,TR-12,12#矿车,2013,6.74,2,227.1,3063.4
2025-08-15,TR-01,01#矿车,2017,8.21,3,219.5,5405.0
2025-08-15,TR-02,02#矿车,2021,7.8,3,217.3,5084.5
2025-08-15,TR-03,03#矿车,2019,8.22,3,219.3,5409.9
2025-08-15,TR-04,04#矿车,2014,7.27,3,217.8,4749.6
2025-08-15,TR-05,05#矿车,2022,8.64,3,231.5,6003.6
2025-08-15,TR-06,06#矿车,2018,7.88,3,229.1,5417.2
2025-08-15,TR-07,07#矿车,2020,8.51,2,217.4,3697.6
2025-08-15,TR-08,08#矿车,2015,8.44,2,222.5,3756.8
2025-08-15,TR-09,09#矿车,2023,7.47,2,220.5,3295.5
2025-08-15,TR-10,10#矿车,2016,8.42,3,229.2,5790.1
2025-08-15,TR-11,11#矿车,2021,8.68,3,227.1,5914.7
2025-08-15,TR-12,12#矿车,2013,6.78,3,227.1,4622.0
2025-08-16,TR-01,01#矿车,2017,8.18,3,219.5,5388.5
2025-08-16,TR-02,02#矿车,2021,7.89,3,217.3,5146.6
2025-08-16,TR-03,03#矿车,2019,8.68,3,219.3,5710.0
2025-08-16,TR-04,04#矿车,2014,7.02,3,217.8,4584.6
2025-08-16,TR-05,05#矿车,2022,9.05,3,231.5,6285.1
2025-08-16,TR-06,06#矿车,2018,7.53,2,229.1,3450.7
2025-08-16,TR-07,07#矿车,2020,8.27,3,217.4,5394.3
2025-08-16,TR-08,08#矿车,2015,8.02,3,222.5,5355.4
2025-08-16,TR-09,09#矿车,2023,7.59,3,220.5,5018.5
2025-08-16,TR-10,10#矿车,2016,7.89,2,229.2,3616.4
2025-08-16,TR-11,11#矿车,2021,8.45,3,227.1,5753.7
2025-08-16,TR-12,12#矿车,2013,6.77,2,227.1,3076.1
2025-08-17,TR-01,01#矿车,2017,7.93,3,219.5,5222.2
2025-08-17,TR-02,02#矿车,2021,7.6,2,217.3,3302.2
2025-08-17,TR-03,03#矿车,2019,8.19,3,219.3,5389.6
2025-08-17,TR-04,04#矿车,2014,6.73,3,217.8,4395.5
2025-08-17,TR-05,05#矿车,2022,8.53,3,231.5,5921.4
2025-08-17,TR-06,06#矿车,2018,7.66,3,229.1,5266.1
2025-08-17,TR-07,07#矿车,2020,8.15,3,217.4,5311.7
2025-08-17,TR-08,08#矿车,2015,8.36,2,222.5,3722.1
2025-08-17,TR-09,09#矿车,2023,7.48,3,220.5,4946.3
2025-08-17,TR-10,10#矿车,2016,8.44,2,229.2,3870.2
2025-08-17,TR-11,11#矿车,2021,8.32,2,227.1,3780.2
2025-08-17,TR-12,12#矿车,2013,6.77,2,227.1,3074.6
2025-08-18,TR-01,01#矿车,2017,7.65,2,219.5,3360.0
2025-08-18,TR-02,02#矿车,2021,7.85,3,217.3,5118.4
2025-08-18,TR-03,03#矿车,2019,8.05,3,219.3,5293.7
2025-08-18,TR-04,04#矿车,2014,6.89,2,217.8,3001.7
2025-08-18,TR-05,05#矿车,2022,8.46,2,231.5,3917.0
2025-08-18,TR-06,06#矿车,2018,7.85,3,229.1,5393.4
2025-08-18,TR-07,07#矿车,2020,8.54,3,217.4,5569.8
2025-08-18,TR-08,08#矿车,2015,8.28,3,222.5,5527.1
2025-08-18,TR-09,09#矿车,2023,7.1,3,220.5,4699.8
2025-08-18,TR-10,10#矿车,2016,8.49,2,229.2,3892.9
2025-08-18,TR-11,11#矿车,2021,8.13,2,227.1,3694.2
2025-08-18,TR-12,12#矿车,2013,6.61,3,227.1,4501.0
2025-08-19,TR-01,01#矿车,2017,8.05,3,219.5,5301.7
2025-08-19,TR-02,02#矿车,2021,8.09,2,217.3,3514.1
2025-08-19,TR-03,03#矿车,2019,7.75,3,219.3,5101.0
2025-08-19,TR-04,04#矿车,2014,7.12,2,217.8,3099.7
2025-08-19,TR-05,05#矿车,2022,8.62,3,231.5,5989.5
2025-08-19,TR-06,06#矿车,2018,8.01,3,229.1,5505.7
2025-08-19,TR-07,07#矿车,2020,8.82,3,217.4,5753.4
2025-08-19,TR-08,08#矿车,2015,8.25,3,222.5,5509.1
2025-08-19,TR-09,09#矿车,2023,7.11,3,220.5,4702.8
2025-08-19,TR-10,10#矿车,2016,8.14,3,229.2,5595.8
2025-08-19,TR-11,11#矿车,2021,8.47,2,227.1,3848.6
2025-08-19,TR-12,12#矿车,2013,6.84,2,227.1,3106.0
2025-08-20,TR-01,01#矿车,2017,7.98,3,219.5,5253.2
2025-08-20,TR-02,02#矿车,2021,7.91,3,217.3,5155.8
2025-08-20,TR-03,03#矿车,2019,7.74,3,219.3,5090.4
2025-08-20,TR-04,04#矿车,2014,7.22,3,217.8,4718.6
2025-08-20,TR-05,05#矿车,2022,8.48,3,231.5,5892.0
2025-08-20,TR-06,06#矿车,2018,8.08,2,229.1,3703.7
2025-08-20,TR-07,07#矿车,2020,8.59,3,217.4,5603.7
2025-08-20,TR-08,08#矿车,2015,8.16,2,222.5,3629.4
2025-08-20,TR-09,09#矿车,2023,7.27,3,220.5,4807.8
2025-08-20,TR-10,10#矿车,2016,8.53,3,229.2,5868.9
2025-08-20,TR-11,11#矿车,2021,8.29,3,227.1,5646.2
2025-08-20,TR-12,12#矿车,2013,6.79,3,227.1,4624.6
2025-08-21,TR-01,01#矿车,2017,8.05,3,219.5,5300.6
2025-08-21,TR-02,02#矿车,2021,8.38,3,217.3,5462.1
2025-08-21,TR-03,03#矿车,2019,7.95,2,219.3,3489.2
2025-08-21,TR-04,04#矿车,2014,7.29,3,217.8,4762.5
2025-08-21,TR-05,05#矿车,2022,8.77,3,231.5,6092.8
2025-08-21,TR-06,06#矿车,2018,7.38,3,229.1,5074.5
2025-08-21,TR-07,07#矿车,2020,8.7,3,217.4,5670.8
2025-08-21,TR-08,08#矿车,2015,8.38,3,222.5,5593.1
2025-08-21,TR-09,09#矿车,2023,7.87,2,220.5,3471.6
2025-08-21,TR-10,10#矿车,2016,8.81,2,229.2,4038.7
2025-08-21,TR-11,11#矿车,2021,8.37,2,227.1,3799.4
2025-08-21,TR-12,12#矿车,2013,6.92,3,227.1,4714.0
2025-08-22,TR-01,01#矿车,2017,7.67,2,219.5,3369.1
2025-08-22,TR-02,02#矿车,2021,8.37,3,217.3,5455.8
2025-08-22,TR-03,03#矿车,2019,7.97,2,219.3,3495.2
2025-08-22,TR-04,04#矿车,2014,7.1,2,217.8,3090.3
2025-08-22,TR-05,05#矿车,2022,8.53,3,231.5,5923.9
2025-08-22,TR-06,06#矿车,2018,7.73,3,229.1,5312.0
2025-08-22,TR-07,07#矿车,2020,8.58,3,217.4,5594.7
2025-08-22,TR-08,08#矿车,2015,7.94,2,222.5,3534.5
2025-08-22,TR-09,09#矿车,2023,7.65,3,220.5,5059.7
2025-08-22,TR-10,10#矿车,2016,8.72,2,229.2,3996.1
2025-08-22,TR-11,11#矿车,2021,8.4,3,227.1,5719.3
2025-08-22,TR-12,12#矿车,2013,7.0,3,227.1,4766.5
2025-08-23,TR-01,01#矿车,2017,4.19,1,219.5,920.4
2025-08-23,TR-02,02#矿车,2021,7.97,3,217.3,5194.2
2025-08-23,TR-03,03#矿车,2019,8.12,3,219.3,5343.3
2025-08-23,TR-04,04#矿车,2014,7.03,2,217.8,3059.7
2025-08-23,TR-05,05#矿车,2022,8.82,3,231.5,6125.2
2025-08-23,TR-06,06#矿车,2018,8.06,2,229.1,3693.3
2025-08-23,TR-07,07#矿车,2020,8.62,3,217.4,5620.3
2025-08-23,TR-08,08#矿车,2015,8.3,3,222.5,5541.6
2025-08-23,TR-09,09#矿车,2023,7.49,3,220.5,4954.6
2025-08-23,TR-10,10#矿车,2016,8.47,2,229.2,3884.3
2025-08-23,TR-11,11#矿车,2021,8.69,3,227.1,5922.7
2025-08-23,TR-12,12#矿车,2013,7.33,3,227.1,4996.3
2025-08-24,TR-01,01#矿车,2017,8.11,2,219.5,3561.9
2025-08-24,TR-02,02#矿车,2021,8.68,2,217.3,3770.7
2025-08-24,TR-03,03#矿车,2019,7.71,3,219.3,5070.1
2025-08-24,TR-04,04#矿车,2014,6.86,2,217.8,2986.5
2025-08-24,TR-05,05#矿车,2022,8.32,2,231.5,3851.5
2025-08-24,TR-06,06#矿车,2018,8.26,3,229.1,5680.4
2025-08-24,TR-07,07#矿车,2020,8.7,2,217.4,3780.7
2025-08-24,TR-08,08#矿车,2015,8.19,2,222.5,3645.1
2025-08-24,TR-09,09#矿车,2023,7.73,2,220.5,3407.4
2025-08-24,TR-10,10#矿车,2016,8.33,2,229.2,3819.6
2025-08-24,TR-11,11#矿车,2021,4.84,1,227.1,1099.2
2025-08-24,TR-12,12#矿车,2013,6.36,3,227.1,4331.6
2025-08-25,TR-01,01#矿车,2017,7.59,3,219.5,4996.5
2025-08-25,TR-02,02#矿车,2021,8.24,2,217.3,3579.1
2025-08-25,TR-03,03#矿车,2019,7.87,2,219.3,3450.9
2025-08-25,TR-04,04#矿车,2014,6.64,3,217.8,4339.8
2025-08-25,TR-05,05#矿车,2022,8.31,3,231.5,5769.3
2025-08-25,TR-06,06#矿车,2018,7.91,2,229.1,3623.5
2025-08-25,TR-07,07#矿车,2020,8.6,3,217.4,5609.3
2025-08-25,TR-08,08#矿车,2015,8.28,3,222.5,5524.3
2025-08-25,TR-09,09#矿车,2023,7.68,3,220.5,5077.8
2025-08-25,TR-10,10#矿车,2016,8.29,3,229.2,5700.2
2025-08-25,TR-11,11#矿车,2021,8.3,3,227.1,5656.0
2025-08-25,TR-12,12#矿车,2013,6.72,3,227.1,4581.0
2025-08-26,TR-01,01#矿车,2017,8.19,3,219.5,5395.1
2025-08-26,TR-02,02#矿车,2021,8.1,3,217.3,5283.0
2025-08-26,TR-03,03#矿车,2019,8.33,2,219.3,3653.5
2025-08-26,TR-04,04#矿车,2014,7.13,2,217.8,3104.5
2025-08-26,TR-05,05#矿车,2022,8.72,3,231.5,6060.1
2025-08-26,TR-06,06#矿车,2018,8.02,2,229.1,3673.6
2025-08-26,TR-07,07#矿车,2020,8.79,3,217.4,5734.4
2025-08-26,TR-08,08#矿车,2015,8.58,3,222.5,5727.8
2025-08-26,TR-09,09#矿车,2023,7.87,3,220.5,5206.6
2025-08-26,TR-10,10#矿车,2016,8.61,3,229.2,5922.4
2025-08-26,TR-11,11#矿车,2021,8.14,3,227.1,5544.5
2025-08-26,TR-12,12#矿车,2013,6.98,3,227.1,4757.4
2025-08-27,TR-01,01#矿车,2017,8.18,2,219.5,3592.7
2025-08-27,TR-02,02#矿车,2021,7.97,2,217.3,3464.4
2025-08-27,TR-03,03#矿车,2019,7.97,3,219.3,5244.4
2025-08-27,TR-04,04#矿车,2014,7.23,3,217.8,4724.2
2025-08-27,TR-05,05#矿车,2022,8.59,3,231.5,5968.2
2025-08-27,TR-06,06#矿车,2018,7.91,3,229.1,5439.5
2025-08-27,TR-07,07#矿车,2020,8.99,3,217.4,5862.9
2025-08-27,TR-08,08#矿车,2015,8.75,3,222.5,5843.3
2025-08-27,TR-09,09#矿车,2023,7.72,3,220.5,5108.1
2025-08-27,TR-10,10#矿车,2016,8.61,2,229.2,3947.5
2025-08-27,TR-11,11#矿车,2021,8.21,3,227.1,5595.1
2025-08-27,TR-12,12#矿车,2013,6.78,3,227.1,4620.5
2025-08-28,TR-01,01#矿车,2017,7.97,2,219.5,3498.3
2025-08-28,TR-02,02#矿车,2021,8.69,3,217.3,5664.9
2025-08-28,TR-03,03#矿车,2019,8.25,3,219.3,5429.8
2025-08-28,TR-04,04#矿车,2014,7.04,2,217.8,3064.1
2025-08-28,TR-05,05#矿车,2022,8.36,3,231.5,5808.0
2025-08-28,TR-06,06#矿车,2018,8.01,3,229.1,5508.1
2025-08-28,TR-07,07#矿车,2020,8.61,3,217.4,5614.2
2025-08-28,TR-08,08#矿车,2015,8.31,3,222.5,5544.2
2025-08-28,TR-09,09#矿车,2023,7.77,2,220.5,3425.3
2025-08-28,TR-10,10#矿车,2016,8.76,3,229.2,6025.6
2025-08-28,TR-11,11#矿车,2021,8.4,2,227.1,3815.2
2025-08-28,TR-12,12#矿车,2013,6.58,2,227.1,2989.4
2025-08-29,TR-01,01#矿车,2017,8.17,3,219.5,5382.9
2025-08-29,TR-02,02#矿车,2021,8.03,2,217.3,3491.3
2025-08-29,TR-03,03#矿车,2019,8.24,2,219.3,3612.5
2025-08-29,TR-04,04#矿车,2014,6.8,2,217.8,2961.0
2025-08-29,TR-05,05#矿车,2022,8.86,3,231.5,6150.8
2025-08-29,TR-06,06#矿车,2018,7.92,2,229.1,3626.8
2025-08-29,TR-07,07#矿车,2020,8.16,3,217.4,5322.6
2025-08-29,TR-08,08#矿车,2015,7.92,3,222.5,5289.5
2025-08-29,TR-09,09#矿车,2023,8.23,3,220.5,5443.4
2025-08-29,TR-10,10#矿车,2016,8.64,3,229.2,5943.6
2025-08-29,TR-11,11#矿车,2021,8.39,3,227.1,5718.3
2025-08-29,TR-12,12#矿车,2013,6.56,3,227.1,4466.7
2025-08-30,TR-01,01#矿车,2017,8.13,2,219.5,3570.3
2025-08-30,TR-02,02#矿车,2021,8.07,3,217.3,5260.0
2025-08-30,TR-03,03#矿车,2019,8.59,2,219.3,3765.6
2025-08-30,TR-04,04#矿车,2014,7.19,3,217.8,4694.4
2025-08-30,TR-05,05#矿车,2022,9.2,2,231.5,4258.2
2025-08-30,TR-06,06#矿车,2018,8.25,3,229.1,5672.8
2025-08-30,TR-07,07#矿车,2020,8.47,2,217.4,3682.8
2025-08-30,TR-08,08#矿车,2015,8.52,2,222.5,3793.2
2025-08-30,TR-09,09#矿车,2023,7.94,3,220.5,5253.1
2025-08-30,TR-10,10#矿车,2016,8.32,3,229.2,5725.3
2025-08-30,TR-11,11#矿车,2021,8.58,2,227.1,3894.8
2025-08-30,TR-12,12#矿车,2013,6.82,3,227.1,4645.0
2025-08-31,TR-01,01#矿车,2017,7.75,3,219.5,5106.1
2025-08-31,TR-02,02#矿车,2021,8.12,3,217.3,5293.1
2025-08-31,TR-03,03#矿车,2019,8.05,2,219.3,3531.2
2025-08-31,TR-04,04#矿车,2014,7.55,3,217.8,4931.5
2025-08-31,TR-05,05#矿车,2022,8.62,3,231.5,5986.5
2025-08-31,TR-06,06#矿车,2018,7.74,3,229.1,5322.1
2025-08-31,TR-07,07#矿车,2020,8.42,3,217.4,5493.3
2025-08-31,TR-08,08#矿车,2015,8.75,2,222.5,3892.4
2025-08-31,TR-09,09#矿车,2023,2.98,1,220.5,658.0
2025-08-31,TR-10,10#矿车,2016,8.63,2,229.2,3958.8
2025-08-31,TR-11,11#矿车,2021,8.49,3,227.1,5782.8
2025-08-31,TR-12,12#矿车,2013,6.64,3,227.1,4522.2
2025-09-01,TR-01,01#矿车,2017,7.95,3,219.5,5232.9
2025-09-01,TR-02,02#矿车,2021,8.23,3,217.3,5364.0
2025-09-01,TR-03,03#矿车,2019,8.42,3,219.3,5537.2
2025-09-01,TR-04,04#矿车,2014,6.98,2,217.8,3039.9
2025-09-01,TR-05,05#矿车,2022,8.38,3,231.5,5823.8
2025-09-01,TR-06,06#矿车,2018,7.67,3,229.1,5272.8
2025-09-01,TR-07,07#矿车,2020,8.44,2,217.4,3668.6
2025-09-01,TR-08,08#矿车,2015,8.84,3,222.5,5897.8
2025-09-01,TR-09,09#矿车,2023,7.84,3,220.5,5186.2
2025-09-01,TR-10,10#矿车,2016,8.24,2,229.2,3776.7
2025-09-01,TR-11,11#矿车,2021,8.73,2,227.1,3965.9
2025-09-01,TR-12,12#矿车,2013,6.89,3,227.1,4692.9
2025-09-02,TR-01,01#矿车,2017,8.2,3,219.5,5403.6
2025-09-02,TR-02,02#矿车,2021,7.86,3,217.3,5122.1
2025-09-02,TR-03,03#矿车,2019,7.81,3,219.3,5141.1
2025-09-02,TR-04,04#矿车,2014,6.76,2,217.8,2943.9
2025-09-02,TR-05,05#矿车,2022,8.62,3,231.5,5988.3
2025-09-02,TR-06,06#矿车,2018,8.06,3,229.1,5541.0
2025-09-02,TR-07,07#矿车,2020,8.34,2,217.4,3626.9
2025-09-02,TR-08,08#矿车,2015,8.69,3,222.5,5803.8
2025-09-02,TR-09,09#矿车,2023,7.61,3,220.5,5035.8
2025-09-02,TR-10,10#矿车,2016,7.88,3,229.2,5420.2
2025-09-02,TR-11,11#矿车,2021,8.22,3,227.1,5596.8
2025-09-02,TR-12,12#矿车,2013,7.04,3,227.1,4797.5
2025-09-03,TR-01,01#矿车,2017,8.37,2,219.5,3677.0
2025-09-03,TR-02,02#矿车,2021,8.41,2,217.3,3653.8
2025-09-03,TR-03,03#矿车,2019,7.56,2,219.3,3316.3
2025-09-03,TR-04,04#矿车,2014,6.69,3,217.8,4369.8
2025-09-03,TR-05,05#矿车,2022,8.48,2,231.5,3928.9
2025-09-03,TR-06,06#矿车,2018,7.81,2,229.1,3579.1
2025-09-03,TR-07,07#矿车,2020,8.35,2,217.4,3630.1
2025-09-03,TR-08,08#矿车,2015,8.84,3,222.5,5900.8
2025-09-03,TR-09,09#矿车,2023,7.6,3,220.5,5030.8
2025-09-03,TR-10,10#矿车,2016,8.12,2,229.2,3724.1
2025-09-03,TR-11,11#矿车,2021,8.83,3,227.1,6017.1
2025-09-03,TR-12,12#矿车,2013,7.18,2,227.1,3259.5
2025-09-04,TR-01,01#矿车,2017,8.27,3,219.5,5444.4
2025-09-04,TR-02,02#矿车,2021,8.33,2,217.3,3622.2
2025-09-04,TR-03,03#矿车,2019,8.06,3,219.3,5302.5
2025-09-04,TR-04,04#矿车,2014,6.81,3,217.8,4447.2
2025-09-04,TR-05,05#矿车,2022,8.75,3,231.5,6080.9
2025-09-04,TR-06,06#矿车,2018,8.17,3,229.1,5618.3
2025-09-04,TR-07,07#矿车,2020,8.79,2,217.4,3819.0
2025-09-04,TR-08,08#矿车,2015,8.44,3,222.5,5630.4
2025-09-04,TR-09,09#矿车,2023,7.69,3,220.5,5089.5
2025-09-04,TR-10,10#矿车,2016,8.39,2,229.2,3848.7
2025-09-04,TR-11,11#矿车,2021,8.58,2,227.1,3897.0
2025-09-04,TR-12,12#矿车,2013,6.56,2,227.1,2979.2
2025-09-05,TR-01,01#矿车,2017,7.82,3,219.5,5149.3
2025-09-05,TR-02,02#矿车,2021,8.24,3,217.3,5370.6
2025-09-05,TR-03,03#矿车,2019,7.76,2,219.3,3403.9
2025-09-05,TR-04,04#矿车,2014,6.99,2,217.8,3044.7
2025-09-05,TR-05,05#矿车,2022,8.83,3,231.5,6132.2
2025-09-05,TR-06,06#矿车,2018,7.89,2,229.1,3616.2
2025-09-05,TR-07,07#矿车,2020,9.0,3,217.4,5870.4
2025-09-05,TR-08,08#矿车,2015,8.35,3,222.5,5570.7
2025-09-05,TR-09,09#矿车,2023,7.69,2,220.5,3389.8
2025-09-05,TR-10,10#矿车,2016,8.29,2,229.2,3799.6
2025-09-05,TR-11,11#矿车,2021,8.58,3,227.1,5841.6
2025-09-05,TR-12,12#矿车,2013,7.01,3,227.1,4773.6
2025-09-06,TR-01,01#矿车,2017,8.01,3,219.5,5275.9
2025-09-06,TR-02,02#矿车,2021,8.28,3,217.3,5398.3
2025-09-06,TR-03,03#矿车,2019,7.91,3,219.3,5203.6
2025-09-06,TR-04,04#矿车,2014,6.69,3,217.8,4367.7
2025-09-06,TR-05,05#矿车,2022,8.25,3,231.5,5729.5
2025-09-06,TR-06,06#矿车,2018,8.2,2,229.1,3757.2
2025-09-06,TR-07,07#矿车,2020,8.62,3,217.4,5621.0
2025-09-06,TR-08,08#矿车,2015,7.97,2,222.5,3544.8
2025-09-06,TR-09,09#矿车,2023,7.46,3,220.5,4937.7
2025-09-06,TR-10,10#矿车,2016,8.01,2,229.2,3671.3
2025-09-06,TR-11,11#矿车,2021,8.17,3,227.1,5567.1
2025-09-06,TR-12,12#矿车,2013,7.36,2,227.1,3343.9
2025-09-07,TR-01,01#矿车,2017,7.53,2,219.5,3304.7
2025-09-07,TR-02,02#矿车,2021,8.43,2,217.3,3663.9
2025-09-07,TR-03,03#矿车,2019,7.92,3,219.3,5207.8
2025-09-07,TR-04,04#矿车,2014,7.25,3,217.8,4738.8
2025-09-07,TR-05,05#矿车,2022,8.17,3,231.5,5674.5
2025-09-07,TR-06,06#矿车,2018,7.99,3,229.1,5490.9
2025-09-07,TR-07,07#矿车,2020,8.55,3,217.4,5577.1
2025-09-07,TR-08,08#矿车,2015,8.17,3,222.5,5455.6
2025-09-07,TR-09,09#矿车,2023,7.85,2,220.5,3459.9
2025-09-07,TR-10,10#矿车,2016,8.29,3,229.2,5700.1
2025-09-07,TR-11,11#矿车,2021,8.15,3,227.1,5550.9
2025-09-07,TR-12,12#矿车,2013,7.07,2,227.1,3211.1
2025-09-08,TR-01,01#矿车,2017,7.63,3,219.5,5022.8
2025-09-08,TR-02,02#矿车,2021,8.37,3,217.3,5455.6
2025-09-08,TR-03,03#矿车,2019,8.02,3,219.3,5279.2
2025-09-08,TR-04,04#矿车,2014,6.69,3,217.8,4370.5
2025-09-08,TR-05,05#矿车,2022,8.35,3,231.5,5798.5
2025-09-08,TR-06,06#矿车,2018,8.17,3,229.1,5617.8
2025-09-08,TR-07,07#矿车,2020,8.54,3,217.4,5567.3
2025-09-08,TR-08,08#矿车,2015,8.64,3,222.5,5770.3
2025-09-08,TR-09,09#矿车,2023,8.01,3,220.5,5297.4
2025-09-08,TR-10,10#矿车,2016,8.37,3,229.2,5755.4
2025-09-08,TR-11,11#矿车,2021,8.4,3,227.1,5720.3
2025-09-08,TR-12,12#矿车,2013,6.91,3,227.1,4710.8
2025-09-09,TR-01,01#矿车,2017,8.25,2,219.5,3622.6
2025-09-09,TR-02,02#矿车,2021,8.8,3,217.3,5738.2
2025-09-09,TR-03,03#矿车,2019,7.93,3,219.3,5217.2
2025-09-09,TR-04,04#矿车,2014,6.88,3,217.8,4496.0
2025-09-09,TR-05,05#矿车,2022,8.1,2,231.5,3750.2
2025-09-09,TR-06,06#矿车,2018,7.62,2,229.1,3490.7
2025-09-09,TR-07,07#矿车,2020,8.59,3,217.4,5602.2
2025-09-09,TR-08,08#矿车,2015,8.84,3,222.5,5903.4
2025-09-09,TR-09,09#矿车,2023,7.88,3,220.5,5213.9
2025-09-09,TR-10,10#矿车,2016,8.34,2,229.2,3822.0
2025-09-09,TR-11,11#矿车,2021,8.28,3,227.1,5640.6
2025-09-09,TR-12,12#矿车,2013,7.31,2,227.1,3319.7
2025-09-10,TR-01,01#矿车,2017,8.14,2,219.5,3574.2
2025-09-10,TR-02,02#矿车,2021,8.21,3,217.3,5352.2
2025-09-10,TR-03,03#矿车,2019,8.33,3,219.3,5478.4
2025-09-10,TR-04,04#矿车,2014,6.99,3,217.8,4567.2
2025-09-10,TR-05,05#矿车,2022,8.45,2,231.5,3913.5
2025-09-10,TR-06,06#矿车,2018,8.12,3,229.1,5583.0
2025-09-10,TR-07,07#矿车,2020,8.35,3,217.4,5447.9
2025-09-10,TR-08,08#矿车,2015,8.81,3,222.5,5883.7
2025-09-10,TR-09,09#矿车,2023,7.91,2,220.5,3488.6
2025-09-10,TR-10,10#矿车,2016,8.5,3,229.2,5846.0
2025-09-10,TR-11,11#矿车,2021,8.4,3,227.1,5718.7
2025-09-10,TR-12,12#矿车,2013,7.1,3,227.1,4836.2
2025-09-11,TR-01,01#矿车,2017,7.99,2,219.5,3506.1
2025-09-11,TR-02,02#矿车,2021,8.35,2,217.3,3628.7
2025-09-11,TR-03,03#矿车,2019,7.98,3,219.3,5247.9
2025-09-11,TR-04,04#矿车,2014,6.76,3,217.8,4414.5
2025-09-11,TR-05,05#矿车,2022,8.66,2,231.5,4008.8
2025-09-11,TR-06,06#矿车,2018,7.95,3,229.1,5463.4
2025-09-11,TR-07,07#矿车,2020,8.75,3,217.4,5705.2
2025-09-11,TR-08,08#矿车,2015,8.29,3,222.5,5531.0
2025-09-11,TR-09,09#矿车,2023,7.4,3,220.5,4897.4
2025-09-11,TR-10,10#矿车,2016,8.27,3,229.2,5688.1
2025-09-11,TR-11,11#矿车,2021,8.51,3,227.1,5794.5
2025-09-11,TR-12,12#矿车,2013,7.21,3,227.1,4911.3
2025-09-12,TR-01,01#矿车,2017,8.28,2,219.5,3637.3
2025-09-12,TR-02,02#矿车,2021,7.96,3,217.3,5191.5
2025-09-12,TR-03,03#矿车,2019,7.6,2,219.3,3332.4
2025-09-12,TR-04,04#矿车,2014,6.85,3,217.8,4475.2
2025-09-12,TR-05,05#矿车,2022,8.58,2,231.5,3974.1
2025-09-12,TR-06,06#矿车,2018,7.84,3,229.1,5388.1
2025-09-12,TR-07,07#矿车,2020,8.47,3,217.4,5525.3
2025-09-12,TR-08,08#矿车,2015,8.25,3,222.5,5509.3
2025-09-12,TR-09,09#矿车,2023,7.93,3,220.5,5245.4
2025-09-12,TR-10,10#矿车,2016,8.48,2,229.2,3889.9
2025-09-12,TR-11,11#矿车,2021,8.48,2,227.1,3852.5
2025-09-12,TR-12,12#矿车,2013,7.01,2,227.1,3185.1
2025-09-13,TR-01,01#矿车,2017,8.12,3,219.5,5348.8
2025-09-13,TR-02,02#矿车,2021,8.36,2,217.3,3632.4
2025-09-13,TR-03,03#矿车,2019,7.83,3,219.3,5154.7
2025-09-13,TR-04,04#矿车,2014,6.92,3,217.8,4520.9
2025-09-13,TR-05,05#矿车,2022,8.47,3,231.5,5883.2
2025-09-13,TR-06,06#矿车,2018,7.67,2,229.1,3515.1
2025-09-13,TR-07,07#矿车,2020,8.51,3,217.4,5548.4
2025-09-13,TR-08,08#矿车,2015,8.49,3,222.5,5669.4
2025-09-13,TR-09,09#矿车,2023,7.56,3,220.5,5001.5
2025-09-13,TR-10,10#矿车,2016,8.56,3,229.2,5885.3
2025-09-13,TR-11,11#矿车,2021,8.17,3,227.1,5565.5
2025-09-13,TR-12,12#矿车,2013,6.91,3,227.1,4710.8
2025-09-14,TR-01,01#矿车,2017,7.8,3,219.5,5137.5
2025-09-14,TR-02,02#矿车,2021,8.25,3,217.3,5377.6
2025-09-14,TR-03,03#矿车,2019,7.87,3,219.3,5175.0
2025-09-14,TR-04,04#矿车,2014,7.06,3,217.8,4610.2
2025-09-14,TR-05,05#矿车,2022,8.74,2,231.5,4047.9
2025-09-14,TR-06,06#矿车,2018,7.85,3,229.1,5398.3
2025-09-14,TR-07,07#矿车,2020,8.82,2,217.4,3835.4
2025-09-14,TR-08,08#矿车,2015,8.15,2,222.5,3626.5
2025-09-14,TR-09,09#矿车,2023,7.79,3,220.5,5156.0
2025-09-14,TR-10,10#矿车,2016,8.11,2,229.2,3719.3
2025-09-14,TR-11,11#矿车,2021,8.38,3,227.1,5706.4
2025-09-14,TR-12,12#矿车,2013,6.63,3,227.1,4518.8
2025-09-15,TR-01,01#矿车,2017,8.26,3,219.5,5442.6
2025-09-15,TR-02,02#矿车,2021,8.14,3,217.3,5305.0
2025-09-15,TR-03,03#矿车,2019,8.15,3,219.3,5359.3
2025-09-15,TR-04,04#矿车,2014,7.2,3,217.8,4704.8
2025-09-15,TR-05,05#矿车,2022,8.92,2,231.5,4130.8
2025-09-15,TR-06,06#矿车,2018,8.09,3,229.1,5558.6
2025-09-15,TR-07,07#矿车,2020,8.47,3,217.4,5522.4
2025-09-15,TR-08,08#矿车,2015,8.34,2,222.5,3710.0
2025-09-15,TR-09,09#矿车,2023,7.85,3,220.5,5196.1
2025-09-15,TR-10,10#矿车,2016,8.28,2,229.2,3797.0
2025-09-15,TR-11,11#矿车,2021,8.6,3,227.1,5855.4
2025-09-15,TR-12,12#矿车,2013,6.5,3,227.1,4425.8
2025-09-16,TR-01,01#矿车,2017,8.21,3,219.5,5407.2
2025-09-16,TR-02,02#矿车,2021,7.88,3,217.3,5134.8
2025-09-16,TR-03,03#矿车,2019,8.23,3,219.3,5413.4
2025-09-16,TR-04,04#矿车,2014,7.48,3,217.8,4883.8
2025-09-16,TR-05,05#矿车,2022,8.34,3,231.5,5793.0
2025-09-16,TR-06,06#矿车,2018,7.78,2,229.1,3562.5
2025-09-16,TR-07,07#矿车,2020,8.46,3,217.4,5517.4
2025-09-16,TR-08,08#矿车,2015,8.69,3,222.5,5803.7
2025-09-16,TR-09,09#矿车,2023,8.16,3,220.5,5396.6
2025-09-16,TR-10,10#矿车,2016,8.28,2,229.2,3796.6
2025-09-16,TR-11,11#矿车,2021,8.62,3,227.1,5872.8
2025-09-16,TR-12,12#矿车,2013,7.09,3,227.1,4830.4
2025-09-17,TR-01,01#矿车,2017,8.26,2,219.5,3628.8
2025-09-17,TR-02,02#矿车,2021,8.03,2,217.3,3488.6
2025-09-17,TR-03,03#矿车,2019,7.97,2,219.3,3495.7
2025-09-17,TR-04,04#矿车,2014,7.1,3,217.8,4639.0
2025-09-17,TR-05,05#矿车,2022,8.89,2,231.5,4114.5
2025-09-17,TR-06,06#矿车,2018,7.76,2,229.1,3557.0
2025-09-17,TR-07,07#矿车,2020,8.86,3,217.4,5777.5
2025-09-17,TR-08,08#矿车,2015,8.59,3,222.5,5733.1
2025-09-17,TR-09,09#矿车,2023,7.95,3,220.5,5258.6
2025-09-17,TR-10,10#矿车,2016,8.28,2,229.2,3794.2
2025-09-17,TR-11,11#矿车,2021,8.46,2,227.1,3841.6
2025-09-17,TR-12,12#矿车,2013,6.84,3,227.1,4657.4
2025-09-18,TR-01,01#矿车,2017,7.61,3,219.5,5009.2
2025-09-18,TR-02,02#矿车,2021,8.45,2,217.3,3670.7
2025-09-18,TR-03,03#矿车,2019,7.96,3,219.3,5240.0
2025-09-18,TR-04,04#矿车,2014,6.97,2,217.8,3036.1
2025-09-18,TR-05,05#矿车,2022,8.6,2,231.5,3980.7
2025-09-18,TR-06,06#矿车,2018,7.54,3,229.1,5182.6
2025-09-18,TR-07,07#矿车,2020,8.53,3,217.4,5562.5
2025-09-18,TR-08,08#矿车,2015,8.73,3,222.5,5824.3
2025-09-18,TR-09,09#矿车,2023,7.97,3,220.5,5273.2
2025-09-18,TR-10,10#矿车,2016,8.42,3,229.2,5788.7
2025-09-18,TR-11,11#矿车,2021,8.02,3,227.1,5466.3
2025-09-18,TR-12,12#矿车,2013,6.53,3,227.1,4452.3
2025-09-19,TR-01,01#矿车,2017,7.97,3,219.5,5249.4
2025-09-19,TR-02,02#矿车,2021,8.26,3,217.3,5386.9
2025-09-19,TR-03,03#矿车,2019,8.37,2,219.3,3671.8
2025-09-19,TR-04,04#矿车,2014,7.31,3,217.8,4772.3
2025-09-19,TR-05,05#矿车,2022,8.74,3,231.5,6071.0
2025-09-19,TR-06,06#矿车,2018,7.58,2,229.1,3472.7
2025-09-19,TR-07,07#矿车,2020,9.08,3,217.4,5919.1
2025-09-19,TR-08,08#矿车,2015,8.79,3,222.5,5868.8
2025-09-19,TR-09,09#矿车,2023,7.87,3,220.5,5207.0
2025-09-19,TR-10,10#矿车,2016,8.13,2,229.2,3728.7
2025-09-19,TR-11,11#矿车,2021,8.73,3,227.1,5944.9
2025-09-19,TR-12,12#矿车,2013,7.11,3,227.1,4845.3
2025-09-20,TR-01,01#矿车,2017,8.02,3,219.5,5284.8
2025-09-20,TR-02,02#矿车,2021,8.17,3,217.3,5323.7
2025-09-20,TR-03,03#矿车,2019,8.11,2,219.3,3556.5
2025-09-20,TR-04,04#矿车,2014,6.97,3,217.8,4553.1
2025-09-20,TR-05,05#矿车,2022,8.67,3,231.5,6022.3
2025-09-20,TR-06,06#矿车,2018,7.53,3,229.1,5175.6
2025-09-20,TR-07,07#矿车,2020,8.89,3,217.4,5798.1
2025-09-20,TR-08,08#矿车,2015,8.3,2,222.5,3694.4
2025-09-20,TR-09,09#矿车,2023,7.77,2,220.5,3427.1
2025-09-20,TR-10,10#矿车,2016,8.58,3,229.2,5899.6
2025-09-20,TR-11,11#矿车,2021,8.03,3,227.1,5468.6
2025-09-20,TR-12,12#矿车,2013,7.07,3,227.1,4817.2
2025-09-21,TR-01,01#矿车,2017,8.07,2,219.5,3543.8
2025-09-21,TR-02,02#矿车,2021,8.12,2,217.3,3527.8
2025-09-21,TR-03,03#矿车,2019,8.38,2,219.3,3675.4
2025-09-21,TR-04,04#矿车,2014,6.86,3,217.8,4480.4
2025-09-21,TR-05,05#矿车,2022,8.71,2,231.5,4032.1
2025-09-21,TR-06,06#矿车,2018,7.94,3,229.1,5459.6
2025-09-21,TR-07,07#矿车,2020,8.58,2,217.4,3729.3
2025-09-21,TR-08,08#矿车,2015,8.61,2,222.5,3832.2
2025-09-21,TR-09,09#矿车,2023,8.06,3,220.5,5331.9
2025-09-21,TR-10,10#矿车,2016,7.88,3,229.2,5419.8
2025-09-21,TR-11,11#矿车,2021,8.45,2,227.1,3836.5
2025-09-21,TR-12,12#矿车,2013,7.0,3,227.1,4766.5
2025-09-22,TR-01,01#矿车,2017,8.35,2,219.5,3664.7
2025-09-22,TR-02,02#矿车,2021,8.3,2,217.3,3609.3
2025-09-22,TR-03,03#矿车,2019,8.08,3,219.3,5317.2
2025-09-22,TR-04,04#矿车,2014,6.92,2,217.8,3013.8
2025-09-22,TR-05,05#矿车,2022,8.51,2,231.5,3939.0
2025-09-22,TR-06,06#矿车,2018,7.97,3,229.1,5479.6
2025-09-22,TR-07,07#矿车,2020,8.78,3,217.4,5727.9
2025-09-22,TR-08,08#矿车,2015,8.56,3,222.5,5715.8
2025-09-22,TR-09,09#矿车,2023,8.45,3,220.5,5586.7
2025-09-22,TR-10,10#矿车,2016,8.5,3,229.2,5842.5
2025-09-22,TR-11,11#矿车,2021,8.11,3,227.1,5526.1
2025-09-22,TR-12,12#矿车,2013,6.61,3,227.1,4501.3
2025-09-23,TR-01,01#矿车,2017,7.66,2,219.5,3363.8
2025-09-23,TR-02,02#矿车,2021,7.56,3,217.3,4931.1
2025-09-23,TR-03,03#矿车,2019,8.24,3,219.3,5421.7
2025-09-23,TR-04,04#矿车,2014,6.73,2,217.8,2929.9
2025-09-23,TR-05,05#矿车,2022,8.55,3,231.5,5935.7
2025-09-23,TR-06,06#矿车,2018,7.91,3,229.1,5439.6
2025-09-23,TR-07,07#矿车,2020,8.96,3,217.4,5841.5
2025-09-23,TR-08,08#矿车,2015,8.97,3,222.5,5985.7
2025-09-23,TR-09,09#矿车,2023,7.93,3,220.5,5248.9
2025-09-23,TR-10,10#矿车,2016,8.51,3,229.2,5851.2
2025-09-23,TR-11,11#矿车,2021,8.22,3,227.1,5596.5
2025-09-23,TR-12,12#矿车,2013,6.88,3,227.1,4686.2
2025-09-24,TR-01,01#矿车,2017,8.05,2,219.5,3535.6
2025-09-24,TR-02,02#矿车,2021,7.81,3,217.3,5089.7
2025-09-24,TR-03,03#矿车,2019,8.19,3,219.3,5390.8
2025-09-24,TR-04,04#矿车,2014,6.86,3,217.8,4480.5
2025-09-24,TR-05,05#矿车,2022,8.4,3,231.5,5833.5
2025-09-24,TR-06,06#矿车,2018,8.14,3,229.1,5591.3
2025-09-24,TR-07,07#矿车,2020,8.54,3,217.4,5567.0
2025-09-24,TR-08,08#矿车,2015,8.97,3,222.5,5988.9
2025-09-24,TR-09,09#矿车,2023,7.53,2,220.5,3319.6
2025-09-24,TR-10,10#矿车,2016,8.48,3,229.2,5831.1
2025-09-24,TR-11,11#矿车,2021,8.8,2,227.1,3998.3
2025-09-24,TR-12,12#矿车,2013,7.05,3,227.1,4805.1
2025-09-25,TR-01,01#矿车,2017,8.27,3,219.5,5444.6
2025-09-25,TR-02,02#矿车,2021,7.98,2,217.3,3469.2
2025-09-25,TR-03,03#矿车,2019,8.1,2,219.3,3554.2
2025-09-25,TR-04,04#矿车,2014,7.37,2,217.8,3208.8
2025-09-25,TR-05,05#矿车,2022,8.31,2,231.5,3846.3
2025-09-25,TR-06,06#矿车,2018,7.77,3,229.1,5337.1
2025-09-25,TR-07,07#矿车,2020,8.62,3,217.4,5623.9
2025-09-25,TR-08,08#矿车,2015,8.31,2,222.5,3699.3
2025-09-25,TR-09,09#矿车,2023,7.83,3,220.5,5179.1
2025-09-25,TR-10,10#矿车,2016,8.5,3,229.2,5842.8
2025-09-25,TR-11,11#矿车,2021,8.64,2,227.1,3922.1
2025-09-25,TR-12,12#矿车,2013,7.17,2,227.1,3256.3
2025-09-26,TR-01,01#矿车,2017,8.35,2,219.5,3667.4
2025-09-26,TR-02,02#矿车,2021,7.92,3,217.3,5161.7
2025-09-26,TR-03,03#矿车,2019,8.49,3,219.3,5584.0
2025-09-26,TR-04,04#矿车,2014,7.16,3,217.8,4675.3
2025-09-26,TR-05,05#矿车,2022,8.72,3,231.5,6059.3
2025-09-26,TR-06,06#矿车,2018,7.56,2,229.1,3465.6
2025-09-26,TR-07,07#矿车,2020,8.28,3,217.4,5400.5
2025-09-26,TR-08,08#矿车,2015,8.74,3,222.5,5834.8
2025-09-26,TR-09,09#矿车,2023,7.73,3,220.5,5113.0
2025-09-26,TR-10,10#矿车,2016,8.38,2,229.2,3842.9
2025-09-26,TR-11,11#矿车,2021,8.73,3,227.1,5943.8
2025-09-26,TR-12,12#矿车,2013,6.96,3,227.1,4741.9
2025-09-27,TR-01,01#矿车,2017,7.77,3,219.5,5117.9
2025-09-27,TR-02,02#矿车,2021,8.65,2,217.3,3757.2
2025-09-27,TR-03,03#矿车,2019,8.4,3,219.3,5524.9
2025-09-27,TR-04,04#矿车,2014,6.82,2,217.8,2968.0
2025-09-27,TR-05,05#矿车,2022,8.84,3,231.5,6138.2
2025-09-27,TR-06,06#矿车,2018,7.63,2,229.1,3495.0
2025-09-27,TR-07,07#矿车,2020,8.73,2,217.4,3795.0
2025-09-27,TR-08,08#矿车,2015,8.78,3,222.5,5858.7
2025-09-27,TR-09,09#矿车,2023,7.6,3,220.5,5027.6
2025-09-27,TR-10,10#矿车,2016,7.87,3,229.2,5414.3
2025-09-27,TR-11,11#矿车,2021,7.97,3,227.1,5430.7
2025-09-27,TR-12,12#矿车,2013,7.02,3,227.1,4783.2
2025-09-28,TR-01,01#矿车,2017,8.34,2,219.5,3659.7
2025-09-28,TR-02,02#矿车,2021,8.8,3,217.3,5737.0
2025-09-28,TR-03,03#矿车,2019,8.23,2,219.3,3611.4
2025-09-28,TR-04,04#矿车,2014,6.93,2,217.8,3018.7
2025-09-28,TR-05,05#矿车,2022,8.54,3,231.5,5932.3
2025-09-28,TR-06,06#矿车,2018,7.82,3,229.1,5372.9
2025-09-28,TR-07,07#矿车,2020,8.56,3,217.4,5581.7
2025-09-28,TR-08,08#矿车,2015,8.67,3,222.5,5789.7
2025-09-28,TR-09,09#矿车,2023,7.34,2,220.5,3237.3
2025-09-28,TR-10,10#矿车,2016,7.91,3,229.2,5439.6
2025-09-28,TR-11,11#矿车,2021,8.11,3,227.1,5521.1
2025-09-28,TR-12,12#矿车,2013,7.1,3,227.1,4835.7
2025-09-29,TR-01,01#矿车,2017,8.42,3,219.5,5544.2
2025-09-29,TR-02,02#矿车,2021,8.19,3,217.3,5339.0
2025-09-29,TR-03,03#矿车,2019,8.41,3,219.3,5533.8
2025-09-29,TR-04,04#矿车,2014,7.01,3,217.8,4576.3
2025-09-29,TR-05,05#矿车,2022,8.63,2,231.5,3995.5
2025-09-29,TR-06,06#矿车,2018,7.91,3,229.1,5438.6
2025-09-29,TR-07,07#矿车,2020,8.72,2,217.4,3791.8
2025-09-29,TR-08,08#矿车,2015,8.35,3,222.5,5575.3
2025-09-29,TR-09,09#矿车,2023,7.7,2,220.5,3396.0
2025-09-29,TR-10,10#矿车,2016,8.11,3,229.2,5577.0
2025-09-29,TR-11,11#矿车,2021,8.32,2,227.1,3777.9
2025-09-29,TR-12,12#矿车,2013,7.16,3,227.1,4880.1
2025-09-30,TR-01,01#矿车,2017,8.3,3,219.5,5468.4
2025-09-30,TR-02,02#矿车,2021,7.78,3,217.3,5070.2
2025-09-30,TR-03,03#矿车,2019,8.03,3,219.3,5283.7
2025-09-30,TR-04,04#矿车,2014,6.77,2,217.8,2948.6
2025-09-30,TR-05,05#矿车,2022,8.68,2,231.5,4020.1
2025-09-30,TR-06,06#矿车,2018,7.71,2,229.1,3533.6
2025-09-30,TR-07,07#矿车,2020,8.43,3,217.4,5499.8
2025-09-30,TR-08,08#矿车,2015,8.32,2,222.5,3700.9
2025-09-30,TR-09,09#矿车,2023,7.51,2,220.5,3313.8
2025-09-30,TR-10,10#矿车,2016,3.51,0,229.2,0.0
2025-09-30,TR-11,11#矿车,2021,8.76,3,227.1,5966.4
2025-09-30,TR-12,12#矿车,2013,7.07,3,227.1,4815.0
2025-10-01,TR-01,01#矿车,2017,8.62,2,219.5,3783.5
2025-10-01,TR-02,02#矿车,2021,8.08,2,217.3,3512.9
2025-10-01,TR-03,03#矿车,2019,8.15,3,219.3,5365.4
2025-10-01,TR-04,04#矿车,2014,7.53,3,217.8,4920.0
2025-10-01,TR-05,05#矿车,2022,8.28,3,231.5,5748.4
2025-10-01,TR-06,06#矿车,2018,7.99,2,229.1,3660.7
2025-10-01,TR-07,07#矿车,2020,8.33,2,217.4,3621.9
2025-10-01,TR-08,08#矿车,2015,8.47,2,222.5,3770.9
2025-10-01,TR-09,09#矿车,2023,7.38,3,220.5,4880.6
2025-10-01,TR-10,10#矿车,2016,8.4,2,229.2,3852.4
2025-10-01,TR-11,11#矿车,2021,8.76,3,227.1,5970.3
2025-10-01,TR-12,12#矿车,2013,7.15,3,227.1,4873.7
2025-10-02,TR-01,01#矿车,2017,8.64,3,219.5,5689.9
2025-10-02,TR-02,02#矿车,2021,7.88,2,217.3,3423.7
2025-10-02,TR-03,03#矿车,2019,8.38,2,219.3,3676.5
2025-10-02,TR-04,04#矿车,2014,7.14,3,217.8,4663.6
2025-10-02,TR-05,05#矿车,2022,8.22,3,231.5,5711.9
2025-10-02,TR-06,06#矿车,2018,7.44,3,229.1,5115.1
2025-10-02,TR-07,07#矿车,2020,8.51,3,217.4,5546.2
2025-10-02,TR-08,08#矿车,2015,5.3,1,222.5,1178.1
2025-10-02,TR-09,09#矿车,2023,7.7,3,220.5,5094.4
2025-10-02,TR-10,10#矿车,2016,8.24,3,229.2,5668.3
2025-10-02,TR-11,11#矿车,2021,9.15,3,227.1,6232.0
2025-10-02,TR-12,12#矿车,2013,7.1,3,227.1,4834.2
2025-10-03,TR-01,01#矿车,2017,8.45,3,219.5,5562.4
2025-10-03,TR-02,02#矿车,2021,7.97,3,217.3,5195.2
2025-10-03,TR-03,03#矿车,2019,8.45,3,219.3,5558.3
2025-10-03,TR-04,04#矿车,2014,7.13,3,217.8,4654.7
2025-10-03,TR-05,05#矿车,2022,7.93,2,231.5,3670.8
2025-10-03,TR-06,06#矿车,2018,7.48,3,229.1,5142.7
2025-10-03,TR-07,07#矿车,2020,8.66,3,217.4,5649.0
2025-10-03,TR-08,08#矿车,2015,8.1,2,222.5,3603.5
2025-10-03,TR-09,09#矿车,2023,7.79,2,220.5,3434.4
2025-10-03,TR-10,10#矿车,2016,8.05,3,229.2,5538.9
2025-10-03,TR-11,11#矿车,2021,8.85,3,227.1,6029.4
2025-10-03,TR-12,12#矿车,2013,6.78,2,227.1,3077.8
2025-10-04,TR-01,01#矿车,2017,8.38,3,219.5,5518.6
2025-10-04,TR-02,02#矿车,2021,8.07,2,217.3,3508.7
2025-10-04,TR-03,03#矿车,2019,8.5,3,219.3,5591.7
2025-10-04,TR-04,04#矿车,2014,6.75,2,217.8,2938.2
2025-10-04,TR-05,05#矿车,2022,8.34,2,231.5,3860.7
2025-10-04,TR-06,06#矿车,2018,7.83,3,229.1,5383.2
2025-10-04,TR-07,07#矿车,2020,8.74,2,217.4,3799.0
2025-10-04,TR-08,08#矿车,2015,8.35,3,222.5,5570.6
2025-10-04,TR-09,09#矿车,2023,7.85,2,220.5,3463.8
2025-10-04,TR-10,10#矿车,2016,8.5,3,229.2,5848.7
2025-10-04,TR-11,11#矿车,2021,9.35,3,227.1,6366.2
2025-10-04,TR-12,12#矿车,2013,6.73,2,227.1,3054.7
2025-10-05,TR-01,01#矿车,2017,8.66,3,219.5,5701.3
2025-10-05,TR-02,02#矿车,2021,8.15,3,217.3,5310.5
2025-10-05,TR-03,03#矿车,2019,8.83,2,219.3,3872.4
2025-10-05,TR-04,04#矿车,2014,6.83,3,217.8,4464.4
2025-10-05,TR-05,05#矿车,2022,7.68,3,231.5,5335.0
2025-10-05,TR-06,06#矿车,2018,7.99,3,229.1,5493.5
2025-10-05,TR-07,07#矿车,2020,8.1,3,217.4,5284.8
2025-10-05,TR-08,08#矿车,2015,8.28,2,222.5,3682.5
2025-10-05,TR-09,09#矿车,2023,8.15,3,220.5,5393.0
2025-10-05,TR-10,10#矿车,2016,8.52,3,229.2,5859.6
2025-10-05,TR-11,11#矿车,2021,8.87,2,227.1,4028.9
2025-10-05,TR-12,12#矿车,2013,7.09,3,227.1,4831.4
2025-10-06,TR-01,01#矿车,2017,8.64,3,219.5,5693.4
2025-10-06,TR-02,02#矿车,2021,7.99,3,217.3,5206.7
2025-10-06,TR-03,03#矿车,2019,8.37,2,219.3,3669.3
2025-10-06,TR-04,04#矿车,2014,7.14,3,217.8,4662.9
2025-10-06,TR-05,05#矿车,2022,8.31,3,231.5,5771.7
2025-10-06,TR-06,06#矿车,2018,8.05,3,229.1,5535.6
2025-10-06,TR-07,07#矿车,2020,8.41,2,217.4,3657.8
2025-10-06,TR-08,08#矿车,2015,8.93,3,222.5,5963.1
2025-10-06,TR-09,09#矿车,2023,7.97,3,220.5,5274.2
2025-10-06,TR-10,10#矿车,2016,8.59,3,229.2,5905.4
2025-10-06,TR-11,11#矿车,2021,8.96,2,227.1,4069.7
2025-10-06,TR-12,12#矿车,2013,7.19,3,227.1,4901.8
2025-10-07,TR-01,01#矿车,2017,8.42,2,219.5,3697.4
2025-10-07,TR-02,02#矿车,2021,7.89,2,217.3,3428.7
2025-10-07,TR-03,03#矿车,2019,8.47,2,219.3,3716.6
2025-10-07,TR-04,04#矿车,2014,7.47,3,217.8,4880.1
2025-10-07,TR-05,05#矿车,2022,8.77,2,231.5,4061.0
2025-10-07,TR-06,06#矿车,2018,7.86,3,229.1,5404.0
2025-10-07,TR-07,07#矿车,2020,8.5,3,217.4,5541.3
2025-10-07,TR-08,08#矿车,2015,8.58,3,222.5,5727.4
2025-10-07,TR-09,09#矿车,2023,7.39,3,220.5,4887.6
2025-10-07,TR-10,10#矿车,2016,8.63,3,229.2,5938.0
2025-10-07,TR-11,11#矿车,2021,8.46,3,227.1,5764.2
2025-10-07,TR-12,12#矿车,2013,7.01,3,227.1,4779.4
2025-10-08,TR-01,01#矿车,2017,7.94,2,219.5,3487.3
2025-10-08,TR-02,02#矿车,2021,7.81,2,217.3,3393.6
2025-10-08,TR-03,03#矿车,2019,8.05,3,219.3,5298.7
2025-10-08,TR-04,04#矿车,2014,7.22,3,217.8,4717.5
2025-10-08,TR-05,05#矿车,2022,8.76,2,231.5,4056.0
2025-10-08,TR-06,06#矿车,2018,7.77,3,229.1,5339.2
2025-10-08,TR-07,07#矿车,2020,8.63,3,217.4,5629.5
2025-10-08,TR-08,08#矿车,2015,8.72,3,222.5,5818.5
2025-10-08,TR-09,09#矿车,2023,7.53,3,220.5,4980.1
2025-10-08,TR-10,10#矿车,2016,8.38,3,229.2,5761.2
2025-10-08,TR-11,11#矿车,2021,8.68,3,227.1,5909.8
2025-10-08,TR-12,12#矿车,2013,6.38,3,227.1,4347.7
2025-10-09,TR-01,01#矿车,2017,8.29,3,219.5,5460.2
2025-10-09,TR-02,02#矿车,2021,8.31,3,217.3,5418.2
2025-10-09,TR-03,03#矿车,2019,8.04,2,219.3,3524.6
2025-10-09,TR-04,04#矿车,2014,6.88,3,217.8,4494.5
2025-10-09,TR-05,05#矿车,2022,8.49,3,231.5,5898.7
2025-10-09,TR-06,06#矿车,2018,7.68,3,229.1,5277.1
2025-10-09,TR-07,07#矿车,2020,8.22,3,217.4,5357.6
2025-10-09,TR-08,08#矿车,2015,8.48,3,222.5,5659.3
2025-10-09,TR-09,09#矿车,2023,7.58,3,220.5,5013.5
2025-10-09,TR-10,10#矿车,2016,8.28,3,229.2,5695.3
2025-10-09,TR-11,11#矿车,2021,8.66,3,227.1,5898.2
2025-10-09,TR-12,12#矿车,2013,6.85,3,227.1,4669.4
2025-10-10,TR-01,01#矿车,2017,7.82,2,219.5,3432.4
2025-10-10,TR-02,02#矿车,2021,8.42,3,217.3,5486.5
2025-10-10,TR-03,03#矿车,2019,8.15,2,219.3,3576.9
2025-10-10,TR-04,04#矿车,2014,6.84,2,217.8,2979.9
2025-10-10,TR-05,05#矿车,2022,8.31,3,231.5,5772.7
2025-10-10,TR-06,06#矿车,2018,7.73,2,229.1,3542.7
2025-10-10,TR-07,07#矿车,2020,8.44,3,217.4,5500.5
2025-10-10,TR-08,08#矿车,2015,8.2,3,222.5,5473.3
2025-10-10,TR-09,09#矿车,2023,7.61,2,220.5,3357.9
2025-10-10,TR-10,10#矿车,2016,8.45,2,229.2,3874.8
2025-10-10,TR-11,11#矿车,2021,8.81,3,227.1,5998.4
2025-10-10,TR-12,12#矿车,2013,7.09,3,227.1,4828.8
2025-10-11,TR-01,01#矿车,2017,7.83,3,219.5,5158.1
2025-10-11,TR-02,02#矿车,2021,8.25,3,217.3,5376.4
2025-10-11,TR-03,03#矿车,2019,8.22,3,219.3,5409.2
2025-10-11,TR-04,04#矿车,2014,3.45,1,217.8,752.3
2025-10-11,TR-05,05#矿车,2022,8.45,2,231.5,3911.2
2025-10-11,TR-06,06#矿车,2018,7.8,2,229.1,3572.5
2025-10-11,TR-07,07#矿车,2020,8.08,3,217.4,5271.6
2025-10-11,TR-08,08#矿车,2015,8.36,3,222.5,5580.9
2025-10-11,TR-09,09#矿车,2023,8.19,3,220.5,5418.9
2025-10-11,TR-10,10#矿车,2016,8.39,2,229.2,3848.7
2025-10-11,TR-11,11#矿车,2021,8.91,3,227.1,6072.6
2025-10-11,TR-12,12#矿车,2013,7.17,2,227.1,3256.8
2025-10-12,TR-01,01#矿车,2017,8.2,3,219.5,5403.3
2025-10-12,TR-02,02#矿车,2021,8.31,3,217.3,5417.1
2025-10-12,TR-03,03#矿车,2019,8.46,3,219.3,5569.1
2025-10-12,TR-04,04#矿车,2014,3.24,0,217.8,0.0
2025-10-12,TR-05,05#矿车,2022,8.46,3,231.5,5874.8
2025-10-12,TR-06,06#矿车,2018,8.18,2,229.1,3750.2
2025-10-12,TR-07,07#矿车,2020,8.87,3,217.4,5785.2
2025-10-12,TR-08,08#矿车,2015,8.81,3,222.5,5882.4
2025-10-12,TR-09,09#矿车,2023,8.09,2,220.5,3566.9
2025-10-12,TR-10,10#矿车,2016,8.09,2,229.2,3708.2
2025-10-12,TR-11,11#矿车,2021,9.13,3,227.1,6221.9
2025-10-12,TR-12,12#矿车,2013,7.16,3,227.1,4881.0
2025-10-13,TR-01,01#矿车,2017,8.33,3,219.5,5485.9
2025-10-13,TR-02,02#矿车,2021,8.09,3,217.3,5271.6
2025-10-13,TR-03,03#矿车,2019,8.24,2,219.3,3615.4
2025-10-13,TR-04,04#矿车,2014,7.27,2,217.8,3166.8
2025-10-13,TR-05,05#矿车,2022,8.38,3,231.5,5821.4
2025-10-13,TR-06,06#矿车,2018,7.93,3,229.1,5453.4
2025-10-13,TR-07,07#矿车,2020,8.67,2,217.4,3766.8
2025-10-13,TR-08,08#矿车,2015,8.79,2,222.5,3911.2
2025-10-13,TR-09,09#矿车,2023,8.15,3,220.5,5392.1
2025-10-13,TR-10,10#矿车,2016,8.45,3,229.2,5809.2
2025-10-13,TR-11,11#矿车,2021,8.69,3,227.1,5920.4
2025-10-13,TR-12,12#矿车,2013,6.98,3,227.1,4752.8
2025-10-14,TR-01,01#矿车,2017,8.22,3,219.5,5411.9
2025-10-14,TR-02,02#矿车,2021,8.16,3,217.3,5317.6
2025-10-14,TR-03,03#矿车,2019,8.31,3,219.3,5465.2
2025-10-14,TR-04,04#矿车,2014,7.58,2,217.8,3299.7
2025-10-14,TR-05,05#矿车,2022,8.89,3,231.5,6176.5
2025-10-14,TR-06,06#矿车,2018,7.42,2,229.1,3399.3
2025-10-14,TR-07,07#矿车,2020,8.02,2,217.4,3486.6
2025-10-14,TR-08,08#矿车,2015,8.6,3,222.5,5743.5
2025-10-14,TR-09,09#矿车,2023,7.88,3,220.5,5212.6
2025-10-14,TR-10,10#矿车,2016,8.41,3,229.2,5783.0
2025-10-14,TR-11,11#矿车,2021,8.71,3,227.1,5929.7
2025-10-14,TR-12,12#矿车,2013,6.63,3,227.1,4520.1
2025-10-15,TR-01,01#矿车,2017,8.17,2,219.5,3587.7
2025-10-15,TR-02,02#矿车,2021,8.36,3,217.3,5447.9
2025-10-15,TR-03,03#矿车,2019,8.54,2,219.3,3746.6
2025-10-15,TR-04,04#矿车,2014,7.64,3,217.8,4987.8
2025-10-15,TR-05,05#矿车,2022,8.53,2,231.5,3949.2
2025-10-15,TR-06,06#矿车,2018,7.73,3,229.1,5312.2
2025-10-15,TR-07,07#矿车,2020,8.35,2,217.4,3628.2
2025-10-15,TR-08,08#矿车,2015,8.39,3,222.5,5600.4
2025-10-15,TR-09,09#矿车,2023,7.77,3,220.5,5141.2
2025-10-15,TR-10,10#矿车,2016,8.89,3,229.2,6110.7
2025-10-15,TR-11,11#矿车,2021,8.52,3,227.1,5801.5
2025-10-15,TR-12,12#矿车,2013,7.12,3,227.1,4847.9
2025-10-16,TR-01,01#矿车,2017,7.87,3,219.5,5180.6
2025-10-16,TR-02,02#矿车,2021,7.38,3,217.3,4810.9
2025-10-16,TR-03,03#矿车,2019,8.38,3,219.3,5515.2
2025-10-16,TR-04,04#矿车,2014,7.24,2,217.8,3154.5
2025-10-16,TR-05,05#矿车,2022,8.78,3,231.5,6096.7
2025-10-16,TR-06,06#矿车,2018,8.12,3,229.1,5581.1
2025-10-16,TR-07,07#矿车,2020,8.67,3,217.4,5654.9
2025-10-16,TR-08,08#矿车,2015,8.52,3,222.5,5687.2
2025-10-16,TR-09,09#矿车,2023,7.79,3,220.5,5150.1
2025-10-16,TR-10,10#矿车,2016,8.34,2,229.2,3824.2
2025-10-16,TR-11,11#矿车,2021,8.84,3,227.1,6020.9
2025-10-16,TR-12,12#矿车,2013,7.26,3,227.1,4949.2
2025-10-17,TR-01,01#矿车,2017,8.14,3,219.5,5360.0
2025-10-17,TR-02,02#矿车,2021,7.61,3,217.3,4961.2
2025-10-17,TR-03,03#矿车,2019,8.2,3,219.3,5392.1
2025-10-17,TR-04,04#矿车,2014,7.15,2,217.8,3115.3
2025-10-17,TR-05,05#矿车,2022,8.41,3,231.5,5842.4
2025-10-17,TR-06,06#矿车,2018,8.13,3,229.1,5587.9
2025-10-17,TR-07,07#矿车,2020,8.92,2,217.4,3876.4
2025-10-17,TR-08,08#矿车,2015,8.67,2,222.5,3857.3
2025-10-17,TR-09,09#矿车,2023,7.51,2,220.5,3312.1
2025-10-17,TR-10,10#矿车,2016,8.43,2,229.2,3866.0
2025-10-17,TR-11,11#矿车,2021,8.6,3,227.1,5856.8
2025-10-17,TR-12,12#矿车,2013,7.1,2,227.1,3226.4
2025-10-18,TR-01,01#矿车,2017,8.17,3,219.5,5380.7
2025-10-18,TR-02,02#矿车,2021,7.94,2,217.3,3450.9
2025-10-18,TR-03,03#矿车,2019,8.45,3,219.3,5560.2
2025-10-18,TR-04,04#矿车,2014,6.8,3,217.8,4444.2
2025-10-18,TR-05,05#矿车,2022,8.16,3,231.5,5667.5
2025-10-18,TR-06,06#矿车,2018,7.99,3,229.1,5492.1
2025-10-18,TR-07,07#矿车,2020,8.3,3,217.4,5410.0
2025-10-18,TR-08,08#矿车,2015,8.39,3,222.5,5598.3
2025-10-18,TR-09,09#矿车,2023,7.77,2,220.5,3425.2
2025-10-18,TR-10,10#矿车,2016,8.43,3,229.2,5800.4
2025-10-18,TR-11,11#矿车,2021,8.61,3,227.1,5863.5
2025-10-18,TR-12,12#矿车,2013,7.18,2,227.1,3263.6
2025-10-19,TR-01,01#矿车,2017,8.48,3,219.5,5582.1
2025-10-19,TR-02,02#矿车,2021,8.52,3,217.3,5553.7
2025-10-19,TR-03,03#矿车,2019,8.36,2,219.3,3668.6
2025-10-19,TR-04,04#矿车,2014,7.12,2,217.8,3102.8
2025-10-19,TR-05,05#矿车,2022,8.35,3,231.5,5800.7
2025-10-19,TR-06,06#矿车,2018,7.94,3,229.1,5453.9
2025-10-19,TR-07,07#矿车,2020,8.33,3,217.4,5432.6
2025-10-19,TR-08,08#矿车,2015,8.53,3,222.5,5695.8
2025-10-19,TR-09,09#矿车,2023,7.76,3,220.5,5135.9
2025-10-19,TR-10,10#矿车,2016,8.61,3,229.2,5919.6
2025-10-19,TR-11,11#矿车,2021,8.63,3,227.1,5877.5
2025-10-19,TR-12,12#矿车,2013,7.34,3,227.1,4998.1
2025-10-20,TR-01,01#矿车,2017,8.31,3,219.5,5472.9
2025-10-20,TR-02,02#矿车,2021,8.44,2,217.3,3668.0
2025-10-20,TR-03,03#矿车,2019,8.32,3,219.3,5475.6
2025-10-20,TR-04,04#矿车,2014,6.8,2,217.8,2962.1
2025-10-20,TR-05,05#矿车,2022,8.46,3,231.5,5879.2
2025-10-20,TR-06,06#矿车,2018,7.48,3,229.1,5142.5
2025-10-20,TR-07,07#矿车,2020,8.76,3,217.4,5710.1
2025-10-20,TR-08,08#矿车,2015,8.83,2,222.5,3930.4
2025-10-20,TR-09,09#矿车,2023,7.93,3,220.5,5245.2
2025-10-20,TR-10,10#矿车,2016,8.19,3,229.2,5634.9
2025-10-20,TR-11,11#矿车,2021,8.69,2,227.1,3946.2
2025-10-20,TR-12,12#矿车,2013,6.65,3,227.1,4534.2
2025-10-21,TR-01,01#矿车,2017,8.36,2,219.5,3668.6
2025-10-21,TR-02,02#矿车,2021,8.23,2,217.3,3577.5
2025-10-21,TR-03,03#矿车,2019,8.28,2,219.3,3630.9
2025-10-21,TR-04,04#矿车,2014,6.99,2,217.8,3044.9
2025-10-21,TR-05,05#矿车,2022,8.61,3,231.5,5980.0
2025-10-21,TR-06,06#矿车,2018,8.14,3,229.1,5594.5
2025-10-21,TR-07,07#矿车,2020,8.57,2,217.4,3723.4
2025-10-21,TR-08,08#矿车,2015,8.61,2,222.5,3832.3
2025-10-21,TR-09,09#矿车,2023,8.09,3,220.5,5348.9
2025-10-21,TR-10,10#矿车,2016,8.31,3,229.2,5713.8
2025-10-21,TR-11,11#矿车,2021,8.8,2,227.1,3994.5
2025-10-21,TR-12,12#矿车,2013,6.82,2,227.1,3099.8
2025-10-22,TR-01,01#矿车,2017,8.27,3,219.5,5449.0
2025-10-22,TR-02,02#矿车,2021,8.31,2,217.3,3610.2
2025-10-22,TR-03,03#矿车,2019,8.08,2,219.3,3543.8
2025-10-22,TR-04,04#矿车,2014,6.83,2,217.8,2974.2
2025-10-22,TR-05,05#矿车,2022,8.37,2,231.5,3877.4
2025-10-22,TR-06,06#矿车,2018,8.03,3,229.1,5520.5
2025-10-22,TR-07,07#矿车,2020,8.67,3,217.4,5650.4
2025-10-22,TR-08,08#矿车,2015,8.32,2,222.5,3700.5
2025-10-22,TR-09,09#矿车,2023,7.7,3,220.5,5091.6
2025-10-22,TR-10,10#矿车,2016,7.98,3,229.2,5486.1
2025-10-22,TR-11,11#矿车,2021,8.86,3,227.1,6038.3
2025-10-22,TR-12,12#矿车,2013,6.99,3,227.1,4761.7
2025-10-23,TR-01,01#矿车,2017,7.93,3,219.5,5222.4
2025-10-23,TR-02,02#矿车,2021,8.38,3,217.3,5463.4
2025-10-23,TR-03,03#矿车,2019,7.49,3,219.3,4929.9
2025-10-23,TR-04,04#矿车,2014,7.09,3,217.8,4629.1
2025-10-23,TR-05,05#矿车,2022,8.58,3,231.5,5962.8
2025-10-23,TR-06,06#矿车,2018,8.47,3,229.1,5818.6
2025-10-23,TR-07,07#矿车,2020,8.5,3,217.4,5544.0
2025-10-23,TR-08,08#矿车,2015,8.5,3,222.5,5670.7
2025-10-23,TR-09,09#矿车,2023,7.92,3,220.5,5242.6
2025-10-23,TR-10,10#矿车,2016,7.94,2,229.2,3642.5
2025-10-23,TR-11,11#矿车,2021,8.55,2,227.1,3882.0
2025-10-23,TR-12,12#矿车,2013,7.05,2,227.1,3200.5
2025-10-24,TR-01,01#矿车,2017,7.61,2,219.5,3341.0
2025-10-24,TR-02,02#矿车,2021,8.32,2,217.3,3617.4
2025-10-24,TR-03,03#矿车,2019,8.47,3,219.3,5575.2
2025-10-24,TR-04,04#矿车,2014,6.63,3,217.8,4332.8
2025-10-24,TR-05,05#矿车,2022,8.6,3,231.5,5972.3
2025-10-24,TR-06,06#矿车,2018,8.05,3,229.1,5534.1
2025-10-24,TR-07,07#矿车,2020,8.57,3,217.4,5586.0
2025-10-24,TR-08,08#矿车,2015,8.24,3,222.5,5502.6
2025-10-24,TR-09,09#矿车,2023,8.02,2,220.5,3536.9
2025-10-24,TR-10,10#矿车,2016,8.22,2,229.2,3769.3
2025-10-24,TR-11,11#矿车,2021,5.73,0,227.1,0.0
2025-10-24,TR-12,12#矿车,2013,7.1,3,227.1,4836.3
2025-10-25,TR-01,01#矿车,2017,7.9,2,219.5,3470.6
2025-10-25,TR-02,02#矿车,2021,8.25,2,217.3,3586.0
2025-10-25,TR-03,03#矿车,2019,8.27,3,219.3,5441.5
2025-10-25,TR-04,04#矿车,2014,6.67,3,217.8,4359.2
2025-10-25,TR-05,05#矿车,2022,8.55,2,231.5,3957.9
2025-10-25,TR-06,06#矿车,2018,7.71,3,229.1,5300.0
2025-10-25,TR-07,07#矿车,2020,8.25,3,217.4,5377.3
2025-10-25,TR-08,08#矿车,2015,8.85,3,222.5,5905.5
2025-10-25,TR-09,09#矿车,2023,7.75,3,220.5,5125.3
2025-10-25,TR-10,10#矿车,2016,8.65,3,229.2,5950.9
2025-10-25,TR-11,11#矿车,2021,8.08,2,227.1,3670.9
2025-10-25,TR-12,12#矿车,2013,6.95,2,227.1,3156.9
2025-10-26,TR-01,01#矿车,2017,8.48,3,219.5,5582.8
2025-10-26,TR-02,02#矿车,2021,8.47,3,217.3,5521.7
2025-10-26,TR-03,03#矿车,2019,8.37,2,219.3,3673.4
2025-10-26,TR-04,04#矿车,2014,6.6,2,217.8,2875.0
2025-10-26,TR-05,05#矿车,2022,8.88,3,231.5,6169.3
2025-10-26,TR-06,06#矿车,2018,8.1,3,229.1,5563.9
2025-10-26,TR-07,07#矿车,2020,9.15,3,217.4,5963.5
2025-10-26,TR-08,08#矿车,2015,8.54,3,222.5,5701.1
2025-10-26,TR-09,09#矿车,2023,7.89,2,220.5,3478.5
2025-10-26,TR-10,10#矿车,2016,8.28,3,229.2,5696.0
2025-10-26,TR-11,11#矿车,2021,8.2,3,227.1,5584.9
2025-10-26,TR-12,12#矿车,2013,6.8,3,227.1,4632.3
2025-10-27,TR-01,01#矿车,2017,8.01,2,219.5,3518.5
2025-10-27,TR-02,02#矿车,2021,8.33,3,217.3,5429.8
2025-10-27,TR-03,03#矿车,2019,8.3,3,219.3,5458.3
2025-10-27,TR-04,04#矿车,2014,6.8,3,217.8,4441.1
2025-10-27,TR-05,05#矿车,2022,8.79,3,231.5,6107.4
2025-10-27,TR-06,06#矿车,2018,7.43,3,229.1,5107.0
2025-10-27,TR-07,07#矿车,2020,8.43,3,217.4,5494.5
2025-10-27,TR-08,08#矿车,2015,8.07,3,222.5,5390.0
2025-10-27,TR-09,09#矿车,2023,7.58,3,220.5,5012.5
2025-10-27,TR-10,10#矿车,2016,8.19,2,229.2,3756.4
2025-10-27,TR-11,11#矿车,2021,8.07,2,227.1,3666.2
2025-10-27,TR-12,12#矿车,2013,6.59,2,227.1,2991.5
2025-10-28,TR-01,01#矿车,2017,8.33,3,219.5,5487.2
2025-10-28,TR-02,02#矿车,2021,8.12,2,217.3,3527.3
2025-10-28,TR-03,03#矿车,2019,8.41,3,219.3,5532.2
2025-10-28,TR-04,04#矿车,2014,6.86,3,217.8,4479.2
2025-10-28,TR-05,05#矿车,2022,8.33,2,231.5,3859.1
2025-10-28,TR-06,06#矿车,2018,7.77,2,229.1,3561.7
2025-10-28,TR-07,07#矿车,2020,8.78,3,217.4,5723.9
2025-10-28,TR-08,08#矿车,2015,7.76,3,222.5,5176.6
2025-10-28,TR-09,09#矿车,2023,7.68,3,220.5,5081.2
2025-10-28,TR-10,10#矿车,2016,8.5,3,229.2,5847.7
2025-10-28,TR-11,11#矿车,2021,7.86,2,227.1,3568.1
2025-10-28,TR-12,12#矿车,2013,6.67,3,227.1,4543.3
2025-10-29,TR-01,01#矿车,2017,8.33,3,219.5,5483.2
2025-10-29,TR-02,02#矿车,2021,8.1,3,217.3,5283.2
2025-10-29,TR-03,03#矿车,2019,8.2,3,219.3,5394.6
2025-10-29,TR-04,04#矿车,2014,7.02,2,217.8,3056.7
2025-10-29,TR-05,05#矿车,2022,8.43,3,231.5,5853.0
2025-10-29,TR-06,06#矿车,2018,7.6,2,229.1,3483.0
2025-10-29,TR-07,07#矿车,2020,8.64,2,217.4,3754.2
2025-10-29,TR-08,08#矿车,2015,8.16,2,222.5,3630.8
2025-10-29,TR-09,09#矿车,2023,7.2,3,220.5,4760.1
2025-10-29,TR-10,10#矿车,2016,8.12,3,229.2,5581.6
2025-10-29,TR-11,11#矿车,2021,8.38,2,227.1,3805.9
2025-10-29,TR-12,12#矿车,2013,7.15,2,227.1,3247.7
2025-10-30,TR-01,01#矿车,2017,8.26,3,219.5,5436.8
2025-10-30,TR-02,02#矿车,2021,7.9,3,217.3,5151.3
2025-10-30,TR-03,03#矿车,2019,8.65,3,219.3,5690.2
2025-10-30,TR-04,04#矿车,2014,7.24,2,217.8,3154.2
2025-10-30,TR-05,05#矿车,2022,8.87,2,231.5,4108.5
2025-10-30,TR-06,06#矿车,2018,8.07,3,229.1,5547.6
2025-10-30,TR-07,07#矿车,2020,8.55,3,217.4,5578.2
2025-10-30,TR-08,08#矿车,2015,8.31,3,222.5,5548.0
2025-10-30,TR-09,09#矿车,2023,7.62,3,220.5,5040.1
2025-10-30,TR-10,10#矿车,2016,7.86,3,229.2,5407.5
2025-10-30,TR-11,11#矿车,2021,8.48,3,227.1,5775.2
2025-10-30,TR-12,12#矿车,2013,6.98,3,227.1,4758.1
2025-10-31,TR-01,01#矿车,2017,8.34,3,219.5,5493.5
2025-10-31,TR-02,02#矿车,2021,7.73,2,217.3,3357.5
2025-10-31,TR-03,03#矿车,2019,8.74,3,219.3,5750.4
2025-10-31,TR-04,04#矿车,2014,7.07,3,217.8,4619.9
2025-10-31,TR-05,05#矿车,2022,8.0,2,231.5,3705.7
2025-10-31,TR-06,06#矿车,2018,7.89,2,229.1,3614.1
2025-10-31,TR-07,07#矿车,2020,8.23,2,217.4,3577.9
2025-10-31,TR-08,08#矿车,2015,8.02,3,222.5,5353.0
2025-10-31,TR-09,09#矿车,2023,7.68,3,220.5,5080.8
2025-10-31,TR-10,10#矿车,2016,8.55,3,229.2,5876.8
2025-10-31,TR-11,11#矿车,2021,8.75,2,227.1,3975.0
2025-10-31,TR-12,12#矿车,2013,7.09,3,227.1,4832.2
2025-11-01,TR-01,01#矿车,2017,7.99,2,219.5,3507.6
2025-11-01,TR-02,02#矿车,2021,7.86,2,217.3,3416.1
2025-11-01,TR-03,03#矿车,2019,8.33,3,219.3,5483.0
2025-11-01,TR-04,04#矿车,2014,7.14,3,217.8,4665.8
2025-11-01,TR-05,05#矿车,2022,8.44,3,231.5,5865.4
2025-11-01,TR-06,06#矿车,2018,7.93,3,229.1,5448.2
2025-11-01,TR-07,07#矿车,2020,8.67,3,217.4,5656.1
2025-11-01,TR-08,08#矿车,2015,8.76,3,222.5,5844.5
2025-11-01,TR-09,09#矿车,2023,7.45,3,220.5,4925.7
2025-11-01,TR-10,10#矿车,2016,8.49,3,229.2,5838.1
2025-11-01,TR-11,11#矿车,2021,8.54,2,227.1,3878.6
2025-11-01,TR-12,12#矿车,2013,7.07,3,227.1,4816.6
2025-11-02,TR-01,01#矿车,2017,7.96,3,219.5,5239.9
2025-11-02,TR-02,02#矿车,2021,8.01,3,217.3,5224.1
2025-11-02,TR-03,03#矿车,2019,8.12,3,219.3,5341.9
2025-11-02,TR-04,04#矿车,2014,6.85,2,217.8,2984.4
2025-11-02,TR-05,05#矿车,2022,8.7,3,231.5,6041.3
2025-11-02,TR-06,06#矿车,2018,8.14,2,229.1,3728.8
2025-11-02,TR-07,07#矿车,2020,8.77,3,217.4,5717.0
2025-11-02,TR-08,08#矿车,2015,8.75,2,222.5,3894.3
2025-11-02,TR-09,09#矿车,2023,7.91,2,220.5,3486.5
2025-11-02,TR-10,10#矿车,2016,7.82,2,229.2,3584.7
2025-11-02,TR-11,11#矿车,2021,8.7,3,227.1,5926.3
2025-11-02,TR-12,12#矿车,2013,7.16,3,227.1,4881.6
2025-11-03,TR-01,01#矿车,2017,8.21,2,219.5,3604.4
2025-11-03,TR-02,02#矿车,2021,8.11,3,217.3,5289.7
2025-11-03,TR-03,03#矿车,2019,8.89,2,219.3,3899.3
2025-11-03,TR-04,04#矿车,2014,7.24,3,217.8,4729.0
2025-11-03,TR-05,05#矿车,2022,8.7,3,231.5,6044.3
2025-11-03,TR-06,06#矿车,2018,8.4,2,229.1,3847.1
2025-11-03,TR-07,07#矿车,2020,8.65,3,217.4,5640.8
2025-11-03,TR-08,08#矿车,2015,8.62,3,222.5,5753.9
2025-11-03,TR-09,09#矿车,2023,8.13,2,220.5,3583.7
2025-11-03,TR-10,10#矿车,2016,7.55,2,229.2,3461.9
2025-11-03,TR-11,11#矿车,2021,8.4,3,227.1,5722.0
2025-11-03,TR-12,12#矿车,2013,7.09,3,227.1,4830.9
2025-11-04,TR-01,01#矿车,2017,8.22,3,219.5,5410.6
2025-11-04,TR-02,02#矿车,2021,8.43,3,217.3,5494.9
2025-11-04,TR-03,03#矿车,2019,8.35,3,219.3,5495.7
2025-11-04,TR-04,04#矿车,2014,7.44,2,217.8,3241.6
2025-11-04,TR-05,05#矿车,2022,8.61,3,231.5,5978.4
2025-11-04,TR-06,06#矿车,2018,8.25,3,229.1,5673.5
2025-11-04,TR-07,07#矿车,2020,8.68,3,217.4,5662.7
2025-11-04,TR-08,08#矿车,2015,8.57,3,222.5,5721.9
2025-11-04,TR-09,09#矿车,2023,8.32,3,220.5,5505.9
2025-11-04,TR-10,10#矿车,2016,7.78,2,229.2,3566.7
2025-11-04,TR-11,11#矿车,2021,8.21,2,227.1,3727.7
2025-11-04,TR-12,12#矿车,2013,7.02,3,227.1,4781.6
2025-11-05,TR-01,01#矿车,2017,8.31,3,219.5,5471.6
2025-11-05,TR-02,02#矿车,2021,8.2,3,217.3,5347.0
2025-11-05,TR-03,03#矿车,2019,8.12,2,219.3,3562.2
2025-11-05,TR-04,04#矿车,2014,6.95,3,217.8,4541.0
2025-11-05,TR-05,05#矿车,2022,8.26,3,231.5,5739.7
2025-11-05,TR-06,06#矿车,2018,8.06,3,229.1,5540.3
2025-11-05,TR-07,07#矿车,2020,8.5,3,217.4,5544.1
2025-11-05,TR-08,08#矿车,2015,8.41,3,222.5,5614.9
2025-11-05,TR-09,09#矿车,2023,8.14,3,220.5,5383.4
2025-11-05,TR-10,10#矿车,2016,8.07,3,229.2,5549.6
2025-11-05,TR-11,11#矿车,2021,8.07,3,227.1,5500.0
2025-11-05,TR-12,12#矿车,2013,7.3,2,227.1,3316.7
2025-11-06,TR-01,01#矿车,2017,8.14,3,219.5,5363.0
2025-11-06,TR-02,02#矿车,2021,8.17,3,217.3,5324.6
2025-11-06,TR-03,03#矿车,2019,8.27,3,219.3,5442.0
2025-11-06,TR-04,04#矿车,2014,7.17,3,217.8,4684.0
2025-11-06,TR-05,05#矿车,2022,7.69,3,231.5,5340.6
2025-11-06,TR-06,06#矿车,2018,7.83,3,229.1,5383.6
2025-11-06,TR-07,07#矿车,2020,8.7,2,217.4,3782.5
2025-11-06,TR-08,08#矿车,2015,8.71,3,222.5,5816.9
2025-11-06,TR-09,09#矿车,2023,7.95,3,220.5,5259.9
2025-11-06,TR-10,10#矿车,2016,8.09,3,229.2,5564.8
2025-11-06,TR-11,11#矿车,2021,8.13,3,227.1,5535.7
2025-11-06,TR-12,12#矿车,2013,6.73,3,227.1,4587.8
2025-11-07,TR-01,01#矿车,2017,8.2,3,219.5,5400.5
2025-11-07,TR-02,02#矿车,2021,8.01,2,217.3,3482.0
2025-11-07,TR-03,03#矿车,2019,8.61,3,219.3,5666.5
2025-11-07,TR-04,04#矿车,2014,7.52,3,217.8,4910.3
2025-11-07,TR-05,05#矿车,2022,8.31,3,231.5,5773.0
2025-11-07,TR-06,06#矿车,2018,7.91,2,229.1,3624.2
2025-11-07,TR-07,07#矿车,2020,8.24,3,217.4,5373.4
2025-11-07,TR-08,08#矿车,2015,8.73,2,222.5,3886.7
2025-11-07,TR-09,09#矿车,2023,7.93,3,220.5,5245.9
2025-11-07,TR-10,10#矿车,2016,8.39,3,229.2,5766.9
2025-11-07,TR-11,11#矿车,2021,8.38,3,227.1,5711.5
2025-11-07,TR-12,12#矿车,2013,7.01,2,227.1,3182.6
2025-11-08,TR-01,01#矿车,2017,8.37,2,219.5,3673.8
2025-11-08,TR-02,02#矿车,2021,8.02,3,217.3,5227.7
2025-11-08,TR-03,03#矿车,2019,8.89,3,219.3,5848.9
2025-11-08,TR-04,04#矿车,2014,7.25,2,217.8,3156.7
2025-11-08,TR-05,05#矿车,2022,9.03,2,231.5,4182.9
2025-11-08,TR-06,06#矿车,2018,7.89,2,229.1,3616.8
2025-11-08,TR-07,07#矿车,2020,8.27,3,217.4,5394.1
2025-11-08,TR-08,08#矿车,2015,8.56,3,222.5,5711.5
2025-11-08,TR-09,09#矿车,2023,7.53,2,220.5,3319.5
2025-11-08,TR-10,10#矿车,2016,8.57,3,229.2,5890.8
2025-11-08,TR-11,11#矿车,2021,8.14,3,227.1,5546.3
2025-11-08,TR-12,12#矿车,2013,6.95,3,227.1,4732.2
2025-11-09,TR-01,01#矿车,2017,7.96,3,219.5,5244.8
2025-11-09,TR-02,02#矿车,2021,7.79,3,217.3,5081.2
2025-11-09,TR-03,03#矿车,2019,8.74,2,219.3,3832.6
2025-11-09,TR-04,04#矿车,2014,6.94,3,217.8,4536.7
2025-11-09,TR-05,05#矿车,2022,8.61,2,231.5,3986.2
2025-11-09,TR-06,06#矿车,2018,7.93,3,229.1,5451.0
2025-11-09,TR-07,07#矿车,2020,8.55,3,217.4,5577.4
2025-11-09,TR-08,08#矿车,2015,8.52,2,222.5,3791.3
2025-11-09,TR-09,09#矿车,2023,7.51,3,220.5,4968.1
2025-11-09,TR-10,10#矿车,2016,8.75,3,229.2,6020.8
2025-11-09,TR-11,11#矿车,2021,8.35,3,227.1,5685.7
2025-11-09,TR-12,12#矿车,2013,7.31,2,227.1,3321.5
2025-11-10,TR-01,01#矿车,2017,7.86,3,219.5,5176.5
2025-11-10,TR-02,02#矿车,2021,8.12,3,217.3,5290.4
2025-11-10,TR-03,03#矿车,2019,8.75,2,219.3,3838.3
2025-11-10,TR-04,04#矿车,2014,7.16,3,217.8,4676.2
2025-11-10,TR-05,05#矿车,2022,8.43,2,231.5,3901.4
2025-11-10,TR-06,06#矿车,2018,8.08,2,229.1,3702.3
2025-11-10,TR-07,07#矿车,2020,8.8,2,217.4,3827.1
2025-11-10,TR-08,08#矿车,2015,8.33,3,222.5,5562.4
2025-11-10,TR-09,09#矿车,2023,7.58,3,220.5,5016.7
2025-11-10,TR-10,10#矿车,2016,8.38,3,229.2,5760.2
2025-11-10,TR-11,11#矿车,2021,8.66,2,227.1,3932.2
2025-11-10,TR-12,12#矿车,2013,7.08,2,227.1,3215.5
2025-11-11,TR-01,01#矿车,2017,8.06,3,219.5,5309.4
2025-11-11,TR-02,02#矿车,2021,8.09,3,217.3,5274.8
2025-11-11,TR-03,03#矿车,2019,8.42,3,219.3,5539.9
2025-11-11,TR-04,04#矿车,2014,6.28,3,217.8,4100.0
2025-11-11,TR-05,05#矿车,2022,8.11,3,231.5,5635.5
2025-11-11,TR-06,06#矿车,2018,7.99,2,229.1,3661.7
2025-11-11,TR-07,07#矿车,2020,8.55,3,217.4,5575.3
2025-11-11,TR-08,08#矿车,2015,8.38,3,222.5,5594.9
2025-11-11,TR-09,09#矿车,2023,7.59,2,220.5,3348.9
2025-11-11,TR-10,10#矿车,2016,8.55,3,229.2,5877.4
2025-11-11,TR-11,11#矿车,2021,8.39,3,227.1,5714.7
2025-11-11,TR-12,12#矿车,2013,7.32,3,227.1,4987.4
2025-11-12,TR-01,01#矿车,2017,7.62,3,219.5,5016.1
2025-11-12,TR-02,02#矿车,2021,7.89,3,217.3,5143.4
2025-11-12,TR-03,03#矿车,2019,8.54,2,219.3,3747.8
2025-11-12,TR-04,04#矿车,2014,6.79,3,217.8,4438.8
2025-11-12,TR-05,05#矿车,2022,8.26,3,231.5,5739.9
2025-11-12,TR-06,06#矿车,2018,7.9,3,229.1,5429.9
2025-11-12,TR-07,07#矿车,2020,8.68,3,217.4,5657.8
2025-11-12,TR-08,08#矿车,2015,7.92,2,222.5,3525.8
2025-11-12,TR-09,09#矿车,2023,7.41,2,220.5,3269.6
2025-11-12,TR-10,10#矿车,2016,8.58,3,229.2,5903.7
2025-11-12,TR-11,11#矿车,2021,8.58,3,227.1,5847.5
2025-11-12,TR-12,12#矿车,2013,7.21,2,227.1,3275.2
2025-11-13,TR-01,01#矿车,2017,7.62,3,219.5,5016.8
2025-11-13,TR-02,02#矿车,2021,8.09,2,217.3,3515.5
2025-11-13,TR-03,03#矿车,2019,8.35,3,219.3,5491.1
2025-11-13,TR-04,04#矿车,2014,6.71,3,217.8,4384.0
2025-11-13,TR-05,05#矿车,2022,8.52,2,231.5,3945.2
2025-11-13,TR-06,06#矿车,2018,8.11,3,229.1,5574.9
2025-11-13,TR-07,07#矿车,2020,8.8,2,217.4,3827.4
2025-11-13,TR-08,08#矿车,2015,8.64,2,222.5,3845.2
2025-11-13,TR-09,09#矿车,2023,8.02,3,220.5,5307.7
2025-11-13,TR-10,10#矿车,2016,8.5,3,229.2,5849.1
2025-11-13,TR-11,11#矿车,2021,8.5,3,227.1,5792.6
2025-11-13,TR-12,12#矿车,2013,7.17,3,227.1,4882.8
2025-11-14,TR-01,01#矿车,2017,7.68,3,219.5,5056.1
2025-11-14,TR-02,02#矿车,2021,8.3,2,217.3,3607.4
2025-11-14,TR-03,03#矿车,2019,8.17,3,219.3,5376.1
2025-11-14,TR-04,04#矿车,2014,7.28,3,217.8,4752.6
2025-11-14,TR-05,05#矿车,2022,8.52,2,231.5,3943.8
2025-11-14,TR-06,06#矿车,2018,8.19,3,229.1,5628.5
2025-11-14,TR-07,07#矿车,2020,8.45,3,217.4,5509.5
2025-11-14,TR-08,08#矿车,2015,8.68,3,222.5,5795.9
2025-11-14,TR-09,09#矿车,2023,7.8,3,220.5,5161.8
2025-11-14,TR-10,10#矿车,2016,8.52,2,229.2,3908.4
2025-11-14,TR-11,11#矿车,2021,8.6,3,227.1,5856.4
2025-11-14,TR-12,12#矿车,2013,6.93,3,227.1,4721.0
2025-11-15,TR-01,01#矿车,2017,7.62,2,219.5,3344.3
2025-11-15,TR-02,02#矿车,2021,7.87,3,217.3,5129.7
2025-11-15,TR-03,03#矿车,2019,8.37,2,219.3,3669.9
2025-11-15,TR-04,04#矿车,2014,7.06,2,217.8,3074.4
2025-11-15,TR-05,05#矿车,2022,8.36,2,231.5,3872.6
2025-11-15,TR-06,06#矿车,2018,8.08,2,229.1,3703.2
2025-11-15,TR-07,07#矿车,2020,8.3,3,217.4,5411.7
2025-11-15,TR-08,08#矿车,2015,9.09,2,222.5,4043.9
2025-11-15,TR-09,09#矿车,2023,7.86,3,220.5,5201.9
2025-11-15,TR-10,10#矿车,2016,8.39,2,229.2,3845.9
2025-11-15,TR-11,11#矿车,2021,8.81,3,227.1,5999.8
2025-11-15,TR-12,12#矿车,2013,7.11,2,227.1,3229.9
2025-11-16,TR-01,01#矿车,2017,7.72,3,219.5,5086.2
2025-11-16,TR-02,02#矿车,2021,8.35,3,217.3,5444.9
2025-11-16,TR-03,03#矿车,2019,8.37,3,219.3,5509.4
2025-11-16,TR-04,04#矿车,2014,6.92,3,217.8,4517.5
2025-11-16,TR-05,05#矿车,2022,8.9,3,231.5,6183.7
2025-11-16,TR-06,06#矿车,2018,7.83,2,229.1,3588.2
2025-11-16,TR-07,07#矿车,2020,8.37,2,217.4,3639.3
2025-11-16,TR-08,08#矿车,2015,8.53,2,222.5,3794.2
2025-11-16,TR-09,09#矿车,2023,7.98,3,220.5,5277.5
2025-11-16,TR-10,10#矿车,2016,8.4,2,229.2,3849.3
2025-11-16,TR-11,11#矿车,2021,8.53,2,227.1,3875.0
2025-11-16,TR-12,12#矿车,2013,7.2,3,227.1,4908.3
2025-11-17,TR-01,01#矿车,2017,7.94,2,219.5,3487.4
2025-11-17,TR-02,02#矿车,2021,8.13,3,217.3,5300.9
2025-11-17,TR-03,03#矿车,2019,8.47,3,219.3,5575.4
2025-11-17,TR-04,04#矿车,2014,6.96,3,217.8,4544.1
2025-11-17,TR-05,05#矿车,2022,8.84,3,231.5,6140.0
2025-11-17,TR-06,06#矿车,2018,7.83,3,229.1,5381.9
2025-11-17,TR-07,07#矿车,2020,8.11,2,217.4,3523.8
2025-11-17,TR-08,08#矿车,2015,8.7,3,222.5,5804.7
2025-11-17,TR-09,09#矿车,2023,8.14,3,220.5,5386.1
2025-11-17,TR-10,10#矿车,2016,8.24,2,229.2,3779.0
2025-11-17,TR-11,11#矿车,2021,8.11,3,227.1,5521.4
2025-11-17,TR-12,12#矿车,2013,7.17,2,227.1,3254.7
2025-11-18,TR-01,01#矿车,2017,8.33,2,219.5,3656.7
2025-11-18,TR-02,02#矿车,2021,8.02,3,217.3,5229.3
2025-11-18,TR-03,03#矿车,2019,8.07,2,219.3,3538.3
2025-11-18,TR-04,04#矿车,2014,6.88,3,217.8,4491.1
2025-11-18,TR-05,05#矿车,2022,8.64,3,231.5,6003.2
2025-11-18,TR-06,06#矿车,2018,7.74,3,229.1,5317.4
2025-11-18,TR-07,07#矿车,2020,8.48,3,217.4,5527.2
2025-11-18,TR-08,08#矿车,2015,8.48,3,222.5,5660.2
2025-11-18,TR-09,09#矿车,2023,7.71,2,220.5,3400.0
2025-11-18,TR-10,10#矿车,2016,8.33,2,229.2,3817.7
2025-11-18,TR-11,11#矿车,2021,8.2,2,227.1,3722.2
2025-11-18,TR-12,12#矿车,2013,6.97,2,227.1,3164.1
2025-11-19,TR-01,01#矿车,2017,8.24,3,219.5,5425.0
2025-11-19,TR-02,02#矿车,2021,8.05,2,217.3,3498.9
2025-11-19,TR-03,03#矿车,2019,8.26,3,219.3,5434.7
2025-11-19,TR-04,04#矿车,2014,6.69,3,217.8,4371.8
2025-11-19,TR-05,05#矿车,2022,8.54,3,231.5,5929.3
2025-11-19,TR-06,06#矿车,2018,8.19,2,229.1,3750.4
2025-11-19,TR-07,07#矿车,2020,8.8,3,217.4,5737.2
2025-11-19,TR-08,08#矿车,2015,8.74,3,222.5,5831.8
2025-11-19,TR-09,09#矿车,2023,7.97,3,220.5,5274.1
2025-11-19,TR-10,10#矿车,2016,8.14,2,229.2,3733.7
2025-11-19,TR-11,11#矿车,2021,8.44,2,227.1,3834.1
2025-11-19,TR-12,12#矿车,2013,6.99,2,227.1,3175.5
2025-11-20,TR-01,01#矿车,2017,8.1,3,219.5,5333.0
2025-11-20,TR-02,02#矿车,2021,7.98,3,217.3,5202.5
2025-11-20,TR-03,03#矿车,2019,8.33,3,219.3,5483.8
2025-11-20,TR-04,04#矿车,2014,6.61,3,217.8,4319.5
2025-11-20,TR-05,05#矿车,2022,8.23,3,231.5,5714.7
2025-11-20,TR-06,06#矿车,2018,7.81,3,229.1,5366.3
2025-11-20,TR-07,07#矿车,2020,8.54,3,217.4,5569.3
2025-11-20,TR-08,08#矿车,2015,8.33,3,222.5,5562.8
2025-11-20,TR-09,09#矿车,2023,7.99,2,220.5,3522.7
2025-11-20,TR-10,10#矿车,2016,8.41,3,229.2,5782.6
2025-11-20,TR-11,11#矿车,2021,8.05,2,227.1,3653.7
2025-11-20,TR-12,12#矿车,2013,7.04,3,227.1,4793.7
2025-11-21,TR-01,01#矿车,2017,8.32,3,219.5,5482.0
2025-11-21,TR-02,02#矿车,2021,7.87,2,217.3,3418.3
2025-11-21,TR-03,03#矿车,2019,8.16,3,219.3,5366.3
2025-11-21,TR-04,04#矿车,2014,6.69,2,217.8,2911.4
2025-11-21,TR-05,05#矿车,2022,8.67,3,231.5,6020.7
2025-11-21,TR-06,06#矿车,2018,7.97,3,229.1,5479.6
2025-11-21,TR-07,07#矿车,2020,8.48,3,217.4,5531.0
2025-11-21,TR-08,08#矿车,2015,8.28,2,222.5,3682.7
2025-11-21,TR-09,09#矿车,2023,7.92,3,220.5,5239.3
2025-11-21,TR-10,10#矿车,2016,8.43,3,229.2,5800.9
2025-11-21,TR-11,11#矿车,2021,8.42,3,227.1,5734.3
2025-11-21,TR-12,12#矿车,2013,7.19,3,227.1,4900.7
2025-11-22,TR-01,01#矿车,2017,7.58,3,219.5,4988.9
2025-11-22,TR-02,02#矿车,2021,8.19,3,217.3,5341.6
2025-11-22,TR-03,03#矿车,2019,8.55,3,219.3,5624.8
2025-11-22,TR-04,04#矿车,2014,7.23,3,217.8,4723.2
2025-11-22,TR-05,05#矿车,2022,8.7,3,231.5,6042.6
2025-11-22,TR-06,06#矿车,2018,7.71,3,229.1,5297.7
2025-11-22,TR-07,07#矿车,2020,8.49,3,217.4,5538.9
2025-11-22,TR-08,08#矿车,2015,8.3,3,222.5,5541.0
2025-11-22,TR-09,09#矿车,2023,7.76,3,220.5,5132.4
2025-11-22,TR-10,10#矿车,2016,8.37,3,229.2,5756.1
2025-11-22,TR-11,11#矿车,2021,8.24,3,227.1,5615.9
2025-11-22,TR-12,12#矿车,2013,6.91,3,227.1,4708.8
2025-11-23,TR-01,01#矿车,2017,7.74,2,219.5,3396.3
2025-11-23,TR-02,02#矿车,2021,8.02,2,217.3,3487.1
2025-11-23,TR-03,03#矿车,2019,8.66,3,219.3,5696.1
2025-11-23,TR-04,04#矿车,2014,6.69,3,217.8,4367.3
2025-11-23,TR-05,05#矿车,2022,8.98,2,231.5,4159.0
2025-11-23,TR-06,06#矿车,2018,7.89,2,229.1,3617.2
2025-11-23,TR-07,07#矿车,2020,5.18,1,217.4,1125.0
2025-11-23,TR-08,08#矿车,2015,8.21,3,222.5,5479.9
2025-11-23,TR-09,09#矿车,2023,7.83,2,220.5,3454.1
2025-11-23,TR-10,10#矿车,2016,8.16,3,229.2,5614.0
2025-11-23,TR-11,11#矿车,2021,8.5,3,227.1,5787.2
2025-11-23,TR-12,12#矿车,2013,7.13,2,227.1,3236.8
2025-11-24,TR-01,01#矿车,2017,8.46,2,219.5,3714.6
2025-11-24,TR-02,02#矿车,2021,8.35,2,217.3,3628.2
2025-11-24,TR-03,03#矿车,2019,8.78,3,219.3,5776.8
2025-11-24,TR-04,04#矿车,2014,7.34,3,217.8,4795.7
2025-11-24,TR-05,05#矿车,2022,8.69,3,231.5,6036.4
2025-11-24,TR-06,06#矿车,2018,7.93,2,229.1,3631.8
2025-11-24,TR-07,07#矿车,2020,8.36,2,217.4,3632.8
2025-11-24,TR-08,08#矿车,2015,8.47,2,222.5,3769.9
2025-11-24,TR-09,09#矿车,2023,7.56,3,220.5,5001.3
2025-11-24,TR-10,10#矿车,2016,8.28,3,229.2,5693.2
2025-11-24,TR-11,11#矿车,2021,8.64,3,227.1,5883.5
2025-11-24,TR-12,12#矿车,2013,6.57,3,227.1,4479.6
2025-11-25,TR-01,01#矿车,2017,8.2,2,219.5,3599.3
2025-11-25,TR-02,02#矿车,2021,8.34,3,217.3,5437.7
2025-11-25,TR-03,03#矿车,2019,8.48,2,219.3,3720.7
2025-11-25,TR-04,04#矿车,2014,6.97,2,217.8,3036.2
2025-11-25,TR-05,05#矿车,2022,8.5,3,231.5,5906.3
2025-11-25,TR-06,06#矿车,2018,8.16,2,229.1,3741.0
2025-11-25,TR-07,07#矿车,2020,8.53,2,217.4,3707.8
2025-11-25,TR-08,08#矿车,2015,8.56,3,222.5,5712.5
2025-11-25,TR-09,09#矿车,2023,7.73,2,220.5,3409.7
2025-11-25,TR-10,10#矿车,2016,8.32,3,229.2,5719.0
2025-11-25,TR-11,11#矿车,2021,8.14,3,227.1,5548.0
2025-11-25,TR-12,12#矿车,2013,6.7,3,227.1,4563.9
2025-11-26,TR-01,01#矿车,2017,8.09,3,219.5,5328.7
2025-11-26,TR-02,02#矿车,2021,8.08,3,217.3,5264.5
2025-11-26,TR-03,03#矿车,2019,8.06,2,219.3,3535.5
2025-11-26,TR-04,04#矿车,2014,7.11,2,217.8,3097.8
2025-11-26,TR-05,05#矿车,2022,8.44,3,231.5,5862.6
2025-11-26,TR-06,06#矿车,2018,7.72,3,229.1,5306.8
2025-11-26,TR-07,07#矿车,2020,8.87,3,217.4,5782.4
2025-11-26,TR-08,08#矿车,2015,8.15,3,222.5,5438.2
2025-11-26,TR-09,09#矿车,2023,7.72,2,220.5,3406.5
2025-11-26,TR-10,10#矿车,2016,8.48,2,229.2,3888.8
2025-11-26,TR-11,11#矿车,2021,7.94,3,227.1,5410.6
2025-11-26,TR-12,12#矿车,2013,6.73,3,227.1,4586.5
2025-11-27,TR-01,01#矿车,2017,8.37,3,219.5,5510.9
2025-11-27,TR-02,02#矿车,2021,8.42,3,217.3,5491.8
2025-11-27,TR-03,03#矿车,2019,8.25,2,219.3,3618.6
2025-11-27,TR-04,04#矿车,2014,7.67,3,217.8,5012.9
2025-11-27,TR-05,05#矿车,2022,8.36,3,231.5,5805.8
2025-11-27,TR-06,06#矿车,2018,7.76,3,229.1,5336.1
2025-11-27,TR-07,07#矿车,2020,8.45,2,217.4,3674.1
2025-11-27,TR-08,08#矿车,2015,8.27,3,222.5,5521.1
2025-11-27,TR-09,09#矿车,2023,7.82,3,220.5,5173.9
2025-11-27,TR-10,10#矿车,2016,8.42,3,229.2,5792.9
2025-11-27,TR-11,11#矿车,2021,7.98,2,227.1,3625.4
2025-11-27,TR-12,12#矿车,2013,6.98,2,227.1,3170.9
2025-11-28,TR-01,01#矿车,2017,8.54,2,219.5,3747.4
2025-11-28,TR-02,02#矿车,2021,8.07,3,217.3,5259.2
2025-11-28,TR-03,03#矿车,2019,8.75,3,219.3,5757.9
2025-11-28,TR-04,04#矿车,2014,7.51,3,217.8,4907.2
2025-11-28,TR-05,05#矿车,2022,8.19,2,231.5,3793.0
2025-11-28,TR-06,06#矿车,2018,7.71,3,229.1,5296.1
2025-11-28,TR-07,07#矿车,2020,8.49,3,217.4,5536.2
2025-11-28,TR-08,08#矿车,2015,8.54,3,222.5,5698.7
2025-11-28,TR-09,09#矿车,2023,7.96,3,220.5,5266.6
2025-11-28,TR-10,10#矿车,2016,8.71,2,229.2,3994.9
2025-11-28,TR-11,11#矿车,2021,8.13,3,227.1,5538.1
2025-11-28,TR-12,12#矿车,2013,7.12,3,227.1,4852.3
2025-11-29,TR-01,01#矿车,2017,8.04,2,219.5,3530.4
2025-11-29,TR-02,02#矿车,2021,8.26,3,217.3,5381.6
2025-11-29,TR-03,03#矿车,2019,8.64,3,219.3,5683.0
2025-11-29,TR-04,04#矿车,2014,7.09,2,217.8,3089.2
2025-11-29,TR-05,05#矿车,2022,8.32,3,231.5,5779.3
2025-11-29,TR-06,06#矿车,2018,7.92,3,229.1,5445.7
2025-11-29,TR-07,07#矿车,2020,8.69,3,217.4,5663.6
2025-11-29,TR-08,08#矿车,2015,8.58,3,222.5,5724.4
2025-11-29,TR-09,09#矿车,2023,8.31,3,220.5,5495.1
2025-11-29,TR-10,10#矿车,2016,8.39,3,229.2,5770.8
2025-11-29,TR-11,11#矿车,2021,8.05,3,227.1,5481.0
2025-11-29,TR-12,12#矿车,2013,7.05,3,227.1,4804.3
2025-11-30,TR-01,01#矿车,2017,8.11,3,219.5,5344.3
2025-11-30,TR-02,02#矿车,2021,8.48,3,217.3,5528.5
2025-11-30,TR-03,03#矿车,2019,8.48,2,219.3,3720.9
2025-11-30,TR-04,04#矿车,2014,6.84,2,217.8,2977.3
2025-11-30,TR-05,05#矿车,2022,8.63,2,231.5,3997.3
2025-11-30,TR-06,06#矿车,2018,7.81,2,229.1,3578.4
2025-11-30,TR-07,07#矿车,2020,9.13,3,217.4,5956.5
2025-11-30,TR-08,08#矿车,2015,8.88,3,222.5,5930.4
2025-11-30,TR-09,09#矿车,2023,8.15,3,220.5,5388.9
2025-11-30,TR-10,10#矿车,2016,8.38,2,229.2,3844.3
2025-11-30,TR-11,11#矿车,2021,8.89,3,227.1,6055.2
2025-11-30,TR-12,12#矿车,2013,6.91,3,227.1,4711.0
2025-12-01,TR-01,01#矿车,2017,8.37,3,219.5,5515.6
2025-12-01,TR-02,02#矿车,2021,8.4,3,217.3,5474.6
2025-12-01,TR-03,03#矿车,2019,8.53,3,219.3,5614.6
2025-12-01,TR-04,04#矿车,2014,7.43,2,217.8,3236.8
2025-12-01,TR-05,05#矿车,2022,8.64,3,231.5,6000.4
2025-12-01,TR-06,06#矿车,2018,7.67,3,229.1,5274.1
2025-12-01,TR-07,07#矿车,2020,8.4,2,217.4,3651.8
2025-12-01,TR-08,08#矿车,2015,8.33,3,222.5,5562.4
2025-12-01,TR-09,09#矿车,2023,7.83,3,220.5,5178.8
2025-12-01,TR-10,10#矿车,2016,8.57,3,229.2,5897.1
2025-12-01,TR-11,11#矿车,2021,8.57,3,227.1,5835.0
2025-12-01,TR-12,12#矿车,2013,7.09,2,227.1,3220.2
2025-12-02,TR-01,01#矿车,2017,8.11,2,219.5,3558.6
2025-12-02,TR-02,02#矿车,2021,8.38,3,217.3,5460.8
2025-12-02,TR-03,03#矿车,2019,7.99,2,219.3,3504.3
2025-12-02,TR-04,04#矿车,2014,6.95,3,217.8,4541.3
2025-12-02,TR-05,05#矿车,2022,8.66,2,231.5,4010.8
2025-12-02,TR-06,06#矿车,2018,7.61,2,229.1,3488.3
2025-12-02,TR-07,07#矿车,2020,8.49,2,217.4,3690.3
2025-12-02,TR-08,08#矿车,2015,8.2,2,222.5,3649.3
2025-12-02,TR-09,09#矿车,2023,8.19,3,220.5,5417.5
2025-12-02,TR-10,10#矿车,2016,8.55,3,229.2,5883.4
2025-12-02,TR-11,11#矿车,2021,8.85,2,227.1,4020.9
2025-12-02,TR-12,12#矿车,2013,7.2,3,227.1,4906.1
2025-12-03,TR-01,01#矿车,2017,8.47,3,219.5,5576.2
2025-12-03,TR-02,02#矿车,2021,8.42,3,217.3,5490.2
2025-12-03,TR-03,03#矿车,2019,7.77,2,219.3,3407.2
2025-12-03,TR-04,04#矿车,2014,6.75,3,217.8,4408.6
2025-12-03,TR-05,05#矿车,2022,8.36,3,231.5,5807.1
2025-12-03,TR-06,06#矿车,2018,8.03,3,229.1,5522.1
2025-12-03,TR-07,07#矿车,2020,8.85,3,217.4,5771.7
2025-12-03,TR-08,08#矿车,2015,8.63,3,222.5,5759.0
2025-12-03,TR-09,09#矿车,2023,8.11,2,220.5,3578.7
2025-12-03,TR-10,10#矿车,2016,7.93,3,229.2,5456.1
2025-12-03,TR-11,11#矿车,2021,8.88,3,227.1,6051.8
2025-12-03,TR-12,12#矿车,2013,6.89,2,227.1,3128.7
2025-12-04,TR-01,01#矿车,2017,8.16,2,219.5,3583.3
2025-12-04,TR-02,02#矿车,2021,8.17,3,217.3,5323.6
2025-12-04,TR-03,03#矿车,2019,8.3,3,219.3,5458.4
2025-12-04,TR-04,04#矿车,2014,7.01,3,217.8,4582.3
2025-12-04,TR-05,05#矿车,2022,8.51,3,231.5,5911.5
2025-12-04,TR-06,06#矿车,2018,7.66,3,229.1,5267.7
2025-12-04,TR-07,07#矿车,2020,8.94,3,217.4,5831.1
2025-12-04,TR-08,08#矿车,2015,8.56,2,222.5,3807.2
2025-12-04,TR-09,09#矿车,2023,7.57,2,220.5,3336.5
2025-12-04,TR-10,10#矿车,2016,8.28,3,229.2,5691.9
2025-12-04,TR-11,11#矿车,2021,8.55,3,227.1,5821.4
2025-12-04,TR-12,12#矿车,2013,7.17,3,227.1,4883.7
2025-12-05,TR-01,01#矿车,2017,8.55,3,219.5,5630.6
2025-12-05,TR-02,02#矿车,2021,8.2,2,217.3,3564.5
2025-12-05,TR-03,03#矿车,2019,8.51,3,219.3,5597.3
2025-12-05,TR-04,04#矿车,2014,7.46,3,217.8,4873.2
2025-12-05,TR-05,05#矿车,2022,8.41,3,231.5,5841.4
2025-12-05,TR-06,06#矿车,2018,8.03,2,229.1,3677.2
2025-12-05,TR-07,07#矿车,2020,8.53,3,217.4,5560.0
2025-12-05,TR-08,08#矿车,2015,8.66,3,222.5,5779.3
2025-12-05,TR-09,09#矿车,2023,7.64,2,220.5,3371.3
2025-12-05,TR-10,10#矿车,2016,8.36,3,229.2,5750.9
2025-12-05,TR-11,11#矿车,2021,8.01,2,227.1,3635.6
2025-12-05,TR-12,12#矿车,2013,6.92,3,227.1,4715.7
2025-12-06,TR-01,01#矿车,2017,8.05,2,219.5,3536.4
2025-12-06,TR-02,02#矿车,2021,7.7,2,217.3,3347.8
2025-12-06,TR-03,03#矿车,2019,8.69,3,219.3,5718.0
2025-12-06,TR-04,04#矿车,2014,7.22,3,217.8,4714.5
2025-12-06,TR-05,05#矿车,2022,8.3,3,231.5,5763.3
2025-12-06,TR-06,06#矿车,2018,7.87,2,229.1,3606.9
2025-12-06,TR-07,07#矿车,2020,8.77,2,217.4,3811.6
2025-12-06,TR-08,08#矿车,2015,8.71,3,222.5,5813.2
2025-12-06,TR-09,09#矿车,2023,8.05,2,220.5,3548.2
2025-12-06,TR-10,10#矿车,2016,8.21,3,229.2,5645.8
2025-12-06,TR-11,11#矿车,2021,7.85,3,227.1,5346.2
2025-12-06,TR-12,12#矿车,2013,6.67,3,227.1,4542.1
2025-12-07,TR-01,01#矿车,2017,8.37,2,219.5,3674.4
2025-12-07,TR-02,02#矿车,2021,7.9,2,217.3,3432.3
2025-12-07,TR-03,03#矿车,2019,8.85,3,219.3,5825.8
2025-12-07,TR-04,04#矿车,2014,7.12,2,217.8,3101.9
2025-12-07,TR-05,05#矿车,2022,8.71,3,231.5,6046.6
2025-12-07,TR-06,06#矿车,2018,7.95,2,229.1,3644.3
2025-12-07,TR-07,07#矿车,2020,8.81,3,217.4,5747.8
2025-12-07,TR-08,08#矿车,2015,8.62,2,222.5,3833.9
2025-12-07,TR-09,09#矿车,2023,7.95,2,220.5,3504.7
2025-12-07,TR-10,10#矿车,2016,8.22,3,229.2,5651.9
2025-12-07,TR-11,11#矿车,2021,8.44,2,227.1,3833.5
2025-12-07,TR-12,12#矿车,2013,6.18,2,227.1,2806.8
2025-12-08,TR-01,01#矿车,2017,7.94,3,219.5,5226.0
2025-12-08,TR-02,02#矿车,2021,7.86,3,217.3,5124.2
2025-12-08,TR-03,03#矿车,2019,8.65,3,219.3,5692.4
2025-12-08,TR-04,04#矿车,2014,6.9,2,217.8,3002.8
2025-12-08,TR-05,05#矿车,2022,8.66,3,231.5,6017.9
2025-12-08,TR-06,06#矿车,2018,8.37,2,229.1,3835.6
2025-12-08,TR-07,07#矿车,2020,8.8,2,217.4,3825.9
2025-12-08,TR-08,08#矿车,2015,8.58,2,222.5,3816.4
2025-12-08,TR-09,09#矿车,2023,7.56,2,220.5,3335.5
2025-12-08,TR-10,10#矿车,2016,8.55,2,229.2,3919.7
2025-12-08,TR-11,11#矿车,2021,8.37,3,227.1,5703.1
2025-12-08,TR-12,12#矿车,2013,6.83,3,227.1,4650.7
2025-12-09,TR-01,01#矿车,2017,7.89,3,219.5,5194.1
2025-12-09,TR-02,02#矿车,2021,8.74,2,217.3,3798.0
2025-12-09,TR-03,03#矿车,2019,8.14,3,219.3,5354.6
2025-12-09,TR-04,04#矿车,2014,6.58,3,217.8,4301.6
2025-12-09,TR-05,05#矿车,2022,8.69,3,231.5,6034.5
2025-12-09,TR-06,06#矿车,2018,8.32,3,229.1,5715.4
2025-12-09,TR-07,07#矿车,2020,8.72,3,217.4,5686.4
2025-12-09,TR-08,08#矿车,2015,8.26,2,222.5,3675.8
2025-12-09,TR-09,09#矿车,2023,8.16,2,220.5,3599.8
2025-12-09,TR-10,10#矿车,2016,8.32,2,229.2,3815.6
2025-12-09,TR-11,11#矿车,2021,8.15,3,227.1,5551.8
2025-12-09,TR-12,12#矿车,2013,6.72,3,227.1,4581.2
2025-12-10,TR-01,01#矿车,2017,7.85,2,219.5,3448.0
2025-12-10,TR-02,02#矿车,2021,8.56,3,217.3,5581.9
2025-12-10,TR-03,03#矿车,2019,8.17,3,219.3,5375.9
2025-12-10,TR-04,04#矿车,2014,6.73,3,217.8,4396.3
2025-12-10,TR-05,05#矿车,2022,8.15,2,231.5,3772.5
2025-12-10,TR-06,06#矿车,2018,8.06,3,229.1,5540.8
2025-12-10,TR-07,07#矿车,2020,8.56,3,217.4,5580.1
2025-12-10,TR-08,08#矿车,2015,8.24,3,222.5,5498.0
2025-12-10,TR-09,09#矿车,2023,8.0,3,220.5,5292.1
2025-12-10,TR-10,10#矿车,2016,8.63,2,229.2,3956.3
2025-12-10,TR-11,11#矿车,2021,8.25,3,227.1,5618.1
2025-12-10,TR-12,12#矿车,2013,6.64,3,227.1,4527.2
2025-12-11,TR-01,01#矿车,2017,7.52,3,219.5,4952.8
2025-12-11,TR-02,02#矿车,2021,8.36,3,217.3,5451.4
2025-12-11,TR-03,03#矿车,2019,8.4,2,219.3,3683.3
2025-12-11,TR-04,04#矿车,2014,6.97,2,217.8,3033.3
2025-12-11,TR-05,05#矿车,2022,8.45,3,231.5,5867.7
2025-12-11,TR-06,06#矿车,2018,8.69,2,229.1,3983.3
2025-12-11,TR-07,07#矿车,2020,8.46,3,217.4,5519.0
2025-12-11,TR-08,08#矿车,2015,8.07,2,222.5,3589.2
2025-12-11,TR-09,09#矿车,2023,4.99,1,220.5,1099.3
2025-12-11,TR-10,10#矿车,2016,8.31,2,229.2,3810.7
2025-12-11,TR-11,11#矿车,2021,8.31,3,227.1,5661.7
2025-12-11,TR-12,12#矿车,2013,6.76,3,227.1,4605.3
2025-12-12,TR-01,01#矿车,2017,7.15,2,219.5,3140.0
2025-12-12,TR-02,02#矿车,2021,8.27,3,217.3,5388.9
2025-12-12,TR-03,03#矿车,2019,8.09,2,219.3,3549.3
2025-12-12,TR-04,04#矿车,2014,7.17,3,217.8,4683.8
2025-12-12,TR-05,05#矿车,2022,8.46,3,231.5,5874.3
2025-12-12,TR-06,06#矿车,2018,8.01,2,229.1,3668.7
2025-12-12,TR-07,07#矿车,2020,8.86,3,217.4,5775.3
2025-12-12,TR-08,08#矿车,2015,8.2,3,222.5,5472.3
2025-12-12,TR-09,09#矿车,2023,8.04,3,220.5,5317.0
2025-12-12,TR-10,10#矿车,2016,8.61,3,229.2,5920.1
2025-12-12,TR-11,11#矿车,2021,8.26,2,227.1,3752.0
2025-12-12,TR-12,12#矿车,2013,6.32,3,227.1,4309.3
2025-12-13,TR-01,01#矿车,2017,7.72,3,219.5,5082.3
2025-12-13,TR-02,02#矿车,2021,8.26,3,217.3,5386.7
2025-12-13,TR-03,03#矿车,2019,8.96,3,219.3,5898.1
2025-12-13,TR-04,04#矿车,2014,6.92,3,217.8,4520.1
2025-12-13,TR-05,05#矿车,2022,8.31,3,231.5,5775.3
2025-12-13,TR-06,06#矿车,2018,8.22,3,229.1,5651.3
2025-12-13,TR-07,07#矿车,2020,8.52,2,217.4,3701.8
2025-12-13,TR-08,08#矿车,2015,8.44,3,222.5,5633.9
2025-12-13,TR-09,09#矿车,2023,8.01,3,220.5,5298.9
2025-12-13,TR-10,10#矿车,2016,8.26,2,229.2,3787.8
2025-12-13,TR-11,11#矿车,2021,5.18,1,227.1,1177.2
2025-12-13,TR-12,12#矿车,2013,6.97,3,227.1,4747.6
2025-12-14,TR-01,01#矿车,2017,7.66,3,219.5,5046.7
2025-12-14,TR-02,02#矿车,2021,7.4,2,217.3,3217.0
2025-12-14,TR-03,03#矿车,2019,8.49,2,219.3,3724.5
2025-12-14,TR-04,04#矿车,2014,7.24,3,217.8,4727.1
2025-12-14,TR-05,05#矿车,2022,8.51,2,231.5,3941.1
2025-12-14,TR-06,06#矿车,2018,7.77,3,229.1,5338.9
2025-12-14,TR-07,07#矿车,2020,8.67,3,217.4,5650.9
2025-12-14,TR-08,08#矿车,2015,8.21,3,222.5,5478.6
2025-12-14,TR-09,09#矿车,2023,8.04,3,220.5,5321.8
2025-12-14,TR-10,10#矿车,2016,8.49,3,229.2,5842.1
2025-12-14,TR-11,11#矿车,2021,8.43,2,227.1,3829.6
2025-12-14,TR-12,12#矿车,2013,7.03,3,227.1,4787.8
2025-12-15,TR-01,01#矿车,2017,7.76,3,219.5,5112.0
2025-12-15,TR-02,02#矿车,2021,7.4,3,217.3,4826.5
2025-12-15,TR-03,03#矿车,2019,8.16,3,219.3,5369.5
2025-12-15,TR-04,04#矿车,2014,7.63,2,217.8,3322.0
2025-12-15,TR-05,05#矿车,2022,8.29,3,231.5,5757.1
2025-12-15,TR-06,06#矿车,2018,7.83,3,229.1,5380.3
2025-12-15,TR-07,07#矿车,2020,8.12,2,217.4,3529.0
2025-12-15,TR-08,08#矿车,2015,8.08,3,222.5,5395.5
2025-12-15,TR-09,09#矿车,2023,8.33,3,220.5,5511.5
2025-12-15,TR-10,10#矿车,2016,8.15,2,229.2,3736.8
2025-12-15,TR-11,11#矿车,2021,8.29,2,227.1,3764.9
2025-12-15,TR-12,12#矿车,2013,7.2,3,227.1,4905.0
2025-12-16,TR-01,01#矿车,2017,8.05,3,219.5,5299.9
2025-12-16,TR-02,02#矿车,2021,8.06,3,217.3,5254.8
2025-12-16,TR-03,03#矿车,2019,8.17,2,219.3,3584.1
2025-12-16,TR-04,04#矿车,2014,7.26,3,217.8,4745.4
2025-12-16,TR-05,05#矿车,2022,8.58,3,231.5,5959.0
2025-12-16,TR-06,06#矿车,2018,7.99,3,229.1,5491.5
2025-12-16,TR-07,07#矿车,2020,8.51,3,217.4,5546.1
2025-12-16,TR-08,08#矿车,2015,8.28,3,222.5,5524.6
2025-12-16,TR-09,09#矿车,2023,7.6,3,220.5,5030.1
2025-12-16,TR-10,10#矿车,2016,8.47,3,229.2,5825.6
2025-12-16,TR-11,11#矿车,2021,8.49,3,227.1,5783.8
2025-12-16,TR-12,12#矿车,2013,7.07,2,227.1,3213.5
2025-12-17,TR-01,01#矿车,2017,8.23,2,219.5,3613.6
2025-12-17,TR-02,02#矿车,2021,8.07,3,217.3,5260.2
2025-12-17,TR-03,03#矿车,2019,8.46,3,219.3,5566.1
2025-12-17,TR-04,04#矿车,2014,6.89,3,217.8,4501.6
2025-12-17,TR-05,05#矿车,2022,8.54,3,231.5,5930.1
2025-12-17,TR-06,06#矿车,2018,7.68,2,229.1,3519.1
2025-12-17,TR-07,07#矿车,2020,8.45,3,217.4,5510.3
2025-12-17,TR-08,08#矿车,2015,8.05,2,222.5,3582.7
2025-12-17,TR-09,09#矿车,2023,7.9,3,220.5,5229.1
2025-12-17,TR-10,10#矿车,2016,8.45,3,229.2,5813.5
2025-12-17,TR-11,11#矿车,2021,8.61,3,227.1,5866.3
2025-12-17,TR-12,12#矿车,2013,6.74,3,227.1,4594.1
2025-12-18,TR-01,01#矿车,2017,8.13,3,219.5,5357.2
2025-12-18,TR-02,02#矿车,2021,8.22,3,217.3,5361.1
2025-12-18,TR-03,03#矿车,2019,8.11,2,219.3,3556.8
2025-12-18,TR-04,04#矿车,2014,7.25,2,217.8,3155.9
2025-12-18,TR-05,05#矿车,2022,8.36,3,231.5,5806.3
2025-12-18,TR-06,06#矿车,2018,7.88,2,229.1,3608.9
2025-12-18,TR-07,07#矿车,2020,8.16,3,217.4,5322.2
2025-12-18,TR-08,08#矿车,2015,8.11,3,222.5,5415.5
2025-12-18,TR-09,09#矿车,2023,7.31,3,220.5,4837.3
2025-12-18,TR-10,10#矿车,2016,8.33,3,229.2,5731.9
2025-12-18,TR-11,11#矿车,2021,8.21,2,227.1,3728.2
2025-12-18,TR-12,12#矿车,2013,6.76,2,227.1,3069.7
2025-12-19,TR-01,01#矿车,2017,8.05,3,219.5,5300.9
2025-12-19,TR-02,02#矿车,2021,7.93,2,217.3,3448.5
2025-12-19,TR-03,03#矿车,2019,8.24,3,219.3,5423.3
2025-12-19,TR-04,04#矿车,2014,7.02,2,217.8,3057.1
2025-12-19,TR-05,05#矿车,2022,8.42,3,231.5,5851.0
2025-12-19,TR-06,06#矿车,2018,8.05,3,229.1,5532.7
2025-12-19,TR-07,07#矿车,2020,8.61,3,217.4,5612.1
2025-12-19,TR-08,08#矿车,2015,8.22,3,222.5,5487.9
2025-12-19,TR-09,09#矿车,2023,7.87,3,220.5,5206.4
2025-12-19,TR-10,10#矿车,2016,8.31,3,229.2,5713.1
2025-12-19,TR-11,11#矿车,2021,8.38,3,227.1,5709.0
2025-12-19,TR-12,12#矿车,2013,6.92,2,227.1,3142.1
2025-12-20,TR-01,01#矿车,2017,8.32,2,219.5,3651.7
2025-12-20,TR-02,02#矿车,2021,8.04,2,217.3,3494.6
2025-12-20,TR-03,03#矿车,2019,7.97,2,219.3,3494.1
2025-12-20,TR-04,04#矿车,2014,7.44,2,217.8,3238.6
2025-12-20,TR-05,05#矿车,2022,8.43,3,231.5,5858.3
2025-12-20,TR-06,06#矿车,2018,8.23,2,229.1,3771.6
2025-12-20,TR-07,07#矿车,2020,8.96,2,217.4,3895.1
2025-12-20,TR-08,08#矿车,2015,7.93,3,222.5,5296.5
2025-12-20,TR-09,09#矿车,2023,8.04,3,220.5,5318.4
2025-12-20,TR-10,10#矿车,2016,8.37,3,229.2,5756.5
2025-12-20,TR-11,11#矿车,2021,8.39,3,227.1,5714.8
2025-12-20,TR-12,12#矿车,2013,6.9,3,227.1,4698.4
2025-12-21,TR-01,01#矿车,2017,8.33,3,219.5,5488.7
2025-12-21,TR-02,02#矿车,2021,7.91,3,217.3,5157.5
2025-12-21,TR-03,03#矿车,2019,7.67,3,219.3,5045.7
2025-12-21,TR-04,04#矿车,2014,6.94,3,217.8,4535.1
2025-12-21,TR-05,05#矿车,2022,8.63,3,231.5,5993.1
2025-12-21,TR-06,06#矿车,2018,7.89,3,229.1,5425.1
2025-12-21,TR-07,07#矿车,2020,8.68,2,217.4,3771.7
2025-12-21,TR-08,08#矿车,2015,8.24,2,222.5,3665.5
2025-12-21,TR-09,09#矿车,2023,8.37,3,220.5,5535.6
2025-12-21,TR-10,10#矿车,2016,8.56,3,229.2,5884.4
2025-12-21,TR-11,11#矿车,2021,8.32,3,227.1,5666.8
2025-12-21,TR-12,12#矿车,2013,6.86,3,227.1,4677.1
2025-12-22,TR-01,01#矿车,2017,8.07,3,219.5,5312.5
2025-12-22,TR-02,02#矿车,2021,7.62,2,217.3,3312.4
2025-12-22,TR-03,03#矿车,2019,8.25,3,219.3,5431.0
2025-12-22,TR-04,04#矿车,2014,6.84,2,217.8,2978.8
2025-12-22,TR-05,05#矿车,2022,9.04,3,231.5,6278.0
2025-12-22,TR-06,06#矿车,2018,7.54,2,229.1,3454.6
2025-12-22,TR-07,07#矿车,2020,8.73,2,217.4,3792.8
2025-12-22,TR-08,08#矿车,2015,8.06,3,222.5,5382.8
2025-12-22,TR-09,09#矿车,2023,8.21,3,220.5,5433.6
2025-12-22,TR-10,10#矿车,2016,8.65,3,229.2,5946.0
2025-12-22,TR-11,11#矿车,2021,8.32,2,227.1,3778.0
2025-12-22,TR-12,12#矿车,2013,7.11,3,227.1,4841.1
2025-12-23,TR-01,01#矿车,2017,8.39,2,219.5,3684.6
2025-12-23,TR-02,02#矿车,2021,7.86,3,217.3,5120.9
2025-12-23,TR-03,03#矿车,2019,7.96,3,219.3,5240.4
2025-12-23,TR-04,04#矿车,2014,6.82,3,217.8,4453.8
2025-12-23,TR-05,05#矿车,2022,8.37,2,231.5,3876.0
2025-12-23,TR-06,06#矿车,2018,7.35,2,229.1,3369.3
2025-12-23,TR-07,07#矿车,2020,8.61,3,217.4,5611.2
2025-12-23,TR-08,08#矿车,2015,8.17,2,222.5,3635.4
2025-12-23,TR-09,09#矿车,2023,8.05,3,220.5,5328.6
2025-12-23,TR-10,10#矿车,2016,8.06,3,229.2,5541.1
2025-12-23,TR-11,11#矿车,2021,8.25,3,227.1,5620.9
2025-12-23,TR-12,12#矿车,2013,6.6,3,227.1,4493.7
2025-12-24,TR-01,01#矿车,2017,7.79,3,219.5,5132.6
2025-12-24,TR-02,02#矿车,2021,7.67,2,217.3,3333.4
2025-12-24,TR-03,03#矿车,2019,8.18,3,219.3,5379.6
2025-12-24,TR-04,04#矿车,2014,7.48,2,217.8,3257.0
2025-12-24,TR-05,05#矿车,2022,8.87,3,231.5,6164.3
2025-12-24,TR-06,06#矿车,2018,7.33,3,229.1,5035.8
2025-12-24,TR-07,07#矿车,2020,8.59,3,217.4,5604.4
2025-12-24,TR-08,08#矿车,2015,8.47,3,222.5,5653.8
2025-12-24,TR-09,09#矿车,2023,8.0,3,220.5,5289.6
2025-12-24,TR-10,10#矿车,2016,8.0,3,229.2,5503.2
2025-12-24,TR-11,11#矿车,2021,8.22,2,227.1,3734.4
2025-12-24,TR-12,12#矿车,2013,7.1,3,227.1,4835.9
2025-12-25,TR-01,01#矿车,2017,8.13,2,219.5,3569.7
2025-12-25,TR-02,02#矿车,2021,7.83,3,217.3,5103.7
2025-12-25,TR-03,03#矿车,2019,8.68,2,219.3,3809.0
2025-12-25,TR-04,04#矿车,2014,6.95,3,217.8,4542.7
2025-12-25,TR-05,05#矿车,2022,8.65,3,231.5,6004.9
2025-12-25,TR-06,06#矿车,2018,7.73,3,229.1,5312.2
2025-12-25,TR-07,07#矿车,2020,8.47,3,217.4,5524.8
2025-12-25,TR-08,08#矿车,2015,8.36,3,222.5,5579.3
2025-12-25,TR-09,09#矿车,2023,7.49,3,220.5,4953.1
2025-12-25,TR-10,10#矿车,2016,8.17,3,229.2,5616.2
2025-12-25,TR-11,11#矿车,2021,8.31,3,227.1,5658.4
2025-12-25,TR-12,12#矿车,2013,7.04,3,227.1,4795.0
2025-12-26,TR-01,01#矿车,2017,8.11,3,219.5,5340.7
2025-12-26,TR-02,02#矿车,2021,8.28,2,217.3,3598.5
2025-12-26,TR-03,03#矿车,2019,8.1,3,219.3,5328.2
2025-12-26,TR-04,04#矿车,2014,7.17,3,217.8,4682.5
2025-12-26,TR-05,05#矿车,2022,8.97,2,231.5,4154.7
2025-12-26,TR-06,06#矿车,2018,8.01,2,229.1,3669.0
2025-12-26,TR-07,07#矿车,2020,8.74,3,217.4,5700.0
2025-12-26,TR-08,08#矿车,2015,8.31,3,222.5,5547.9
2025-12-26,TR-09,09#矿车,2023,7.27,3,220.5,4808.4
2025-12-26,TR-10,10#矿车,2016,8.26,3,229.2,5679.1
2025-12-26,TR-11,11#矿车,2021,8.36,3,227.1,5693.3
2025-12-26,TR-12,12#矿车,2013,6.8,2,227.1,3086.5
2025-12-27,TR-01,01#矿车,2017,8.13,3,219.5,5352.2
2025-12-27,TR-02,02#矿车,2021,8.4,3,217.3,5475.9
2025-12-27,TR-03,03#矿车,2019,8.03,3,219.3,5280.1
2025-12-27,TR-04,04#矿车,2014,7.13,3,217.8,4654.5
2025-12-27,TR-05,05#矿车,2022,8.76,3,231.5,6084.6
2025-12-27,TR-06,06#矿车,2018,7.6,3,229.1,5226.3
2025-12-27,TR-07,07#矿车,2020,8.76,2,217.4,3809.2
2025-12-27,TR-08,08#矿车,2015,8.2,2,222.5,3647.0
2025-12-27,TR-09,09#矿车,2023,7.32,3,220.5,4839.1
2025-12-27,TR-10,10#矿车,2016,7.91,2,229.2,3627.7
2025-12-27,TR-11,11#矿车,2021,8.86,2,227.1,4022.1
2025-12-27,TR-12,12#矿车,2013,7.01,2,227.1,3184.7
2025-12-28,TR-01,01#矿车,2017,8.08,3,219.5,5318.2
2025-12-28,TR-02,02#矿车,2021,7.75,3,217.3,5051.8
2025-12-28,TR-03,03#矿车,2019,8.33,3,219.3,5480.7
2025-12-28,TR-04,04#矿车,2014,7.34,3,217.8,4794.4
2025-12-28,TR-05,05#矿车,2022,8.5,2,231.5,3935.2
2025-12-28,TR-06,06#矿车,2018,8.18,2,229.1,3748.9
2025-12-28,TR-07,07#矿车,2020,8.42,3,217.4,5488.8
2025-12-28,TR-08,08#矿车,2015,8.5,3,222.5,5674.4
2025-12-28,TR-09,09#矿车,2023,7.61,3,220.5,5035.5
2025-12-28,TR-10,10#矿车,2016,8.33,2,229.2,3820.7
2025-12-28,TR-11,11#矿车,2021,8.52,3,227.1,5806.7
2025-12-28,TR-12,12#矿车,2013,6.92,3,227.1,4717.9
2025-12-29,TR-01,01#矿车,2017,8.17,3,219.5,5380.0
2025-12-29,TR-02,02#矿车,2021,7.75,2,217.3,3367.9
2025-12-29,TR-03,03#矿车,2019,8.01,3,219.3,5267.2
2025-12-29,TR-04,04#矿车,2014,7.45,3,217.8,4867.2
2025-12-29,TR-05,05#矿车,2022,8.35,2,231.5,3866.0
2025-12-29,TR-06,06#矿车,2018,8.34,3,229.1,5735.2
2025-12-29,TR-07,07#矿车,2020,8.19,3,217.4,5340.0
2025-12-29,TR-08,08#矿车,2015,8.38,2,222.5,3727.0
2025-12-29,TR-09,09#矿车,2023,8.13,3,220.5,5378.1
2025-12-29,TR-10,10#矿车,2016,8.23,3,229.2,5657.8
2025-12-29,TR-11,11#矿车,2021,8.15,3,227.1,5552.1
2025-12-29,TR-12,12#矿车,2013,7.07,3,227.1,4814.2
2025-12-30,TR-01,01#矿车,2017,8.09,3,219.5,5329.0
2025-12-30,TR-02,02#矿车,2021,7.87,2,217.3,3422.1
2025-12-30,TR-03,03#矿车,2019,7.94,2,219.3,3482.5
2025-12-30,TR-04,04#矿车,2014,7.48,3,217.8,4885.6
2025-12-30,TR-05,05#矿车,2022,8.51,2,231.5,3940.2
2025-12-30,TR-06,06#矿车,2018,7.63,2,229.1,3494.6
2025-12-30,TR-07,07#矿车,2020,8.61,2,217.4,3742.2
2025-12-30,TR-08,08#矿车,2015,8.42,3,222.5,5617.5
2025-12-30,TR-09,09#矿车,2023,7.86,3,220.5,5199.5
2025-12-30,TR-10,10#矿车,2016,8.36,3,229.2,5752.3
2025-12-30,TR-11,11#矿车,2021,8.59,3,227.1,5852.4
2025-12-30,TR-12,12#矿车,2013,7.22,3,227.1,4922.7
2025-12-31,TR-01,01#矿车,2017,7.75,3,219.5,5102.8
2025-12-31,TR-02,02#矿车,2021,8.37,3,217.3,5456.1
2025-12-31,TR-03,03#矿车,2019,7.84,3,219.3,5160.3
2025-12-31,TR-04,04#矿车,2014,7.16,3,217.8,4680.1
2025-12-31,TR-05,05#矿车,2022,8.45,2,231.5,3914.0
2025-12-31,TR-06,06#矿车,2018,7.92,3,229.1,5443.0
2025-12-31,TR-07,07#矿车,2020,8.91,2,217.4,3871.9
2025-12-31,TR-08,08#矿车,2015,8.79,3,222.5,5866.1
2025-12-31,TR-09,09#矿车,2023,7.89,3,220.5,5217.0
2025-12-31,TR-10,10#矿车,2016,8.23,3,229.2,5662.8
2025-12-31,TR-11,11#矿车,2021,9.08,3,227.1,6183.3
2025-12-31,TR-12,12#矿车,2013,6.7,3,227.1,4562.2
2026-01-01,TR-01,01#矿车,2017,7.95,2,219.5,3492.1
2026-01-01,TR-02,02#矿车,2021,7.99,3,217.3,5209.6
2026-01-01,TR-03,03#矿车,2019,8.45,3,219.3,5562.0
2026-01-01,TR-04,04#矿车,2014,6.99,3,217.8,4569.2
2026-01-01,TR-05,05#矿车,2022,8.13,3,231.5,5647.3
2026-01-01,TR-06,06#矿车,2018,8.16,2,229.1,3737.8
2026-01-01,TR-07,07#矿车,2020,8.69,3,217.4,5665.1
2026-01-01,TR-08,08#矿车,2015,8.65,3,222.5,5776.1
2026-01-01,TR-09,09#矿车,2023,7.64,3,220.5,5054.9
2026-01-01,TR-10,10#矿车,2016,8.41,3,229.2,5781.3
2026-01-01,TR-11,11#矿车,2021,8.28,3,227.1,5637.9
2026-01-01,TR-12,12#矿车,2013,6.68,3,227.1,4553.2
2026-01-02,TR-01,01#矿车,2017,8.12,3,219.5,5347.5
2026-01-02,TR-02,02#矿车,2021,8.57,2,217.3,3726.3
2026-01-02,TR-03,03#矿车,2019,8.3,3,219.3,5458.2
2026-01-02,TR-04,04#矿车,2014,6.95,3,217.8,4537.1
2026-01-02,TR-05,05#矿车,2022,7.99,3,231.5,5546.7
2026-01-02,TR-06,06#矿车,2018,8.22,3,229.1,5651.9
2026-01-02,TR-07,07#矿车,2020,8.63,3,217.4,5624.1
2026-01-02,TR-08,08#矿车,2015,8.6,3,222.5,5738.0
2026-01-02,TR-09,09#矿车,2023,7.81,3,220.5,5165.0
2026-01-02,TR-10,10#矿车,2016,8.51,3,229.2,5855.6
2026-01-02,TR-11,11#矿车,2021,9.11,2,227.1,4138.8
2026-01-02,TR-12,12#矿车,2013,6.64,2,227.1,3016.7
2026-01-03,TR-01,01#矿车,2017,8.0,3,219.5,5267.5
2026-01-03,TR-02,02#矿车,2021,7.92,2,217.3,3440.3
2026-01-03,TR-03,03#矿车,2019,8.33,3,219.3,5483.1
2026-01-03,TR-04,04#矿车,2014,6.78,2,217.8,2953.7
2026-01-03,TR-05,05#矿车,2022,8.26,3,231.5,5736.7
2026-01-03,TR-06,06#矿车,2018,7.9,2,229.1,3618.0
2026-01-03,TR-07,07#矿车,2020,8.57,3,217.4,5589.5
2026-01-03,TR-08,08#矿车,2015,8.38,3,222.5,5593.4
2026-01-03,TR-09,09#矿车,2023,7.7,2,220.5,3394.8
2026-01-03,TR-10,10#矿车,2016,8.69,3,229.2,5979.3
2026-01-03,TR-11,11#矿车,2021,8.55,3,227.1,5822.5
2026-01-03,TR-12,12#矿车,2013,6.19,3,227.1,4219.6
2026-01-04,TR-01,01#矿车,2017,7.43,2,219.5,3261.6
2026-01-04,TR-02,02#矿车,2021,7.74,3,217.3,5047.0
2026-01-04,TR-03,03#矿车,2019,7.88,2,219.3,3456.0
2026-01-04,TR-04,04#矿车,2014,6.79,3,217.8,4432.9
2026-01-04,TR-05,05#矿车,2022,8.56,2,231.5,3963.1
2026-01-04,TR-06,06#矿车,2018,7.49,2,229.1,3432.1
2026-01-04,TR-07,07#矿车,2020,8.56,3,217.4,5579.3
2026-01-04,TR-08,08#矿车,2015,8.7,2,222.5,3869.8
2026-01-04,TR-09,09#矿车,2023,7.77,3,220.5,5137.2
2026-01-04,TR-10,10#矿车,2016,8.53,3,229.2,5864.8
2026-01-04,TR-11,11#矿车,2021,8.51,3,227.1,5798.7
2026-01-04,TR-12,12#矿车,2013,6.68,3,227.1,4548.9
2026-01-05,TR-01,01#矿车,2017,7.88,3,219.5,5191.6
2026-01-05,TR-02,02#矿车,2021,8.23,3,217.3,5366.0
2026-01-05,TR-03,03#矿车,2019,8.22,3,219.3,5407.7
2026-01-05,TR-04,04#矿车,2014,6.87,3,217.8,4486.1
2026-01-05,TR-05,05#矿车,2022,8.57,3,231.5,5950.2
2026-01-05,TR-06,06#矿车,2018,7.58,3,229.1,5207.9
2026-01-05,TR-07,07#矿车,2020,8.45,3,217.4,5512.6
2026-01-05,TR-08,08#矿车,2015,8.27,2,222.5,3679.2
2026-01-05,TR-09,09#矿车,2023,7.64,3,220.5,5053.6
2026-01-05,TR-10,10#矿车,2016,8.22,2,229.2,3770.9
2026-01-05,TR-11,11#矿车,2021,8.14,3,227.1,5544.1
2026-01-05,TR-12,12#矿车,2013,6.9,2,227.1,3133.2
2026-01-06,TR-01,01#矿车,2017,8.03,2,219.5,3525.9
2026-01-06,TR-02,02#矿车,2021,8.06,3,217.3,5256.4
2026-01-06,TR-03,03#矿车,2019,8.38,3,219.3,5513.9
2026-01-06,TR-04,04#矿车,2014,7.0,3,217.8,4571.9
2026-01-06,TR-05,05#矿车,2022,8.48,2,231.5,3926.0
2026-01-06,TR-06,06#矿车,2018,7.62,3,229.1,5234.4
2026-01-06,TR-07,07#矿车,2020,8.52,3,217.4,5553.2
2026-01-06,TR-08,08#矿车,2015,8.54,2,222.5,3798.5
2026-01-06,TR-09,09#矿车,2023,7.63,2,220.5,3365.9
2026-01-06,TR-10,10#矿车,2016,8.06,3,229.2,5546.2
2026-01-06,TR-11,11#矿车,2021,8.28,2,227.1,3760.3
2026-01-06,TR-12,12#矿车,2013,7.05,3,227.1,4803.5
2026-01-07,TR-01,01#矿车,2017,7.89,2,219.5,3464.9
2026-01-07,TR-02,02#矿车,2021,8.35,3,217.3,5443.7
2026-01-07,TR-03,03#矿车,2019,8.44,3,219.3,5550.7
2026-01-07,TR-04,04#矿车,2014,6.75,2,217.8,2941.1
2026-01-07,TR-05,05#矿车,2022,8.65,3,231.5,6008.6
2026-01-07,TR-06,06#矿车,2018,7.93,2,229.1,3632.7
2026-01-07,TR-07,07#矿车,2020,8.16,3,217.4,5319.2
2026-01-07,TR-08,08#矿车,2015,8.42,2,222.5,3746.5
2026-01-07,TR-09,09#矿车,2023,8.26,3,220.5,5463.3
2026-01-07,TR-10,10#矿车,2016,8.14,3,229.2,5598.6
2026-01-07,TR-11,11#矿车,2021,8.26,2,227.1,3749.6
2026-01-07,TR-12,12#矿车,2013,6.96,3,227.1,4743.4
2026-01-08,TR-01,01#矿车,2017,7.67,3,219.5,5052.0
2026-01-08,TR-02,02#矿车,2021,8.4,3,217.3,5473.1
2026-01-08,TR-03,03#矿车,2019,8.43,2,219.3,3698.7
2026-01-08,TR-04,04#矿车,2014,6.82,2,217.8,2972.2
2026-01-08,TR-05,05#矿车,2022,8.57,2,231.5,3968.8
2026-01-08,TR-06,06#矿车,2018,8.13,3,229.1,5589.6
2026-01-08,TR-07,07#矿车,2020,8.37,3,217.4,5457.8
2026-01-08,TR-08,08#矿车,2015,8.4,3,222.5,5604.4
2026-01-08,TR-09,09#矿车,2023,8.25,3,220.5,5458.1
2026-01-08,TR-10,10#矿车,2016,8.13,2,229.2,3725.3
2026-01-08,TR-11,11#矿车,2021,8.35,3,227.1,5684.8
2026-01-08,TR-12,12#矿车,2013,7.03,3,227.1,4790.0
2026-01-09,TR-01,01#矿车,2017,8.33,3,219.5,5487.1
2026-01-09,TR-02,02#矿车,2021,7.61,3,217.3,4960.7
2026-01-09,TR-03,03#矿车,2019,8.17,3,219.3,5375.4
2026-01-09,TR-04,04#矿车,2014,7.18,3,217.8,4688.8
2026-01-09,TR-05,05#矿车,2022,8.6,2,231.5,3980.4
2026-01-09,TR-06,06#矿车,2018,7.7,3,229.1,5293.9
2026-01-09,TR-07,07#矿车,2020,8.28,2,217.4,3599.0
2026-01-09,TR-08,08#矿车,2015,8.55,2,222.5,3806.8
2026-01-09,TR-09,09#矿车,2023,8.47,3,220.5,5603.3
2026-01-09,TR-10,10#矿车,2016,8.16,3,229.2,5615.0
2026-01-09,TR-11,11#矿车,2021,8.31,3,227.1,5659.9
2026-01-09,TR-12,12#矿车,2013,7.2,3,227.1,4902.3
2026-01-10,TR-01,01#矿车,2017,8.21,3,219.5,5407.2
2026-01-10,TR-02,02#矿车,2021,8.01,3,217.3,5224.5
2026-01-10,TR-03,03#矿车,2019,8.09,3,219.3,5321.9
2026-01-10,TR-04,04#矿车,2014,7.22,3,217.8,4718.5
2026-01-10,TR-05,05#矿车,2022,8.28,3,231.5,5751.8
2026-01-10,TR-06,06#矿车,2018,7.58,3,229.1,5208.7
2026-01-10,TR-07,07#矿车,2020,8.62,3,217.4,5621.9
2026-01-10,TR-08,08#矿车,2015,8.28,3,222.5,5528.1
2026-01-10,TR-09,09#矿车,2023,7.76,3,220.5,5136.6
2026-01-10,TR-10,10#矿车,2016,8.09,3,229.2,5567.2
2026-01-10,TR-11,11#矿车,2021,8.34,3,227.1,5678.0
2026-01-10,TR-12,12#矿车,2013,6.76,3,227.1,4608.5
2026-01-11,TR-01,01#矿车,2017,7.74,3,219.5,5095.1
2026-01-11,TR-02,02#矿车,2021,7.83,3,217.3,5105.9
2026-01-11,TR-03,03#矿车,2019,8.29,3,219.3,5457.0
2026-01-11,TR-04,04#矿车,2014,6.64,2,217.8,2892.6
2026-01-11,TR-05,05#矿车,2022,8.19,2,231.5,3793.7
2026-01-11,TR-06,06#矿车,2018,7.81,3,229.1,5366.2
2026-01-11,TR-07,07#矿车,2020,4.76,1,217.4,1035.4
2026-01-11,TR-08,08#矿车,2015,8.32,3,222.5,5553.6
2026-01-11,TR-09,09#矿车,2023,7.59,3,220.5,5023.6
2026-01-11,TR-10,10#矿车,2016,8.25,3,229.2,5672.0
2026-01-11,TR-11,11#矿车,2021,8.19,3,227.1,5579.7
2026-01-11,TR-12,12#矿车,2013,6.49,3,227.1,4424.2
2026-01-12,TR-01,01#矿车,2017,7.87,2,219.5,3456.0
2026-01-12,TR-02,02#矿车,2021,7.96,3,217.3,5190.0
2026-01-12,TR-03,03#矿车,2019,7.98,3,219.3,5252.4
2026-01-12,TR-04,04#矿车,2014,6.85,3,217.8,4473.9
2026-01-12,TR-05,05#矿车,2022,8.54,3,231.5,5934.7
2026-01-12,TR-06,06#矿车,2018,8.32,2,229.1,3812.5
2026-01-12,TR-07,07#矿车,2020,8.43,2,217.4,3665.5
2026-01-12,TR-08,08#矿车,2015,8.23,3,222.5,5492.2
2026-01-12,TR-09,09#矿车,2023,7.44,3,220.5,4921.9
2026-01-12,TR-10,10#矿车,2016,8.21,2,229.2,3763.7
2026-01-12,TR-11,11#矿车,2021,8.31,2,227.1,3775.8
2026-01-12,TR-12,12#矿车,2013,7.07,3,227.1,4818.9
2026-01-13,TR-01,01#矿车,2017,7.85,2,219.5,3446.8
2026-01-13,TR-02,02#矿车,2021,8.47,2,217.3,3680.4
2026-01-13,TR-03,03#矿车,2019,8.05,3,219.3,5298.8
2026-01-13,TR-04,04#矿车,2014,7.35,3,217.8,4799.5
2026-01-13,TR-05,05#矿车,2022,8.52,3,231.5,5919.2
2026-01-13,TR-06,06#矿车,2018,8.15,3,229.1,5598.2
2026-01-13,TR-07,07#矿车,2020,8.54,3,217.4,5570.6
2026-01-13,TR-08,08#矿车,2015,8.29,2,222.5,3688.9
2026-01-13,TR-09,09#矿车,2023,7.6,2,220.5,3352.4
2026-01-13,TR-10,10#矿车,2016,8.73,3,229.2,6003.1
2026-01-13,TR-11,11#矿车,2021,8.07,2,227.1,3664.4
2026-01-13,TR-12,12#矿车,2013,6.86,2,227.1,3117.7
2026-01-14,TR-01,01#矿车,2017,7.81,2,219.5,3427.4
2026-01-14,TR-02,02#矿车,2021,7.89,3,217.3,5144.0
2026-01-14,TR-03,03#矿车,2019,7.68,2,219.3,3370.6
2026-01-14,TR-04,04#矿车,2014,7.08,2,217.8,3081.8
2026-01-14,TR-05,05#矿车,2022,8.19,3,231.5,5686.8
2026-01-14,TR-06,06#矿车,2018,8.31,3,229.1,5708.3
2026-01-14,TR-07,07#矿车,2020,8.85,3,217.4,5767.9
2026-01-14,TR-08,08#矿车,2015,8.15,3,222.5,5439.3
2026-01-14,TR-09,09#矿车,2023,7.52,3,220.5,4972.1
2026-01-14,TR-10,10#矿车,2016,8.86,3,229.2,6093.2
2026-01-14,TR-11,11#矿车,2021,8.22,3,227.1,5597.2
2026-01-14,TR-12,12#矿车,2013,7.11,3,227.1,4847.5
2026-01-15,TR-01,01#矿车,2017,7.93,3,219.5,5223.6
2026-01-15,TR-02,02#矿车,2021,8.5,3,217.3,5540.3
2026-01-15,TR-03,03#矿车,2019,7.64,2,219.3,3350.6
2026-01-15,TR-04,04#矿车,2014,6.88,3,217.8,4493.8
2026-01-15,TR-05,05#矿车,2022,8.36,3,231.5,5804.3
2026-01-15,TR-06,06#矿车,2018,7.9,3,229.1,5429.9
2026-01-15,TR-07,07#矿车,2020,9.03,2,217.4,3924.2
2026-01-15,TR-08,08#矿车,2015,7.93,2,222.5,3529.4
2026-01-15,TR-09,09#矿车,2023,7.36,3,220.5,4868.6
2026-01-15,TR-10,10#矿车,2016,8.3,2,229.2,3803.2
2026-01-15,TR-11,11#矿车,2021,8.3,3,227.1,5656.7
2026-01-15,TR-12,12#矿车,2013,6.84,3,227.1,4658.0
2026-01-16,TR-01,01#矿车,2017,7.72,3,219.5,5082.8
2026-01-16,TR-02,02#矿车,2021,8.18,2,217.3,3554.5
2026-01-16,TR-03,03#矿车,2019,8.07,2,219.3,3538.6
2026-01-16,TR-04,04#矿车,2014,7.05,3,217.8,4602.9
2026-01-16,TR-05,05#矿车,2022,8.21,3,231.5,5703.2
2026-01-16,TR-06,06#矿车,2018,7.98,2,229.1,3657.2
2026-01-16,TR-07,07#矿车,2020,8.86,3,217.4,5774.1
2026-01-16,TR-08,08#矿车,2015,8.21,3,222.5,5480.8
2026-01-16,TR-09,09#矿车,2023,7.25,3,220.5,4798.3
2026-01-16,TR-10,10#矿车,2016,7.92,2,229.2,3631.4
2026-01-16,TR-11,11#矿车,2021,8.21,3,227.1,5592.1
2026-01-16,TR-12,12#矿车,2013,6.93,2,227.1,3147.8
2026-01-17,TR-01,01#矿车,2017,8.31,3,219.5,5474.5
2026-01-17,TR-02,02#矿车,2021,8.28,3,217.3,5399.3
2026-01-17,TR-03,03#矿车,2019,8.05,3,219.3,5296.8
2026-01-17,TR-04,04#矿车,2014,7.38,2,217.8,3215.7
2026-01-17,TR-05,05#矿车,2022,8.36,3,231.5,5804.1
2026-01-17,TR-06,06#矿车,2018,7.8,2,229.1,3575.6
2026-01-17,TR-07,07#矿车,2020,8.94,3,217.4,5828.1
2026-01-17,TR-08,08#矿车,2015,8.58,3,222.5,5726.5
2026-01-17,TR-09,09#矿车,2023,7.34,3,220.5,4853.9
2026-01-17,TR-10,10#矿车,2016,8.29,3,229.2,5702.9
2026-01-17,TR-11,11#矿车,2021,8.06,2,227.1,3660.3
2026-01-17,TR-12,12#矿车,2013,6.86,3,227.1,4671.8
2026-01-18,TR-01,01#矿车,2017,8.17,3,219.5,5377.5
2026-01-18,TR-02,02#矿车,2021,8.18,3,217.3,5330.8
2026-01-18,TR-03,03#矿车,2019,8.28,3,219.3,5448.4
2026-01-18,TR-04,04#矿车,2014,6.91,2,217.8,3009.3
2026-01-18,TR-05,05#矿车,2022,8.57,2,231.5,3967.3
2026-01-18,TR-06,06#矿车,2018,8.11,3,229.1,5572.6
2026-01-18,TR-07,07#矿车,2020,8.67,3,217.4,5651.8
2026-01-18,TR-08,08#矿车,2015,8.74,2,222.5,3890.5
2026-01-18,TR-09,09#矿车,2023,7.4,2,220.5,3264.3
2026-01-18,TR-10,10#矿车,2016,8.08,3,229.2,5553.8
2026-01-18,TR-11,11#矿车,2021,7.88,3,227.1,5368.3
2026-01-18,TR-12,12#矿车,2013,6.92,2,227.1,3144.9
2026-01-19,TR-01,01#矿车,2017,7.93,3,219.5,5224.9
2026-01-19,TR-02,02#矿车,2021,8.24,3,217.3,5373.2
2026-01-19,TR-03,03#矿车,2019,7.91,3,219.3,5206.3
2026-01-19,TR-04,04#矿车,2014,7.06,2,217.8,3073.4
2026-01-19,TR-05,05#矿车,2022,8.12,3,231.5,5642.3
2026-01-19,TR-06,06#矿车,2018,8.07,3,229.1,5546.6
2026-01-19,TR-07,07#矿车,2020,8.59,2,217.4,3735.0
2026-01-19,TR-08,08#矿车,2015,8.49,3,222.5,5667.7
2026-01-19,TR-09,09#矿车,2023,7.7,3,220.5,5090.6
2026-01-19,TR-10,10#矿车,2016,8.19,3,229.2,5629.5
2026-01-19,TR-11,11#矿车,2021,8.48,3,227.1,5778.5
2026-01-19,TR-12,12#矿车,2013,7.06,3,227.1,4809.8
2026-01-20,TR-01,01#矿车,2017,7.68,3,219.5,5058.9
2026-01-20,TR-02,02#矿车,2021,8.5,3,217.3,5542.5
2026-01-20,TR-03,03#矿车,2019,8.0,2,219.3,3509.9
2026-01-20,TR-04,04#矿车,2014,7.21,3,217.8,4708.8
2026-01-20,TR-05,05#矿车,2022,8.37,3,231.5,5816.6
2026-01-20,TR-06,06#矿车,2018,7.57,3,229.1,5204.8
2026-01-20,TR-07,07#矿车,2020,8.27,3,217.4,5392.2
2026-01-20,TR-08,08#矿车,2015,8.06,2,222.5,3584.7
2026-01-20,TR-09,09#矿车,2023,7.21,2,220.5,3180.8
2026-01-20,TR-10,10#矿车,2016,8.42,3,229.2,5789.7
2026-01-20,TR-11,11#矿车,2021,8.78,2,227.1,3987.8
2026-01-20,TR-12,12#矿车,2013,7.01,3,227.1,4775.2
2026-01-21,TR-01,01#矿车,2017,8.0,3,219.5,5270.3
2026-01-21,TR-02,02#矿车,2021,8.28,3,217.3,5396.0
2026-01-21,TR-03,03#矿车,2019,8.03,2,219.3,3524.3
2026-01-21,TR-04,04#矿车,2014,6.95,2,217.8,3028.6
2026-01-21,TR-05,05#矿车,2022,8.38,3,231.5,5822.0
2026-01-21,TR-06,06#矿车,2018,8.17,3,229.1,5618.4
2026-01-21,TR-07,07#矿车,2020,8.22,3,217.4,5359.1
2026-01-21,TR-08,08#矿车,2015,8.4,2,222.5,3736.5
2026-01-21,TR-09,09#矿车,2023,7.8,2,220.5,3442.0
2026-01-21,TR-10,10#矿车,2016,8.36,3,229.2,5747.9
2026-01-21,TR-11,11#矿车,2021,9.0,3,227.1,6132.3
2026-01-21,TR-12,12#矿车,2013,6.77,3,227.1,4615.1
2026-01-22,TR-01,01#矿车,2017,8.36,2,219.5,3669.7
2026-01-22,TR-02,02#矿车,2021,8.0,3,217.3,5213.0
2026-01-22,TR-03,03#矿车,2019,8.56,2,219.3,3754.4
2026-01-22,TR-04,04#矿车,2014,6.83,2,217.8,2974.6
2026-01-22,TR-05,05#矿车,2022,7.97,3,231.5,5538.7
2026-01-22,TR-06,06#矿车,2018,8.63,3,229.1,5933.8
2026-01-22,TR-07,07#矿车,2020,8.3,2,217.4,3609.5
2026-01-22,TR-08,08#矿车,2015,8.58,2,222.5,3820.0
2026-01-22,TR-09,09#矿车,2023,7.92,3,220.5,5241.6
2026-01-22,TR-10,10#矿车,2016,8.1,2,229.2,3712.9
2026-01-22,TR-11,11#矿车,2021,9.02,2,227.1,4096.3
2026-01-22,TR-12,12#矿车,2013,7.22,2,227.1,3279.3
2026-01-23,TR-01,01#矿车,2017,8.21,2,219.5,3605.5
2026-01-23,TR-02,02#矿车,2021,8.17,2,217.3,3549.7
2026-01-23,TR-03,03#矿车,2019,8.89,2,219.3,3900.2
2026-01-23,TR-04,04#矿车,2014,6.94,3,217.8,4533.6
2026-01-23,TR-05,05#矿车,2022,8.26,2,231.5,3824.7
2026-01-23,TR-06,06#矿车,2018,8.11,3,229.1,5575.0
2026-01-23,TR-07,07#矿车,2020,8.68,2,217.4,3773.8
2026-01-23,TR-08,08#矿车,2015,9.02,3,222.5,6022.4
2026-01-23,TR-09,09#矿车,2023,8.11,3,220.5,5364.2
2026-01-23,TR-10,10#矿车,2016,8.39,2,229.2,3846.6
2026-01-23,TR-11,11#矿车,2021,9.03,2,227.1,4102.0
2026-01-23,TR-12,12#矿车,2013,7.57,3,227.1,5159.2
2026-01-24,TR-01,01#矿车,2017,7.74,3,219.5,5099.5
2026-01-24,TR-02,02#矿车,2021,7.7,2,217.3,3348.5
2026-01-24,TR-03,03#矿车,2019,8.42,3,219.3,5541.3
2026-01-24,TR-04,04#矿车,2014,7.1,2,217.8,3093.3
2026-01-24,TR-05,05#矿车,2022,8.75,2,231.5,4050.1
2026-01-24,TR-06,06#矿车,2018,7.32,3,229.1,5032.7
2026-01-24,TR-07,07#矿车,2020,8.84,3,217.4,5764.8
2026-01-24,TR-08,08#矿车,2015,8.57,2,222.5,3812.1
2026-01-24,TR-09,09#矿车,2023,7.86,3,220.5,5198.3
2026-01-24,TR-10,10#矿车,2016,8.7,3,229.2,5986.3
2026-01-24,TR-11,11#矿车,2021,8.55,2,227.1,3882.7
2026-01-24,TR-12,12#矿车,2013,7.2,2,227.1,3270.3
2026-01-25,TR-01,01#矿车,2017,7.79,2,219.5,3420.2
2026-01-25,TR-02,02#矿车,2021,8.18,3,217.3,5329.9
2026-01-25,TR-03,03#矿车,2019,8.58,3,219.3,5642.5
2026-01-25,TR-04,04#矿车,2014,7.78,3,217.8,5081.2
2026-01-25,TR-05,05#矿车,2022,8.72,2,231.5,4036.4
2026-01-25,TR-06,06#矿车,2018,7.27,3,229.1,4999.5
2026-01-25,TR-07,07#矿车,2020,8.88,2,217.4,3861.3
2026-01-25,TR-08,08#矿车,2015,8.54,2,222.5,3801.8
2026-01-25,TR-09,09#矿车,2023,7.71,3,220.5,5103.1
2026-01-25,TR-10,10#矿车,2016,8.24,3,229.2,5666.3
2026-01-25,TR-11,11#矿车,2021,8.68,2,227.1,3941.9
2026-01-25,TR-12,12#矿车,2013,6.76,3,227.1,4603.2
2026-01-26,TR-01,01#矿车,2017,8.37,3,219.5,5514.5
2026-01-26,TR-02,02#矿车,2021,8.21,3,217.3,5352.0
2026-01-26,TR-03,03#矿车,2019,8.15,3,219.3,5363.5
2026-01-26,TR-04,04#矿车,2014,7.49,3,217.8,4893.0
2026-01-26,TR-05,05#矿车,2022,9.02,3,231.5,6266.6
2026-01-26,TR-06,06#矿车,2018,7.84,3,229.1,5388.5
2026-01-26,TR-07,07#矿车,2020,8.63,3,217.4,5627.4
2026-01-26,TR-08,08#矿车,2015,8.18,2,222.5,3641.2
2026-01-26,TR-09,09#矿车,2023,7.77,3,220.5,5139.0
2026-01-26,TR-10,10#矿车,2016,8.64,3,229.2,5938.7
2026-01-26,TR-11,11#矿车,2021,8.5,3,227.1,5792.8
2026-01-26,TR-12,12#矿车,2013,7.04,3,227.1,4796.4
2026-01-27,TR-01,01#矿车,2017,7.86,3,219.5,5174.8
2026-01-27,TR-02,02#矿车,2021,7.9,3,217.3,5148.9
2026-01-27,TR-03,03#矿车,2019,8.36,3,219.3,5499.9
2026-01-27,TR-04,04#矿车,2014,7.24,3,217.8,4726.6
2026-01-27,TR-05,05#矿车,2022,8.94,3,231.5,6207.7
2026-01-27,TR-06,06#矿车,2018,8.18,3,229.1,5620.5
2026-01-27,TR-07,07#矿车,2020,8.72,3,217.4,5685.9
2026-01-27,TR-08,08#矿车,2015,8.37,3,222.5,5587.6
2026-01-27,TR-09,09#矿车,2023,7.38,3,220.5,4884.8
2026-01-27,TR-10,10#矿车,2016,8.5,3,229.2,5848.4
2026-01-27,TR-11,11#矿车,2021,8.16,2,227.1,3706.1
2026-01-27,TR-12,12#矿车,2013,6.89,2,227.1,3131.5
2026-01-28,TR-01,01#矿车,2017,7.79,2,219.5,3422.2
2026-01-28,TR-02,02#矿车,2021,8.19,3,217.3,5340.0
2026-01-28,TR-03,03#矿车,2019,7.63,3,219.3,5020.6
2026-01-28,TR-04,04#矿车,2014,7.19,3,217.8,4696.9
2026-01-28,TR-05,05#矿车,2022,8.6,3,231.5,5970.0
2026-01-28,TR-06,06#矿车,2018,8.09,2,229.1,3704.5
2026-01-28,TR-07,07#矿车,2020,8.46,2,217.4,3676.2
2026-01-28,TR-08,08#矿车,2015,8.24,3,222.5,5501.7
2026-01-28,TR-09,09#矿车,2023,7.88,3,220.5,5211.8
2026-01-28,TR-10,10#矿车,2016,7.91,3,229.2,5439.2
2026-01-28,TR-11,11#矿车,2021,8.45,2,227.1,3837.1
2026-01-28,TR-12,12#矿车,2013,6.63,2,227.1,3009.8
2026-01-29,TR-01,01#矿车,2017,8.01,3,219.5,5274.3
2026-01-29,TR-02,02#矿车,2021,7.63,2,217.3,3315.0
2026-01-29,TR-03,03#矿车,2019,8.49,2,219.3,3723.0
2026-01-29,TR-04,04#矿车,2014,7.32,2,217.8,3187.8
2026-01-29,TR-05,05#矿车,2022,8.83,2,231.5,4091.0
2026-01-29,TR-06,06#矿车,2018,7.25,3,229.1,4983.3
2026-01-29,TR-07,07#矿车,2020,8.39,2,217.4,3646.1
2026-01-29,TR-08,08#矿车,2015,8.38,3,222.5,5592.6
2026-01-29,TR-09,09#矿车,2023,7.48,2,220.5,3298.0
2026-01-29,TR-10,10#矿车,2016,8.52,2,229.2,3908.5
2026-01-29,TR-11,11#矿车,2021,8.25,2,227.1,3745.5
2026-01-29,TR-12,12#矿车,2013,6.42,3,227.1,4371.5
2026-01-30,TR-01,01#矿车,2017,7.59,3,219.5,5001.2
2026-01-30,TR-02,02#矿车,2021,8.53,2,217.3,3705.4
2026-01-30,TR-03,03#矿车,2019,8.1,3,219.3,5327.2
2026-01-30,TR-04,04#矿车,2014,7.35,2,217.8,3202.6
2026-01-30,TR-05,05#矿车,2022,8.46,2,231.5,3916.8
2026-01-30,TR-06,06#矿车,2018,7.8,2,229.1,3573.1
2026-01-30,TR-07,07#矿车,2020,8.5,3,217.4,5539.8
2026-01-30,TR-08,08#矿车,2015,8.57,3,222.5,5717.8
2026-01-30,TR-09,09#矿车,2023,7.89,2,220.5,3479.8
2026-01-30,TR-10,10#矿车,2016,7.91,3,229.2,5441.9
2026-01-30,TR-11,11#矿车,2021,8.01,3,227.1,5458.5
2026-01-30,TR-12,12#矿车,2013,6.52,3,227.1,4442.1
2026-01-31,TR-01,01#矿车,2017,7.78,3,219.5,5121.3
2026-01-31,TR-02,02#矿车,2021,8.23,2,217.3,3578.5
2026-01-31,TR-03,03#矿车,2019,8.05,3,219.3,5293.8
2026-01-31,TR-04,04#矿车,2014,7.31,3,217.8,4775.1
2026-01-31,TR-05,05#矿车,2022,8.16,2,231.5,3778.0
2026-01-31,TR-06,06#矿车,2018,7.98,2,229.1,3657.9
2026-01-31,TR-07,07#矿车,2020,8.4,3,217.4,5479.3
2026-01-31,TR-08,08#矿车,2015,8.33,3,222.5,5562.8
2026-01-31,TR-09,09#矿车,2023,7.64,3,220.5,5056.3
2026-01-31,TR-10,10#矿车,2016,8.29,3,229.2,5700.1
2026-01-31,TR-11,11#矿车,2021,8.37,3,227.1,5698.8
2026-01-31,TR-12,12#矿车,2013,7.02,2,227.1,3188.4
2026-02-01,TR-01,01#矿车,2017,7.86,3,219.5,5178.5
2026-02-01,TR-02,02#矿车,2021,8.6,3,217.3,5605.2
2026-02-01,TR-03,03#矿车,2019,8.22,3,219.3,5406.4
2026-02-01,TR-04,04#矿车,2014,4.6,0,217.8,0.0
2026-02-01,TR-05,05#矿车,2022,8.45,3,231.5,5865.9
2026-02-01,TR-06,06#矿车,2018,8.04,3,229.1,5526.4
2026-02-01,TR-07,07#矿车,2020,9.22,3,217.4,6012.7
2026-02-01,TR-08,08#矿车,2015,8.43,3,222.5,5624.4
2026-02-01,TR-09,09#矿车,2023,7.57,2,220.5,3340.0
2026-02-01,TR-10,10#矿车,2016,8.77,3,229.2,6029.0
2026-02-01,TR-11,11#矿车,2021,8.4,2,227.1,3816.0
2026-02-01,TR-12,12#矿车,2013,7.67,3,227.1,5224.7
2026-02-02,TR-01,01#矿车,2017,8.23,2,219.5,3614.6
2026-02-02,TR-02,02#矿车,2021,8.71,2,217.3,3783.4
2026-02-02,TR-03,03#矿车,2019,7.85,3,219.3,5166.2
2026-02-02,TR-04,04#矿车,2014,6.99,3,217.8,4564.8
2026-02-02,TR-05,05#矿车,2022,8.36,3,231.5,5807.9
2026-02-02,TR-06,06#矿车,2018,8.15,2,229.1,3736.0
2026-02-02,TR-07,07#矿车,2020,8.48,2,217.4,3685.9
2026-02-02,TR-08,08#矿车,2015,8.31,3,222.5,5549.0
2026-02-02,TR-09,09#矿车,2023,7.43,2,220.5,3276.0
2026-02-02,TR-10,10#矿车,2016,8.71,3,229.2,5993.5
2026-02-02,TR-11,11#矿车,2021,8.57,3,227.1,5837.8
2026-02-02,TR-12,12#矿车,2013,7.14,3,227.1,4863.8
2026-02-03,TR-01,01#矿车,2017,8.53,2,219.5,3743.3
2026-02-03,TR-02,02#矿车,2021,8.38,3,217.3,5461.3
2026-02-03,TR-03,03#矿车,2019,7.92,2,219.3,3474.4
2026-02-03,TR-04,04#矿车,2014,7.18,3,217.8,4689.4
2026-02-03,TR-05,05#矿车,2022,8.16,3,231.5,5670.8
2026-02-03,TR-06,06#矿车,2018,8.01,3,229.1,5504.5
2026-02-03,TR-07,07#矿车,2020,8.56,3,217.4,5583.3
2026-02-03,TR-08,08#矿车,2015,8.43,3,222.5,5624.2
2026-02-03,TR-09,09#矿车,2023,7.9,3,220.5,5228.4
2026-02-03,TR-10,10#矿车,2016,8.18,2,229.2,3751.1
2026-02-03,TR-11,11#矿车,2021,8.46,2,227.1,3841.8
2026-02-03,TR-12,12#矿车,2013,7.26,2,227.1,3297.5
2026-02-04,TR-01,01#矿车,2017,8.48,3,219.5,5588.1
2026-02-04,TR-02,02#矿车,2021,8.27,2,217.3,3595.2
2026-02-04,TR-03,03#矿车,2019,7.94,2,219.3,3480.8
2026-02-04,TR-04,04#矿车,2014,7.26,2,217.8,3160.0
2026-02-04,TR-05,05#矿车,2022,8.19,3,231.5,5690.1
2026-02-04,TR-06,06#矿车,2018,8.0,2,229.1,3665.5
2026-02-04,TR-07,07#矿车,2020,8.3,2,217.4,3609.3
2026-02-04,TR-08,08#矿车,2015,8.71,3,222.5,5816.4
2026-02-04,TR-09,09#矿车,2023,7.76,2,220.5,3422.9
2026-02-04,TR-10,10#矿车,2016,8.36,3,229.2,5751.9
2026-02-04,TR-11,11#矿车,2021,8.5,3,227.1,5788.9
2026-02-04,TR-12,12#矿车,2013,6.87,2,227.1,3120.1
2026-02-05,TR-01,01#矿车,2017,8.27,3,219.5,5448.9
2026-02-05,TR-02,02#矿车,2021,8.33,3,217.3,5427.9
2026-02-05,TR-03,03#矿车,2019,5.26,0,219.3,0.0
2026-02-05,TR-04,04#矿车,2014,6.81,2,217.8,2966.1
2026-02-05,TR-05,05#矿车,2022,8.61,2,231.5,3986.1
2026-02-05,TR-06,06#矿车,2018,8.24,3,229.1,5662.0
2026-02-05,TR-07,07#矿车,2020,8.52,3,217.4,5556.4
2026-02-05,TR-08,08#矿车,2015,8.83,3,222.5,5893.8
2026-02-05,TR-09,09#矿车,2023,7.55,2,220.5,3329.2
2026-02-05,TR-10,10#矿车,2016,8.2,3,229.2,5640.9
2026-02-05,TR-11,11#矿车,2021,8.54,2,227.1,3879.1
2026-02-05,TR-12,12#矿车,2013,6.81,3,227.1,4639.9
2026-02-06,TR-01,01#矿车,2017,7.77,3,219.5,5119.6
2026-02-06,TR-02,02#矿车,2021,8.22,3,217.3,5359.2
2026-02-06,TR-03,03#矿车,2019,8.01,3,219.3,5272.7
2026-02-06,TR-04,04#矿车,2014,6.93,3,217.8,4528.5
2026-02-06,TR-05,05#矿车,2022,8.31,2,231.5,3850.2
2026-02-06,TR-06,06#矿车,2018,7.91,3,229.1,5436.9
2026-02-06,TR-07,07#矿车,2020,8.23,2,217.4,3579.4
2026-02-06,TR-08,08#矿车,2015,8.49,2,222.5,3776.5
2026-02-06,TR-09,09#矿车,2023,7.96,3,220.5,5265.9
2026-02-06,TR-10,10#矿车,2016,8.17,3,229.2,5617.3
2026-02-06,TR-11,11#矿车,2021,7.81,3,227.1,5318.5
2026-02-06,TR-12,12#矿车,2013,7.05,3,227.1,4804.2
2026-02-07,TR-01,01#矿车,2017,7.7,2,219.5,3382.4
2026-02-07,TR-02,02#矿车,2021,7.96,3,217.3,5186.3
2026-02-07,TR-03,03#矿车,2019,8.04,3,219.3,5288.8
2026-02-07,TR-04,04#矿车,2014,7.45,3,217.8,4867.1
2026-02-07,TR-05,05#矿车,2022,8.64,2,231.5,3999.2
2026-02-07,TR-06,06#矿车,2018,7.95,2,229.1,3643.6
2026-02-07,TR-07,07#矿车,2020,8.0,2,217.4,3476.6
2026-02-07,TR-08,08#矿车,2015,8.82,3,222.5,5886.2
2026-02-07,TR-09,09#矿车,2023,7.67,3,220.5,5070.8
2026-02-07,TR-10,10#矿车,2016,8.5,3,229.2,5843.1
2026-02-07,TR-11,11#矿车,2021,8.34,2,227.1,3789.6
2026-02-07,TR-12,12#矿车,2013,6.98,2,227.1,3172.1
2026-02-08,TR-01,01#矿车,2017,7.95,2,219.5,3488.9
2026-02-08,TR-02,02#矿车,2021,7.97,2,217.3,3462.7
2026-02-08,TR-03,03#矿车,2019,8.22,3,219.3,5411.3
2026-02-08,TR-04,04#矿车,2014,7.32,2,217.8,3186.4
2026-02-08,TR-05,05#矿车,2022,8.32,3,231.5,5775.6
2026-02-08,TR-06,06#矿车,2018,8.51,3,229.1,5850.2
2026-02-08,TR-07,07#矿车,2020,8.58,3,217.4,5593.7
2026-02-08,TR-08,08#矿车,2015,7.81,3,222.5,5215.1
2026-02-08,TR-09,09#矿车,2023,7.43,2,220.5,3276.9
2026-02-08,TR-10,10#矿车,2016,8.58,3,229.2,5901.4
2026-02-08,TR-11,11#矿车,2021,7.8,2,227.1,3543.2
2026-02-08,TR-12,12#矿车,2013,6.78,2,227.1,3081.1
2026-02-09,TR-01,01#矿车,2017,8.27,3,219.5,5449.4
2026-02-09,TR-02,02#矿车,2021,7.8,3,217.3,5087.9
2026-02-09,TR-03,03#矿车,2019,8.19,3,219.3,5387.2
2026-02-09,TR-04,04#矿车,2014,6.89,2,217.8,3001.2
2026-02-09,TR-05,05#矿车,2022,8.59,2,231.5,3979.7
2026-02-09,TR-06,06#矿车,2018,7.78,2,229.1,3565.7
2026-02-09,TR-07,07#矿车,2020,8.31,2,217.4,3613.0
2026-02-09,TR-08,08#矿车,2015,8.36,3,222.5,5582.5
2026-02-09,TR-09,09#矿车,2023,7.93,2,220.5,3498.5
2026-02-09,TR-10,10#矿车,2016,8.83,3,229.2,6070.7
2026-02-09,TR-11,11#矿车,2021,7.89,2,227.1,3582.4
2026-02-09,TR-12,12#矿车,2013,6.77,3,227.1,4610.6
2026-02-10,TR-01,01#矿车,2017,8.67,3,219.5,5712.6
2026-02-10,TR-02,02#矿车,2021,7.93,3,217.3,5167.0
2026-02-10,TR-03,03#矿车,2019,8.52,2,219.3,3737.1
2026-02-10,TR-04,04#矿车,2014,6.95,3,217.8,4541.2
2026-02-10,TR-05,05#矿车,2022,8.53,2,231.5,3951.2
2026-02-10,TR-06,06#矿车,2018,7.84,3,229.1,5386.1
2026-02-10,TR-07,07#矿车,2020,8.53,2,217.4,3710.2
2026-02-10,TR-08,08#矿车,2015,8.23,3,222.5,5493.9
2026-02-10,TR-09,09#矿车,2023,7.71,2,220.5,3399.6
2026-02-10,TR-10,10#矿车,2016,8.49,3,229.2,5840.1
2026-02-10,TR-11,11#矿车,2021,8.33,3,227.1,5676.2
2026-02-10,TR-12,12#矿车,2013,6.67,3,227.1,4544.0
2026-02-11,TR-01,01#矿车,2017,8.08,3,219.5,5322.8
2026-02-11,TR-02,02#矿车,2021,8.01,3,217.3,5219.6
2026-02-11,TR-03,03#矿车,2019,8.62,2,219.3,3781.2
2026-02-11,TR-04,04#矿车,2014,7.07,3,217.8,4616.4
2026-02-11,TR-05,05#矿车,2022,8.75,3,231.5,6080.8
2026-02-11,TR-06,06#矿车,2018,8.24,3,229.1,5663.1
2026-02-11,TR-07,07#矿车,2020,8.5,3,217.4,5540.0
2026-02-11,TR-08,08#矿车,2015,8.27,3,222.5,5521.6
2026-02-11,TR-09,09#矿车,2023,7.92,3,220.5,5242.4
2026-02-11,TR-10,10#矿车,2016,8.21,2,229.2,3763.6
2026-02-11,TR-11,11#矿车,2021,8.14,2,227.1,3697.1
2026-02-11,TR-12,12#矿车,2013,6.76,3,227.1,4605.4
2026-02-12,TR-01,01#矿车,2017,8.09,3,219.5,5328.1
2026-02-12,TR-02,02#矿车,2021,7.9,3,217.3,5150.1
2026-02-12,TR-03,03#矿车,2019,8.39,3,219.3,5518.1
2026-02-12,TR-04,04#矿车,2014,6.65,3,217.8,4341.9
2026-02-12,TR-05,05#矿车,2022,8.64,2,231.5,4000.5
2026-02-12,TR-06,06#矿车,2018,7.53,3,229.1,5173.5
2026-02-12,TR-07,07#矿车,2020,8.36,3,217.4,5453.5
2026-02-12,TR-08,08#矿车,2015,8.28,2,222.5,3685.8
2026-02-12,TR-09,09#矿车,2023,7.72,3,220.5,5107.4
2026-02-12,TR-10,10#矿车,2016,8.24,3,229.2,5668.6
2026-02-12,TR-11,11#矿车,2021,8.42,2,227.1,3824.2
2026-02-12,TR-12,12#矿车,2013,7.17,2,227.1,3254.6
2026-02-13,TR-01,01#矿车,2017,8.04,3,219.5,5293.6
2026-02-13,TR-02,02#矿车,2021,8.25,3,217.3,5379.3
2026-02-13,TR-03,03#矿车,2019,8.18,2,219.3,3588.1
2026-02-13,TR-04,04#矿车,2014,7.12,3,217.8,4649.2
2026-02-13,TR-05,05#矿车,2022,8.88,3,231.5,6167.1
2026-02-13,TR-06,06#矿车,2018,7.47,3,229.1,5135.1
2026-02-13,TR-07,07#矿车,2020,8.9,2,217.4,3867.2
2026-02-13,TR-08,08#矿车,2015,7.87,3,222.5,5253.8
2026-02-13,TR-09,09#矿车,2023,7.37,2,220.5,3250.4
2026-02-13,TR-10,10#矿车,2016,8.42,2,229.2,3858.4
2026-02-13,TR-11,11#矿车,2021,8.42,3,227.1,5737.5
2026-02-13,TR-12,12#矿车,2013,7.0,3,227.1,4772.2
2026-02-14,TR-01,01#矿车,2017,7.94,3,219.5,5232.1
2026-02-14,TR-02,02#矿车,2021,8.35,3,217.3,5440.4
2026-02-14,TR-03,03#矿车,2019,8.11,2,219.3,3557.7
2026-02-14,TR-04,04#矿车,2014,7.1,3,217.8,4638.5
2026-02-14,TR-05,05#矿车,2022,9.03,2,231.5,4182.6
2026-02-14,TR-06,06#矿车,2018,7.76,3,229.1,5332.4
2026-02-14,TR-07,07#矿车,2020,8.73,3,217.4,5690.0
2026-02-14,TR-08,08#矿车,2015,7.88,3,222.5,5259.4
2026-02-14,TR-09,09#矿车,2023,7.66,2,220.5,3376.8
2026-02-14,TR-10,10#矿车,2016,8.09,3,229.2,5560.4
2026-02-14,TR-11,11#矿车,2021,8.47,2,227.1,3845.3
2026-02-14,TR-12,12#矿车,2013,6.94,3,227.1,4728.5
2026-02-15,TR-01,01#矿车,2017,7.69,3,219.5,5062.8
2026-02-15,TR-02,02#矿车,2021,7.8,2,217.3,3390.9
2026-02-15,TR-03,03#矿车,2019,7.67,3,219.3,5049.3
2026-02-15,TR-04,04#矿车,2014,6.8,3,217.8,4442.1
2026-02-15,TR-05,05#矿车,2022,9.02,3,231.5,6264.6
2026-02-15,TR-06,06#矿车,2018,7.99,2,229.1,3659.6
2026-02-15,TR-07,07#矿车,2020,8.54,3,217.4,5566.0
2026-02-15,TR-08,08#矿车,2015,8.53,3,222.5,5692.6
2026-02-15,TR-09,09#矿车,2023,7.69,3,220.5,5090.1
2026-02-15,TR-10,10#矿车,2016,8.03,3,229.2,5524.6
2026-02-15,TR-11,11#矿车,2021,8.39,2,227.1,3808.7
2026-02-15,TR-12,12#矿车,2013,7.37,2,227.1,3346.8
2026-02-16,TR-01,01#矿车,2017,8.23,3,219.5,5419.8
2026-02-16,TR-02,02#矿车,2021,7.95,2,217.3,3454.7
2026-02-16,TR-03,03#矿车,2019,8.11,2,219.3,3555.3
2026-02-16,TR-04,04#矿车,2014,6.91,3,217.8,4513.4
2026-02-16,TR-05,05#矿车,2022,8.15,2,231.5,3771.8
2026-02-16,TR-06,06#矿车,2018,7.59,2,229.1,3476.8
2026-02-16,TR-07,07#矿车,2020,8.61,3,217.4,5613.4
2026-02-16,TR-08,08#矿车,2015,8.18,2,222.5,3642.1
2026-02-16,TR-09,09#矿车,2023,7.71,3,220.5,5102.9
2026-02-16,TR-10,10#矿车,2016,8.4,2,229.2,3850.2
2026-02-16,TR-11,11#矿车,2021,7.99,3,227.1,5440.5
2026-02-16,TR-12,12#矿车,2013,6.72,2,227.1,3054.7
2026-02-17,TR-01,01#矿车,2017,7.63,3,219.5,5023.6
2026-02-17,TR-02,02#矿车,2021,7.89,3,217.3,5143.3
2026-02-17,TR-03,03#矿车,2019,8.22,3,219.3,5406.1
2026-02-17,TR-04,04#矿车,2014,7.18,3,217.8,4688.0
2026-02-17,TR-05,05#矿车,2022,8.66,3,231.5,6012.0
2026-02-17,TR-06,06#矿车,2018,7.91,3,229.1,5439.2
2026-02-17,TR-07,07#矿车,2020,8.22,3,217.4,5357.3
2026-02-17,TR-08,08#矿车,2015,8.06,3,222.5,5379.1
2026-02-17,TR-09,09#矿车,2023,7.83,2,220.5,3452.4
2026-02-17,TR-10,10#矿车,2016,8.0,2,229.2,3669.4
2026-02-17,TR-11,11#矿车,2021,8.26,3,227.1,5629.0
2026-02-17,TR-12,12#矿车,2013,6.77,3,227.1,4609.9
2026-02-18,TR-01,01#矿车,2017,7.68,2,219.5,3373.8
2026-02-18,TR-02,02#矿车,2021,8.34,2,217.3,3625.3
2026-02-18,TR-03,03#矿车,2019,8.06,3,219.3,5301.8
2026-02-18,TR-04,04#矿车,2014,7.17,2,217.8,3123.6
2026-02-18,TR-05,05#矿车,2022,8.22,3,231.5,5710.2
2026-02-18,TR-06,06#矿车,2018,7.74,3,229.1,5317.3
2026-02-18,TR-07,07#矿车,2020,8.18,3,217.4,5336.7
2026-02-18,TR-08,08#矿车,2015,8.34,3,222.5,5567.1
2026-02-18,TR-09,09#矿车,2023,7.92,3,220.5,5238.2
2026-02-18,TR-10,10#矿车,2016,7.92,3,229.2,5447.2
2026-02-18,TR-11,11#矿车,2021,8.33,2,227.1,3782.1
2026-02-18,TR-12,12#矿车,2013,6.99,3,227.1,4759.6
2026-02-19,TR-01,01#矿车,2017,7.82,3,219.5,5148.6
2026-02-19,TR-02,02#矿车,2021,7.88,2,217.3,3422.9
2026-02-19,TR-03,03#矿车,2019,8.02,3,219.3,5276.6
2026-02-19,TR-04,04#矿车,2014,7.13,3,217.8,4654.5
2026-02-19,TR-05,05#矿车,2022,7.8,2,231.5,3611.1
2026-02-19,TR-06,06#矿车,2018,7.82,3,229.1,5371.4
2026-02-19,TR-07,07#矿车,2020,8.58,2,217.4,3730.6
2026-02-19,TR-08,08#矿车,2015,8.25,2,222.5,3669.4
2026-02-19,TR-09,09#矿车,2023,7.7,2,220.5,3397.3
2026-02-19,TR-10,10#矿车,2016,8.28,2,229.2,3796.2
2026-02-19,TR-11,11#矿车,2021,8.42,2,227.1,3824.7
2026-02-19,TR-12,12#矿车,2013,7.12,3,227.1,4853.4
2026-02-20,TR-01,01#矿车,2017,8.04,2,219.5,3528.8
2026-02-20,TR-02,02#矿车,2021,8.07,3,217.3,5259.1
2026-02-20,TR-03,03#矿车,2019,7.25,2,219.3,3177.9
2026-02-20,TR-04,04#矿车,2014,7.11,2,217.8,3095.6
2026-02-20,TR-05,05#矿车,2022,8.23,3,231.5,5719.5
2026-02-20,TR-06,06#矿车,2018,7.54,3,229.1,5184.6
2026-02-20,TR-07,07#矿车,2020,8.58,3,217.4,5593.6
2026-02-20,TR-08,08#矿车,2015,8.23,3,222.5,5492.6
2026-02-20,TR-09,09#矿车,2023,7.88,3,220.5,5211.7
2026-02-20,TR-10,10#矿车,2016,8.32,3,229.2,5719.1
2026-02-20,TR-11,11#矿车,2021,8.68,3,227.1,5915.4
2026-02-20,TR-12,12#矿车,2013,6.83,3,227.1,4653.5
2026-02-21,TR-01,01#矿车,2017,7.69,3,219.5,5063.1
2026-02-21,TR-02,02#矿车,2021,8.39,3,217.3,5470.7
2026-02-21,TR-03,03#矿车,2019,8.21,3,219.3,5400.6
2026-02-21,TR-04,04#矿车,2014,7.0,3,217.8,4569.8
2026-02-21,TR-05,05#矿车,2022,8.28,3,231.5,5749.7
2026-02-21,TR-06,06#矿车,2018,7.83,3,229.1,5380.8
2026-02-21,TR-07,07#矿车,2020,8.67,3,217.4,5651.9
2026-02-21,TR-08,08#矿车,2015,8.39,2,222.5,3731.6
2026-02-21,TR-09,09#矿车,2023,8.25,3,220.5,5454.3
2026-02-21,TR-10,10#矿车,2016,8.41,3,229.2,5780.8
2026-02-21,TR-11,11#矿车,2021,8.58,3,227.1,5846.3
2026-02-21,TR-12,12#矿车,2013,6.78,3,227.1,4621.0
2026-02-22,TR-01,01#矿车,2017,8.03,2,219.5,3526.8
2026-02-22,TR-02,02#矿车,2021,8.07,2,217.3,3508.8
2026-02-22,TR-03,03#矿车,2019,7.79,3,219.3,5124.1
2026-02-22,TR-04,04#矿车,2014,7.18,2,217.8,3125.5
2026-02-22,TR-05,05#矿车,2022,8.52,2,231.5,3945.4
2026-02-22,TR-06,06#矿车,2018,8.11,3,229.1,5573.1
2026-02-22,TR-07,07#矿车,2020,8.63,2,217.4,3753.2
2026-02-22,TR-08,08#矿车,2015,8.3,3,222.5,5542.3
2026-02-22,TR-09,09#矿车,2023,7.66,3,220.5,5068.0
2026-02-22,TR-10,10#矿车,2016,8.82,2,229.2,4043.7
2026-02-22,TR-11,11#矿车,2021,8.07,3,227.1,5496.3
2026-02-22,TR-12,12#矿车,2013,7.21,3,227.1,4911.0
2026-02-23,TR-01,01#矿车,2017,8.3,2,219.5,3642.5
2026-02-23,TR-02,02#矿车,2021,7.98,3,217.3,5203.1
2026-02-23,TR-03,03#矿车,2019,7.62,3,219.3,5012.6
2026-02-23,TR-04,04#矿车,2014,6.67,3,217.8,4354.5
2026-02-23,TR-05,05#矿车,2022,8.5,3,231.5,5902.7
2026-02-23,TR-06,06#矿车,2018,8.53,3,229.1,5859.5
2026-02-23,TR-07,07#矿车,2020,8.17,3,217.4,5329.1
2026-02-23,TR-08,08#矿车,2015,8.32,3,222.5,5554.8
2026-02-23,TR-09,09#矿车,2023,8.19,3,220.5,5418.7
2026-02-23,TR-10,10#矿车,2016,8.54,2,229.2,3915.3
2026-02-23,TR-11,11#矿车,2021,8.05,3,227.1,5481.8
2026-02-23,TR-12,12#矿车,2013,7.03,3,227.1,4788.6
2026-02-24,TR-01,01#矿车,2017,7.84,3,219.5,5161.0
2026-02-24,TR-02,02#矿车,2021,7.7,2,217.3,3348.5
2026-02-24,TR-03,03#矿车,2019,7.83,3,219.3,5152.1
2026-02-24,TR-04,04#矿车,2014,7.05,2,217.8,3069.5
2026-02-24,TR-05,05#矿车,2022,8.7,3,231.5,6046.1
2026-02-24,TR-06,06#矿车,2018,7.79,2,229.1,3569.7
2026-02-24,TR-07,07#矿车,2020,8.24,3,217.4,5371.6
2026-02-24,TR-08,08#矿车,2015,8.62,2,222.5,3837.5
2026-02-24,TR-09,09#矿车,2023,7.35,2,220.5,3242.0
2026-02-24,TR-10,10#矿车,2016,8.43,3,229.2,5796.8
2026-02-24,TR-11,11#矿车,2021,8.07,3,227.1,5498.1
2026-02-24,TR-12,12#矿车,2013,6.71,3,227.1,4573.8
2026-02-25,TR-01,01#矿车,2017,8.14,3,219.5,5361.5
2026-02-25,TR-02,02#矿车,2021,7.82,3,217.3,5099.1
2026-02-25,TR-03,03#矿车,2019,8.21,3,219.3,5401.2
2026-02-25,TR-04,04#矿车,2014,7.21,3,217.8,4707.9
2026-02-25,TR-05,05#矿车,2022,8.67,3,231.5,6024.6
2026-02-25,TR-06,06#矿车,2018,8.13,2,229.1,3723.3
2026-02-25,TR-07,07#矿车,2020,8.9,2,217.4,3869.3
2026-02-25,TR-08,08#矿车,2015,8.71,3,222.5,5813.9
2026-02-25,TR-09,09#矿车,2023,7.48,3,220.5,4947.8
2026-02-25,TR-10,10#矿车,2016,8.71,3,229.2,5993.5
2026-02-25,TR-11,11#矿车,2021,8.29,3,227.1,5647.2
2026-02-25,TR-12,12#矿车,2013,6.68,2,227.1,3036.3
2026-02-26,TR-01,01#矿车,2017,8.03,3,219.5,5291.1
2026-02-26,TR-02,02#矿车,2021,8.23,2,217.3,3575.5
2026-02-26,TR-03,03#矿车,2019,7.73,3,219.3,5088.6
2026-02-26,TR-04,04#矿车,2014,7.04,3,217.8,4598.6
2026-02-26,TR-05,05#矿车,2022,8.55,2,231.5,3961.4
2026-02-26,TR-06,06#矿车,2018,8.08,3,229.1,5550.3
2026-02-26,TR-07,07#矿车,2020,8.5,3,217.4,5544.9
2026-02-26,TR-08,08#矿车,2015,9.0,2,222.5,4006.5
2026-02-26,TR-09,09#矿车,2023,4.93,1,220.5,1088.2
2026-02-26,TR-10,10#矿车,2016,8.38,3,229.2,5759.8
2026-02-26,TR-11,11#矿车,2021,8.35,3,227.1,5688.2
2026-02-26,TR-12,12#矿车,2013,6.65,2,227.1,3021.4
2026-02-27,TR-01,01#矿车,2017,7.65,3,219.5,5038.8
2026-02-27,TR-02,02#矿车,2021,8.29,3,217.3,5403.2
2026-02-27,TR-03,03#矿车,2019,7.94,3,219.3,5226.8
2026-02-27,TR-04,04#矿车,2014,6.47,3,217.8,4226.5
2026-02-27,TR-05,05#矿车,2022,8.59,3,231.5,5969.0
2026-02-27,TR-06,06#矿车,2018,7.71,2,229.1,3530.8
2026-02-27,TR-07,07#矿车,2020,8.84,3,217.4,5763.6
2026-02-27,TR-08,08#矿车,2015,8.57,3,222.5,5722.1
2026-02-27,TR-09,09#矿车,2023,7.61,3,220.5,5031.2
2026-02-27,TR-10,10#矿车,2016,8.49,2,229.2,3894.7
2026-02-27,TR-11,11#矿车,2021,8.17,2,227.1,3710.1
2026-02-27,TR-12,12#矿车,2013,6.83,3,227.1,4653.3
2026-02-28,TR-01,01#矿车,2017,7.52,3,219.5,4952.9
2026-02-28,TR-02,02#矿车,2021,8.0,3,217.3,5218.0
2026-02-28,TR-03,03#矿车,2019,7.92,3,219.3,5210.2
2026-02-28,TR-04,04#矿车,2014,6.8,3,217.8,4439.0
2026-02-28,TR-05,05#矿车,2022,8.33,3,231.5,5785.0
2026-02-28,TR-06,06#矿车,2018,8.35,3,229.1,5739.1
2026-02-28,TR-07,07#矿车,2020,8.75,3,217.4,5707.4
2026-02-28,TR-08,08#矿车,2015,8.71,3,222.5,5812.6
2026-02-28,TR-09,09#矿车,2023,7.84,2,220.5,3457.5
2026-02-28,TR-10,10#矿车,2016,8.2,3,229.2,5636.2
2026-02-28,TR-11,11#矿车,2021,7.76,3,227.1,5287.9
2026-02-28,TR-12,12#矿车,2013,7.33,2,227.1,3327.7
2026-03-01,TR-01,01#矿车,2017,7.7,2,219.5,3380.6
2026-03-01,TR-02,02#矿车,2021,7.79,3,217.3,5076.5
2026-03-01,TR-03,03#矿车,2019,7.96,3,219.3,5236.5
2026-03-01,TR-04,04#矿车,2014,6.99,3,217.8,4566.7
2026-03-01,TR-05,05#矿车,2022,8.46,3,231.5,5873.4
2026-03-01,TR-06,06#矿车,2018,8.01,3,229.1,5507.2
2026-03-01,TR-07,07#矿车,2020,8.75,3,217.4,5702.7
2026-03-01,TR-08,08#矿车,2015,8.35,2,222.5,3717.9
2026-03-01,TR-09,09#矿车,2023,7.94,2,220.5,3501.0
2026-03-01,TR-10,10#矿车,2016,8.87,3,229.2,6102.1
2026-03-01,TR-11,11#矿车,2021,8.25,3,227.1,5622.8
2026-03-01,TR-12,12#矿车,2013,6.84,3,227.1,4661.8
2026-03-02,TR-01,01#矿车,2017,7.92,3,219.5,5218.9
2026-03-02,TR-02,02#矿车,2021,8.17,2,217.3,3551.0
2026-03-02,TR-03,03#矿车,2019,8.08,3,219.3,5315.4
2026-03-02,TR-04,04#矿车,2014,6.78,3,217.8,4429.4
2026-03-02,TR-05,05#矿车,2022,8.63,2,231.5,3998.5
2026-03-02,TR-06,06#矿车,2018,8.0,3,229.1,5500.7
2026-03-02,TR-07,07#矿车,2020,8.36,2,217.4,3633.5
2026-03-02,TR-08,08#矿车,2015,8.9,3,222.5,5938.6
2026-03-02,TR-09,09#矿车,2023,7.82,2,220.5,3448.1
2026-03-02,TR-10,10#矿车,2016,8.68,3,229.2,5972.1
2026-03-02,TR-11,11#矿车,2021,8.74,2,227.1,3969.5
2026-03-02,TR-12,12#矿车,2013,6.97,2,227.1,3168.1
2026-03-03,TR-01,01#矿车,2017,8.14,3,219.5,5363.8
2026-03-03,TR-02,02#矿车,2021,7.94,2,217.3,3450.3
2026-03-03,TR-03,03#矿车,2019,8.05,3,219.3,5293.7
2026-03-03,TR-04,04#矿车,2014,6.94,3,217.8,4535.9
2026-03-03,TR-05,05#矿车,2022,8.5,2,231.5,3934.0
2026-03-03,TR-06,06#矿车,2018,7.54,3,229.1,5185.1
2026-03-03,TR-07,07#矿车,2020,8.42,2,217.4,3662.3
2026-03-03,TR-08,08#矿车,2015,8.66,3,222.5,5779.0
2026-03-03,TR-09,09#矿车,2023,7.95,2,220.5,3504.4
2026-03-03,TR-10,10#矿车,2016,8.02,2,229.2,3676.4
2026-03-03,TR-11,11#矿车,2021,8.03,3,227.1,5467.4
2026-03-03,TR-12,12#矿车,2013,7.2,3,227.1,4908.1
2026-03-04,TR-01,01#矿车,2017,8.0,2,219.5,3513.1
2026-03-04,TR-02,02#矿车,2021,8.01,2,217.3,3482.3
2026-03-04,TR-03,03#矿车,2019,8.0,3,219.3,5265.7
2026-03-04,TR-04,04#矿车,2014,6.74,2,217.8,2935.2
2026-03-04,TR-05,05#矿车,2022,7.93,2,231.5,3670.0
2026-03-04,TR-06,06#矿车,2018,7.67,3,229.1,5272.4
2026-03-04,TR-07,07#矿车,2020,8.48,3,217.4,5530.2
2026-03-04,TR-08,08#矿车,2015,8.6,3,222.5,5741.8
2026-03-04,TR-09,09#矿车,2023,7.71,3,220.5,5099.7
2026-03-04,TR-10,10#矿车,2016,8.44,3,229.2,5804.0
2026-03-04,TR-11,11#矿车,2021,8.42,3,227.1,5732.9
2026-03-04,TR-12,12#矿车,2013,6.92,2,227.1,3141.9
2026-03-05,TR-01,01#矿车,2017,8.43,2,219.5,3701.1
2026-03-05,TR-02,02#矿车,2021,7.99,2,217.3,3472.9
2026-03-05,TR-03,03#矿车,2019,8.0,3,219.3,5260.3
2026-03-05,TR-04,04#矿车,2014,6.87,2,217.8,2993.8
2026-03-05,TR-05,05#矿车,2022,8.33,3,231.5,5788.1
2026-03-05,TR-06,06#矿车,2018,7.46,3,229.1,5129.2
2026-03-05,TR-07,07#矿车,2020,8.29,2,217.4,3603.9
2026-03-05,TR-08,08#矿车,2015,8.17,2,222.5,3636.6
2026-03-05,TR-09,09#矿车,2023,8.04,3,220.5,5320.2
2026-03-05,TR-10,10#矿车,2016,8.63,3,229.2,5937.3
2026-03-05,TR-11,11#矿车,2021,8.96,3,227.1,6105.0
2026-03-05,TR-12,12#矿车,2013,7.14,3,227.1,4866.7
2026-03-06,TR-01,01#矿车,2017,8.31,2,219.5,3649.6
2026-03-06,TR-02,02#矿车,2021,7.93,3,217.3,5171.0
2026-03-06,TR-03,03#矿车,2019,8.52,3,219.3,5605.1
2026-03-06,TR-04,04#矿车,2014,6.73,3,217.8,4397.1
2026-03-06,TR-05,05#矿车,2022,8.47,2,231.5,3922.3
2026-03-06,TR-06,06#矿车,2018,7.6,2,229.1,3482.4
2026-03-06,TR-07,07#矿车,2020,8.6,3,217.4,5605.9
2026-03-06,TR-08,08#矿车,2015,8.14,3,222.5,5436.1
2026-03-06,TR-09,09#矿车,2023,7.57,3,220.5,5005.3
2026-03-06,TR-10,10#矿车,2016,8.49,3,229.2,5837.1
2026-03-06,TR-11,11#矿车,2021,8.34,2,227.1,3786.9
2026-03-06,TR-12,12#矿车,2013,6.75,2,227.1,3064.5
2026-03-07,TR-01,01#矿车,2017,7.66,3,219.5,5041.5
2026-03-07,TR-02,02#矿车,2021,8.01,2,217.3,3481.2
2026-03-07,TR-03,03#矿车,2019,8.52,3,219.3,5602.7
2026-03-07,TR-04,04#矿车,2014,6.78,3,217.8,4426.0
2026-03-07,TR-05,05#矿车,2022,8.31,3,231.5,5772.0
2026-03-07,TR-06,06#矿车,2018,7.45,3,229.1,5120.6
2026-03-07,TR-07,07#矿车,2020,4.48,1,217.4,972.7
2026-03-07,TR-08,08#矿车,2015,8.88,3,222.5,5929.8
2026-03-07,TR-09,09#矿车,2023,7.89,3,220.5,5216.7
2026-03-07,TR-10,10#矿车,2016,8.22,3,229.2,5650.1
2026-03-07,TR-11,11#矿车,2021,8.26,3,227.1,5623.4
2026-03-07,TR-12,12#矿车,2013,7.15,2,227.1,3245.8
2026-03-08,TR-01,01#矿车,2017,7.66,3,219.5,5047.7
2026-03-08,TR-02,02#矿车,2021,7.9,3,217.3,5148.1
2026-03-08,TR-03,03#矿车,2019,8.27,3,219.3,5438.8
2026-03-08,TR-04,04#矿车,2014,7.1,2,217.8,3090.7
2026-03-08,TR-05,05#矿车,2022,8.3,3,231.5,5762.7
2026-03-08,TR-06,06#矿车,2018,7.7,3,229.1,5293.8
2026-03-08,TR-07,07#矿车,2020,8.09,3,217.4,5277.3
2026-03-08,TR-08,08#矿车,2015,8.61,2,222.5,3832.5
2026-03-08,TR-09,09#矿车,2023,7.73,3,220.5,5112.0
2026-03-08,TR-10,10#矿车,2016,8.3,3,229.2,5706.5
2026-03-08,TR-11,11#矿车,2021,7.87,3,227.1,5357.6
2026-03-08,TR-12,12#矿车,2013,6.73,3,227.1,4587.1
2026-03-09,TR-01,01#矿车,2017,7.99,3,219.5,5264.3
2026-03-09,TR-02,02#矿车,2021,8.07,3,217.3,5262.9
2026-03-09,TR-03,03#矿车,2019,8.05,2,219.3,3530.2
2026-03-09,TR-04,04#矿车,2014,7.25,3,217.8,4737.5
2026-03-09,TR-05,05#矿车,2022,8.27,3,231.5,5746.8
2026-03-09,TR-06,06#矿车,2018,7.66,3,229.1,5265.0
2026-03-09,TR-07,07#矿车,2020,8.13,3,217.4,5304.3
2026-03-09,TR-08,08#矿车,2015,8.5,3,222.5,5671.7
2026-03-09,TR-09,09#矿车,2023,7.89,3,220.5,5216.9
2026-03-09,TR-10,10#矿车,2016,8.43,3,229.2,5796.4
2026-03-09,TR-11,11#矿车,2021,7.99,3,227.1,5444.9
2026-03-09,TR-12,12#矿车,2013,6.62,3,227.1,4513.2
2026-03-10,TR-01,01#矿车,2017,8.08,3,219.5,5324.5
2026-03-10,TR-02,02#矿车,2021,8.27,2,217.3,3594.9
2026-03-10,TR-03,03#矿车,2019,8.11,2,219.3,3558.5
2026-03-10,TR-04,04#矿车,2014,7.08,2,217.8,3083.2
2026-03-10,TR-05,05#矿车,2022,8.68,3,231.5,6027.6
2026-03-10,TR-06,06#矿车,2018,7.59,3,229.1,5214.5
2026-03-10,TR-07,07#矿车,2020,8.12,3,217.4,5297.6
2026-03-10,TR-08,08#矿车,2015,8.37,2,222.5,3723.6
2026-03-10,TR-09,09#矿车,2023,8.15,2,220.5,3593.0
2026-03-10,TR-10,10#矿车,2016,8.44,3,229.2,5805.0
2026-03-10,TR-11,11#矿车,2021,8.25,2,227.1,3746.7
2026-03-10,TR-12,12#矿车,2013,6.8,3,227.1,4631.7
2026-03-11,TR-01,01#矿车,2017,8.3,2,219.5,3645.9
2026-03-11,TR-02,02#矿车,2021,8.25,2,217.3,3586.9
2026-03-11,TR-03,03#矿车,2019,8.13,3,219.3,5348.8
2026-03-11,TR-04,04#矿车,2014,6.85,3,217.8,4476.2
2026-03-11,TR-05,05#矿车,2022,8.49,2,231.5,3933.3
2026-03-11,TR-06,06#矿车,2018,7.3,2,229.1,3344.1
2026-03-11,TR-07,07#矿车,2020,8.53,3,217.4,5562.8
2026-03-11,TR-08,08#矿车,2015,8.35,3,222.5,5573.7
2026-03-11,TR-09,09#矿车,2023,7.96,3,220.5,5268.0
2026-03-11,TR-10,10#矿车,2016,8.24,3,229.2,5669.1
2026-03-11,TR-11,11#矿车,2021,8.62,2,227.1,3916.2
2026-03-11,TR-12,12#矿车,2013,6.83,3,227.1,4652.3
2026-03-12,TR-01,01#矿车,2017,8.15,2,219.5,3576.2
2026-03-12,TR-02,02#矿车,2021,8.08,3,217.3,5265.7
2026-03-12,TR-03,03#矿车,2019,7.94,2,219.3,3484.3
2026-03-12,TR-04,04#矿车,2014,6.96,2,217.8,3032.9
2026-03-12,TR-05,05#矿车,2022,8.28,2,231.5,3831.8
2026-03-12,TR-06,06#矿车,2018,7.32,2,229.1,3352.5
2026-03-12,TR-07,07#矿车,2020,8.2,3,217.4,5344.5
2026-03-12,TR-08,08#矿车,2015,8.36,3,222.5,5579.2
2026-03-12,TR-09,09#矿车,2023,8.14,2,220.5,3588.3
2026-03-12,TR-10,10#矿车,2016,8.3,3,229.2,5710.4
2026-03-12,TR-11,11#矿车,2021,8.07,2,227.1,3664.8
2026-03-12,TR-12,12#矿车,2013,7.2,3,227.1,4902.7
2026-03-13,TR-01,01#矿车,2017,8.02,2,219.5,3522.6
2026-03-13,TR-02,02#矿车,2021,8.46,3,217.3,5513.5
2026-03-13,TR-03,03#矿车,2019,7.9,2,219.3,3464.9
2026-03-13,TR-04,04#矿车,2014,7.18,3,217.8,4690.1
2026-03-13,TR-05,05#矿车,2022,8.4,3,231.5,5836.6
2026-03-13,TR-06,06#矿车,2018,7.9,3,229.1,5431.3
2026-03-13,TR-07,07#矿车,2020,8.41,2,217.4,3657.1
2026-03-13,TR-08,08#矿车,2015,8.57,3,222.5,5722.6
2026-03-13,TR-09,09#矿车,2023,7.55,3,220.5,4991.5
2026-03-13,TR-10,10#矿车,2016,4.29,1,229.2,983.8
2026-03-13,TR-11,11#矿车,2021,8.82,3,227.1,6009.6
2026-03-13,TR-12,12#矿车,2013,6.98,2,227.1,3170.1
2026-03-14,TR-01,01#矿车,2017,7.84,3,219.5,5160.5
2026-03-14,TR-02,02#矿车,2021,8.11,3,217.3,5284.7
2026-03-14,TR-03,03#矿车,2019,7.95,3,219.3,5233.0
2026-03-14,TR-04,04#矿车,2014,7.22,3,217.8,4715.9
2026-03-14,TR-05,05#矿车,2022,8.61,2,231.5,3986.6
2026-03-14,TR-06,06#矿车,2018,7.84,3,229.1,5385.3
2026-03-14,TR-07,07#矿车,2020,8.37,3,217.4,5457.5
2026-03-14,TR-08,08#矿车,2015,8.6,2,222.5,3828.0
2026-03-14,TR-09,09#矿车,2023,7.46,2,220.5,3291.1
2026-03-14,TR-10,10#矿车,2016,8.34,3,229.2,5734.3
2026-03-14,TR-11,11#矿车,2021,8.45,3,227.1,5756.7
2026-03-14,TR-12,12#矿车,2013,6.88,3,227.1,4686.6
2026-03-15,TR-01,01#矿车,2017,8.08,3,219.5,5319.9
2026-03-15,TR-02,02#矿车,2021,8.06,2,217.3,3502.2
2026-03-15,TR-03,03#矿车,2019,7.79,3,219.3,5128.1
2026-03-15,TR-04,04#矿车,2014,6.69,3,217.8,4372.0
2026-03-15,TR-05,05#矿车,2022,8.03,2,231.5,3720.6
2026-03-15,TR-06,06#矿车,2018,7.82,2,229.1,3583.0
2026-03-15,TR-07,07#矿车,2020,8.65,2,217.4,3761.1
2026-03-15,TR-08,08#矿车,2015,8.7,2,222.5,3870.0
2026-03-15,TR-09,09#矿车,2023,7.55,3,220.5,4994.2
2026-03-15,TR-10,10#矿车,2016,8.23,3,229.2,5659.5
2026-03-15,TR-11,11#矿车,2021,8.59,2,227.1,3899.5
2026-03-15,TR-12,12#矿车,2013,6.89,2,227.1,3127.4
2026-03-16,TR-01,01#矿车,2017,7.93,2,219.5,3480.4
2026-03-16,TR-02,02#矿车,2021,8.09,2,217.3,3515.0
2026-03-16,TR-03,03#矿车,2019,8.34,3,219.3,5487.1
2026-03-16,TR-04,04#矿车,2014,6.98,3,217.8,4561.9
2026-03-16,TR-05,05#矿车,2022,8.25,2,231.5,3819.5
2026-03-16,TR-06,06#矿车,2018,7.85,3,229.1,5398.1
2026-03-16,TR-07,07#矿车,2020,8.36,3,217.4,5450.7
2026-03-16,TR-08,08#矿车,2015,8.58,3,222.5,5724.7
2026-03-16,TR-09,09#矿车,2023,7.62,3,220.5,5039.9
2026-03-16,TR-10,10#矿车,2016,8.31,3,229.2,5716.5
2026-03-16,TR-11,11#矿车,2021,8.25,2,227.1,3746.7
2026-03-16,TR-12,12#矿车,2013,6.57,2,227.1,2984.9
2026-03-17,TR-01,01#矿车,2017,8.04,3,219.5,5297.7
2026-03-17,TR-02,02#矿车,2021,8.26,2,217.3,3590.4
2026-03-17,TR-03,03#矿车,2019,8.35,3,219.3,5494.3
2026-03-17,TR-04,04#矿车,2014,7.16,3,217.8,4674.1
2026-03-17,TR-05,05#矿车,2022,7.92,3,231.5,5503.6
2026-03-17,TR-06,06#矿车,2018,7.79,2,229.1,3570.7
2026-03-17,TR-07,07#矿车,2020,7.99,3,217.4,5210.6
2026-03-17,TR-08,08#矿车,2015,8.62,3,222.5,5751.2
2026-03-17,TR-09,09#矿车,2023,7.4,3,220.5,4897.7
2026-03-17,TR-10,10#矿车,2016,8.35,3,229.2,5741.8
2026-03-17,TR-11,11#矿车,2021,8.36,2,227.1,3798.1
2026-03-17,TR-12,12#矿车,2013,6.44,3,227.1,4387.2
2026-03-18,TR-01,01#矿车,2017,8.36,3,219.5,5508.0
2026-03-18,TR-02,02#矿车,2021,8.27,3,217.3,5391.5
2026-03-18,TR-03,03#矿车,2019,4.77,1,219.3,1046.0
2026-03-18,TR-04,04#矿车,2014,6.65,2,217.8,2895.7
2026-03-18,TR-05,05#矿车,2022,7.85,3,231.5,5453.1
2026-03-18,TR-06,06#矿车,2018,7.31,3,229.1,5025.3
2026-03-18,TR-07,07#矿车,2020,8.21,2,217.4,3567.3
2026-03-18,TR-08,08#矿车,2015,8.29,3,222.5,5532.3
2026-03-18,TR-09,09#矿车,2023,8.28,2,220.5,3653.3
2026-03-18,TR-10,10#矿车,2016,8.38,2,229.2,3840.0
2026-03-18,TR-11,11#矿车,2021,8.57,3,227.1,5837.7
2026-03-18,TR-12,12#矿车,2013,6.32,2,227.1,2871.8
2026-03-19,TR-01,01#矿车,2017,8.64,3,219.5,5688.2
2026-03-19,TR-02,02#矿车,2021,8.22,3,217.3,5357.6
2026-03-19,TR-03,03#矿车,2019,8.81,2,219.3,3866.0
2026-03-19,TR-04,04#矿车,2014,6.56,3,217.8,4286.0
2026-03-19,TR-05,05#矿车,2022,7.9,3,231.5,5487.7
2026-03-19,TR-06,06#矿车,2018,7.36,3,229.1,5057.7
2026-03-19,TR-07,07#矿车,2020,8.52,3,217.4,5553.0
2026-03-19,TR-08,08#矿车,2015,8.43,2,222.5,3752.6
2026-03-19,TR-09,09#矿车,2023,7.91,2,220.5,3487.0
2026-03-19,TR-10,10#矿车,2016,8.46,2,229.2,3876.6
2026-03-19,TR-11,11#矿车,2021,8.63,2,227.1,3919.7
2026-03-19,TR-12,12#矿车,2013,6.75,2,227.1,3066.2
2026-03-20,TR-01,01#矿车,2017,8.08,3,219.5,5318.8
2026-03-20,TR-02,02#矿车,2021,8.08,2,217.3,3512.4
2026-03-20,TR-03,03#矿车,2019,8.47,3,219.3,5575.5
2026-03-20,TR-04,04#矿车,2014,6.82,3,217.8,4453.1
2026-03-20,TR-05,05#矿车,2022,8.04,3,231.5,5581.3
2026-03-20,TR-06,06#矿车,2018,7.39,3,229.1,5078.0
2026-03-20,TR-07,07#矿车,2020,8.4,3,217.4,5474.6
2026-03-20,TR-08,08#矿车,2015,8.53,3,222.5,5697.0
2026-03-20,TR-09,09#矿车,2023,7.61,2,220.5,3355.0
2026-03-20,TR-10,10#矿车,2016,8.96,3,229.2,6163.2
2026-03-20,TR-11,11#矿车,2021,4.82,0,227.1,0.0
2026-03-20,TR-12,12#矿车,2013,6.38,3,227.1,4348.4
2026-03-21,TR-01,01#矿车,2017,8.04,3,219.5,5293.9
2026-03-21,TR-02,02#矿车,2021,8.03,2,217.3,3488.8
2026-03-21,TR-03,03#矿车,2019,8.38,3,219.3,5513.3
2026-03-21,TR-04,04#矿车,2014,7.09,3,217.8,4631.1
2026-03-21,TR-05,05#矿车,2022,3.75,0,231.5,0.0
2026-03-21,TR-06,06#矿车,2018,7.31,3,229.1,5025.7
2026-03-21,TR-07,07#矿车,2020,8.64,3,217.4,5635.6
2026-03-21,TR-08,08#矿车,2015,8.65,3,222.5,5775.5
2026-03-21,TR-09,09#矿车,2023,7.27,3,220.5,4811.2
2026-03-21,TR-10,10#矿车,2016,9.03,3,229.2,6211.6
2026-03-21,TR-11,11#矿车,2021,8.74,3,227.1,5950.8
2026-03-21,TR-12,12#矿车,2013,6.69,3,227.1,4556.6
2026-03-22,TR-01,01#矿车,2017,7.77,3,219.5,5120.5
2026-03-22,TR-02,02#矿车,2021,7.78,2,217.3,3380.5
2026-03-22,TR-03,03#矿车,2019,8.52,3,219.3,5602.6
2026-03-22,TR-04,04#矿车,2014,6.81,3,217.8,4450.9
2026-03-22,TR-05,05#矿车,2022,8.01,2,231.5,3711.2
2026-03-22,TR-06,06#矿车,2018,8.11,2,229.1,3713.9
2026-03-22,TR-07,07#矿车,2020,8.66,3,217.4,5648.0
2026-03-22,TR-08,08#矿车,2015,8.35,3,222.5,5574.7
2026-03-22,TR-09,09#矿车,2023,7.29,3,220.5,4823.5
2026-03-22,TR-10,10#矿车,2016,8.06,3,229.2,5539.9
2026-03-22,TR-11,11#矿车,2021,8.43,3,227.1,5745.5
2026-03-22,TR-12,12#矿车,2013,6.54,3,227.1,4456.2
2026-03-23,TR-01,01#矿车,2017,7.96,3,219.5,5243.2
2026-03-23,TR-02,02#矿车,2021,8.15,3,217.3,5316.0
2026-03-23,TR-03,03#矿车,2019,8.53,3,219.3,5614.7
2026-03-23,TR-04,04#矿车,2014,6.84,3,217.8,4465.0
2026-03-23,TR-05,05#矿车,2022,8.18,2,231.5,3788.9
2026-03-23,TR-06,06#矿车,2018,7.82,3,229.1,5374.6
2026-03-23,TR-07,07#矿车,2020,8.56,3,217.4,5581.4
2026-03-23,TR-08,08#矿车,2015,8.53,2,222.5,3793.6
2026-03-23,TR-09,09#矿车,2023,7.35,2,220.5,3242.9
2026-03-23,TR-10,10#矿车,2016,8.29,3,229.2,5702.5
2026-03-23,TR-11,11#矿车,2021,8.33,3,227.1,5671.3
2026-03-23,TR-12,12#矿车,2013,7.07,3,227.1,4818.4
2026-03-24,TR-01,01#矿车,2017,7.79,3,219.5,5130.9
2026-03-24,TR-02,02#矿车,2021,8.51,2,217.3,3699.5
2026-03-24,TR-03,03#矿车,2019,8.16,3,219.3,5368.2
2026-03-24,TR-04,04#矿车,2014,6.95,2,217.8,3025.7
2026-03-24,TR-05,05#矿车,2022,8.46,3,231.5,5873.9
2026-03-24,TR-06,06#矿车,2018,7.36,3,229.1,5059.7
2026-03-24,TR-07,07#矿车,2020,8.51,2,217.4,3701.4
2026-03-24,TR-08,08#矿车,2015,8.11,3,222.5,5412.3
2026-03-24,TR-09,09#矿车,2023,7.73,3,220.5,5115.1
2026-03-24,TR-10,10#矿车,2016,8.38,3,229.2,5762.2
2026-03-24,TR-11,11#矿车,2021,7.99,3,227.1,5439.8
2026-03-24,TR-12,12#矿车,2013,6.93,2,227.1,3145.6
2026-03-25,TR-01,01#矿车,2017,7.8,3,219.5,5133.8
2026-03-25,TR-02,02#矿车,2021,7.98,2,217.3,3467.2
2026-03-25,TR-03,03#矿车,2019,7.95,2,219.3,3485.7
2026-03-25,TR-04,04#矿车,2014,7.46,2,217.8,3248.7
2026-03-25,TR-05,05#矿车,2022,8.44,3,231.5,5862.9
2026-03-25,TR-06,06#矿车,2018,7.64,3,229.1,5250.8
2026-03-25,TR-07,07#矿车,2020,8.58,3,217.4,5597.2
2026-03-25,TR-08,08#矿车,2015,8.16,2,222.5,3629.5
2026-03-25,TR-09,09#矿车,2023,7.48,3,220.5,4946.6
2026-03-25,TR-10,10#矿车,2016,8.42,3,229.2,5790.8
2026-03-25,TR-11,11#矿车,2021,8.23,2,227.1,3738.1
2026-03-25,TR-12,12#矿车,2013,6.74,3,227.1,4589.3
2026-03-26,TR-01,01#矿车,2017,7.8,3,219.5,5135.5
2026-03-26,TR-02,02#矿车,2021,8.0,3,217.3,5215.4
2026-03-26,TR-03,03#矿车,2019,7.76,3,219.3,5104.3
2026-03-26,TR-04,04#矿车,2014,7.09,2,217.8,3089.0
2026-03-26,TR-05,05#矿车,2022,8.17,3,231.5,5676.3
2026-03-26,TR-06,06#矿车,2018,7.78,2,229.1,3565.3
2026-03-26,TR-07,07#矿车,2020,8.59,2,217.4,3735.3
2026-03-26,TR-08,08#矿车,2015,8.07,3,222.5,5387.7
2026-03-26,TR-09,09#矿车,2023,7.42,2,220.5,3272.1
2026-03-26,TR-10,10#矿车,2016,7.99,2,229.2,3663.2
2026-03-26,TR-11,11#矿车,2021,8.11,3,227.1,5522.2
2026-03-26,TR-12,12#矿车,2013,6.2,2,227.1,2818.2
2026-03-27,TR-01,01#矿车,2017,7.44,3,219.5,4896.8
2026-03-27,TR-02,02#矿车,2021,7.32,2,217.3,3179.3
2026-03-27,TR-03,03#矿车,2019,8.22,3,219.3,5406.1
2026-03-27,TR-04,04#矿车,2014,6.76,2,217.8,2945.5
2026-03-27,TR-05,05#矿车,2022,8.39,3,231.5,5828.4
2026-03-27,TR-06,06#矿车,2018,7.67,3,229.1,5269.3
2026-03-27,TR-07,07#矿车,2020,8.32,3,217.4,5423.7
2026-03-27,TR-08,08#矿车,2015,8.0,3,222.5,5337.2
2026-03-27,TR-09,09#矿车,2023,7.51,3,220.5,4968.2
2026-03-27,TR-10,10#矿车,2016,8.37,3,229.2,5758.7
2026-03-27,TR-11,11#矿车,2021,7.9,3,227.1,5383.7
2026-03-27,TR-12,12#矿车,2013,6.48,3,227.1,4413.9
2026-03-28,TR-01,01#矿车,2017,7.81,3,219.5,5140.5
2026-03-28,TR-02,02#矿车,2021,7.31,2,217.3,3177.1
2026-03-28,TR-03,03#矿车,2019,7.97,3,219.3,5246.6
2026-03-28,TR-04,04#矿车,2014,6.88,2,217.8,2994.9
2026-03-28,TR-05,05#矿车,2022,8.81,3,231.5,6117.7
2026-03-28,TR-06,06#矿车,2018,7.51,3,229.1,5164.5
2026-03-28,TR-07,07#矿车,2020,8.38,3,217.4,5461.8
2026-03-28,TR-08,08#矿车,2015,8.07,3,222.5,5385.3
2026-03-28,TR-09,09#矿车,2023,7.69,3,220.5,5089.0
2026-03-28,TR-10,10#矿车,2016,8.14,2,229.2,3733.7
2026-03-28,TR-11,11#矿车,2021,8.26,3,227.1,5628.7
2026-03-28,TR-12,12#矿车,2013,6.54,2,227.1,2969.8
2026-03-29,TR-01,01#矿车,2017,7.33,3,219.5,4828.2
2026-03-29,TR-02,02#矿车,2021,7.71,2,217.3,3352.2
2026-03-29,TR-03,03#矿车,2019,8.26,3,219.3,5436.9
2026-03-29,TR-04,04#矿车,2014,6.85,3,217.8,4474.1
2026-03-29,TR-05,05#矿车,2022,8.43,3,231.5,5854.1
2026-03-29,TR-06,06#矿车,2018,7.68,3,229.1,5275.9
2026-03-29,TR-07,07#矿车,2020,8.73,3,217.4,5694.8
2026-03-29,TR-08,08#矿车,2015,8.86,3,222.5,5916.7
2026-03-29,TR-09,09#矿车,2023,7.61,3,220.5,5037.4
2026-03-29,TR-10,10#矿车,2016,8.27,3,229.2,5688.3
2026-03-29,TR-11,11#矿车,2021,8.46,3,227.1,5762.1
2026-03-29,TR-12,12#矿车,2013,6.65,2,227.1,3018.4
2026-03-30,TR-01,01#矿车,2017,7.24,3,219.5,4767.8
2026-03-30,TR-02,02#矿车,2021,7.91,2,217.3,3439.1
2026-03-30,TR-03,03#矿车,2019,8.07,2,219.3,3540.1
2026-03-30,TR-04,04#矿车,2014,6.73,2,217.8,2930.9
2026-03-30,TR-05,05#矿车,2022,8.47,3,231.5,5883.1
2026-03-30,TR-06,06#矿车,2018,7.53,3,229.1,5172.9
2026-03-30,TR-07,07#矿车,2020,8.41,3,217.4,5481.7
2026-03-30,TR-08,08#矿车,2015,8.74,3,222.5,5835.5
2026-03-30,TR-09,09#矿车,2023,7.67,3,220.5,5071.2
2026-03-30,TR-10,10#矿车,2016,8.53,3,229.2,5868.5
2026-03-30,TR-11,11#矿车,2021,8.12,3,227.1,5534.2
2026-03-30,TR-12,12#矿车,2013,6.86,2,227.1,3118.1
2026-03-31,TR-01,01#矿车,2017,7.2,3,219.5,4741.9
2026-03-31,TR-02,02#矿车,2021,7.71,3,217.3,5027.9
2026-03-31,TR-03,03#矿车,2019,7.94,2,219.3,3484.3
2026-03-31,TR-04,04#矿车,2014,6.61,2,217.8,2877.6
2026-03-31,TR-05,05#矿车,2022,8.02,3,231.5,5567.7
2026-03-31,TR-06,06#矿车,2018,7.21,2,229.1,3305.6
2026-03-31,TR-07,07#矿车,2020,8.25,2,217.4,3587.9
2026-03-31,TR-08,08#矿车,2015,5.82,0,222.5,0.0
2026-03-31,TR-09,09#矿车,2023,7.54,3,220.5,4990.9
2026-03-31,TR-10,10#矿车,2016,7.91,2,229.2,3624.6
2026-03-31,TR-11,11#矿车,2021,8.15,3,227.1,5551.5
2026-03-31,TR-12,12#矿车,2013,6.76,3,227.1,4605.1
2026-04-01,TR-01,01#矿车,2017,7.36,2,219.5,3232.7
2026-04-01,TR-02,02#矿车,2021,7.84,3,217.3,5108.5
2026-04-01,TR-03,03#矿车,2019,8.32,3,219.3,5472.5
2026-04-01,TR-04,04#矿车,2014,6.41,3,217.8,4184.1
2026-04-01,TR-05,05#矿车,2022,8.25,3,231.5,5728.9
2026-04-01,TR-06,06#矿车,2018,7.52,2,229.1,3446.6
2026-04-01,TR-07,07#矿车,2020,8.7,3,217.4,5671.0
2026-04-01,TR-08,08#矿车,2015,9.08,3,222.5,6060.5
2026-04-01,TR-09,09#矿车,2023,7.09,2,220.5,3126.0
2026-04-01,TR-10,10#矿车,2016,8.02,2,229.2,3677.1
2026-04-01,TR-11,11#矿车,2021,8.02,3,227.1,5464.2
2026-04-01,TR-12,12#矿车,2013,6.57,2,227.1,2984.8
2026-04-02,TR-01,01#矿车,2017,7.61,3,219.5,5008.7
2026-04-02,TR-02,02#矿车,2021,7.91,3,217.3,5155.7
2026-04-02,TR-03,03#矿车,2019,8.48,3,219.3,5576.0
2026-04-02,TR-04,04#矿车,2014,6.65,3,217.8,4343.6
2026-04-02,TR-05,05#矿车,2022,8.2,2,231.5,3798.1
2026-04-02,TR-06,06#矿车,2018,7.63,3,229.1,5247.2
2026-04-02,TR-07,07#矿车,2020,8.35,2,217.4,3631.3
2026-04-02,TR-08,08#矿车,2015,8.62,3,222.5,5754.6
2026-04-02,TR-09,09#矿车,2023,7.47,3,220.5,4939.1
2026-04-02,TR-10,10#矿车,2016,8.71,2,229.2,3991.5
2026-04-02,TR-11,11#矿车,2021,8.06,3,227.1,5487.3
2026-04-02,TR-12,12#矿车,2013,6.83,2,227.1,3101.3
2026-04-03,TR-01,01#矿车,2017,7.97,3,219.5,5251.8
2026-04-03,TR-02,02#矿车,2021,7.79,2,217.3,3386.6
2026-04-03,TR-03,03#矿车,2019,8.36,3,219.3,5499.8
2026-04-03,TR-04,04#矿车,2014,6.42,3,217.8,4190.9
2026-04-03,TR-05,05#矿车,2022,7.74,2,231.5,3585.9
2026-04-03,TR-06,06#矿车,2018,7.77,3,229.1,5338.4
2026-04-03,TR-07,07#矿车,2020,8.1,2,217.4,3519.2
2026-04-03,TR-08,08#矿车,2015,8.4,2,222.5,3736.1
2026-04-03,TR-09,09#矿车,2023,7.36,3,220.5,4867.6
2026-04-03,TR-10,10#矿车,2016,7.91,2,229.2,3626.3
2026-04-03,TR-11,11#矿车,2021,8.08,2,227.1,3667.4
2026-04-03,TR-12,12#矿车,2013,6.79,3,227.1,4624.9
2026-04-04,TR-01,01#矿车,2017,7.84,3,219.5,5161.1
2026-04-04,TR-02,02#矿车,2021,7.6,2,217.3,3302.4
2026-04-04,TR-03,03#矿车,2019,8.26,3,219.3,5435.8
2026-04-04,TR-04,04#矿车,2014,6.02,3,217.8,3933.2
2026-04-04,TR-05,05#矿车,2022,8.11,3,231.5,5631.8
2026-04-04,TR-06,06#矿车,2018,7.53,3,229.1,5172.7
2026-04-04,TR-07,07#矿车,2020,8.83,3,217.4,5759.5
2026-04-04,TR-08,08#矿车,2015,8.06,3,222.5,5377.6
2026-04-04,TR-09,09#矿车,2023,7.27,3,220.5,4810.6
2026-04-04,TR-10,10#矿车,2016,7.82,3,229.2,5376.1
2026-04-04,TR-11,11#矿车,2021,8.4,2,227.1,3814.1
2026-04-04,TR-12,12#矿车,2013,6.81,3,227.1,4643.2
2026-04-05,TR-01,01#矿车,2017,7.88,2,219.5,3460.4
2026-04-05,TR-02,02#矿车,2021,7.49,2,217.3,3256.5
2026-04-05,TR-03,03#矿车,2019,7.88,3,219.3,5185.8
2026-04-05,TR-04,04#矿车,2014,6.55,3,217.8,4280.3
2026-04-05,TR-05,05#矿车,2022,8.39,3,231.5,5824.6
2026-04-05,TR-06,06#矿车,2018,7.54,3,229.1,5183.0
2026-04-05,TR-07,07#矿车,2020,8.58,3,217.4,5597.1
2026-04-05,TR-08,08#矿车,2015,7.94,2,222.5,3532.1
2026-04-05,TR-09,09#矿车,2023,7.55,3,220.5,4995.3
2026-04-05,TR-10,10#矿车,2016,7.74,3,229.2,5326.0
2026-04-05,TR-11,11#矿车,2021,8.4,3,227.1,5718.9
2026-04-05,TR-12,12#矿车,2013,7.43,2,227.1,3373.7
2026-04-06,TR-01,01#矿车,2017,8.02,2,219.5,3523.4
2026-04-06,TR-02,02#矿车,2021,8.21,3,217.3,5351.6
2026-04-06,TR-03,03#矿车,2019,8.48,3,219.3,5576.6
2026-04-06,TR-04,04#矿车,2014,6.55,2,217.8,2852.1
2026-04-06,TR-05,05#矿车,2022,8.05,3,231.5,5589.2
2026-04-06,TR-06,06#矿车,2018,7.83,3,229.1,5380.3
2026-04-06,TR-07,07#矿车,2020,8.08,2,217.4,3510.8
2026-04-06,TR-08,08#矿车,2015,7.83,3,222.5,5229.3
2026-04-06,TR-09,09#矿车,2023,7.45,3,220.5,4931.5
2026-04-06,TR-10,10#矿车,2016,7.92,2,229.2,3630.7
2026-04-06,TR-11,11#矿车,2021,7.95,3,227.1,5414.9
2026-04-06,TR-12,12#矿车,2013,6.96,2,227.1,3162.5
2026-04-07,TR-01,01#矿车,2017,8.16,2,219.5,3583.7
2026-04-07,TR-02,02#矿车,2021,8.23,3,217.3,5367.9
2026-04-07,TR-03,03#矿车,2019,7.99,3,219.3,5253.8
2026-04-07,TR-04,04#矿车,2014,6.63,3,217.8,4333.4
2026-04-07,TR-05,05#矿车,2022,8.31,3,231.5,5771.9
2026-04-07,TR-06,06#矿车,2018,7.61,2,229.1,3484.6
2026-04-07,TR-07,07#矿车,2020,8.28,3,217.4,5398.4
2026-04-07,TR-08,08#矿车,2015,8.05,2,222.5,3581.6
2026-04-07,TR-09,09#矿车,2023,7.84,3,220.5,5185.6
2026-04-07,TR-10,10#矿车,2016,7.93,2,229.2,3637.1
2026-04-07,TR-11,11#矿车,2021,7.72,2,227.1,3507.4
2026-04-07,TR-12,12#矿车,2013,6.63,3,227.1,4516.4
2026-04-08,TR-01,01#矿车,2017,7.85,2,219.5,3448.4
2026-04-08,TR-02,02#矿车,2021,8.35,2,217.3,3630.3
2026-04-08,TR-03,03#矿车,2019,8.25,3,219.3,5428.3
2026-04-08,TR-04,04#矿车,2014,6.86,3,217.8,4483.3
2026-04-08,TR-05,05#矿车,2022,8.2,2,231.5,3795.7
2026-04-08,TR-06,06#矿车,2018,7.93,3,229.1,5451.9
2026-04-08,TR-07,07#矿车,2020,7.81,3,217.4,5090.4
2026-04-08,TR-08,08#矿车,2015,8.2,2,222.5,3650.7
2026-04-08,TR-09,09#矿车,2023,7.44,3,220.5,4923.6
2026-04-08,TR-10,10#矿车,2016,8.19,3,229.2,5633.4
2026-04-08,TR-11,11#矿车,2021,7.69,3,227.1,5239.9
2026-04-08,TR-12,12#矿车,2013,6.43,3,227.1,4383.0
2026-04-09,TR-01,01#矿车,2017,7.72,2,219.5,3391.4
2026-04-09,TR-02,02#矿车,2021,8.08,3,217.3,5270.4
2026-04-09,TR-03,03#矿车,2019,8.04,2,219.3,3528.1
2026-04-09,TR-04,04#矿车,2014,7.14,2,217.8,3110.3
2026-04-09,TR-05,05#矿车,2022,8.05,3,231.5,5592.8
2026-04-09,TR-06,06#矿车,2018,7.78,2,229.1,3566.6
2026-04-09,TR-07,07#矿车,2020,7.83,3,217.4,5104.5
2026-04-09,TR-08,08#矿车,2015,8.66,3,222.5,5780.6
2026-04-09,TR-09,09#矿车,2023,7.48,3,220.5,4950.4
2026-04-09,TR-10,10#矿车,2016,8.41,3,229.2,5784.9
2026-04-09,TR-11,11#矿车,2021,8.16,3,227.1,5560.3
2026-04-09,TR-12,12#矿车,2013,6.91,3,227.1,4710.0
2026-04-10,TR-01,01#矿车,2017,8.09,3,219.5,5325.3
2026-04-10,TR-02,02#矿车,2021,7.49,2,217.3,3257.3
2026-04-10,TR-03,03#矿车,2019,8.16,3,219.3,5369.9
2026-04-10,TR-04,04#矿车,2014,6.37,3,217.8,4159.4
2026-04-10,TR-05,05#矿车,2022,7.77,2,231.5,3600.0
2026-04-10,TR-06,06#矿车,2018,7.34,3,229.1,5047.9
2026-04-10,TR-07,07#矿车,2020,8.22,3,217.4,5361.4
2026-04-10,TR-08,08#矿车,2015,8.37,2,222.5,3725.0
2026-04-10,TR-09,09#矿车,2023,7.41,3,220.5,4900.1
2026-04-10,TR-10,10#矿车,2016,8.42,3,229.2,5789.2
2026-04-10,TR-11,11#矿车,2021,8.43,3,227.1,5744.8
2026-04-10,TR-12,12#矿车,2013,6.97,2,227.1,3165.7
2026-04-11,TR-01,01#矿车,2017,7.66,3,219.5,5048.0
2026-04-11,TR-02,02#矿车,2021,8.03,3,217.3,5237.5
2026-04-11,TR-03,03#矿车,2019,7.99,3,219.3,5254.9
2026-04-11,TR-04,04#矿车,2014,6.38,3,217.8,4167.8
2026-04-11,TR-05,05#矿车,2022,7.87,3,231.5,5463.7
2026-04-11,TR-06,06#矿车,2018,7.31,3,229.1,5022.0
2026-04-11,TR-07,07#矿车,2020,8.33,3,217.4,5430.0
2026-04-11,TR-08,08#矿车,2015,8.47,2,222.5,3768.8
2026-04-11,TR-09,09#矿车,2023,7.48,3,220.5,4947.9
2026-04-11,TR-10,10#矿车,2016,8.39,3,229.2,5768.9
2026-04-11,TR-11,11#矿车,2021,8.07,3,227.1,5499.6
2026-04-11,TR-12,12#矿车,2013,6.54,3,227.1,4456.4
2026-04-12,TR-01,01#矿车,2017,7.68,2,219.5,3372.5
2026-04-12,TR-02,02#矿车,2021,8.08,2,217.3,3510.5
2026-04-12,TR-03,03#矿车,2019,7.83,2,219.3,3433.9
2026-04-12,TR-04,04#矿车,2014,6.28,3,217.8,4100.9
2026-04-12,TR-05,05#矿车,2022,7.72,3,231.5,5363.0
2026-04-12,TR-06,06#矿车,2018,7.18,2,229.1,3288.5
2026-04-12,TR-07,07#矿车,2020,3.81,0,217.4,0.0
2026-04-12,TR-08,08#矿车,2015,8.62,3,222.5,5751.3
2026-04-12,TR-09,09#矿车,2023,7.55,2,220.5,3328.0
2026-04-12,TR-10,10#矿车,2016,8.17,2,229.2,3744.1
2026-04-12,TR-11,11#矿车,2021,8.32,3,227.1,5665.2
2026-04-12,TR-12,12#矿车,2013,6.32,3,227.1,4308.2
2026-04-13,TR-01,01#矿车,2017,7.51,3,219.5,4943.9
2026-04-13,TR-02,02#矿车,2021,8.17,2,217.3,3549.6
2026-04-13,TR-03,03#矿车,2019,8.14,2,219.3,3569.4
2026-04-13,TR-04,04#矿车,2014,6.2,3,217.8,4049.2
2026-04-13,TR-05,05#矿车,2022,7.9,2,231.5,3659.4
2026-04-13,TR-06,06#矿车,2018,7.52,2,229.1,3446.0
2026-04-13,TR-07,07#矿车,2020,8.21,2,217.4,3569.5
2026-04-13,TR-08,08#矿车,2015,8.67,2,222.5,3857.4
2026-04-13,TR-09,09#矿车,2023,7.53,3,220.5,4980.2
2026-04-13,TR-10,10#矿车,2016,8.51,3,229.2,5850.2
2026-04-13,TR-11,11#矿车,2021,8.37,2,227.1,3802.8
2026-04-13,TR-12,12#矿车,2013,6.15,3,227.1,4188.7
2026-04-14,TR-01,01#矿车,2017,7.43,3,219.5,4895.1
2026-04-14,TR-02,02#矿车,2021,7.65,3,217.3,4984.9
2026-04-14,TR-03,03#矿车,2019,8.03,2,219.3,3520.2
2026-04-14,TR-04,04#矿车,2014,6.71,3,217.8,4381.8
2026-04-14,TR-05,05#矿车,2022,8.2,3,231.5,5694.0
2026-04-14,TR-06,06#矿车,2018,7.55,3,229.1,5189.0
2026-04-14,TR-07,07#矿车,2020,7.9,3,217.4,5148.5
2026-04-14,TR-08,08#矿车,2015,8.13,3,222.5,5427.0
2026-04-14,TR-09,09#矿车,2023,7.35,2,220.5,3241.0
2026-04-14,TR-10,10#矿车,2016,8.32,3,229.2,5722.9
2026-04-14,TR-11,11#矿车,2021,8.59,3,227.1,5850.9
2026-04-14,TR-12,12#矿车,2013,6.28,3,227.1,4282.2
2026-04-15,TR-01,01#矿车,2017,7.76,3,219.5,5110.3
2026-04-15,TR-02,02#矿车,2021,7.57,2,217.3,3288.4
2026-04-15,TR-03,03#矿车,2019,7.58,3,219.3,4987.2
2026-04-15,TR-04,04#矿车,2014,6.78,2,217.8,2953.5
2026-04-15,TR-05,05#矿车,2022,8.17,2,231.5,3784.4
2026-04-15,TR-06,06#矿车,2018,7.12,3,229.1,4894.1
2026-04-15,TR-07,07#矿车,2020,8.02,3,217.4,5232.1
2026-04-15,TR-08,08#矿车,2015,7.82,3,222.5,5222.4
2026-04-15,TR-09,09#矿车,2023,7.55,3,220.5,4996.2
2026-04-15,TR-10,10#矿车,2016,7.74,3,229.2,5322.7
2026-04-15,TR-11,11#矿车,2021,8.16,3,227.1,5559.7
2026-04-15,TR-12,12#矿车,2013,6.5,3,227.1,4432.0
2026-04-16,TR-01,01#矿车,2017,7.62,2,219.5,3344.8
2026-04-16,TR-02,02#矿车,2021,7.72,2,217.3,3355.3
2026-04-16,TR-03,03#矿车,2019,7.69,2,219.3,3374.9
2026-04-16,TR-04,04#矿车,2014,6.49,2,217.8,2824.7
2026-04-16,TR-05,05#矿车,2022,8.13,3,231.5,5647.4
2026-04-16,TR-06,06#矿车,2018,6.72,2,229.1,3079.8
2026-04-16,TR-07,07#矿车,2020,8.16,2,217.4,3547.0
2026-04-16,TR-08,08#矿车,2015,8.23,3,222.5,5493.3
2026-04-16,TR-09,09#矿车,2023,7.37,2,220.5,3250.2
2026-04-16,TR-10,10#矿车,2016,7.3,3,229.2,5018.2
2026-04-16,TR-11,11#矿车,2021,8.21,2,227.1,3727.7
2026-04-16,TR-12,12#矿车,2013,6.17,2,227.1,2804.2
2026-04-17,TR-01,01#矿车,2017,8.2,3,219.5,5399.7
2026-04-17,TR-02,02#矿车,2021,8.04,3,217.3,5239.4
2026-04-17,TR-03,03#矿车,2019,7.78,3,219.3,5120.4
2026-04-17,TR-04,04#矿车,2014,3.92,1,217.8,854.0
2026-04-17,TR-05,05#矿车,2022,8.2,3,231.5,5692.2
2026-04-17,TR-06,06#矿车,2018,6.82,2,229.1,3124.4
2026-04-17,TR-07,07#矿车,2020,8.3,3,217.4,5412.5
2026-04-17,TR-08,08#矿车,2015,8.76,2,222.5,3896.1
2026-04-17,TR-09,09#矿车,2023,7.48,3,220.5,4949.2
2026-04-17,TR-10,10#矿车,2016,7.45,3,229.2,5123.3
2026-04-17,TR-11,11#矿车,2021,7.94,2,227.1,3606.3
2026-04-17,TR-12,12#矿车,2013,6.43,3,227.1,4378.4
2026-04-18,TR-01,01#矿车,2017,7.98,3,219.5,5258.5
2026-04-18,TR-02,02#矿车,2021,8.32,2,217.3,3614.6
2026-04-18,TR-03,03#矿车,2019,7.91,3,219.3,5207.5
2026-04-18,TR-04,04#矿车,2014,6.62,3,217.8,4323.1
2026-04-18,TR-05,05#矿车,2022,8.07,2,231.5,3735.0
2026-04-18,TR-06,06#矿车,2018,7.05,3,229.1,4845.2
2026-04-18,TR-07,07#矿车,2020,8.37,3,217.4,5458.3
2026-04-18,TR-08,08#矿车,2015,8.78,3,222.5,5859.2
2026-04-18,TR-09,09#矿车,2023,6.56,3,220.5,4341.5
2026-04-18,TR-10,10#矿车,2016,7.9,2,229.2,3621.5
2026-04-18,TR-11,11#矿车,2021,7.72,3,227.1,5259.7
2026-04-18,TR-12,12#矿车,2013,6.25,3,227.1,4261.0
2026-04-19,TR-01,01#矿车,2017,7.25,3,219.5,4777.6
2026-04-19,TR-02,02#矿车,2021,8.15,2,217.3,3542.5
2026-04-19,TR-03,03#矿车,2019,7.47,3,219.3,4912.2
2026-04-19,TR-04,04#矿车,2014,6.87,3,217.8,4488.9
2026-04-19,TR-05,05#矿车,2022,7.98,3,231.5,5543.9
2026-04-19,TR-06,06#矿车,2018,7.24,2,229.1,3316.7
2026-04-19,TR-07,07#矿车,2020,8.48,3,217.4,5532.2
2026-04-19,TR-08,08#矿车,2015,8.36,3,222.5,5578.7
2026-04-19,TR-09,09#矿车,2023,7.39,3,220.5,4890.0
2026-04-19,TR-10,10#矿车,2016,7.96,3,229.2,5477.1
2026-04-19,TR-11,11#矿车,2021,7.5,3,227.1,5110.4
2026-04-19,TR-12,12#矿车,2013,6.88,2,227.1,3126.8
2026-04-20,TR-01,01#矿车,2017,7.73,3,219.5,5090.5
2026-04-20,TR-02,02#矿车,2021,8.05,3,217.3,5249.5
2026-04-20,TR-03,03#矿车,2019,7.67,3,219.3,5045.0
2026-04-20,TR-04,04#矿车,2014,6.34,2,217.8,2761.5
2026-04-20,TR-05,05#矿车,2022,8.11,3,231.5,5631.7
2026-04-20,TR-06,06#矿车,2018,8.03,2,229.1,3678.6
2026-04-20,TR-07,07#矿车,2020,8.03,3,217.4,5237.4
2026-04-20,TR-08,08#矿车,2015,8.5,3,222.5,5671.3
2026-04-20,TR-09,09#矿车,2023,7.47,3,220.5,4942.3
2026-04-20,TR-10,10#矿车,2016,8.06,3,229.2,5542.4
2026-04-20,TR-11,11#矿车,2021,8.18,3,227.1,5571.5
2026-04-20,TR-12,12#矿车,2013,6.78,3,227.1,4619.7
2026-04-21,TR-01,01#矿车,2017,7.9,2,219.5,3470.2
2026-04-21,TR-02,02#矿车,2021,7.86,3,217.3,5123.1
2026-04-21,TR-03,03#矿车,2019,7.58,2,219.3,3326.3
2026-04-21,TR-04,04#矿车,2014,6.7,3,217.8,4375.4
2026-04-21,TR-05,05#矿车,2022,8.5,3,231.5,5904.9
2026-04-21,TR-06,06#矿车,2018,7.5,2,229.1,3435.1
2026-04-21,TR-07,07#矿车,2020,8.02,3,217.4,5231.8
2026-04-21,TR-08,08#矿车,2015,8.16,3,222.5,5445.4
2026-04-21,TR-09,09#矿车,2023,7.32,3,220.5,4840.5
2026-04-21,TR-10,10#矿车,2016,7.97,3,229.2,5482.6
2026-04-21,TR-11,11#矿车,2021,8.45,3,227.1,5755.1
2026-04-21,TR-12,12#矿车,2013,6.29,3,227.1,4285.8
2026-04-22,TR-01,01#矿车,2017,7.69,2,219.5,3374.2
2026-04-22,TR-02,02#矿车,2021,7.35,3,217.3,4793.6
2026-04-22,TR-03,03#矿车,2019,7.65,3,219.3,5033.8
2026-04-22,TR-04,04#矿车,2014,6.3,2,217.8,2742.0
2026-04-22,TR-05,05#矿车,2022,8.16,3,231.5,5668.1
2026-04-22,TR-06,06#矿车,2018,7.27,3,229.1,4994.4
2026-04-22,TR-07,07#矿车,2020,7.96,2,217.4,3458.4
2026-04-22,TR-08,08#矿车,2015,8.37,3,222.5,5584.2
2026-04-22,TR-09,09#矿车,2023,7.39,3,220.5,4891.1
2026-04-22,TR-10,10#矿车,2016,8.0,3,229.2,5503.3
2026-04-22,TR-11,11#矿车,2021,8.5,3,227.1,5791.8
2026-04-22,TR-12,12#矿车,2013,6.58,3,227.1,4483.6
2026-04-23,TR-01,01#矿车,2017,7.31,3,219.5,4816.4
2026-04-23,TR-02,02#矿车,2021,7.17,3,217.3,4676.2
2026-04-23,TR-03,03#矿车,2019,7.52,3,219.3,4948.7
2026-04-23,TR-04,04#矿车,2014,6.68,3,217.8,4362.0
2026-04-23,TR-05,05#矿车,2022,7.75,2,231.5,3590.8
2026-04-23,TR-06,06#矿车,2018,7.82,3,229.1,5372.0
2026-04-23,TR-07,07#矿车,2020,8.19,2,217.4,3560.7
2026-04-23,TR-08,08#矿车,2015,7.84,3,222.5,5234.0
2026-04-23,TR-09,09#矿车,2023,7.54,3,220.5,4985.0
2026-04-23,TR-10,10#矿车,2016,8.08,2,229.2,3706.0
2026-04-23,TR-11,11#矿车,2021,8.26,2,227.1,3751.8
2026-04-23,TR-12,12#矿车,2013,6.45,3,227.1,4393.5
2026-04-24,TR-01,01#矿车,2017,7.55,3,219.5,4973.5
2026-04-24,TR-02,02#矿车,2021,3.7,0,217.3,0.0
2026-04-24,TR-03,03#矿车,2019,7.77,2,219.3,3408.2
2026-04-24,TR-04,04#矿车,2014,6.59,3,217.8,4306.3
2026-04-24,TR-05,05#矿车,2022,7.97,3,231.5,5535.8
2026-04-24,TR-06,06#矿车,2018,7.46,3,229.1,5128.4
2026-04-24,TR-07,07#矿车,2020,8.44,3,217.4,5501.1
2026-04-24,TR-08,08#矿车,2015,8.29,2,222.5,3690.3
2026-04-24,TR-09,09#矿车,2023,7.61,3,220.5,5033.1
2026-04-24,TR-10,10#矿车,2016,7.68,3,229.2,5279.5
2026-04-24,TR-11,11#矿车,2021,7.87,3,227.1,5360.8
2026-04-24,TR-12,12#矿车,2013,6.32,3,227.1,4303.4
2026-04-25,TR-01,01#矿车,2017,7.77,2,219.5,3412.3
2026-04-25,TR-02,02#矿车,2021,7.99,3,217.3,5211.7
2026-04-25,TR-03,03#矿车,2019,7.95,3,219.3,5232.1
2026-04-25,TR-04,04#矿车,2014,6.5,3,217.8,4247.5
2026-04-25,TR-05,05#矿车,2022,8.04,2,231.5,3721.0
2026-04-25,TR-06,06#矿车,2018,8.02,3,229.1,5514.3
2026-04-25,TR-07,07#矿车,2020,8.0,3,217.4,5217.0
2026-04-25,TR-08,08#矿车,2015,7.66,2,222.5,3410.8
2026-04-25,TR-09,09#矿车,2023,7.62,3,220.5,5043.6
2026-04-25,TR-10,10#矿车,2016,7.66,3,229.2,5270.2
2026-04-25,TR-11,11#矿车,2021,8.02,2,227.1,3643.1
2026-04-25,TR-12,12#矿车,2013,5.88,2,227.1,2669.9
2026-04-26,TR-01,01#矿车,2017,7.92,2,219.5,3476.1
2026-04-26,TR-02,02#矿车,2021,7.72,3,217.3,5034.1
2026-04-26,TR-03,03#矿车,2019,7.54,2,219.3,3305.3
2026-04-26,TR-04,04#矿车,2014,6.61,3,217.8,4315.4
2026-04-26,TR-05,05#矿车,2022,7.68,2,231.5,3558.0
2026-04-26,TR-06,06#矿车,2018,7.58,3,229.1,5211.8
2026-04-26,TR-07,07#矿车,2020,8.16,2,217.4,3545.6
2026-04-26,TR-08,08#矿车,2015,8.13,3,222.5,5426.7
2026-04-26,TR-09,09#矿车,2023,7.7,2,220.5,3393.8
2026-04-26,TR-10,10#矿车,2016,7.94,3,229.2,5457.7
2026-04-26,TR-11,11#矿车,2021,8.3,3,227.1,5654.1
2026-04-26,TR-12,12#矿车,2013,6.12,2,227.1,2782.1
2026-04-27,TR-01,01#矿车,2017,7.71,2,219.5,3383.0
2026-04-27,TR-02,02#矿车,2021,7.63,2,217.3,3314.5
2026-04-27,TR-03,03#矿车,2019,7.5,3,219.3,4934.3
2026-04-27,TR-04,04#矿车,2014,6.99,2,217.8,3042.1
2026-04-27,TR-05,05#矿车,2022,7.95,2,231.5,3683.2
2026-04-27,TR-06,06#矿车,2018,7.24,2,229.1,3315.4
2026-04-27,TR-07,07#矿车,2020,8.47,2,217.4,3683.7
2026-04-27,TR-08,08#矿车,2015,8.08,3,222.5,5394.9
2026-04-27,TR-09,09#矿车,2023,7.26,2,220.5,3201.8
2026-04-27,TR-10,10#矿车,2016,7.62,3,229.2,5237.3
2026-04-27,TR-11,11#矿车,2021,8.08,3,227.1,5504.9
2026-04-27,TR-12,12#矿车,2013,6.16,3,227.1,4195.4
2026-04-28,TR-01,01#矿车,2017,7.93,3,219.5,5220.5
2026-04-28,TR-02,02#矿车,2021,7.81,3,217.3,5088.9
2026-04-28,TR-03,03#矿车,2019,7.79,2,219.3,3415.0
2026-04-28,TR-04,04#矿车,2014,6.93,3,217.8,4525.2
2026-04-28,TR-05,05#矿车,2022,7.96,3,231.5,5528.8
2026-04-28,TR-06,06#矿车,2018,7.05,3,229.1,4844.3
2026-04-28,TR-07,07#矿车,2020,8.14,3,217.4,5307.2
2026-04-28,TR-08,08#矿车,2015,8.0,3,222.5,5339.1
2026-04-28,TR-09,09#矿车,2023,7.07,3,220.5,4677.0
2026-04-28,TR-10,10#矿车,2016,7.69,3,229.2,5287.6
2026-04-28,TR-11,11#矿车,2021,8.18,3,227.1,5574.3
2026-04-28,TR-12,12#矿车,2013,6.13,3,227.1,4174.0
2026-04-29,TR-01,01#矿车,2017,8.02,2,219.5,3519.3
2026-04-29,TR-02,02#矿车,2021,7.89,3,217.3,5143.7
2026-04-29,TR-03,03#矿车,2019,7.82,2,219.3,3431.3
2026-04-29,TR-04,04#矿车,2014,6.86,3,217.8,4478.3
2026-04-29,TR-05,05#矿车,2022,8.19,3,231.5,5691.7
2026-04-29,TR-06,06#矿车,2018,7.12,3,229.1,4896.2
2026-04-29,TR-07,07#矿车,2020,8.1,3,217.4,5279.4
2026-04-29,TR-08,08#矿车,2015,8.0,2,222.5,3559.6
2026-04-29,TR-09,09#矿车,2023,7.27,3,220.5,4808.0
2026-04-29,TR-10,10#矿车,2016,7.94,3,229.2,5459.9
2026-04-29,TR-11,11#矿车,2021,7.73,3,227.1,5267.9
2026-04-29,TR-12,12#矿车,2013,6.36,3,227.1,4332.5
2026-04-30,TR-01,01#矿车,2017,7.74,2,219.5,3399.5
2026-04-30,TR-02,02#矿车,2021,7.77,3,217.3,5065.4
2026-04-30,TR-03,03#矿车,2019,7.64,2,219.3,3349.4
2026-04-30,TR-04,04#矿车,2014,6.69,3,217.8,4368.2
2026-04-30,TR-05,05#矿车,2022,8.38,2,231.5,3879.9
2026-04-30,TR-06,06#矿车,2018,7.47,2,229.1,3420.4
2026-04-30,TR-07,07#矿车,2020,7.8,2,217.4,3389.1
2026-04-30,TR-08,08#矿车,2015,8.1,3,222.5,5404.8
2026-04-30,TR-09,09#矿车,2023,7.41,2,220.5,3269.1
2026-04-30,TR-10,10#矿车,2016,8.16,3,229.2,5612.6
2026-04-30,TR-11,11#矿车,2021,8.19,3,227.1,5579.0
2026-04-30,TR-12,12#矿车,2013,6.46,3,227.1,4404.4
2026-05-01,TR-01,01#矿车,2017,7.54,3,219.5,4966.6
2026-05-01,TR-02,02#矿车,2021,7.29,3,217.3,4750.7
2026-05-01,TR-03,03#矿车,2019,7.63,2,219.3,3344.7
2026-05-01,TR-04,04#矿车,2014,6.54,3,217.8,4274.8
2026-05-01,TR-05,05#矿车,2022,8.21,3,231.5,5699.7
2026-05-01,TR-06,06#矿车,2018,7.16,2,229.1,3279.3
2026-05-01,TR-07,07#矿车,2020,8.24,3,217.4,5370.7
2026-05-01,TR-08,08#矿车,2015,8.24,2,222.5,3668.6
2026-05-01,TR-09,09#矿车,2023,6.81,2,220.5,3004.8
2026-05-01,TR-10,10#矿车,2016,8.02,3,229.2,5515.2
2026-05-01,TR-11,11#矿车,2021,7.85,3,227.1,5349.1
2026-05-01,TR-12,12#矿车,2013,6.51,3,227.1,4432.5
2026-05-02,TR-01,01#矿车,2017,7.93,3,219.5,5221.3
2026-05-02,TR-02,02#矿车,2021,7.16,3,217.3,4669.9
2026-05-02,TR-03,03#矿车,2019,8.13,3,219.3,5347.1
2026-05-02,TR-04,04#矿车,2014,6.81,2,217.8,2967.5
2026-05-02,TR-05,05#矿车,2022,8.06,2,231.5,3733.2
2026-05-02,TR-06,06#矿车,2018,7.03,3,229.1,4830.3
2026-05-02,TR-07,07#矿车,2020,8.15,2,217.4,3543.2
2026-05-02,TR-08,08#矿车,2015,8.04,3,222.5,5364.7
2026-05-02,TR-09,09#矿车,2023,7.39,2,220.5,3258.4
2026-05-02,TR-10,10#矿车,2016,8.21,3,229.2,5647.3
2026-05-02,TR-11,11#矿车,2021,7.86,3,227.1,5356.2
2026-05-02,TR-12,12#矿车,2013,6.33,3,227.1,4311.8
2026-05-03,TR-01,01#矿车,2017,8.01,2,219.5,3515.8
2026-05-03,TR-02,02#矿车,2021,7.4,3,217.3,4822.1
2026-05-03,TR-03,03#矿车,2019,7.67,3,219.3,5047.9
2026-05-03,TR-04,04#矿车,2014,6.81,3,217.8,4451.9
2026-05-03,TR-05,05#矿车,2022,7.86,2,231.5,3639.9
2026-05-03,TR-06,06#矿车,2018,7.12,2,229.1,3260.5
2026-05-03,TR-07,07#矿车,2020,7.82,2,217.4,3400.3
2026-05-03,TR-08,08#矿车,2015,7.88,3,222.5,5257.1
2026-05-03,TR-09,09#矿车,2023,7.39,2,220.5,3258.3
2026-05-03,TR-10,10#矿车,2016,7.92,2,229.2,3631.4
2026-05-03,TR-11,11#矿车,2021,8.1,3,227.1,5515.2
2026-05-03,TR-12,12#矿车,2013,6.31,2,227.1,2864.5
2026-05-04,TR-01,01#矿车,2017,7.77,2,219.5,3409.8
2026-05-04,TR-02,02#矿车,2021,7.62,3,217.3,4970.2
2026-05-04,TR-03,03#矿车,2019,8.17,3,219.3,5377.1
2026-05-04,TR-04,04#矿车,2014,6.54,3,217.8,4269.8
2026-05-04,TR-05,05#矿车,2022,8.06,3,231.5,5597.5
2026-05-04,TR-06,06#矿车,2018,7.74,3,229.1,5319.3
2026-05-04,TR-07,07#矿车,2020,7.79,2,217.4,3388.5
2026-05-04,TR-08,08#矿车,2015,8.05,2,222.5,3583.4
2026-05-04,TR-09,09#矿车,2023,7.47,3,220.5,4938.3
2026-05-04,TR-10,10#矿车,2016,8.02,2,229.2,3676.1
2026-05-04,TR-11,11#矿车,2021,7.82,2,227.1,3550.9
2026-05-04,TR-12,12#矿车,2013,5.98,3,227.1,4075.8
2026-05-05,TR-01,01#矿车,2017,7.83,2,219.5,3436.2
2026-05-05,TR-02,02#矿车,2021,7.98,3,217.3,5205.0
2026-05-05,TR-03,03#矿车,2019,8.31,2,219.3,3646.7
2026-05-05,TR-04,04#矿车,2014,6.9,2,217.8,3004.1
2026-05-05,TR-05,05#矿车,2022,7.63,3,231.5,5301.9
2026-05-05,TR-06,06#矿车,2018,7.45,3,229.1,5123.6
2026-05-05,TR-07,07#矿车,2020,7.75,3,217.4,5055.7
2026-05-05,TR-08,08#矿车,2015,7.77,3,222.5,5189.7
2026-05-05,TR-09,09#矿车,2023,7.18,3,220.5,4749.4
2026-05-05,TR-10,10#矿车,2016,7.92,3,229.2,5443.4
2026-05-05,TR-11,11#矿车,2021,7.84,2,227.1,3559.0
2026-05-05,TR-12,12#矿车,2013,5.92,2,227.1,2691.2
2026-05-06,TR-01,01#矿车,2017,7.47,3,219.5,4919.5
2026-05-06,TR-02,02#矿车,2021,7.59,3,217.3,4948.8
2026-05-06,TR-03,03#矿车,2019,7.88,3,219.3,5182.3
2026-05-06,TR-04,04#矿车,2014,7.23,3,217.8,4722.4
2026-05-06,TR-05,05#矿车,2022,7.87,2,231.5,3646.1
2026-05-06,TR-06,06#矿车,2018,7.71,2,229.1,3532.0
2026-05-06,TR-07,07#矿车,2020,7.8,2,217.4,3392.0
2026-05-06,TR-08,08#矿车,2015,8.25,3,222.5,5508.6
2026-05-06,TR-09,09#矿车,2023,7.1,3,220.5,4699.9
2026-05-06,TR-10,10#矿车,2016,8.11,2,229.2,3719.9
2026-05-06,TR-11,11#矿车,2021,7.93,3,227.1,5399.4
2026-05-06,TR-12,12#矿车,2013,6.63,3,227.1,4516.3
2026-05-07,TR-01,01#矿车,2017,7.61,3,219.5,5012.4
2026-05-07,TR-02,02#矿车,2021,7.32,2,217.3,3179.9
2026-05-07,TR-03,03#矿车,2019,7.84,3,219.3,5155.5
2026-05-07,TR-04,04#矿车,2014,6.56,2,217.8,2857.4
2026-05-07,TR-05,05#矿车,2022,8.05,3,231.5,5593.5
2026-05-07,TR-06,06#矿车,2018,7.39,3,229.1,5078.6
2026-05-07,TR-07,07#矿车,2020,7.74,3,217.4,5046.2
2026-05-07,TR-08,08#矿车,2015,8.45,3,222.5,5637.2
2026-05-07,TR-09,09#矿车,2023,7.42,2,220.5,3273.0
2026-05-07,TR-10,10#矿车,2016,8.01,3,229.2,5506.4
2026-05-07,TR-11,11#矿车,2021,7.81,3,227.1,5320.1
2026-05-07,TR-12,12#矿车,2013,6.27,3,227.1,4269.6
2026-05-08,TR-01,01#矿车,2017,7.73,2,219.5,3395.6
2026-05-08,TR-02,02#矿车,2021,7.46,3,217.3,4862.7
2026-05-08,TR-03,03#矿车,2019,7.96,3,219.3,5239.0
2026-05-08,TR-04,04#矿车,2014,6.36,3,217.8,4153.4
2026-05-08,TR-05,05#矿车,2022,8.01,2,231.5,3710.5
2026-05-08,TR-06,06#矿车,2018,7.52,2,229.1,3444.2
2026-05-08,TR-07,07#矿车,2020,7.85,3,217.4,5121.5
2026-05-08,TR-08,08#矿车,2015,8.23,3,222.5,5490.3
2026-05-08,TR-09,09#矿车,2023,7.2,2,220.5,3174.5
2026-05-08,TR-10,10#矿车,2016,7.96,3,229.2,5473.4
2026-05-08,TR-11,11#矿车,2021,7.82,2,227.1,3549.0
2026-05-08,TR-12,12#矿车,2013,6.43,3,227.1,4383.4
2026-05-09,TR-01,01#矿车,2017,8.21,3,219.5,5409.3
2026-05-09,TR-02,02#矿车,2021,7.67,3,217.3,4998.0
2026-05-09,TR-03,03#矿车,2019,7.87,3,219.3,5178.1
2026-05-09,TR-04,04#矿车,2014,6.16,3,217.8,4022.8
2026-05-09,TR-05,05#矿车,2022,8.04,3,231.5,5582.0
2026-05-09,TR-06,06#矿车,2018,7.62,2,229.1,3489.8
2026-05-09,TR-07,07#矿车,2020,8.14,3,217.4,5307.7
2026-05-09,TR-08,08#矿车,2015,7.97,3,222.5,5316.7
2026-05-09,TR-09,09#矿车,2023,7.34,2,220.5,3237.9
2026-05-09,TR-10,10#矿车,2016,7.53,2,229.2,3451.8
2026-05-09,TR-11,11#矿车,2021,8.21,3,227.1,5591.9
2026-05-09,TR-12,12#矿车,2013,6.73,3,227.1,4588.6
2026-05-10,TR-01,01#矿车,2017,7.79,2,219.5,3420.8
2026-05-10,TR-02,02#矿车,2021,7.74,3,217.3,5045.4
2026-05-10,TR-03,03#矿车,2019,8.32,3,219.3,5474.6
2026-05-10,TR-04,04#矿车,2014,6.78,3,217.8,4430.8
2026-05-10,TR-05,05#矿车,2022,7.88,3,231.5,5474.6
2026-05-10,TR-06,06#矿车,2018,7.47,2,229.1,3421.8
2026-05-10,TR-07,07#矿车,2020,8.23,3,217.4,5363.4
2026-05-10,TR-08,08#矿车,2015,7.76,3,222.5,5182.7
2026-05-10,TR-09,09#矿车,2023,7.25,3,220.5,4792.8
2026-05-10,TR-10,10#矿车,2016,3.09,1,229.2,708.9
2026-05-10,TR-11,11#矿车,2021,7.87,3,227.1,5362.7
2026-05-10,TR-12,12#矿车,2013,6.85,3,227.1,4665.8
2026-05-11,TR-01,01#矿车,2017,7.92,3,219.5,5214.5
2026-05-11,TR-02,02#矿车,2021,7.91,2,217.3,3436.1
2026-05-11,TR-03,03#矿车,2019,7.95,2,219.3,3488.6
2026-05-11,TR-04,04#矿车,2014,6.73,3,217.8,4396.5
2026-05-11,TR-05,05#矿车,2022,7.73,2,231.5,3577.8
2026-05-11,TR-06,06#矿车,2018,7.35,3,229.1,5049.5
2026-05-11,TR-07,07#矿车,2020,7.97,3,217.4,5194.5
2026-05-11,TR-08,08#矿车,2015,8.13,3,222.5,5426.0
2026-05-11,TR-09,09#矿车,2023,7.58,3,220.5,5015.5
2026-05-11,TR-10,10#矿车,2016,7.64,3,229.2,5251.4
2026-05-11,TR-11,11#矿车,2021,7.53,2,227.1,3418.8
2026-05-11,TR-12,12#矿车,2013,6.33,2,227.1,2875.2
2026-05-12,TR-01,01#矿车,2017,7.62,2,219.5,3344.9
2026-05-12,TR-02,02#矿车,2021,8.11,3,217.3,5286.2
2026-05-12,TR-03,03#矿车,2019,7.73,2,219.3,3388.8
2026-05-12,TR-04,04#矿车,2014,6.64,2,217.8,2890.7
2026-05-12,TR-05,05#矿车,2022,7.84,2,231.5,3629.8
2026-05-12,TR-06,06#矿车,2018,7.2,2,229.1,3300.3
2026-05-12,TR-07,07#矿车,2020,8.56,3,217.4,5578.5
2026-05-12,TR-08,08#矿车,2015,7.45,3,222.5,4972.8
2026-05-12,TR-09,09#矿车,2023,7.58,2,220.5,3343.1
2026-05-12,TR-10,10#矿车,2016,7.72,3,229.2,5308.2
2026-05-12,TR-11,11#矿车,2021,7.82,2,227.1,3550.8
2026-05-12,TR-12,12#矿车,2013,6.43,2,227.1,2919.9
2026-05-13,TR-01,01#矿车,2017,7.79,3,219.5,5133.6
2026-05-13,TR-02,02#矿车,2021,7.89,3,217.3,5143.3
2026-05-13,TR-03,03#矿车,2019,7.5,3,219.3,4936.9
2026-05-13,TR-04,04#矿车,2014,6.93,2,217.8,3016.7
2026-05-13,TR-05,05#矿车,2022,8.0,2,231.5,3704.9
2026-05-13,TR-06,06#矿车,2018,7.4,3,229.1,5086.2
2026-05-13,TR-07,07#矿车,2020,8.38,3,217.4,5464.2
2026-05-13,TR-08,08#矿车,2015,8.03,3,222.5,5361.0
2026-05-13,TR-09,09#矿车,2023,7.0,3,220.5,4629.3
2026-05-13,TR-10,10#矿车,2016,8.0,3,229.2,5498.9
2026-05-13,TR-11,11#矿车,2021,7.71,3,227.1,5251.7
2026-05-13,TR-12,12#矿车,2013,6.25,3,227.1,4255.2
2026-05-14,TR-01,01#矿车,2017,7.83,3,219.5,5156.9
2026-05-14,TR-02,02#矿车,2021,7.62,3,217.3,4968.2
2026-05-14,TR-03,03#矿车,2019,8.08,3,219.3,5314.6
2026-05-14,TR-04,04#矿车,2014,6.91,2,217.8,3007.9
2026-05-14,TR-05,05#矿车,2022,7.84,2,231.5,3631.9
2026-05-14,TR-06,06#矿车,2018,7.38,2,229.1,3383.4
2026-05-14,TR-07,07#矿车,2020,8.21,2,217.4,3567.3
2026-05-14,TR-08,08#矿车,2015,8.15,3,222.5,5440.1
2026-05-14,TR-09,09#矿车,2023,7.58,3,220.5,5016.5
2026-05-14,TR-10,10#矿车,2016,8.15,3,229.2,5606.2
2026-05-14,TR-11,11#矿车,2021,7.92,3,227.1,5397.7
2026-05-14,TR-12,12#矿车,2013,6.65,3,227.1,4530.5
2026-05-15,TR-01,01#矿车,2017,7.8,2,219.5,3426.6
2026-05-15,TR-02,02#矿车,2021,8.03,2,217.3,3491.7
2026-05-15,TR-03,03#矿车,2019,7.93,2,219.3,3478.2
2026-05-15,TR-04,04#矿车,2014,6.63,3,217.8,4328.6
2026-05-15,TR-05,05#矿车,2022,7.97,3,231.5,5536.6
2026-05-15,TR-06,06#矿车,2018,7.56,3,229.1,5198.6
2026-05-15,TR-07,07#矿车,2020,7.76,3,217.4,5059.5
2026-05-15,TR-08,08#矿车,2015,7.76,2,222.5,3454.4
2026-05-15,TR-09,09#矿车,2023,7.83,3,220.5,5176.8
2026-05-15,TR-10,10#矿车,2016,8.3,2,229.2,3805.2
2026-05-15,TR-11,11#矿车,2021,7.93,2,227.1,3602.1
2026-05-15,TR-12,12#矿车,2013,6.4,3,227.1,4360.2
2026-05-16,TR-01,01#矿车,2017,7.67,2,219.5,3367.2
2026-05-16,TR-02,02#矿车,2021,7.62,3,217.3,4966.2
2026-05-16,TR-03,03#矿车,2019,7.61,3,219.3,5010.1
2026-05-16,TR-04,04#矿车,2014,6.58,3,217.8,4295.8
2026-05-16,TR-05,05#矿车,2022,8.41,3,231.5,5843.6
2026-05-16,TR-06,06#矿车,2018,7.84,3,229.1,5390.4
2026-05-16,TR-07,07#矿车,2020,8.1,3,217.4,5283.3
2026-05-16,TR-08,08#矿车,2015,8.11,3,222.5,5410.8
2026-05-16,TR-09,09#矿车,2023,7.38,3,220.5,4880.8
2026-05-16,TR-10,10#矿车,2016,7.55,2,229.2,3459.7
2026-05-16,TR-11,11#矿车,2021,8.03,2,227.1,3646.9
2026-05-16,TR-12,12#矿车,2013,6.39,3,227.1,4355.7
2026-05-17,TR-01,01#矿车,2017,7.83,3,219.5,5157.2
2026-05-17,TR-02,02#矿车,2021,7.73,2,217.3,3359.2
2026-05-17,TR-03,03#矿车,2019,8.18,3,219.3,5384.3
2026-05-17,TR-04,04#矿车,2014,6.33,2,217.8,2757.7
2026-05-17,TR-05,05#矿车,2022,8.19,3,231.5,5688.1
2026-05-17,TR-06,06#矿车,2018,7.76,3,229.1,5333.8
2026-05-17,TR-07,07#矿车,2020,8.16,3,217.4,5318.9
2026-05-17,TR-08,08#矿车,2015,8.1,3,222.5,5403.4
2026-05-17,TR-09,09#矿车,2023,7.49,3,220.5,4956.7
2026-05-17,TR-10,10#矿车,2016,8.3,3,229.2,5709.2
2026-05-17,TR-11,11#矿车,2021,8.3,2,227.1,3767.4
2026-05-17,TR-12,12#矿车,2013,6.47,2,227.1,2939.9
2026-05-18,TR-01,01#矿车,2017,7.52,3,219.5,4951.1
2026-05-18,TR-02,02#矿车,2021,7.21,2,217.3,3132.3
2026-05-18,TR-03,03#矿车,2019,7.85,3,219.3,5166.9
2026-05-18,TR-04,04#矿车,2014,6.88,3,217.8,4494.2
2026-05-18,TR-05,05#矿车,2022,7.98,3,231.5,5539.5
2026-05-18,TR-06,06#矿车,2018,7.65,3,229.1,5258.4
2026-05-18,TR-07,07#矿车,2020,8.33,3,217.4,5430.7
2026-05-18,TR-08,08#矿车,2015,8.28,3,222.5,5527.4
2026-05-18,TR-09,09#矿车,2023,7.58,2,220.5,3342.5
2026-05-18,TR-10,10#矿车,2016,8.04,3,229.2,5529.3
2026-05-18,TR-11,11#矿车,2021,8.13,2,227.1,3692.6
2026-05-18,TR-12,12#矿车,2013,6.93,3,227.1,4721.6
2026-05-19,TR-01,01#矿车,2017,7.59,2,219.5,3333.0
2026-05-19,TR-02,02#矿车,2021,7.82,3,217.3,5100.6
2026-05-19,TR-03,03#矿车,2019,7.77,3,219.3,5110.8
2026-05-19,TR-04,04#矿车,2014,6.78,3,217.8,4432.1
2026-05-19,TR-05,05#矿车,2022,8.21,3,231.5,5701.5
2026-05-19,TR-06,06#矿车,2018,7.41,3,229.1,5095.3
2026-05-19,TR-07,07#矿车,2020,8.01,3,217.4,5221.6
2026-05-19,TR-08,08#矿车,2015,7.95,2,222.5,3537.6
2026-05-19,TR-09,09#矿车,2023,7.11,3,220.5,4705.4
2026-05-19,TR-10,10#矿车,2016,7.91,2,229.2,3628.0
2026-05-19,TR-11,11#矿车,2021,7.74,2,227.1,3514.7
2026-05-19,TR-12,12#矿车,2013,6.84,2,227.1,3106.9
2026-05-20,TR-01,01#矿车,2017,7.45,2,219.5,3272.7
2026-05-20,TR-02,02#矿车,2021,8.15,3,217.3,5315.4
2026-05-20,TR-03,03#矿车,2019,7.96,2,219.3,3489.7
2026-05-20,TR-04,04#矿车,2014,6.45,3,217.8,4215.5
2026-05-20,TR-05,05#矿车,2022,8.25,3,231.5,5733.3
2026-05-20,TR-06,06#矿车,2018,7.05,3,229.1,4846.1
2026-05-20,TR-07,07#矿车,2020,8.46,3,217.4,5516.4
2026-05-20,TR-08,08#矿车,2015,7.95,3,222.5,5306.2
2026-05-20,TR-09,09#矿车,2023,7.54,2,220.5,3325.7
2026-05-20,TR-10,10#矿车,2016,8.02,2,229.2,3678.9
2026-05-20,TR-11,11#矿车,2021,7.91,3,227.1,5389.5
2026-05-20,TR-12,12#矿车,2013,6.66,3,227.1,4535.3
2026-05-21,TR-01,01#矿车,2017,7.66,2,219.5,3364.8
2026-05-21,TR-02,02#矿车,2021,7.64,2,217.3,3318.9
2026-05-21,TR-03,03#矿车,2019,7.79,3,219.3,5126.3
2026-05-21,TR-04,04#矿车,2014,6.36,2,217.8,2767.9
2026-05-21,TR-05,05#矿车,2022,8.0,3,231.5,5555.9
2026-05-21,TR-06,06#矿车,2018,6.99,2,229.1,3201.0
2026-05-21,TR-07,07#矿车,2020,8.17,3,217.4,5326.5
2026-05-21,TR-08,08#矿车,2015,7.79,3,222.5,5197.2
2026-05-21,TR-09,09#矿车,2023,7.42,2,220.5,3270.7
2026-05-21,TR-10,10#矿车,2016,8.14,3,229.2,5598.8
2026-05-21,TR-11,11#矿车,2021,8.33,3,227.1,5671.9
2026-05-21,TR-12,12#矿车,2013,6.75,2,227.1,3067.2
2026-05-22,TR-01,01#矿车,2017,7.59,3,219.5,4996.1
2026-05-22,TR-02,02#矿车,2021,8.0,2,217.3,3476.3
2026-05-22,TR-03,03#矿车,2019,7.58,3,219.3,4985.0
2026-05-22,TR-04,04#矿车,2014,6.7,3,217.8,4374.0
2026-05-22,TR-05,05#矿车,2022,8.08,3,231.5,5613.0
2026-05-22,TR-06,06#矿车,2018,7.35,3,229.1,5053.7
2026-05-22,TR-07,07#矿车,2020,8.47,2,217.4,3680.6
2026-05-22,TR-08,08#矿车,2015,7.97,3,222.5,5318.8
2026-05-22,TR-09,09#矿车,2023,7.43,3,220.5,4914.4
2026-05-22,TR-10,10#矿车,2016,7.91,3,229.2,5437.7
2026-05-22,TR-11,11#矿车,2021,7.38,2,227.1,3350.0
2026-05-22,TR-12,12#矿车,2013,6.54,2,227.1,2971.1
2026-05-23,TR-01,01#矿车,2017,7.63,3,219.5,5025.3
2026-05-23,TR-02,02#矿车,2021,7.9,3,217.3,5147.5
2026-05-23,TR-03,03#矿车,2019,8.04,3,219.3,5288.7
2026-05-23,TR-04,04#矿车,2014,7.0,3,217.8,4572.1
2026-05-23,TR-05,05#矿车,2022,7.76,2,231.5,3591.9
2026-05-23,TR-06,06#矿车,2018,7.46,2,229.1,3416.7
2026-05-23,TR-07,07#矿车,2020,7.57,3,217.4,4938.0
2026-05-23,TR-08,08#矿车,2015,7.98,3,222.5,5327.5
2026-05-23,TR-09,09#矿车,2023,7.69,2,220.5,3393.2
2026-05-23,TR-10,10#矿车,2016,7.54,3,229.2,5185.2
2026-05-23,TR-11,11#矿车,2021,7.49,3,227.1,5100.6
2026-05-23,TR-12,12#矿车,2013,6.11,3,227.1,4162.0
2026-05-24,TR-01,01#矿车,2017,7.62,3,219.5,5015.4
2026-05-24,TR-02,02#矿车,2021,7.79,3,217.3,5077.4
2026-05-24,TR-03,03#矿车,2019,7.78,2,219.3,3411.4
2026-05-24,TR-04,04#矿车,2014,7.21,3,217.8,4710.1
2026-05-24,TR-05,05#矿车,2022,8.36,2,231.5,3869.8
2026-05-24,TR-06,06#矿车,2018,7.5,2,229.1,3435.2
2026-05-24,TR-07,07#矿车,2020,8.0,3,217.4,5215.6
2026-05-24,TR-08,08#矿车,2015,7.98,2,222.5,3552.2
2026-05-24,TR-09,09#矿车,2023,7.1,3,220.5,4697.7
2026-05-24,TR-10,10#矿车,2016,7.67,3,229.2,5276.3
2026-05-24,TR-11,11#矿车,2021,7.92,2,227.1,3595.5
2026-05-24,TR-12,12#矿车,2013,6.33,2,227.1,2874.2
2026-05-25,TR-01,01#矿车,2017,7.64,3,219.5,5031.4
2026-05-25,TR-02,02#矿车,2021,7.51,3,217.3,4895.5
2026-05-25,TR-03,03#矿车,2019,7.79,3,219.3,5126.4
2026-05-25,TR-04,04#矿车,2014,6.6,2,217.8,2874.2
2026-05-25,TR-05,05#矿车,2022,8.17,2,231.5,3785.2
2026-05-25,TR-06,06#矿车,2018,7.07,3,229.1,4861.2
2026-05-25,TR-07,07#矿车,2020,7.93,3,217.4,5171.8
2026-05-25,TR-08,08#矿车,2015,7.99,3,222.5,5331.8
2026-05-25,TR-09,09#矿车,2023,7.15,2,220.5,3152.3
2026-05-25,TR-10,10#矿车,2016,7.57,3,229.2,5207.8
2026-05-25,TR-11,11#矿车,2021,7.83,2,227.1,3555.6
2026-05-25,TR-12,12#矿车,2013,6.63,3,227.1,4514.0
2026-05-26,TR-01,01#矿车,2017,7.48,3,219.5,4925.8
2026-05-26,TR-02,02#矿车,2021,7.73,3,217.3,5040.3
2026-05-26,TR-03,03#矿车,2019,7.99,3,219.3,5257.1
2026-05-26,TR-04,04#矿车,2014,6.95,2,217.8,3026.9
2026-05-26,TR-05,05#矿车,2022,8.04,2,231.5,3722.1
2026-05-26,TR-06,06#矿车,2018,8.06,3,229.1,5542.9
2026-05-26,TR-07,07#矿车,2020,8.01,3,217.4,5224.7
2026-05-26,TR-08,08#矿车,2015,8.27,3,222.5,5519.6
2026-05-26,TR-09,09#矿车,2023,7.05,3,220.5,4663.7
2026-05-26,TR-10,10#矿车,2016,7.57,2,229.2,3473.0
2026-05-26,TR-11,11#矿车,2021,7.97,3,227.1,5428.9
2026-05-26,TR-12,12#矿车,2013,6.1,3,227.1,4155.8
2026-05-27,TR-01,01#矿车,2017,8.05,3,219.5,5301.9
2026-05-27,TR-02,02#矿车,2021,7.91,2,217.3,3439.0
2026-05-27,TR-03,03#矿车,2019,7.95,3,219.3,5227.5
2026-05-27,TR-04,04#矿车,2014,6.47,2,217.8,2819.2
2026-05-27,TR-05,05#矿车,2022,7.78,2,231.5,3604.5
2026-05-27,TR-06,06#矿车,2018,7.74,2,229.1,3547.0
2026-05-27,TR-07,07#矿车,2020,8.34,3,217.4,5441.4
2026-05-27,TR-08,08#矿车,2015,8.24,3,222.5,5499.1
2026-05-27,TR-09,09#矿车,2023,7.39,3,220.5,4885.6
2026-05-27,TR-10,10#矿车,2016,7.98,3,229.2,5488.7
2026-05-27,TR-11,11#矿车,2021,7.93,3,227.1,5399.4
2026-05-27,TR-12,12#矿车,2013,6.03,3,227.1,4109.2
2026-05-28,TR-01,01#矿车,2017,7.31,3,219.5,4813.3
2026-05-28,TR-02,02#矿车,2021,7.65,3,217.3,4987.8
2026-05-28,TR-03,03#矿车,2019,8.02,3,219.3,5275.3
2026-05-28,TR-04,04#矿车,2014,6.09,3,217.8,3980.2
2026-05-28,TR-05,05#矿车,2022,8.43,2,231.5,3905.0
2026-05-28,TR-06,06#矿车,2018,7.6,3,229.1,5221.3
2026-05-28,TR-07,07#矿车,2020,8.28,2,217.4,3601.4
2026-05-28,TR-08,08#矿车,2015,8.49,3,222.5,5667.3
2026-05-28,TR-09,09#矿车,2023,7.05,2,220.5,3107.4
2026-05-28,TR-10,10#矿车,2016,7.82,2,229.2,3586.3
2026-05-28,TR-11,11#矿车,2021,7.73,3,227.1,5263.4
2026-05-28,TR-12,12#矿车,2013,6.1,3,227.1,4155.3
2026-05-29,TR-01,01#矿车,2017,7.51,2,219.5,3295.2
2026-05-29,TR-02,02#矿车,2021,7.79,3,217.3,5075.2
2026-05-29,TR-03,03#矿车,2019,8.09,3,219.3,5322.0
2026-05-29,TR-04,04#矿车,2014,6.36,3,217.8,4154.6
2026-05-29,TR-05,05#矿车,2022,8.14,3,231.5,5656.9
2026-05-29,TR-06,06#矿车,2018,7.56,3,229.1,5193.9
2026-05-29,TR-07,07#矿车,2020,7.83,3,217.4,5106.5
2026-05-29,TR-08,08#矿车,2015,8.46,2,222.5,3764.1
2026-05-29,TR-09,09#矿车,2023,7.05,3,220.5,4660.5
2026-05-29,TR-10,10#矿车,2016,7.81,3,229.2,5372.0
2026-05-29,TR-11,11#矿车,2021,7.95,3,227.1,5414.8
2026-05-29,TR-12,12#矿车,2013,6.4,3,227.1,4363.9
2026-05-30,TR-01,01#矿车,2017,7.75,3,219.5,5102.6
2026-05-30,TR-02,02#矿车,2021,7.51,2,217.3,3265.4
2026-05-30,TR-03,03#矿车,2019,7.74,2,219.3,3397.0
2026-05-30,TR-04,04#矿车,2014,6.5,3,217.8,4245.6
2026-05-30,TR-05,05#矿车,2022,8.54,3,231.5,5934.4
2026-05-30,TR-06,06#矿车,2018,7.47,3,229.1,5131.1
2026-05-30,TR-07,07#矿车,2020,8.28,3,217.4,5399.6
2026-05-30,TR-08,08#矿车,2015,8.08,3,222.5,5391.0
2026-05-30,TR-09,09#矿车,2023,7.61,3,220.5,5035.0
2026-05-30,TR-10,10#矿车,2016,7.65,3,229.2,5263.4
2026-05-30,TR-11,11#矿车,2021,8.82,2,227.1,4005.2
2026-05-30,TR-12,12#矿车,2013,6.42,2,227.1,2918.0
2026-05-31,TR-01,01#矿车,2017,7.43,2,219.5,3262.2
2026-05-31,TR-02,02#矿车,2021,8.01,3,217.3,5224.3
2026-05-31,TR-03,03#矿车,2019,7.48,3,219.3,4924.2
2026-05-31,TR-04,04#矿车,2014,6.26,2,217.8,2727.7
2026-05-31,TR-05,05#矿车,2022,8.15,3,231.5,5661.0
2026-05-31,TR-06,06#矿车,2018,7.78,2,229.1,3562.9
2026-05-31,TR-07,07#矿车,2020,8.19,3,217.4,5340.8
2026-05-31,TR-08,08#矿车,2015,8.74,3,222.5,5832.9
2026-05-31,TR-09,09#矿车,2023,7.42,3,220.5,4909.1
2026-05-31,TR-10,10#矿车,2016,8.24,3,229.2,5670.0
2026-05-31,TR-11,11#矿车,2021,8.31,2,227.1,3773.3
2026-05-31,TR-12,12#矿车,2013,6.33,2,227.1,2874.0
2026-06-01,TR-01,01#矿车,2017,7.57,3,219.5,4986.5
2026-06-01,TR-02,02#矿车,2021,7.64,2,217.3,3319.9
2026-06-01,TR-03,03#矿车,2019,7.64,2,219.3,3351.9
2026-06-01,TR-04,04#矿车,2014,6.62,3,217.8,4323.6
2026-06-01,TR-05,05#矿车,2022,8.13,2,231.5,3764.2
2026-06-01,TR-06,06#矿车,2018,7.42,3,229.1,5099.5
2026-06-01,TR-07,07#矿车,2020,8.3,2,217.4,3607.0
2026-06-01,TR-08,08#矿车,2015,8.33,2,222.5,3707.5
2026-06-01,TR-09,09#矿车,2023,7.26,2,220.5,3203.6
2026-06-01,TR-10,10#矿车,2016,8.12,2,229.2,3724.6
2026-06-01,TR-11,11#矿车,2021,8.21,2,227.1,3730.3
2026-06-01,TR-12,12#矿车,2013,6.49,2,227.1,2945.8
2026-06-02,TR-01,01#矿车,2017,7.62,3,219.5,5016.5
2026-06-02,TR-02,02#矿车,2021,7.75,3,217.3,5055.1
2026-06-02,TR-03,03#矿车,2019,7.69,3,219.3,5060.7
2026-06-02,TR-04,04#矿车,2014,6.31,3,217.8,4122.2
2026-06-02,TR-05,05#矿车,2022,8.27,2,231.5,3827.8
2026-06-02,TR-06,06#矿车,2018,7.2,3,229.1,4950.1
2026-06-02,TR-07,07#矿车,2020,7.77,3,217.4,5067.4
2026-06-02,TR-08,08#矿车,2015,8.27,3,222.5,5518.4
2026-06-02,TR-09,09#矿车,2023,7.32,3,220.5,4842.1
2026-06-02,TR-10,10#矿车,2016,8.18,3,229.2,5623.5
2026-06-02,TR-11,11#矿车,2021,8.04,2,227.1,3652.8
2026-06-02,TR-12,12#矿车,2013,6.84,3,227.1,4663.0
2026-06-03,TR-01,01#矿车,2017,7.43,3,219.5,4896.1
2026-06-03,TR-02,02#矿车,2021,7.66,2,217.3,3331.2
2026-06-03,TR-03,03#矿车,2019,7.35,3,219.3,4838.7
2026-06-03,TR-04,04#矿车,2014,6.52,3,217.8,4257.6
2026-06-03,TR-05,05#矿车,2022,8.42,3,231.5,5845.2
2026-06-03,TR-06,06#矿车,2018,7.46,3,229.1,5128.1
2026-06-03,TR-07,07#矿车,2020,8.0,2,217.4,3479.2
2026-06-03,TR-08,08#矿车,2015,8.11,3,222.5,5412.5
2026-06-03,TR-09,09#矿车,2023,7.01,2,220.5,3093.7
2026-06-03,TR-10,10#矿车,2016,8.26,3,229.2,5677.9
2026-06-03,TR-11,11#矿车,2021,7.92,2,227.1,3598.8
2026-06-03,TR-12,12#矿车,2013,7.03,2,227.1,3191.1
2026-06-04,TR-01,01#矿车,2017,7.85,3,219.5,5172.0
2026-06-04,TR-02,02#矿车,2021,7.69,3,217.3,5011.2
2026-06-04,TR-03,03#矿车,2019,7.79,3,219.3,5124.2
2026-06-04,TR-04,04#矿车,2014,6.84,3,217.8,4468.8
2026-06-04,TR-05,05#矿车,2022,8.29,2,231.5,3840.2
2026-06-04,TR-06,06#矿车,2018,7.38,3,229.1,5072.4
2026-06-04,TR-07,07#矿车,2020,8.17,2,217.4,3552.2
2026-06-04,TR-08,08#矿车,2015,7.46,3,222.5,4982.2
2026-06-04,TR-09,09#矿车,2023,7.07,3,220.5,4675.7
2026-06-04,TR-10,10#矿车,2016,7.83,3,229.2,5382.6
2026-06-04,TR-11,11#矿车,2021,7.7,3,227.1,5246.1
2026-06-04,TR-12,12#矿车,2013,6.49,3,227.1,4424.3
2026-06-05,TR-01,01#矿车,2017,7.31,2,219.5,3210.6
2026-06-05,TR-02,02#矿车,2021,7.6,3,217.3,4955.8
2026-06-05,TR-03,03#矿车,2019,7.76,3,219.3,5106.4
2026-06-05,TR-04,04#矿车,2014,6.61,3,217.8,4318.7
2026-06-05,TR-05,05#矿车,2022,8.17,2,231.5,3784.7
2026-06-05,TR-06,06#矿车,2018,7.18,3,229.1,4936.2
2026-06-05,TR-07,07#矿车,2020,8.26,2,217.4,3592.9
2026-06-05,TR-08,08#矿车,2015,8.21,2,222.5,3653.8
2026-06-05,TR-09,09#矿车,2023,7.43,2,220.5,3276.1
2026-06-05,TR-10,10#矿车,2016,8.1,3,229.2,5570.5
2026-06-05,TR-11,11#矿车,2021,7.85,2,227.1,3565.9
2026-06-05,TR-12,12#矿车,2013,6.6,3,227.1,4494.2
2026-06-06,TR-01,01#矿车,2017,7.89,3,219.5,5193.0
2026-06-06,TR-02,02#矿车,2021,7.87,3,217.3,5133.2
2026-06-06,TR-03,03#矿车,2019,7.8,3,219.3,5131.3
2026-06-06,TR-04,04#矿车,2014,6.97,2,217.8,3035.4
2026-06-06,TR-05,05#矿车,2022,7.7,3,231.5,5350.5
2026-06-06,TR-06,06#矿车,2018,7.69,3,229.1,5283.8
2026-06-06,TR-07,07#矿车,2020,8.52,2,217.4,3703.5
2026-06-06,TR-08,08#矿车,2015,8.03,3,222.5,5357.1
2026-06-06,TR-09,09#矿车,2023,6.99,3,220.5,4624.2
2026-06-06,TR-10,10#矿车,2016,8.21,3,229.2,5646.9
2026-06-06,TR-11,11#矿车,2021,8.14,3,227.1,5543.4
2026-06-06,TR-12,12#矿车,2013,6.8,2,227.1,3088.2
2026-06-07,TR-01,01#矿车,2017,7.97,3,219.5,5249.0
2026-06-07,TR-02,02#矿车,2021,7.5,2,217.3,3258.6
2026-06-07,TR-03,03#矿车,2019,7.71,3,219.3,5070.9
2026-06-07,TR-04,04#矿车,2014,6.82,2,217.8,2969.5
2026-06-07,TR-05,05#矿车,2022,7.58,2,231.5,3510.4
2026-06-07,TR-06,06#矿车,2018,7.36,2,229.1,3372.5
2026-06-07,TR-07,07#矿车,2020,8.51,3,217.4,5547.9
2026-06-07,TR-08,08#矿车,2015,7.83,3,222.5,5226.5
2026-06-07,TR-09,09#矿车,2023,7.33,2,220.5,3233.5
2026-06-07,TR-10,10#矿车,2016,8.04,2,229.2,3684.3
2026-06-07,TR-11,11#矿车,2021,8.34,2,227.1,3786.0
2026-06-07,TR-12,12#矿车,2013,6.48,2,227.1,2944.6
2026-06-08,TR-01,01#矿车,2017,8.14,3,219.5,5360.3
2026-06-08,TR-02,02#矿车,2021,7.54,3,217.3,4914.6
2026-06-08,TR-03,03#矿车,2019,8.12,2,219.3,3562.0
2026-06-08,TR-04,04#矿车,2014,6.63,3,217.8,4330.5
2026-06-08,TR-05,05#矿车,2022,8.14,3,231.5,5654.5
2026-06-08,TR-06,06#矿车,2018,7.51,2,229.1,3442.2
2026-06-08,TR-07,07#矿车,2020,8.02,3,217.4,5230.2
2026-06-08,TR-08,08#矿车,2015,8.14,2,222.5,3621.2
2026-06-08,TR-09,09#矿车,2023,6.96,3,220.5,4601.9
2026-06-08,TR-10,10#矿车,2016,7.73,2,229.2,3543.4
2026-06-08,TR-11,11#矿车,2021,8.74,3,227.1,5955.2
2026-06-08,TR-12,12#矿车,2013,6.69,2,227.1,3039.8
2026-06-09,TR-01,01#矿车,2017,7.95,3,219.5,5237.8
2026-06-09,TR-02,02#矿车,2021,7.54,3,217.3,4917.8
2026-06-09,TR-03,03#矿车,2019,7.66,3,219.3,5038.3
2026-06-09,TR-04,04#矿车,2014,6.73,3,217.8,4394.9
2026-06-09,TR-05,05#矿车,2022,8.32,2,231.5,3854.9
2026-06-09,TR-06,06#矿车,2018,7.58,3,229.1,5208.7
2026-06-09,TR-07,07#矿车,2020,7.89,3,217.4,5143.4
2026-06-09,TR-08,08#矿车,2015,4.09,0,222.5,0.0
2026-06-09,TR-09,09#矿车,2023,6.56,3,220.5,4337.5
2026-06-09,TR-10,10#矿车,2016,7.43,3,229.2,5107.1
2026-06-09,TR-11,11#矿车,2021,8.17,3,227.1,5564.2
2026-06-09,TR-12,12#矿车,2013,6.79,3,227.1,4623.8
2026-06-10,TR-01,01#矿车,2017,7.56,3,219.5,4979.6
2026-06-10,TR-02,02#矿车,2021,7.61,3,217.3,4958.0
2026-06-10,TR-03,03#矿车,2019,7.65,3,219.3,5034.4
2026-06-10,TR-04,04#矿车,2014,6.45,3,217.8,4215.7
2026-06-10,TR-05,05#矿车,2022,8.43,3,231.5,5858.5
2026-06-10,TR-06,06#矿车,2018,7.09,2,229.1,3247.2
2026-06-10,TR-07,07#矿车,2020,7.5,3,217.4,4889.9
2026-06-10,TR-08,08#矿车,2015,7.72,3,222.5,5149.8
2026-06-10,TR-09,09#矿车,2023,6.82,2,220.5,3006.2
2026-06-10,TR-10,10#矿车,2016,7.72,2,229.2,3541.7
2026-06-10,TR-11,11#矿车,2021,8.27,3,227.1,5633.2
2026-06-10,TR-12,12#矿车,2013,6.56,3,227.1,4468.9
2026-06-11,TR-01,01#矿车,2017,7.39,3,219.5,4865.5
2026-06-11,TR-02,02#矿车,2021,7.87,3,217.3,5133.2
2026-06-11,TR-03,03#矿车,2019,7.6,2,219.3,3331.9
2026-06-11,TR-04,04#矿车,2014,6.06,2,217.8,2639.4
2026-06-11,TR-05,05#矿车,2022,8.49,3,231.5,5896.3
2026-06-11,TR-06,06#矿车,2018,7.93,3,229.1,5448.7
2026-06-11,TR-07,07#矿车,2020,8.07,3,217.4,5261.0
2026-06-11,TR-08,08#矿车,2015,7.61,3,222.5,5079.3
2026-06-11,TR-09,09#矿车,2023,7.18,3,220.5,4750.7
2026-06-11,TR-10,10#矿车,2016,7.65,2,229.2,3505.2
2026-06-11,TR-11,11#矿车,2021,8.07,3,227.1,5497.9
2026-06-11,TR-12,12#矿车,2013,6.26,3,227.1,4264.4
2026-06-12,TR-01,01#矿车,2017,7.63,3,219.5,5025.2
2026-06-12,TR-02,02#矿车,2021,8.14,3,217.3,5306.6
2026-06-12,TR-03,03#矿车,2019,7.51,3,219.3,4940.1
2026-06-12,TR-04,04#矿车,2014,6.75,3,217.8,4408.9
2026-06-12,TR-05,05#矿车,2022,8.55,2,231.5,3958.2
2026-06-12,TR-06,06#矿车,2018,7.58,3,229.1,5206.6
2026-06-12,TR-07,07#矿车,2020,8.22,3,217.4,5361.3
2026-06-12,TR-08,08#矿车,2015,7.75,3,222.5,5174.4
2026-06-12,TR-09,09#矿车,2023,7.21,3,220.5,4770.5
2026-06-12,TR-10,10#矿车,2016,7.55,2,229.2,3459.3
2026-06-12,TR-11,11#矿车,2021,7.71,3,227.1,5250.2
2026-06-12,TR-12,12#矿车,2013,6.53,2,227.1,2965.5
2026-06-13,TR-01,01#矿车,2017,6.96,3,219.5,4582.9
2026-06-13,TR-02,02#矿车,2021,7.7,2,217.3,3347.6
2026-06-13,TR-03,03#矿车,2019,7.71,3,219.3,5074.4
2026-06-13,TR-04,04#矿车,2014,6.7,3,217.8,4379.8
2026-06-13,TR-05,05#矿车,2022,8.46,2,231.5,3917.6
2026-06-13,TR-06,06#矿车,2018,7.37,3,229.1,5064.3
2026-06-13,TR-07,07#矿车,2020,8.29,3,217.4,5403.2
2026-06-13,TR-08,08#矿车,2015,7.83,3,222.5,5226.3
2026-06-13,TR-09,09#矿车,2023,7.39,2,220.5,3258.2
2026-06-13,TR-10,10#矿车,2016,7.71,2,229.2,3536.4
2026-06-13,TR-11,11#矿车,2021,8.31,2,227.1,3775.8
2026-06-13,TR-12,12#矿车,2013,6.46,3,227.1,4400.9
2026-06-14,TR-01,01#矿车,2017,7.4,3,219.5,4873.9
2026-06-14,TR-02,02#矿车,2021,7.26,2,217.3,3155.1
2026-06-14,TR-03,03#矿车,2019,7.85,3,219.3,5167.9
2026-06-14,TR-04,04#矿车,2014,6.51,3,217.8,4254.3
2026-06-14,TR-05,05#矿车,2022,8.19,2,231.5,3792.0
2026-06-14,TR-06,06#矿车,2018,7.65,3,229.1,5259.1
2026-06-14,TR-07,07#矿车,2020,8.21,2,217.4,3570.9
2026-06-14,TR-08,08#矿车,2015,7.66,3,222.5,5111.7
2026-06-14,TR-09,09#矿车,2023,7.39,3,220.5,4888.3
2026-06-14,TR-10,10#矿车,2016,7.69,2,229.2,3523.9
2026-06-14,TR-11,11#矿车,2021,7.93,3,227.1,5398.7
2026-06-14,TR-12,12#矿车,2013,5.97,3,227.1,4066.7
2026-06-15,TR-01,01#矿车,2017,7.24,3,219.5,4766.2
2026-06-15,TR-02,02#矿车,2021,8.01,3,217.3,5222.4
2026-06-15,TR-03,03#矿车,2019,8.12,3,219.3,5341.1
2026-06-15,TR-04,04#矿车,2014,6.68,3,217.8,4362.5
2026-06-15,TR-05,05#矿车,2022,8.23,3,231.5,5715.4
2026-06-15,TR-06,06#矿车,2018,4.06,1,229.1,930.0
2026-06-15,TR-07,07#矿车,2020,8.14,2,217.4,3537.9
2026-06-15,TR-08,08#矿车,2015,7.74,2,222.5,3444.9
2026-06-15,TR-09,09#矿车,2023,7.44,3,220.5,4919.8
2026-06-15,TR-10,10#矿车,2016,7.95,2,229.2,3646.3
2026-06-15,TR-11,11#矿车,2021,7.88,2,227.1,3577.6
2026-06-15,TR-12,12#矿车,2013,6.06,3,227.1,4128.9
2026-06-16,TR-01,01#矿车,2017,7.32,3,219.5,4819.9
2026-06-16,TR-02,02#矿车,2021,7.95,2,217.3,3456.1
2026-06-16,TR-03,03#矿车,2019,7.66,3,219.3,5038.5
2026-06-16,TR-04,04#矿车,2014,6.28,3,217.8,4103.5
2026-06-16,TR-05,05#矿车,2022,8.17,3,231.5,5677.4
2026-06-16,TR-06,06#矿车,2018,7.74,3,229.1,5321.6
2026-06-16,TR-07,07#矿车,2020,7.93,3,217.4,5171.3
2026-06-16,TR-08,08#矿车,2015,8.14,2,222.5,3620.5
2026-06-16,TR-09,09#矿车,2023,6.76,3,220.5,4471.0
2026-06-16,TR-10,10#矿车,2016,8.03,3,229.2,5523.1
2026-06-16,TR-11,11#矿车,2021,7.47,3,227.1,5086.6
2026-06-16,TR-12,12#矿车,2013,6.38,3,227.1,4347.9
2026-06-17,TR-01,01#矿车,2017,7.55,3,219.5,4974.7
2026-06-17,TR-02,02#矿车,2021,7.37,2,217.3,3201.5
2026-06-17,TR-03,03#矿车,2019,7.88,2,219.3,3457.7
2026-06-17,TR-04,04#矿车,2014,6.38,3,217.8,4167.1
2026-06-17,TR-05,05#矿车,2022,8.23,3,231.5,5714.3
2026-06-17,TR-06,06#矿车,2018,7.5,3,229.1,5151.9
2026-06-17,TR-07,07#矿车,2020,7.99,3,217.4,5210.4
2026-06-17,TR-08,08#矿车,2015,8.52,3,222.5,5688.2
2026-06-17,TR-09,09#矿车,2023,6.84,3,220.5,4526.8
2026-06-17,TR-10,10#矿车,2016,7.99,3,229.2,5496.2
2026-06-17,TR-11,11#矿车,2021,7.81,3,227.1,5318.5
2026-06-17,TR-12,12#矿车,2013,6.37,2,227.1,2894.8
2026-06-18,TR-01,01#矿车,2017,7.27,3,219.5,4788.4
2026-06-18,TR-02,02#矿车,2021,7.68,3,217.3,5009.7
2026-06-18,TR-03,03#矿车,2019,7.8,3,219.3,5135.2
2026-06-18,TR-04,04#矿车,2014,6.58,3,217.8,4299.5
2026-06-18,TR-05,05#矿车,2022,8.31,3,231.5,5769.7
2026-06-18,TR-06,06#矿车,2018,7.66,2,229.1,3508.2
2026-06-18,TR-07,07#矿车,2020,7.93,3,217.4,5172.1
2026-06-18,TR-08,08#矿车,2015,8.62,3,222.5,5756.7
2026-06-18,TR-09,09#矿车,2023,7.34,2,220.5,3236.3
2026-06-18,TR-10,10#矿车,2016,7.65,3,229.2,5258.2
2026-06-18,TR-11,11#矿车,2021,7.81,3,227.1,5322.3
2026-06-18,TR-12,12#矿车,2013,5.9,3,227.1,4022.5
2026-06-19,TR-01,01#矿车,2017,7.14,2,219.5,3134.4
2026-06-19,TR-02,02#矿车,2021,7.6,2,217.3,3301.3
2026-06-19,TR-03,03#矿车,2019,7.7,2,219.3,3376.5
2026-06-19,TR-04,04#矿车,2014,6.57,3,217.8,4290.8
2026-06-19,TR-05,05#矿车,2022,7.81,3,231.5,5427.4
2026-06-19,TR-06,06#矿车,2018,7.75,2,229.1,3550.2
2026-06-19,TR-07,07#矿车,2020,7.51,2,217.4,3263.8
2026-06-19,TR-08,08#矿车,2015,8.18,3,222.5,5462.1
2026-06-19,TR-09,09#矿车,2023,7.52,3,220.5,4971.7
2026-06-19,TR-10,10#矿车,2016,7.44,2,229.2,3409.4
2026-06-19,TR-11,11#矿车,2021,7.98,2,227.1,3626.0
2026-06-19,TR-12,12#矿车,2013,6.45,3,227.1,4392.8
2026-06-20,TR-01,01#矿车,2017,7.33,2,219.5,3216.6
2026-06-20,TR-02,02#矿车,2021,7.72,2,217.3,3354.9
2026-06-20,TR-03,03#矿车,2019,7.82,3,219.3,5147.2
2026-06-20,TR-04,04#矿车,2014,6.04,3,217.8,3947.6
2026-06-20,TR-05,05#矿车,2022,8.65,2,231.5,4006.8
2026-06-20,TR-06,06#矿车,2018,7.35,2,229.1,3369.2
2026-06-20,TR-07,07#矿车,2020,8.04,3,217.4,5245.2
2026-06-20,TR-08,08#矿车,2015,8.03,2,222.5,3571.7
2026-06-20,TR-09,09#矿车,2023,7.5,2,220.5,3309.5
2026-06-20,TR-10,10#矿车,2016,7.82,3,229.2,5379.1
2026-06-20,TR-11,11#矿车,2021,7.99,3,227.1,5440.4
2026-06-20,TR-12,12#矿车,2013,6.62,3,227.1,4511.2
2026-06-21,TR-01,01#矿车,2017,7.61,3,219.5,5011.2
2026-06-21,TR-02,02#矿车,2021,7.27,3,217.3,4737.4
2026-06-21,TR-03,03#矿车,2019,7.86,3,219.3,5171.3
2026-06-21,TR-04,04#矿车,2014,5.98,3,217.8,3903.7
2026-06-21,TR-05,05#矿车,2022,8.13,3,231.5,5646.1
2026-06-21,TR-06,06#矿车,2018,7.14,3,229.1,4903.8
2026-06-21,TR-07,07#矿车,2020,7.61,3,217.4,4961.8
2026-06-21,TR-08,08#矿车,2015,8.17,3,222.5,5453.8
2026-06-21,TR-09,09#矿车,2023,7.51,3,220.5,4966.0
2026-06-21,TR-10,10#矿车,2016,7.79,2,229.2,3571.6
2026-06-21,TR-11,11#矿车,2021,7.7,3,227.1,5245.4
2026-06-21,TR-12,12#矿车,2013,6.85,3,227.1,4669.6
2026-06-22,TR-01,01#矿车,2017,7.55,3,219.5,4970.5
2026-06-22,TR-02,02#矿车,2021,7.37,3,217.3,4806.8
2026-06-22,TR-03,03#矿车,2019,7.95,3,219.3,5229.4
2026-06-22,TR-04,04#矿车,2014,6.22,2,217.8,2707.8
2026-06-22,TR-05,05#矿车,2022,8.38,3,231.5,5819.7
2026-06-22,TR-06,06#矿车,2018,7.17,3,229.1,4929.6
2026-06-22,TR-07,07#矿车,2020,7.88,2,217.4,3427.5
2026-06-22,TR-08,08#矿车,2015,8.1,3,222.5,5409.7
2026-06-22,TR-09,09#矿车,2023,7.65,3,220.5,5061.0
2026-06-22,TR-10,10#矿车,2016,8.29,2,229.2,3799.5
2026-06-22,TR-11,11#矿车,2021,7.76,2,227.1,3522.9
2026-06-22,TR-12,12#矿车,2013,6.62,2,227.1,3007.0
2026-06-23,TR-01,01#矿车,2017,7.33,3,219.5,4829.8
2026-06-23,TR-02,02#矿车,2021,7.27,3,217.3,4737.6
2026-06-23,TR-03,03#矿车,2019,7.86,3,219.3,5173.7
2026-06-23,TR-04,04#矿车,2014,6.61,3,217.8,4315.9
2026-06-23,TR-05,05#矿车,2022,8.11,3,231.5,5630.9
2026-06-23,TR-06,06#矿车,2018,7.19,2,229.1,3295.2
2026-06-23,TR-07,07#矿车,2020,7.64,3,217.4,4984.3
2026-06-23,TR-08,08#矿车,2015,7.82,3,222.5,5222.1
2026-06-23,TR-09,09#矿车,2023,7.94,2,220.5,3501.4
2026-06-23,TR-10,10#矿车,2016,7.91,3,229.2,5442.2
2026-06-23,TR-11,11#矿车,2021,7.45,3,227.1,5075.9
2026-06-23,TR-12,12#矿车,2013,6.58,3,227.1,4484.5
2026-06-24,TR-01,01#矿车,2017,7.86,3,219.5,5179.4
2026-06-24,TR-02,02#矿车,2021,7.86,3,217.3,5124.6
2026-06-24,TR-03,03#矿车,2019,8.17,3,219.3,5372.4
2026-06-24,TR-04,04#矿车,2014,6.87,2,217.8,2991.5
2026-06-24,TR-05,05#矿车,2022,8.17,3,231.5,5676.5
2026-06-24,TR-06,06#矿车,2018,7.61,3,229.1,5233.2
2026-06-24,TR-07,07#矿车,2020,7.88,2,217.4,3426.6
2026-06-24,TR-08,08#矿车,2015,8.37,2,222.5,3725.6
2026-06-24,TR-09,09#矿车,2023,7.13,3,220.5,4715.7
2026-06-24,TR-10,10#矿车,2016,8.08,2,229.2,3705.2
2026-06-24,TR-11,11#矿车,2021,7.99,3,227.1,5443.9
2026-06-24,TR-12,12#矿车,2013,6.73,2,227.1,3054.8
2026-06-25,TR-01,01#矿车,2017,8.07,3,219.5,5317.6
2026-06-25,TR-02,02#矿车,2021,7.84,3,217.3,5108.1
2026-06-25,TR-03,03#矿车,2019,7.96,2,219.3,3491.2
2026-06-25,TR-04,04#矿车,2014,6.42,3,217.8,4195.1
2026-06-25,TR-05,05#矿车,2022,7.81,3,231.5,5424.7
2026-06-25,TR-06,06#矿车,2018,7.63,3,229.1,5242.8
2026-06-25,TR-07,07#矿车,2020,7.94,2,217.4,3452.0
2026-06-25,TR-08,08#矿车,2015,8.72,3,222.5,5817.8
2026-06-25,TR-09,09#矿车,2023,7.18,3,220.5,4751.9
2026-06-25,TR-10,10#矿车,2016,8.03,3,229.2,5524.9
2026-06-25,TR-11,11#矿车,2021,7.8,3,227.1,5311.9
2026-06-25,TR-12,12#矿车,2013,6.93,2,227.1,3147.6
2026-06-26,TR-01,01#矿车,2017,7.49,3,219.5,4936.1
2026-06-26,TR-02,02#矿车,2021,7.88,3,217.3,5137.7
2026-06-26,TR-03,03#矿车,2019,8.27,2,219.3,3626.9
2026-06-26,TR-04,04#矿车,2014,6.97,3,217.8,4552.7
2026-06-26,TR-05,05#矿车,2022,7.58,2,231.5,3510.0
2026-06-26,TR-06,06#矿车,2018,7.41,2,229.1,3394.0
2026-06-26,TR-07,07#矿车,2020,8.26,3,217.4,5385.9
2026-06-26,TR-08,08#矿车,2015,7.75,3,222.5,5171.2
2026-06-26,TR-09,09#矿车,2023,7.64,3,220.5,5052.7
2026-06-26,TR-10,10#矿车,2016,7.3,3,229.2,5019.1
2026-06-26,TR-11,11#矿车,2021,8.23,2,227.1,3736.9
2026-06-26,TR-12,12#矿车,2013,6.85,3,227.1,4664.3
2026-06-27,TR-01,01#矿车,2017,7.75,2,219.5,3401.7
2026-06-27,TR-02,02#矿车,2021,7.88,3,217.3,5137.9
2026-06-27,TR-03,03#矿车,2019,8.22,2,219.3,3603.6
2026-06-27,TR-04,04#矿车,2014,6.77,3,217.8,4424.6
2026-06-27,TR-05,05#矿车,2022,7.8,2,231.5,3613.9
2026-06-27,TR-06,06#矿车,2018,7.34,3,229.1,5043.0
2026-06-27,TR-07,07#矿车,2020,8.04,3,217.4,5243.8
2026-06-27,TR-08,08#矿车,2015,7.71,3,222.5,5147.0
2026-06-27,TR-09,09#矿车,2023,7.26,3,220.5,4804.1
2026-06-27,TR-10,10#矿车,2016,8.11,3,229.2,5579.3
2026-06-27,TR-11,11#矿车,2021,8.06,3,227.1,5491.0
2026-06-27,TR-12,12#矿车,2013,6.9,3,227.1,4703.0
2026-06-28,TR-01,01#矿车,2017,7.67,2,219.5,3367.9
2026-06-28,TR-02,02#矿车,2021,7.83,3,217.3,5107.5
2026-06-28,TR-03,03#矿车,2019,8.02,3,219.3,5277.2
2026-06-28,TR-04,04#矿车,2014,6.49,3,217.8,4240.7
2026-06-28,TR-05,05#矿车,2022,8.32,2,231.5,3850.8
2026-06-28,TR-06,06#矿车,2018,7.51,2,229.1,3439.1
2026-06-28,TR-07,07#矿车,2020,8.43,3,217.4,5497.9
2026-06-28,TR-08,08#矿车,2015,7.79,2,222.5,3465.7
2026-06-28,TR-09,09#矿车,2023,7.44,3,220.5,4921.9
2026-06-28,TR-10,10#矿车,2016,7.98,2,229.2,3659.3
2026-06-28,TR-11,11#矿车,2021,7.92,2,227.1,3598.2
2026-06-28,TR-12,12#矿车,2013,6.6,2,227.1,2998.0
2026-06-29,TR-01,01#矿车,2017,7.59,3,219.5,5002.0
2026-06-29,TR-02,02#矿车,2021,7.5,3,217.3,4886.5
2026-06-29,TR-03,03#矿车,2019,7.81,3,219.3,5137.9
2026-06-29,TR-04,04#矿车,2014,6.64,3,217.8,4340.7
2026-06-29,TR-05,05#矿车,2022,8.02,3,231.5,5567.3
2026-06-29,TR-06,06#矿车,2018,7.35,3,229.1,5054.1
2026-06-29,TR-07,07#矿车,2020,8.0,3,217.4,5218.0
2026-06-29,TR-08,08#矿车,2015,7.69,3,222.5,5131.3
2026-06-29,TR-09,09#矿车,2023,7.51,3,220.5,4970.7
2026-06-29,TR-10,10#矿车,2016,8.24,3,229.2,5667.7
2026-06-29,TR-11,11#矿车,2021,8.17,3,227.1,5564.1
2026-06-29,TR-12,12#矿车,2013,6.44,3,227.1,4389.2
2026-06-30,TR-01,01#矿车,2017,7.78,2,219.5,3414.1
2026-06-30,TR-02,02#矿车,2021,7.34,2,217.3,3188.3
2026-06-30,TR-03,03#矿车,2019,7.4,3,219.3,4870.8
2026-06-30,TR-04,04#矿车,2014,6.47,3,217.8,4228.3
2026-06-30,TR-05,05#矿车,2022,8.07,2,231.5,3734.9
2026-06-30,TR-06,06#矿车,2018,7.25,3,229.1,4985.8
2026-06-30,TR-07,07#矿车,2020,7.95,3,217.4,5185.7
2026-06-30,TR-08,08#矿车,2015,7.9,3,222.5,5275.8
2026-06-30,TR-09,09#矿车,2023,7.06,3,220.5,4667.4
2026-06-30,TR-10,10#矿车,2016,8.25,3,229.2,5673.3
2026-06-30,TR-11,11#矿车,2021,8.06,2,227.1,3659.7
2026-06-30,TR-12,12#矿车,2013,6.59,3,227.1,4487.8
2026-07-01,TR-01,01#矿车,2017,7.65,2,219.5,3357.2
2026-07-01,TR-02,02#矿车,2021,7.2,2,217.3,3130.9
2026-07-01,TR-03,03#矿车,2019,7.5,3,219.3,4932.6
2026-07-01,TR-04,04#矿车,2014,6.21,3,217.8,4054.8
2026-07-01,TR-05,05#矿车,2022,8.28,3,231.5,5751.5
2026-07-01,TR-06,06#矿车,2018,7.2,2,229.1,3300.1
2026-07-01,TR-07,07#矿车,2020,7.99,2,217.4,3474.9
2026-07-01,TR-08,08#矿车,2015,8.03,2,222.5,3572.4
2026-07-01,TR-09,09#矿车,2023,7.46,3,220.5,4933.4
2026-07-01,TR-10,10#矿车,2016,8.38,3,229.2,5760.4
2026-07-01,TR-11,11#矿车,2021,8.48,3,227.1,5775.2
2026-07-01,TR-12,12#矿车,2013,6.86,2,227.1,3116.9
2026-07-02,TR-01,01#矿车,2017,8.11,3,219.5,5338.0
2026-07-02,TR-02,02#矿车,2021,7.3,2,217.3,3171.9
2026-07-02,TR-03,03#矿车,2019,7.58,3,219.3,4990.3
2026-07-02,TR-04,04#矿车,2014,6.81,3,217.8,4451.7
2026-07-02,TR-05,05#矿车,2022,8.19,2,231.5,3790.7
2026-07-02,TR-06,06#矿车,2018,7.14,2,229.1,3272.0
2026-07-02,TR-07,07#矿车,2020,8.1,3,217.4,5281.8
2026-07-02,TR-08,08#矿车,2015,8.18,2,222.5,3641.8
2026-07-02,TR-09,09#矿车,2023,7.58,3,220.5,5013.4
2026-07-02,TR-10,10#矿车,2016,8.0,2,229.2,3668.8
2026-07-02,TR-11,11#矿车,2021,8.23,2,227.1,3736.3
2026-07-02,TR-12,12#矿车,2013,6.81,2,227.1,3092.7
2026-07-03,TR-01,01#矿车,2017,7.22,3,219.5,4753.2
2026-07-03,TR-02,02#矿车,2021,7.6,3,217.3,4957.0
2026-07-03,TR-03,03#矿车,2019,7.41,3,219.3,4875.7
2026-07-03,TR-04,04#矿车,2014,6.47,2,217.8,2818.8
2026-07-03,TR-05,05#矿车,2022,8.09,3,231.5,5615.8
2026-07-03,TR-06,06#矿车,2018,7.51,2,229.1,3439.0
2026-07-03,TR-07,07#矿车,2020,7.9,3,217.4,5150.7
2026-07-03,TR-08,08#矿车,2015,7.72,3,222.5,5152.3
2026-07-03,TR-09,09#矿车,2023,7.64,2,220.5,3371.4
2026-07-03,TR-10,10#矿车,2016,8.25,3,229.2,5676.2
2026-07-03,TR-11,11#矿车,2021,7.76,3,227.1,5284.3
2026-07-03,TR-12,12#矿车,2013,6.65,3,227.1,4532.7
2026-07-04,TR-01,01#矿车,2017,7.26,3,219.5,4782.3
2026-07-04,TR-02,02#矿车,2021,7.36,2,217.3,3197.8
2026-07-04,TR-03,03#矿车,2019,7.61,2,219.3,3339.3
2026-07-04,TR-04,04#矿车,2014,6.41,3,217.8,4190.4
2026-07-04,TR-05,05#矿车,2022,8.13,3,231.5,5647.4
2026-07-04,TR-06,06#矿车,2018,7.23,3,229.1,4970.0
2026-07-04,TR-07,07#矿车,2020,7.99,3,217.4,5207.2
2026-07-04,TR-08,08#矿车,2015,7.98,2,222.5,3552.8
2026-07-04,TR-09,09#矿车,2023,7.79,2,220.5,3436.6
2026-07-04,TR-10,10#矿车,2016,7.84,3,229.2,5395.2
2026-07-04,TR-11,11#矿车,2021,7.78,3,227.1,5298.9
2026-07-04,TR-12,12#矿车,2013,6.18,3,227.1,4212.0
2026-07-05,TR-01,01#矿车,2017,7.26,3,219.5,4782.5
2026-07-05,TR-02,02#矿车,2021,7.72,2,217.3,3353.1
2026-07-05,TR-03,03#矿车,2019,7.34,2,219.3,3221.0
2026-07-05,TR-04,04#矿车,2014,6.07,2,217.8,2644.4
2026-07-05,TR-05,05#矿车,2022,7.88,3,231.5,5474.0
2026-07-05,TR-06,06#矿车,2018,7.62,3,229.1,5234.1
2026-07-05,TR-07,07#矿车,2020,8.31,3,217.4,5420.9
2026-07-05,TR-08,08#矿车,2015,8.31,3,222.5,5545.8
2026-07-05,TR-09,09#矿车,2023,7.87,3,220.5,5205.5
2026-07-05,TR-10,10#矿车,2016,7.95,3,229.2,5464.9
2026-07-05,TR-11,11#矿车,2021,7.67,3,227.1,5227.2
2026-07-05,TR-12,12#矿车,2013,6.5,3,227.1,4428.5
2026-07-06,TR-01,01#矿车,2017,7.38,2,219.5,3241.5
2026-07-06,TR-02,02#矿车,2021,7.63,3,217.3,4975.8
2026-07-06,TR-03,03#矿车,2019,7.81,3,219.3,5137.0
2026-07-06,TR-04,04#矿车,2014,6.4,3,217.8,4183.8
2026-07-06,TR-05,05#矿车,2022,8.11,3,231.5,5630.2
2026-07-06,TR-06,06#矿车,2018,7.49,3,229.1,5147.1
2026-07-06,TR-07,07#矿车,2020,8.18,2,217.4,3556.1
2026-07-06,TR-08,08#矿车,2015,8.02,2,222.5,3571.0
2026-07-06,TR-09,09#矿车,2023,7.18,3,220.5,4748.5
2026-07-06,TR-10,10#矿车,2016,8.24,2,229.2,3779.1
2026-07-06,TR-11,11#矿车,2021,7.81,2,227.1,3548.1
2026-07-06,TR-12,12#矿车,2013,6.46,3,227.1,4402.1
2026-07-07,TR-01,01#矿车,2017,7.6,3,219.5,5006.1
2026-07-07,TR-02,02#矿车,2021,7.64,3,217.3,4979.0
2026-07-07,TR-03,03#矿车,2019,8.23,3,219.3,5417.4
2026-07-07,TR-04,04#矿车,2014,6.72,3,217.8,4389.2
2026-07-07,TR-05,05#矿车,2022,7.98,2,231.5,3697.0
2026-07-07,TR-06,06#矿车,2018,7.88,3,229.1,5415.5
2026-07-07,TR-07,07#矿车,2020,7.98,3,217.4,5206.4
2026-07-07,TR-08,08#矿车,2015,8.0,3,222.5,5339.2
2026-07-07,TR-09,09#矿车,2023,7.46,2,220.5,3289.6
2026-07-07,TR-10,10#矿车,2016,8.2,2,229.2,3760.4
2026-07-07,TR-11,11#矿车,2021,7.77,2,227.1,3529.3
2026-07-07,TR-12,12#矿车,2013,6.29,3,227.1,4287.3
2026-07-08,TR-01,01#矿车,2017,7.57,3,219.5,4983.8
2026-07-08,TR-02,02#矿车,2021,7.61,3,217.3,4958.6
2026-07-08,TR-03,03#矿车,2019,8.05,3,219.3,5299.3
2026-07-08,TR-04,04#矿车,2014,6.52,3,217.8,4261.7
2026-07-08,TR-05,05#矿车,2022,8.24,3,231.5,5726.0
2026-07-08,TR-06,06#矿车,2018,7.43,3,229.1,5105.6
2026-07-08,TR-07,07#矿车,2020,8.22,3,217.4,5361.3
2026-07-08,TR-08,08#矿车,2015,8.06,2,222.5,3586.7
2026-07-08,TR-09,09#矿车,2023,7.35,3,220.5,4865.0
2026-07-08,TR-10,10#矿车,2016,8.25,3,229.2,5672.9
2026-07-08,TR-11,11#矿车,2021,7.95,3,227.1,5418.6
2026-07-08,TR-12,12#矿车,2013,6.36,2,227.1,2886.8
2026-07-09,TR-01,01#矿车,2017,7.67,2,219.5,3365.5
2026-07-09,TR-02,02#矿车,2021,7.66,3,217.3,4994.7
2026-07-09,TR-03,03#矿车,2019,8.23,2,219.3,3609.9
2026-07-09,TR-04,04#矿车,2014,6.78,2,217.8,2954.4
2026-07-09,TR-05,05#矿车,2022,8.44,2,231.5,3907.4
2026-07-09,TR-06,06#矿车,2018,7.6,3,229.1,5222.6
2026-07-09,TR-07,07#矿车,2020,8.17,2,217.4,3550.1
2026-07-09,TR-08,08#矿车,2015,7.7,2,222.5,3425.2
2026-07-09,TR-09,09#矿车,2023,7.31,3,220.5,4834.7
2026-07-09,TR-10,10#矿车,2016,8.27,3,229.2,5690.7
2026-07-09,TR-11,11#矿车,2021,7.95,3,227.1,5412.7
2026-07-09,TR-12,12#矿车,2013,6.67,3,227.1,4547.2
2026-07-10,TR-01,01#矿车,2017,7.25,3,219.5,4776.6
2026-07-10,TR-02,02#矿车,2021,8.11,3,217.3,5288.8
2026-07-10,TR-03,03#矿车,2019,8.12,3,219.3,5344.2
2026-07-10,TR-04,04#矿车,2014,6.8,3,217.8,4440.4
2026-07-10,TR-05,05#矿车,2022,7.97,3,231.5,5535.6
2026-07-10,TR-06,06#矿车,2018,7.14,3,229.1,4908.8
2026-07-10,TR-07,07#矿车,2020,7.85,3,217.4,5118.0
2026-07-10,TR-08,08#矿车,2015,7.91,3,222.5,5279.5
2026-07-10,TR-09,09#矿车,2023,7.24,3,220.5,4792.3
2026-07-10,TR-10,10#矿车,2016,7.83,3,229.2,5382.6
2026-07-10,TR-11,11#矿车,2021,8.15,3,227.1,5549.4
2026-07-10,TR-12,12#矿车,2013,6.83,2,227.1,3102.3
2026-07-11,TR-01,01#矿车,2017,7.36,3,219.5,4849.2
2026-07-11,TR-02,02#矿车,2021,7.92,3,217.3,5164.7
2026-07-11,TR-03,03#矿车,2019,7.85,3,219.3,5163.7
2026-07-11,TR-04,04#矿车,2014,6.8,3,217.8,4445.2
2026-07-11,TR-05,05#矿车,2022,8.15,3,231.5,5658.3
2026-07-11,TR-06,06#矿车,2018,7.19,3,229.1,4943.9
2026-07-11,TR-07,07#矿车,2020,8.32,3,217.4,5422.7
2026-07-11,TR-08,08#矿车,2015,7.76,3,222.5,5182.5
2026-07-11,TR-09,09#矿车,2023,7.03,3,220.5,4649.1
2026-07-11,TR-10,10#矿车,2016,8.14,3,229.2,5600.5
2026-07-11,TR-11,11#矿车,2021,8.64,3,227.1,5883.3
2026-07-11,TR-12,12#矿车,2013,6.38,2,227.1,2900.0
2026-07-12,TR-01,01#矿车,2017,7.49,3,219.5,4932.3
2026-07-12,TR-02,02#矿车,2021,7.84,2,217.3,3407.7
2026-07-12,TR-03,03#矿车,2019,7.92,3,219.3,5209.6
2026-07-12,TR-04,04#矿车,2014,6.39,3,217.8,4176.4
2026-07-12,TR-05,05#矿车,2022,8.21,3,231.5,5705.2
2026-07-12,TR-06,06#矿车,2018,7.59,3,229.1,5213.0
2026-07-12,TR-07,07#矿车,2020,8.07,3,217.4,5261.7
2026-07-12,TR-08,08#矿车,2015,7.7,2,222.5,3424.4
2026-07-12,TR-09,09#矿车,2023,7.64,3,220.5,5052.5
2026-07-12,TR-10,10#矿车,2016,7.84,2,229.2,3592.9
2026-07-12,TR-11,11#矿车,2021,8.35,2,227.1,3791.5
2026-07-12,TR-12,12#矿车,2013,6.35,3,227.1,4325.8
2026-07-13,TR-01,01#矿车,2017,7.47,3,219.5,4917.5
2026-07-13,TR-02,02#矿车,2021,7.68,3,217.3,5004.9
2026-07-13,TR-03,03#矿车,2019,8.05,3,219.3,5296.9
2026-07-13,TR-04,04#矿车,2014,6.58,3,217.8,4299.6
2026-07-13,TR-05,05#矿车,2022,8.18,3,231.5,5682.2
2026-07-13,TR-06,06#矿车,2018,7.56,3,229.1,5195.1
2026-07-13,TR-07,07#矿车,2020,8.42,3,217.4,5487.7
2026-07-13,TR-08,08#矿车,2015,8.39,3,222.5,5598.6
2026-07-13,TR-09,09#矿车,2023,7.25,3,220.5,4795.3
2026-07-13,TR-10,10#矿车,2016,7.92,2,229.2,3633.5
2026-07-13,TR-11,11#矿车,2021,7.94,2,227.1,3606.5
2026-07-13,TR-12,12#矿车,2013,6.74,3,227.1,4590.5
2026-07-14,TR-01,01#矿车,2017,7.55,3,219.5,4973.3
2026-07-14,TR-02,02#矿车,2021,7.77,3,217.3,5064.4
2026-07-14,TR-03,03#矿车,2019,7.72,3,219.3,5077.4
2026-07-14,TR-04,04#矿车,2014,6.89,2,217.8,3000.2
2026-07-14,TR-05,05#矿车,2022,8.28,3,231.5,5750.8
2026-07-14,TR-06,06#矿车,2018,7.66,2,229.1,3509.3
2026-07-14,TR-07,07#矿车,2020,8.57,3,217.4,5587.2
2026-07-14,TR-08,08#矿车,2015,8.35,2,222.5,3715.1
2026-07-14,TR-09,09#矿车,2023,7.13,3,220.5,4714.6
2026-07-14,TR-10,10#矿车,2016,8.25,2,229.2,3784.6
2026-07-14,TR-11,11#矿车,2021,8.18,3,227.1,5574.8
2026-07-14,TR-12,12#矿车,2013,6.48,3,227.1,4413.9
2026-07-15,TR-01,01#矿车,2017,8.15,2,219.5,3579.5
2026-07-15,TR-02,02#矿车,2021,7.47,3,217.3,4868.4
2026-07-15,TR-03,03#矿车,2019,8.18,2,219.3,3585.8
2026-07-15,TR-04,04#矿车,2014,6.7,2,217.8,2916.1
2026-07-15,TR-05,05#矿车,2022,8.17,3,231.5,5671.6
2026-07-15,TR-06,06#矿车,2018,7.37,2,229.1,3377.9
2026-07-15,TR-07,07#矿车,2020,8.39,3,217.4,5470.1
2026-07-15,TR-08,08#矿车,2015,8.37,3,222.5,5584.5
2026-07-15,TR-09,09#矿车,2023,3.88,0,220.5,0.0
2026-07-15,TR-10,10#矿车,2016,7.66,2,229.2,3512.6
2026-07-15,TR-11,11#矿车,2021,8.25,3,227.1,5617.6
2026-07-15,TR-12,12#矿车,2013,6.69,2,227.1,3037.3
2026-07-16,TR-01,01#矿车,2017,7.96,3,219.5,5241.4
2026-07-16,TR-02,02#矿车,2021,7.27,3,217.3,4742.3
2026-07-16,TR-03,03#矿车,2019,7.63,2,219.3,3348.3
2026-07-16,TR-04,04#矿车,2014,6.53,3,217.8,4263.1
2026-07-16,TR-05,05#矿车,2022,8.25,2,231.5,3821.1
2026-07-16,TR-06,06#矿车,2018,7.44,3,229.1,5112.3
2026-07-16,TR-07,07#矿车,2020,8.37,3,217.4,5455.8
2026-07-16,TR-08,08#矿车,2015,8.29,2,222.5,3689.0
2026-07-16,TR-09,09#矿车,2023,7.49,3,220.5,4951.6
2026-07-16,TR-10,10#矿车,2016,8.06,3,229.2,5539.7
2026-07-16,TR-11,11#矿车,2021,8.02,3,227.1,5462.1
2026-07-16,TR-12,12#矿车,2013,6.73,2,227.1,3058.0
2026-07-17,TR-01,01#矿车,2017,7.41,3,219.5,4879.1
2026-07-17,TR-02,02#矿车,2021,7.73,3,217.3,5038.2
2026-07-17,TR-03,03#矿车,2019,7.8,2,219.3,3422.7
2026-07-17,TR-04,04#矿车,2014,6.37,3,217.8,4161.8
2026-07-17,TR-05,05#矿车,2022,8.31,3,231.5,5770.6
2026-07-17,TR-06,06#矿车,2018,7.58,3,229.1,5208.1
2026-07-17,TR-07,07#矿车,2020,8.48,2,217.4,3686.3
2026-07-17,TR-08,08#矿车,2015,8.15,2,222.5,3625.5
2026-07-17,TR-09,09#矿车,2023,7.62,3,220.5,5040.6
2026-07-17,TR-10,10#矿车,2016,8.42,3,229.2,5789.3
2026-07-17,TR-11,11#矿车,2021,7.86,2,227.1,3568.3
2026-07-17,TR-12,12#矿车,2013,6.49,3,227.1,4425.3
2026-07-18,TR-01,01#矿车,2017,7.73,3,219.5,5092.2
2026-07-18,TR-02,02#矿车,2021,7.92,3,217.3,5164.1
2026-07-18,TR-03,03#矿车,2019,7.84,3,219.3,5158.0
2026-07-18,TR-04,04#矿车,2014,6.59,3,217.8,4307.6
2026-07-18,TR-05,05#矿车,2022,7.55,3,231.5,5244.0
2026-07-18,TR-06,06#矿车,2018,8.11,2,229.1,3716.1
2026-07-18,TR-07,07#矿车,2020,8.43,2,217.4,3666.2
2026-07-18,TR-08,08#矿车,2015,7.88,3,222.5,5262.7
2026-07-18,TR-09,09#矿车,2023,7.43,2,220.5,3276.7
2026-07-18,TR-10,10#矿车,2016,8.47,2,229.2,3884.6
2026-07-18,TR-11,11#矿车,2021,8.09,3,227.1,5514.1
2026-07-18,TR-12,12#矿车,2013,6.71,3,227.1,4568.9
2026-07-19,TR-01,01#矿车,2017,7.09,3,219.5,4667.7
2026-07-19,TR-02,02#矿车,2021,8.07,2,217.3,3508.2
2026-07-19,TR-03,03#矿车,2019,8.4,3,219.3,5526.5
2026-07-19,TR-04,04#矿车,2014,7.02,3,217.8,4584.3
2026-07-19,TR-05,05#矿车,2022,7.85,3,231.5,5455.3
2026-07-19,TR-06,06#矿车,2018,7.9,2,229.1,3619.5
2026-07-19,TR-07,07#矿车,2020,8.01,3,217.4,5222.4
2026-07-19,TR-08,08#矿车,2015,8.43,2,222.5,3749.5
2026-07-19,TR-09,09#矿车,2023,7.32,2,220.5,3228.0
2026-07-19,TR-10,10#矿车,2016,8.52,3,229.2,5862.1
2026-07-19,TR-11,11#矿车,2021,8.4,3,227.1,5720.3
2026-07-19,TR-12,12#矿车,2013,6.43,3,227.1,4381.2
2026-07-20,TR-01,01#矿车,2017,7.48,3,219.5,4923.8
2026-07-20,TR-02,02#矿车,2021,7.61,3,217.3,4957.9
2026-07-20,TR-03,03#矿车,2019,8.16,3,219.3,5369.3
2026-07-20,TR-04,04#矿车,2014,6.88,3,217.8,4492.3
2026-07-20,TR-05,05#矿车,2022,8.32,3,231.5,5776.7
2026-07-20,TR-06,06#矿车,2018,7.92,3,229.1,5441.7
2026-07-20,TR-07,07#矿车,2020,8.57,3,217.4,5586.9
2026-07-20,TR-08,08#矿车,2015,3.54,1,222.5,788.7
2026-07-20,TR-09,09#矿车,2023,7.15,3,220.5,4732.6
2026-07-20,TR-10,10#矿车,2016,7.88,3,229.2,5416.3
2026-07-20,TR-11,11#矿车,2021,8.22,3,227.1,5599.9
2026-07-20,TR-12,12#矿车,2013,6.66,3,227.1,4539.5
2026-07-21,TR-01,01#矿车,2017,7.38,3,219.5,4863.1
2026-07-21,TR-02,02#矿车,2021,7.8,3,217.3,5082.5
2026-07-21,TR-03,03#矿车,2019,8.29,3,219.3,5453.9
2026-07-21,TR-04,04#矿车,2014,7.01,2,217.8,3051.5
2026-07-21,TR-05,05#矿车,2022,8.47,3,231.5,5880.2
2026-07-21,TR-06,06#矿车,2018,7.7,3,229.1,5292.1
2026-07-21,TR-07,07#矿车,2020,7.98,3,217.4,5201.0
2026-07-21,TR-08,08#矿车,2015,8.29,2,222.5,3690.6
2026-07-21,TR-09,09#矿车,2023,7.36,3,220.5,4869.0
2026-07-21,TR-10,10#矿车,2016,8.1,2,229.2,3714.9
2026-07-21,TR-11,11#矿车,2021,8.21,3,227.1,5592.4
2026-07-21,TR-12,12#矿车,2013,6.54,3,227.1,4458.3
2026-07-22,TR-01,01#矿车,2017,7.33,2,219.5,3216.9
2026-07-22,TR-02,02#矿车,2021,7.6,3,217.3,4953.6
2026-07-22,TR-03,03#矿车,2019,7.77,3,219.3,5109.1
2026-07-22,TR-04,04#矿车,2014,7.18,3,217.8,4689.9
2026-07-22,TR-05,05#矿车,2022,8.42,3,231.5,5851.1
2026-07-22,TR-06,06#矿车,2018,7.77,2,229.1,3561.2
2026-07-22,TR-07,07#矿车,2020,8.0,2,217.4,3476.1
2026-07-22,TR-08,08#矿车,2015,8.24,2,222.5,3669.0
2026-07-22,TR-09,09#矿车,2023,7.63,3,220.5,5045.9
2026-07-22,TR-10,10#矿车,2016,7.97,2,229.2,3655.6
2026-07-22,TR-11,11#矿车,2021,8.09,3,227.1,5512.0
2026-07-22,TR-12,12#矿车,2013,6.28,2,227.1,2851.8
2026-07-23,TR-01,01#矿车,2017,8.04,3,219.5,5296.1
2026-07-23,TR-02,02#矿车,2021,7.5,2,217.3,3258.2
2026-07-23,TR-03,03#矿车,2019,8.03,3,219.3,5285.2
2026-07-23,TR-04,04#矿车,2014,6.66,3,217.8,4349.1
2026-07-23,TR-05,05#矿车,2022,8.36,2,231.5,3869.4
2026-07-23,TR-06,06#矿车,2018,7.74,2,229.1,3547.8
2026-07-23,TR-07,07#矿车,2020,8.11,2,217.4,3525.1
2026-07-23,TR-08,08#矿车,2015,7.9,3,222.5,5272.5
2026-07-23,TR-09,09#矿车,2023,7.9,3,220.5,5227.8
2026-07-23,TR-10,10#矿车,2016,7.94,3,229.2,5463.0
2026-07-23,TR-11,11#矿车,2021,8.05,3,227.1,5485.7
2026-07-23,TR-12,12#矿车,2013,6.57,3,227.1,4475.8
2026-07-24,TR-01,01#矿车,2017,7.73,3,219.5,5090.7
2026-07-24,TR-02,02#矿车,2021,7.62,3,217.3,4966.2
2026-07-24,TR-03,03#矿车,2019,7.6,2,219.3,3332.1
2026-07-24,TR-04,04#矿车,2014,6.68,2,217.8,2909.0
2026-07-24,TR-05,05#矿车,2022,8.1,3,231.5,5624.6
2026-07-24,TR-06,06#矿车,2018,7.87,2,229.1,3605.9
2026-07-24,TR-07,07#矿车,2020,7.84,3,217.4,5113.7
2026-07-24,TR-08,08#矿车,2015,7.71,2,222.5,3432.2
2026-07-24,TR-09,09#矿车,2023,7.62,2,220.5,3361.1
2026-07-24,TR-10,10#矿车,2016,7.89,3,229.2,5423.0
2026-07-24,TR-11,11#矿车,2021,8.07,3,227.1,5497.8
2026-07-24,TR-12,12#矿车,2013,6.58,3,227.1,4480.0
2026-07-25,TR-01,01#矿车,2017,8.06,3,219.5,5310.6
2026-07-25,TR-02,02#矿车,2021,7.97,2,217.3,3462.2
2026-07-25,TR-03,03#矿车,2019,7.69,2,219.3,3373.8
2026-07-25,TR-04,04#矿车,2014,6.95,3,217.8,4537.7
2026-07-25,TR-05,05#矿车,2022,8.19,3,231.5,5689.9
2026-07-25,TR-06,06#矿车,2018,7.67,3,229.1,5274.7
2026-07-25,TR-07,07#矿车,2020,8.76,3,217.4,5712.3
2026-07-25,TR-08,08#矿车,2015,7.99,2,222.5,3557.0
2026-07-25,TR-09,09#矿车,2023,7.14,3,220.5,4724.2
2026-07-25,TR-10,10#矿车,2016,8.43,3,229.2,5800.1
2026-07-25,TR-11,11#矿车,2021,8.07,2,227.1,3663.5
2026-07-25,TR-12,12#矿车,2013,6.67,3,227.1,4547.4
2026-07-26,TR-01,01#矿车,2017,7.55,3,219.5,4970.4
2026-07-26,TR-02,02#矿车,2021,8.28,3,217.3,5397.3
2026-07-26,TR-03,03#矿车,2019,8.3,3,219.3,5460.4
2026-07-26,TR-04,04#矿车,2014,7.01,2,217.8,3052.3
2026-07-26,TR-05,05#矿车,2022,8.37,2,231.5,3876.4
2026-07-26,TR-06,06#矿车,2018,7.65,3,229.1,5255.3
2026-07-26,TR-07,07#矿车,2020,8.96,2,217.4,3896.7
2026-07-26,TR-08,08#矿车,2015,8.17,3,222.5,5453.8
2026-07-26,TR-09,09#矿车,2023,7.52,3,220.5,4975.0
2026-07-26,TR-10,10#矿车,2016,8.12,2,229.2,3725.2
2026-07-26,TR-11,11#矿车,2021,8.08,3,227.1,5500.8
2026-07-26,TR-12,12#矿车,2013,6.77,3,227.1,4613.7
2026-07-27,TR-01,01#矿车,2017,7.82,3,219.5,5148.2
2026-07-27,TR-02,02#矿车,2021,7.48,3,217.3,4878.6
2026-07-27,TR-03,03#矿车,2019,7.72,3,219.3,5076.9
2026-07-27,TR-04,04#矿车,2014,6.95,2,217.8,3026.7
2026-07-27,TR-05,05#矿车,2022,8.64,2,231.5,3999.5
2026-07-27,TR-06,06#矿车,2018,7.74,3,229.1,5320.1
2026-07-27,TR-07,07#矿车,2020,8.48,2,217.4,3686.7
2026-07-27,TR-08,08#矿车,2015,8.27,3,222.5,5518.3
2026-07-27,TR-09,09#矿车,2023,7.34,3,220.5,4853.3
2026-07-27,TR-10,10#矿车,2016,8.02,3,229.2,5513.4
2026-07-27,TR-11,11#矿车,2021,7.53,2,227.1,3420.4
2026-07-27,TR-12,12#矿车,2013,6.79,3,227.1,4627.8
2026-07-28,TR-01,01#矿车,2017,7.83,2,219.5,3439.5
2026-07-28,TR-02,02#矿车,2021,7.37,3,217.3,4806.8
2026-07-28,TR-03,03#矿车,2019,8.39,2,219.3,3678.1
2026-07-28,TR-04,04#矿车,2014,6.33,3,217.8,4138.0
2026-07-28,TR-05,05#矿车,2022,8.5,3,231.5,5906.9
2026-07-28,TR-06,06#矿车,2018,7.75,3,229.1,5327.6
2026-07-28,TR-07,07#矿车,2020,7.76,2,217.4,3372.5
2026-07-28,TR-08,08#矿车,2015,8.0,3,222.5,5341.9
2026-07-28,TR-09,09#矿车,2023,7.62,2,220.5,3359.1
2026-07-28,TR-10,10#矿车,2016,7.66,3,229.2,5267.1
2026-07-28,TR-11,11#矿车,2021,8.27,2,227.1,3755.6
2026-07-28,TR-12,12#矿车,2013,6.94,3,227.1,4730.1
2026-07-29,TR-01,01#矿车,2017,8.07,2,219.5,3543.4
2026-07-29,TR-02,02#矿车,2021,7.26,2,217.3,3156.9
2026-07-29,TR-03,03#矿车,2019,8.19,3,219.3,5386.5
2026-07-29,TR-04,04#矿车,2014,7.08,3,217.8,4622.9
2026-07-29,TR-05,05#矿车,2022,8.8,2,231.5,4076.7
2026-07-29,TR-06,06#矿车,2018,7.39,3,229.1,5080.1
2026-07-29,TR-07,07#矿车,2020,8.36,2,217.4,3634.9
2026-07-29,TR-08,08#矿车,2015,8.11,3,222.5,5411.4
2026-07-29,TR-09,09#矿车,2023,7.9,3,220.5,5229.1
2026-07-29,TR-10,10#矿车,2016,7.47,2,229.2,3425.0
2026-07-29,TR-11,11#矿车,2021,8.18,3,227.1,5570.9
2026-07-29,TR-12,12#矿车,2013,6.64,3,227.1,4522.4
2026-07-30,TR-01,01#矿车,2017,7.67,3,219.5,5054.0
2026-07-30,TR-02,02#矿车,2021,7.59,3,217.3,4946.9
2026-07-30,TR-03,03#矿车,2019,7.68,3,219.3,5050.2
2026-07-30,TR-04,04#矿车,2014,6.64,3,217.8,4337.2
2026-07-30,TR-05,05#矿车,2022,8.54,2,231.5,3955.2
2026-07-30,TR-06,06#矿车,2018,8.05,3,229.1,5533.4
2026-07-30,TR-07,07#矿车,2020,8.34,3,217.4,5438.9
2026-07-30,TR-08,08#矿车,2015,8.67,3,222.5,5784.4
2026-07-30,TR-09,09#矿车,2023,7.77,3,220.5,5138.8
2026-07-30,TR-10,10#矿车,2016,8.22,3,229.2,5654.2
2026-07-30,TR-11,11#矿车,2021,7.93,3,227.1,5403.9
2026-07-30,TR-12,12#矿车,2013,6.48,3,227.1,4416.0
2026-07-31,TR-01,01#矿车,2017,8.01,3,219.5,5275.8
2026-07-31,TR-02,02#矿车,2021,7.57,2,217.3,3289.1
2026-07-31,TR-03,03#矿车,2019,8.29,3,219.3,5453.3
2026-07-31,TR-04,04#矿车,2014,6.32,2,217.8,2751.2
2026-07-31,TR-05,05#矿车,2022,8.48,3,231.5,5890.7
2026-07-31,TR-06,06#矿车,2018,8.14,3,229.1,5591.2
2026-07-31,TR-07,07#矿车,2020,8.55,3,217.4,5573.4
2026-07-31,TR-08,08#矿车,2015,8.45,2,222.5,3759.4
2026-07-31,TR-09,09#矿车,2023,7.9,2,220.5,3486.1
2026-07-31,TR-10,10#矿车,2016,7.96,2,229.2,3649.4
2026-07-31,TR-11,11#矿车,2021,8.35,3,227.1,5686.8
2026-07-31,TR-12,12#矿车,2013,6.59,2,227.1,2994.9
2026-08-01,TR-01,01#矿车,2017,7.65,2,219.5,3357.7
2026-08-01,TR-02,02#矿车,2021,8.16,3,217.3,5316.4
2026-08-01,TR-03,03#矿车,2019,8.14,3,219.3,5353.3
2026-08-01,TR-04,04#矿车,2014,6.61,3,217.8,4318.0
2026-08-01,TR-05,05#矿车,2022,7.89,3,231.5,5482.2
2026-08-01,TR-06,06#矿车,2018,7.9,3,229.1,5431.6
2026-08-01,TR-07,07#矿车,2020,3.57,1,217.4,775.8
2026-08-01,TR-08,08#矿车,2015,8.62,3,222.5,5750.5
2026-08-01,TR-09,09#矿车,2023,7.51,3,220.5,4969.2
2026-08-01,TR-10,10#矿车,2016,7.73,3,229.2,5319.1
2026-08-01,TR-11,11#矿车,2021,7.9,3,227.1,5379.9
2026-08-01,TR-12,12#矿车,2013,6.6,3,227.1,4500.2
2026-08-02,TR-01,01#矿车,2017,7.89,2,219.5,3462.9
2026-08-02,TR-02,02#矿车,2021,8.04,3,217.3,5243.6
2026-08-02,TR-03,03#矿车,2019,8.15,3,219.3,5362.5
2026-08-02,TR-04,04#矿车,2014,6.44,3,217.8,4206.1
2026-08-02,TR-05,05#矿车,2022,8.32,3,231.5,5777.4
2026-08-02,TR-06,06#矿车,2018,8.01,3,229.1,5506.0
2026-08-02,TR-07,07#矿车,2020,8.23,3,217.4,5366.9
2026-08-02,TR-08,08#矿车,2015,8.33,3,222.5,5562.9
2026-08-02,TR-09,09#矿车,2023,7.11,3,220.5,4703.1
2026-08-02,TR-10,10#矿车,2016,7.43,2,229.2,3406.0
2026-08-02,TR-11,11#矿车,2021,8.12,3,227.1,5534.2
2026-08-02,TR-12,12#矿车,2013,6.65,3,227.1,4528.6
2026-08-03,TR-01,01#矿车,2017,7.83,3,219.5,5155.7
2026-08-03,TR-02,02#矿车,2021,8.38,2,217.3,3641.0
2026-08-03,TR-03,03#矿车,2019,7.96,2,219.3,3492.7
2026-08-03,TR-04,04#矿车,2014,6.32,2,217.8,2750.9
2026-08-03,TR-05,05#矿车,2022,8.2,2,231.5,3796.5
2026-08-03,TR-06,06#矿车,2018,7.84,2,229.1,3591.9
2026-08-03,TR-07,07#矿车,2020,8.35,2,217.4,3629.6
2026-08-03,TR-08,08#矿车,2015,8.58,2,222.5,3819.4
2026-08-03,TR-09,09#矿车,2023,7.22,2,220.5,3185.3
2026-08-03,TR-10,10#矿车,2016,7.77,3,229.2,5342.8
2026-08-03,TR-11,11#矿车,2021,7.46,2,227.1,3388.3
2026-08-03,TR-12,12#矿车,2013,6.79,3,227.1,4628.0
2026-08-04,TR-01,01#矿车,2017,7.9,3,219.5,5204.3
2026-08-04,TR-02,02#矿车,2021,8.23,2,217.3,3577.4
2026-08-04,TR-03,03#矿车,2019,8.33,3,219.3,5478.2
2026-08-04,TR-04,04#矿车,2014,6.66,3,217.8,4349.7
2026-08-04,TR-05,05#矿车,2022,8.53,2,231.5,3947.6
2026-08-04,TR-06,06#矿车,2018,7.89,3,229.1,5423.2
2026-08-04,TR-07,07#矿车,2020,8.56,3,217.4,5580.4
2026-08-04,TR-08,08#矿车,2015,8.16,3,222.5,5443.7
2026-08-04,TR-09,09#矿车,2023,7.54,3,220.5,4987.1
2026-08-04,TR-10,10#矿车,2016,7.46,3,229.2,5129.8
2026-08-04,TR-11,11#矿车,2021,8.27,2,227.1,3755.7
2026-08-04,TR-12,12#矿车,2013,6.93,2,227.1,3148.6
2026-08-05,TR-01,01#矿车,2017,8.03,2,219.5,3523.6
2026-08-05,TR-02,02#矿车,2021,7.53,3,217.3,4911.2
2026-08-05,TR-03,03#矿车,2019,8.24,2,219.3,3614.8
2026-08-05,TR-04,04#矿车,2014,7.01,3,217.8,4580.6
2026-08-05,TR-05,05#矿车,2022,8.92,2,231.5,4128.2
2026-08-05,TR-06,06#矿车,2018,7.41,3,229.1,5089.7
2026-08-05,TR-07,07#矿车,2020,8.53,3,217.4,5561.7
2026-08-05,TR-08,08#矿车,2015,7.79,2,222.5,3467.8
2026-08-05,TR-09,09#矿车,2023,7.6,2,220.5,3350.0
2026-08-05,TR-10,10#矿车,2016,8.28,2,229.2,3797.3
2026-08-05,TR-11,11#矿车,2021,8.66,2,227.1,3933.5
2026-08-05,TR-12,12#矿车,2013,6.66,2,227.1,3025.0
2026-08-06,TR-01,01#矿车,2017,7.99,2,219.5,3507.1
2026-08-06,TR-02,02#矿车,2021,7.56,3,217.3,4928.6
2026-08-06,TR-03,03#矿车,2019,7.91,3,219.3,5206.7
2026-08-06,TR-04,04#矿车,2014,7.23,3,217.8,4724.5
2026-08-06,TR-05,05#矿车,2022,8.77,3,231.5,6090.9
2026-08-06,TR-06,06#矿车,2018,7.6,3,229.1,5220.8
2026-08-06,TR-07,07#矿车,2020,8.23,3,217.4,5363.6
2026-08-06,TR-08,08#矿车,2015,7.8,2,222.5,3470.0
2026-08-06,TR-09,09#矿车,2023,7.47,3,220.5,4942.0
2026-08-06,TR-10,10#矿车,2016,8.23,3,229.2,5660.9
2026-08-06,TR-11,11#矿车,2021,8.13,3,227.1,5535.2
2026-08-06,TR-12,12#矿车,2013,6.17,3,227.1,4202.4
2026-08-07,TR-01,01#矿车,2017,7.56,3,219.5,4979.9
2026-08-07,TR-02,02#矿车,2021,7.76,3,217.3,5061.2
2026-08-07,TR-03,03#矿车,2019,8.3,3,219.3,5461.9
2026-08-07,TR-04,04#矿车,2014,6.79,3,217.8,4433.6
2026-08-07,TR-05,05#矿车,2022,8.31,3,231.5,5772.5
2026-08-07,TR-06,06#矿车,2018,7.5,2,229.1,3436.8
2026-08-07,TR-07,07#矿车,2020,8.61,2,217.4,3742.3
2026-08-07,TR-08,08#矿车,2015,7.86,3,222.5,5243.4
2026-08-07,TR-09,09#矿车,2023,7.65,3,220.5,5059.8
2026-08-07,TR-10,10#矿车,2016,8.07,3,229.2,5552.1
2026-08-07,TR-11,11#矿车,2021,8.06,3,227.1,5492.8
2026-08-07,TR-12,12#矿车,2013,5.81,3,227.1,3955.3
2026-08-08,TR-01,01#矿车,2017,7.86,2,219.5,3453.1
2026-08-08,TR-02,02#矿车,2021,7.87,3,217.3,5127.6
2026-08-08,TR-03,03#矿车,2019,8.26,3,219.3,5435.6
2026-08-08,TR-04,04#矿车,2014,7.27,3,217.8,4748.2
2026-08-08,TR-05,05#矿车,2022,8.43,3,231.5,5855.5
2026-08-08,TR-06,06#矿车,2018,7.43,2,229.1,3402.5
2026-08-08,TR-07,07#矿车,2020,8.49,3,217.4,5535.4
2026-08-08,TR-08,08#矿车,2015,7.9,3,222.5,5274.7
2026-08-08,TR-09,09#矿车,2023,7.3,2,220.5,3219.1
2026-08-08,TR-10,10#矿车,2016,7.77,2,229.2,3563.7
2026-08-08,TR-11,11#矿车,2021,8.41,3,227.1,5730.9
2026-08-08,TR-12,12#矿车,2013,6.01,3,227.1,4097.4
2026-08-09,TR-01,01#矿车,2017,8.13,3,219.5,5352.8
2026-08-09,TR-02,02#矿车,2021,7.37,3,217.3,4803.6
2026-08-09,TR-03,03#矿车,2019,8.09,3,219.3,5322.7
2026-08-09,TR-04,04#矿车,2014,7.24,3,217.8,4732.4
2026-08-09,TR-05,05#矿车,2022,8.81,2,231.5,4081.0
2026-08-09,TR-06,06#矿车,2018,7.78,3,229.1,5345.6
2026-08-09,TR-07,07#矿车,2020,8.45,2,217.4,3674.2
2026-08-09,TR-08,08#矿车,2015,3.79,0,222.5,0.0
2026-08-09,TR-09,09#矿车,2023,7.41,3,220.5,4905.0
2026-08-09,TR-10,10#矿车,2016,8.3,3,229.2,5706.8
2026-08-09,TR-11,11#矿车,2021,8.75,3,227.1,5959.5
2026-08-09,TR-12,12#矿车,2013,6.75,3,227.1,4601.5
2026-08-10,TR-01,01#矿车,2017,8.31,2,219.5,3646.8
2026-08-10,TR-02,02#矿车,2021,7.38,3,217.3,4808.3
2026-08-10,TR-03,03#矿车,2019,7.97,2,219.3,3494.7
2026-08-10,TR-04,04#矿车,2014,6.91,2,217.8,3008.2
2026-08-10,TR-05,05#矿车,2022,8.19,2,231.5,3793.4
2026-08-10,TR-06,06#矿车,2018,7.73,3,229.1,5309.3
2026-08-10,TR-07,07#矿车,2020,8.46,3,217.4,5513.7
2026-08-10,TR-08,08#矿车,2015,7.81,3,222.5,5212.6
2026-08-10,TR-09,09#矿车,2023,7.78,2,220.5,3430.8
2026-08-10,TR-10,10#矿车,2016,8.29,3,229.2,5704.0
2026-08-10,TR-11,11#矿车,2021,8.3,2,227.1,3767.7
2026-08-10,TR-12,12#矿车,2013,7.19,2,227.1,3267.1
2026-08-11,TR-01,01#矿车,2017,8.33,2,219.5,3656.9
2026-08-11,TR-02,02#矿车,2021,7.94,2,217.3,3452.3
2026-08-11,TR-03,03#矿车,2019,8.18,3,219.3,5380.2
2026-08-11,TR-04,04#矿车,2014,6.87,3,217.8,4489.1
2026-08-11,TR-05,05#矿车,2022,8.31,3,231.5,5769.2
2026-08-11,TR-06,06#矿车,2018,7.74,3,229.1,5322.6
2026-08-11,TR-07,07#矿车,2020,8.61,2,217.4,3742.9
2026-08-11,TR-08,08#矿车,2015,8.01,3,222.5,5348.8
2026-08-11,TR-09,09#矿车,2023,7.19,2,220.5,3170.8
2026-08-11,TR-10,10#矿车,2016,8.47,3,229.2,5825.8
2026-08-11,TR-11,11#矿车,2021,8.3,2,227.1,3769.1
2026-08-11,TR-12,12#矿车,2013,6.92,2,227.1,3141.3
2026-08-12,TR-01,01#矿车,2017,7.79,2,219.5,3420.1
2026-08-12,TR-02,02#矿车,2021,8.06,3,217.3,5254.6
2026-08-12,TR-03,03#矿车,2019,8.22,3,219.3,5408.0
2026-08-12,TR-04,04#矿车,2014,6.64,3,217.8,4340.0
2026-08-12,TR-05,05#矿车,2022,8.25,3,231.5,5730.5
2026-08-12,TR-06,06#矿车,2018,8.1,2,229.1,3709.2
2026-08-12,TR-07,07#矿车,2020,8.64,2,217.4,3755.3
2026-08-12,TR-08,08#矿车,2015,8.13,3,222.5,5426.6
2026-08-12,TR-09,09#矿车,2023,7.86,3,220.5,5198.8
2026-08-12,TR-10,10#矿车,2016,8.59,3,229.2,5904.6
2026-08-12,TR-11,11#矿车,2021,8.22,3,227.1,5601.3
2026-08-12,TR-12,12#矿车,2013,7.09,3,227.1,4831.4
2026-08-13,TR-01,01#矿车,2017,7.94,2,219.5,3488.1
2026-08-13,TR-02,02#矿车,2021,7.96,3,217.3,5191.8
2026-08-13,TR-03,03#矿车,2019,7.81,2,219.3,3423.8
2026-08-13,TR-04,04#矿车,2014,6.71,3,217.8,4385.4
2026-08-13,TR-05,05#矿车,2022,8.22,3,231.5,5708.8
2026-08-13,TR-06,06#矿车,2018,7.84,2,229.1,3591.0
2026-08-13,TR-07,07#矿车,2020,8.75,3,217.4,5704.8
2026-08-13,TR-08,08#矿车,2015,8.13,2,222.5,3616.5
2026-08-13,TR-09,09#矿车,2023,7.77,3,220.5,5138.1
2026-08-13,TR-10,10#矿车,2016,8.24,2,229.2,3778.0
2026-08-13,TR-11,11#矿车,2021,8.05,3,227.1,5483.9
2026-08-13,TR-12,12#矿车,2013,7.18,3,227.1,4892.4
2026-08-14,TR-01,01#矿车,2017,8.09,3,219.5,5325.6
2026-08-14,TR-02,02#矿车,2021,7.73,3,217.3,5040.6
2026-08-14,TR-03,03#矿车,2019,7.81,3,219.3,5141.1
2026-08-14,TR-04,04#矿车,2014,7.08,3,217.8,4627.0
2026-08-14,TR-05,05#矿车,2022,8.37,2,231.5,3876.9
2026-08-14,TR-06,06#矿车,2018,8.25,3,229.1,5669.2
2026-08-14,TR-07,07#矿车,2020,8.54,3,217.4,5568.3
2026-08-14,TR-08,08#矿车,2015,7.93,3,222.5,5294.7
2026-08-14,TR-09,09#矿车,2023,7.48,2,220.5,3297.5
2026-08-14,TR-10,10#矿车,2016,8.21,3,229.2,5649.6
2026-08-14,TR-11,11#矿车,2021,8.3,2,227.1,3768.0
2026-08-14,TR-12,12#矿车,2013,7.04,3,227.1,4796.3
2026-08-15,TR-01,01#矿车,2017,7.67,3,219.5,5048.3
2026-08-15,TR-02,02#矿车,2021,7.87,3,217.3,5129.4
2026-08-15,TR-03,03#矿车,2019,7.65,3,219.3,5032.8
2026-08-15,TR-04,04#矿车,2014,6.82,3,217.8,4457.5
2026-08-15,TR-05,05#矿车,2022,7.92,2,231.5,3666.0
2026-08-15,TR-06,06#矿车,2018,7.81,2,229.1,3579.0
2026-08-15,TR-07,07#矿车,2020,8.38,3,217.4,5461.5
2026-08-15,TR-08,08#矿车,2015,8.68,2,222.5,3862.0
2026-08-15,TR-09,09#矿车,2023,7.28,2,220.5,3212.4
2026-08-15,TR-10,10#矿车,2016,8.39,3,229.2,5767.4
2026-08-15,TR-11,11#矿车,2021,8.25,2,227.1,3746.7
2026-08-15,TR-12,12#矿车,2013,7.43,3,227.1,5065.0
2026-08-16,TR-01,01#矿车,2017,8.03,3,219.5,5288.8
2026-08-16,TR-02,02#矿车,2021,7.9,3,217.3,5149.9
2026-08-16,TR-03,03#矿车,2019,7.81,3,219.3,5137.9
2026-08-16,TR-04,04#矿车,2014,7.12,3,217.8,4650.9
2026-08-16,TR-05,05#矿车,2022,8.4,3,231.5,5837.1
2026-08-16,TR-06,06#矿车,2018,7.8,3,229.1,5362.4
2026-08-16,TR-07,07#矿车,2020,8.51,3,217.4,5547.1
2026-08-16,TR-08,08#矿车,2015,8.69,3,222.5,5800.1
2026-08-16,TR-09,09#矿车,2023,7.6,3,220.5,5027.9
2026-08-16,TR-10,10#矿车,2016,7.79,3,229.2,5358.7
2026-08-16,TR-11,11#矿车,2021,8.46,3,227.1,5762.1
2026-08-16,TR-12,12#矿车,2013,6.75,3,227.1,4598.2
2026-08-17,TR-01,01#矿车,2017,7.79,2,219.5,3419.3
2026-08-17,TR-02,02#矿车,2021,7.83,3,217.3,5104.7
2026-08-17,TR-03,03#矿车,2019,7.45,2,219.3,3268.8
2026-08-17,TR-04,04#矿车,2014,7.06,3,217.8,4615.1
2026-08-17,TR-05,05#矿车,2022,8.4,2,231.5,3892.0
2026-08-17,TR-06,06#矿车,2018,7.49,2,229.1,3432.8
2026-08-17,TR-07,07#矿车,2020,8.54,3,217.4,5570.9
2026-08-17,TR-08,08#矿车,2015,8.34,2,222.5,3709.1
2026-08-17,TR-09,09#矿车,2023,7.55,3,220.5,4994.3
2026-08-17,TR-10,10#矿车,2016,7.77,3,229.2,5344.7
2026-08-17,TR-11,11#矿车,2021,8.64,3,227.1,5882.5
2026-08-17,TR-12,12#矿车,2013,6.9,3,227.1,4699.0
2026-08-18,TR-01,01#矿车,2017,7.69,3,219.5,5062.0
2026-08-18,TR-02,02#矿车,2021,7.84,2,217.3,3407.4
2026-08-18,TR-03,03#矿车,2019,7.77,3,219.3,5114.2
2026-08-18,TR-04,04#矿车,2014,7.48,3,217.8,4886.6
2026-08-18,TR-05,05#矿车,2022,8.42,2,231.5,3898.7
2026-08-18,TR-06,06#矿车,2018,7.27,2,229.1,3332.5
2026-08-18,TR-07,07#矿车,2020,8.32,3,217.4,5426.6
2026-08-18,TR-08,08#矿车,2015,8.45,2,222.5,3762.2
2026-08-18,TR-09,09#矿车,2023,7.61,2,220.5,3356.8
2026-08-18,TR-10,10#矿车,2016,8.19,2,229.2,3753.3
2026-08-18,TR-11,11#矿车,2021,8.25,2,227.1,3744.6
2026-08-18,TR-12,12#矿车,2013,6.82,2,227.1,3097.0
2026-08-19,TR-01,01#矿车,2017,8.03,2,219.5,3524.5
2026-08-19,TR-02,02#矿车,2021,7.88,2,217.3,3423.1
2026-08-19,TR-03,03#矿车,2019,7.48,2,219.3,3280.6
2026-08-19,TR-04,04#矿车,2014,7.16,3,217.8,4680.3
2026-08-19,TR-05,05#矿车,2022,8.47,2,231.5,3922.0
2026-08-19,TR-06,06#矿车,2018,7.55,2,229.1,3457.7
2026-08-19,TR-07,07#矿车,2020,8.84,2,217.4,3841.4
2026-08-19,TR-08,08#矿车,2015,8.34,2,222.5,3710.8
2026-08-19,TR-09,09#矿车,2023,8.03,3,220.5,5315.2
2026-08-19,TR-10,10#矿车,2016,8.42,3,229.2,5792.9
2026-08-19,TR-11,11#矿车,2021,8.39,2,227.1,3812.3
2026-08-19,TR-12,12#矿车,2013,6.86,3,227.1,4675.0
2026-08-20,TR-01,01#矿车,2017,8.08,2,219.5,3547.1
2026-08-20,TR-02,02#矿车,2021,7.46,3,217.3,4861.4
2026-08-20,TR-03,03#矿车,2019,7.81,3,219.3,5135.4
2026-08-20,TR-04,04#矿车,2014,7.64,3,217.8,4988.9
2026-08-20,TR-05,05#矿车,2022,8.63,2,231.5,3994.8
2026-08-20,TR-06,06#矿车,2018,7.72,2,229.1,3535.6
2026-08-20,TR-07,07#矿车,2020,8.56,3,217.4,5581.5
2026-08-20,TR-08,08#矿车,2015,8.42,2,222.5,3745.4
2026-08-20,TR-09,09#矿车,2023,8.01,3,220.5,5302.0
2026-08-20,TR-10,10#矿车,2016,8.16,3,229.2,5610.9
2026-08-20,TR-11,11#矿车,2021,8.61,3,227.1,5866.6
2026-08-20,TR-12,12#矿车,2013,6.59,2,227.1,2992.5
2026-08-21,TR-01,01#矿车,2017,7.71,3,219.5,5076.2
2026-08-21,TR-02,02#矿车,2021,8.01,3,217.3,5222.5
2026-08-21,TR-03,03#矿车,2019,8.09,3,219.3,5320.1
2026-08-21,TR-04,04#矿车,2014,7.28,3,217.8,4755.1
2026-08-21,TR-05,05#矿车,2022,8.48,3,231.5,5892.2
2026-08-21,TR-06,06#矿车,2018,7.32,3,229.1,5031.0
2026-08-21,TR-07,07#矿车,2020,8.73,3,217.4,5695.4
2026-08-21,TR-08,08#矿车,2015,8.55,2,222.5,3806.1
2026-08-21,TR-09,09#矿车,2023,7.6,3,220.5,5026.5
2026-08-21,TR-10,10#矿车,2016,7.94,3,229.2,5461.6
2026-08-21,TR-11,11#矿车,2021,8.52,2,227.1,3867.6
2026-08-21,TR-12,12#矿车,2013,7.35,2,227.1,3340.3
2026-08-22,TR-01,01#矿车,2017,8.17,3,219.5,5382.1
2026-08-22,TR-02,02#矿车,2021,7.98,3,217.3,5200.6
2026-08-22,TR-03,03#矿车,2019,9.1,3,219.3,5984.9
2026-08-22,TR-04,04#矿车,2014,7.29,3,217.8,4764.9
2026-08-22,TR-05,05#矿车,2022,8.39,3,231.5,5825.2
2026-08-22,TR-06,06#矿车,2018,7.62,3,229.1,5236.3
2026-08-22,TR-07,07#矿车,2020,8.59,3,217.4,5598.4
2026-08-22,TR-08,08#矿车,2015,8.79,3,222.5,5867.0
2026-08-22,TR-09,09#矿车,2023,7.45,3,220.5,4926.9
2026-08-22,TR-10,10#矿车,2016,7.85,3,229.2,5398.3
2026-08-22,TR-11,11#矿车,2021,8.22,3,227.1,5596.1
2026-08-22,TR-12,12#矿车,2013,6.77,3,227.1,4613.3
2026-08-23,TR-01,01#矿车,2017,8.01,3,219.5,5273.7
2026-08-23,TR-02,02#矿车,2021,8.39,2,217.3,3647.2
2026-08-23,TR-03,03#矿车,2019,8.69,2,219.3,3811.8
2026-08-23,TR-04,04#矿车,2014,6.98,3,217.8,4561.6
2026-08-23,TR-05,05#矿车,2022,8.53,3,231.5,5928.1
2026-08-23,TR-06,06#矿车,2018,7.42,2,229.1,3401.6
2026-08-23,TR-07,07#矿车,2020,8.42,3,217.4,5491.1
2026-08-23,TR-08,08#矿车,2015,8.14,2,222.5,3621.3
2026-08-23,TR-09,09#矿车,2023,7.71,3,220.5,5101.0
2026-08-23,TR-10,10#矿车,2016,8.2,2,229.2,3758.0
2026-08-23,TR-11,11#矿车,2021,8.72,3,227.1,5938.0
2026-08-23,TR-12,12#矿车,2013,7.29,3,227.1,4965.3
2026-08-24,TR-01,01#矿车,2017,7.93,3,219.5,5220.4
2026-08-24,TR-02,02#矿车,2021,7.47,3,217.3,4869.0
2026-08-24,TR-03,03#矿车,2019,8.49,3,219.3,5582.8
2026-08-24,TR-04,04#矿车,2014,7.09,3,217.8,4633.5
2026-08-24,TR-05,05#矿车,2022,8.56,3,231.5,5945.1
2026-08-24,TR-06,06#矿车,2018,7.74,3,229.1,5319.2
2026-08-24,TR-07,07#矿车,2020,8.88,2,217.4,3860.6
2026-08-24,TR-08,08#矿车,2015,8.63,2,222.5,3839.0
2026-08-24,TR-09,09#矿车,2023,7.62,3,220.5,5040.8
2026-08-24,TR-10,10#矿车,2016,8.28,2,229.2,3794.5
2026-08-24,TR-11,11#矿车,2021,8.2,2,227.1,3722.2
2026-08-24,TR-12,12#矿车,2013,6.51,3,227.1,4434.5
2026-08-25,TR-01,01#矿车,2017,8.01,3,219.5,5277.6
2026-08-25,TR-02,02#矿车,2021,7.8,3,217.3,5086.9
2026-08-25,TR-03,03#矿车,2019,8.7,2,219.3,3816.3
2026-08-25,TR-04,04#矿车,2014,6.94,3,217.8,4530.5
2026-08-25,TR-05,05#矿车,2022,8.7,2,231.5,4027.7
2026-08-25,TR-06,06#矿车,2018,7.98,2,229.1,3658.0
2026-08-25,TR-07,07#矿车,2020,8.49,3,217.4,5539.1
2026-08-25,TR-08,08#矿车,2015,8.73,3,222.5,5828.7
2026-08-25,TR-09,09#矿车,2023,7.51,3,220.5,4968.4
2026-08-25,TR-10,10#矿车,2016,8.15,2,229.2,3735.7
2026-08-25,TR-11,11#矿车,2021,8.36,3,227.1,5695.2
2026-08-25,TR-12,12#矿车,2013,6.45,3,227.1,4393.5
2026-08-26,TR-01,01#矿车,2017,7.68,3,219.5,5059.8
2026-08-26,TR-02,02#矿车,2021,7.84,2,217.3,3407.3
2026-08-26,TR-03,03#矿车,2019,8.19,2,219.3,3592.3
2026-08-26,TR-04,04#矿车,2014,6.63,3,217.8,4327.8
2026-08-26,TR-05,05#矿车,2022,8.83,3,231.5,6136.0
2026-08-26,TR-06,06#矿车,2018,7.89,2,229.1,3612.9
2026-08-26,TR-07,07#矿车,2020,8.56,3,217.4,5581.6
2026-08-26,TR-08,08#矿车,2015,8.12,2,222.5,3611.7
2026-08-26,TR-09,09#矿车,2023,7.44,3,220.5,4923.1
2026-08-26,TR-10,10#矿车,2016,8.21,3,229.2,5644.1
2026-08-26,TR-11,11#矿车,2021,8.37,2,227.1,3803.2
2026-08-26,TR-12,12#矿车,2013,6.82,3,227.1,4648.2
2026-08-27,TR-01,01#矿车,2017,8.02,3,219.5,5282.5
2026-08-27,TR-02,02#矿车,2021,8.3,3,217.3,5413.9
2026-08-27,TR-03,03#矿车,2019,8.27,2,219.3,3625.6
2026-08-27,TR-04,04#矿车,2014,6.95,2,217.8,3028.1
2026-08-27,TR-05,05#矿车,2022,8.66,3,231.5,6014.0
2026-08-27,TR-06,06#矿车,2018,7.93,3,229.1,5448.3
2026-08-27,TR-07,07#矿车,2020,8.37,2,217.4,3637.0
2026-08-27,TR-08,08#矿车,2015,8.15,3,222.5,5437.7
2026-08-27,TR-09,09#矿车,2023,7.71,3,220.5,5100.1
2026-08-27,TR-10,10#矿车,2016,8.08,3,229.2,5559.4
2026-08-27,TR-11,11#矿车,2021,8.71,3,227.1,5930.2
2026-08-27,TR-12,12#矿车,2013,6.78,2,227.1,3078.6
2026-08-28,TR-01,01#矿车,2017,7.58,3,219.5,4989.8
2026-08-28,TR-02,02#矿车,2021,8.4,3,217.3,5475.1
2026-08-28,TR-03,03#矿车,2019,8.36,3,219.3,5501.4
2026-08-28,TR-04,04#矿车,2014,6.28,3,217.8,4102.5
2026-08-28,TR-05,05#矿车,2022,8.65,2,231.5,4005.8
2026-08-28,TR-06,06#矿车,2018,8.04,3,229.1,5523.6
2026-08-28,TR-07,07#矿车,2020,8.34,3,217.4,5437.7
2026-08-28,TR-08,08#矿车,2015,7.99,3,222.5,5336.3
2026-08-28,TR-09,09#矿车,2023,7.69,3,220.5,5088.7
2026-08-28,TR-10,10#矿车,2016,8.62,3,229.2,5927.5
2026-08-28,TR-11,11#矿车,2021,8.58,3,227.1,5843.4
2026-08-28,TR-12,12#矿车,2013,6.58,3,227.1,4484.4
2026-08-29,TR-01,01#矿车,2017,8.18,2,219.5,3591.3
2026-08-29,TR-02,02#矿车,2021,8.11,3,217.3,5288.0
2026-08-29,TR-03,03#矿车,2019,8.39,3,219.3,5519.1
2026-08-29,TR-04,04#矿车,2014,6.59,3,217.8,4307.1
2026-08-29,TR-05,05#矿车,2022,8.38,3,231.5,5819.8
2026-08-29,TR-06,06#矿车,2018,7.88,3,229.1,5417.1
2026-08-29,TR-07,07#矿车,2020,8.2,2,217.4,3564.4
2026-08-29,TR-08,08#矿车,2015,8.18,2,222.5,3640.7
2026-08-29,TR-09,09#矿车,2023,7.99,3,220.5,5287.2
2026-08-29,TR-10,10#矿车,2016,8.73,2,229.2,4000.5
2026-08-29,TR-11,11#矿车,2021,8.87,2,227.1,4026.5
2026-08-29,TR-12,12#矿车,2013,6.94,3,227.1,4728.5
2026-08-30,TR-01,01#矿车,2017,8.04,3,219.5,5295.3
2026-08-30,TR-02,02#矿车,2021,8.18,3,217.3,5329.9
2026-08-30,TR-03,03#矿车,2019,8.57,3,219.3,5637.9
2026-08-30,TR-04,04#矿车,2014,7.23,3,217.8,4725.6
2026-08-30,TR-05,05#矿车,2022,8.02,3,231.5,5570.6
2026-08-30,TR-06,06#矿车,2018,8.13,3,229.1,5586.3
2026-08-30,TR-07,07#矿车,2020,8.47,2,217.4,3684.0
2026-08-30,TR-08,08#矿车,2015,7.88,3,222.5,5257.7
2026-08-30,TR-09,09#矿车,2023,8.05,3,220.5,5322.0
2026-08-30,TR-10,10#矿车,2016,8.01,3,229.2,5505.4
2026-08-30,TR-11,11#矿车,2021,8.59,2,227.1,3898.7
2026-08-30,TR-12,12#矿车,2013,6.98,3,227.1,4759.1
2026-08-31,TR-01,01#矿车,2017,8.04,2,219.5,3531.9
2026-08-31,TR-02,02#矿车,2021,7.91,3,217.3,5154.6
2026-08-31,TR-03,03#矿车,2019,8.93,3,219.3,5873.3
2026-08-31,TR-04,04#矿车,2014,7.49,3,217.8,4891.3
2026-08-31,TR-05,05#矿车,2022,7.98,2,231.5,3694.9
2026-08-31,TR-06,06#矿车,2018,8.17,3,229.1,5618.1
2026-08-31,TR-07,07#矿车,2020,8.68,2,217.4,3774.7
2026-08-31,TR-08,08#矿车,2015,8.3,2,222.5,3694.7
2026-08-31,TR-09,09#矿车,2023,7.81,2,220.5,3446.4
2026-08-31,TR-10,10#矿车,2016,8.0,3,229.2,5504.1
2026-08-31,TR-11,11#矿车,2021,8.6,3,227.1,5857.6
2026-08-31,TR-12,12#矿车,2013,7.21,2,227.1,3275.5
2026-09-01,TR-01,01#矿车,2017,8.45,3,219.5,5563.9
2026-09-01,TR-02,02#矿车,2021,7.92,3,217.3,5165.5
2026-09-01,TR-03,03#矿车,2019,8.41,3,219.3,5533.3
2026-09-01,TR-04,04#矿车,2014,7.07,2,217.8,3081.2
2026-09-01,TR-05,05#矿车,2022,5.42,1,231.5,1254.6
2026-09-01,TR-06,06#矿车,2018,7.73,3,229.1,5312.1
2026-09-01,TR-07,07#矿车,2020,8.88,3,217.4,5792.4
2026-09-01,TR-08,08#矿车,2015,8.32,3,222.5,5550.2
2026-09-01,TR-09,09#矿车,2023,8.01,2,220.5,3534.3
2026-09-01,TR-10,10#矿车,2016,8.12,3,229.2,5586.7
2026-09-01,TR-11,11#矿车,2021,8.31,2,227.1,3773.6
2026-09-01,TR-12,12#矿车,2013,7.25,3,227.1,4942.2
2026-09-02,TR-01,01#矿车,2017,8.33,2,219.5,3656.0
2026-09-02,TR-02,02#矿车,2021,8.12,3,217.3,5294.8
2026-09-02,TR-03,03#矿车,2019,8.48,3,219.3,5576.3
2026-09-02,TR-04,04#矿车,2014,7.13,2,217.8,3105.5
2026-09-02,TR-05,05#矿车,2022,8.26,3,231.5,5737.3
2026-09-02,TR-06,06#矿车,2018,7.6,3,229.1,5220.5
2026-09-02,TR-07,07#矿车,2020,9.02,3,217.4,5884.3
2026-09-02,TR-08,08#矿车,2015,8.72,3,222.5,5823.4
2026-09-02,TR-09,09#矿车,2023,7.56,3,220.5,5000.9
2026-09-02,TR-10,10#矿车,2016,8.36,3,229.2,5750.8
2026-09-02,TR-11,11#矿车,2021,7.67,2,227.1,3484.6
2026-09-02,TR-12,12#矿车,2013,7.03,3,227.1,4790.0
2026-09-03,TR-01,01#矿车,2017,8.31,2,219.5,3647.8
2026-09-03,TR-02,02#矿车,2021,8.16,3,217.3,5318.0
2026-09-03,TR-03,03#矿车,2019,8.29,3,219.3,5456.0
2026-09-03,TR-04,04#矿车,2014,6.96,3,217.8,4545.1
2026-09-03,TR-05,05#矿车,2022,8.35,3,231.5,5802.6
2026-09-03,TR-06,06#矿车,2018,7.75,3,229.1,5328.8
2026-09-03,TR-07,07#矿车,2020,8.71,2,217.4,3785.8
2026-09-03,TR-08,08#矿车,2015,8.42,2,222.5,3745.4
2026-09-03,TR-09,09#矿车,2023,7.43,2,220.5,3274.6
2026-09-03,TR-10,10#矿车,2016,8.46,2,229.2,3880.8
2026-09-03,TR-11,11#矿车,2021,8.0,3,227.1,5449.4
2026-09-03,TR-12,12#矿车,2013,7.11,2,227.1,3227.5
2026-09-04,TR-01,01#矿车,2017,8.15,2,219.5,3580.5
2026-09-04,TR-02,02#矿车,2021,8.71,2,217.3,3786.4
2026-09-04,TR-03,03#矿车,2019,7.98,2,219.3,3500.7
2026-09-04,TR-04,04#矿车,2014,7.05,2,217.8,3069.2
2026-09-04,TR-05,05#矿车,2022,8.5,3,231.5,5901.9
2026-09-04,TR-06,06#矿车,2018,7.49,3,229.1,5144.6
2026-09-04,TR-07,07#矿车,2020,8.61,3,217.4,5615.6
2026-09-04,TR-08,08#矿车,2015,7.92,3,222.5,5283.3
2026-09-04,TR-09,09#矿车,2023,7.8,2,220.5,3440.3
2026-09-04,TR-10,10#矿车,2016,8.03,2,229.2,3681.1
2026-09-04,TR-11,11#矿车,2021,8.44,3,227.1,5749.7
2026-09-04,TR-12,12#矿车,2013,7.52,2,227.1,3418.0
2026-09-05,TR-01,01#矿车,2017,8.18,2,219.5,3591.0
2026-09-05,TR-02,02#矿车,2021,8.41,3,217.3,5479.8
2026-09-05,TR-03,03#矿车,2019,8.57,3,219.3,5638.8
2026-09-05,TR-04,04#矿车,2014,4.03,0,217.8,0.0
2026-09-05,TR-05,05#矿车,2022,8.7,3,231.5,6045.4
2026-09-05,TR-06,06#矿车,2018,7.97,2,229.1,3651.0
2026-09-05,TR-07,07#矿车,2020,8.25,3,217.4,5380.9
2026-09-05,TR-08,08#矿车,2015,8.76,3,222.5,5848.5
2026-09-05,TR-09,09#矿车,2023,7.73,3,220.5,5111.8
2026-09-05,TR-10,10#矿车,2016,8.45,2,229.2,3875.3
2026-09-05,TR-11,11#矿车,2021,8.38,3,227.1,5710.8
2026-09-05,TR-12,12#矿车,2013,7.22,3,227.1,4919.7
2026-09-06,TR-01,01#矿车,2017,8.35,3,219.5,5499.1
2026-09-06,TR-02,02#矿车,2021,8.63,2,217.3,3750.4
2026-09-06,TR-03,03#矿车,2019,8.65,3,219.3,5689.6
2026-09-06,TR-04,04#矿车,2014,7.02,3,217.8,4583.1
2026-09-06,TR-05,05#矿车,2022,8.87,3,231.5,6158.8
2026-09-06,TR-06,06#矿车,2018,7.54,2,229.1,3456.4
2026-09-06,TR-07,07#矿车,2020,8.57,3,217.4,5589.1
2026-09-06,TR-08,08#矿车,2015,8.35,3,222.5,5576.5
2026-09-06,TR-09,09#矿车,2023,8.21,3,220.5,5429.8
2026-09-06,TR-10,10#矿车,2016,8.33,3,229.2,5726.4
2026-09-06,TR-11,11#矿车,2021,8.2,2,227.1,3723.1
2026-09-06,TR-12,12#矿车,2013,6.74,3,227.1,4593.3
2026-09-07,TR-01,01#矿车,2017,8.08,2,219.5,3546.2
2026-09-07,TR-02,02#矿车,2021,8.27,3,217.3,5389.4
2026-09-07,TR-03,03#矿车,2019,8.48,3,219.3,5579.1
2026-09-07,TR-04,04#矿车,2014,7.36,3,217.8,4804.8
2026-09-07,TR-05,05#矿车,2022,8.26,2,231.5,3823.5
2026-09-07,TR-06,06#矿车,2018,7.82,3,229.1,5377.5
2026-09-07,TR-07,07#矿车,2020,8.25,3,217.4,5376.3
2026-09-07,TR-08,08#矿车,2015,8.3,2,222.5,3693.3
2026-09-07,TR-09,09#矿车,2023,7.48,2,220.5,3297.5
2026-09-07,TR-10,10#矿车,2016,8.18,2,229.2,3749.1
2026-09-07,TR-11,11#矿车,2021,8.55,2,227.1,3880.5
2026-09-07,TR-12,12#矿车,2013,6.86,2,227.1,3117.6
2026-09-08,TR-01,01#矿车,2017,7.91,3,219.5,5211.7
2026-09-08,TR-02,02#矿车,2021,8.53,3,217.3,5559.5
2026-09-08,TR-03,03#矿车,2019,8.45,2,219.3,3706.8
2026-09-08,TR-04,04#矿车,2014,7.24,2,217.8,3151.3
2026-09-08,TR-05,05#矿车,2022,8.69,2,231.5,4021.9
2026-09-08,TR-06,06#矿车,2018,7.95,3,229.1,5460.9
2026-09-08,TR-07,07#矿车,2020,8.56,2,217.4,3720.1
2026-09-08,TR-08,08#矿车,2015,8.01,3,222.5,5344.0
2026-09-08,TR-09,09#矿车,2023,7.74,2,220.5,3412.1
2026-09-08,TR-10,10#矿车,2016,7.93,3,229.2,5456.4
2026-09-08,TR-11,11#矿车,2021,8.15,2,227.1,3702.0
2026-09-08,TR-12,12#矿车,2013,6.76,2,227.1,3070.5
2026-09-09,TR-01,01#矿车,2017,8.19,2,219.5,3595.8
2026-09-09,TR-02,02#矿车,2021,8.38,3,217.3,5461.2
2026-09-09,TR-03,03#矿车,2019,7.71,3,219.3,5070.2
2026-09-09,TR-04,04#矿车,2014,7.14,3,217.8,4665.3
2026-09-09,TR-05,05#矿车,2022,8.85,3,231.5,6143.8
2026-09-09,TR-06,06#矿车,2018,8.08,3,229.1,5555.2
2026-09-09,TR-07,07#矿车,2020,8.31,3,217.4,5418.2
2026-09-09,TR-08,08#矿车,2015,8.41,2,222.5,3742.1
2026-09-09,TR-09,09#矿车,2023,7.47,3,220.5,4938.9
2026-09-09,TR-10,10#矿车,2016,8.51,3,229.2,5849.8
2026-09-09,TR-11,11#矿车,2021,8.86,3,227.1,6036.5
2026-09-09,TR-12,12#矿车,2013,6.69,3,227.1,4555.5
2026-09-10,TR-01,01#矿车,2017,8.61,2,219.5,3779.0
2026-09-10,TR-02,02#矿车,2021,8.23,3,217.3,5364.7
2026-09-10,TR-03,03#矿车,2019,7.49,3,219.3,4930.2
2026-09-10,TR-04,04#矿车,2014,6.69,3,217.8,4368.8
2026-09-10,TR-05,05#矿车,2022,8.68,3,231.5,6031.6
2026-09-10,TR-06,06#矿车,2018,8.28,3,229.1,5691.4
2026-09-10,TR-07,07#矿车,2020,8.71,3,217.4,5676.3
2026-09-10,TR-08,08#矿车,2015,8.77,2,222.5,3900.5
2026-09-10,TR-09,09#矿车,2023,7.66,3,220.5,5066.5
2026-09-10,TR-10,10#矿车,2016,8.3,3,229.2,5705.7
2026-09-10,TR-11,11#矿车,2021,8.53,2,227.1,3873.7
2026-09-10,TR-12,12#矿车,2013,6.81,2,227.1,3092.0
2026-09-11,TR-01,01#矿车,2017,8.29,3,219.5,5460.3
2026-09-11,TR-02,02#矿车,2021,8.28,3,217.3,5398.2
2026-09-11,TR-03,03#矿车,2019,8.15,3,219.3,5362.0
2026-09-11,TR-04,04#矿车,2014,6.86,2,217.8,2987.3
2026-09-11,TR-05,05#矿车,2022,8.2,2,231.5,3794.9
2026-09-11,TR-06,06#矿车,2018,8.22,2,229.1,3764.9
2026-09-11,TR-07,07#矿车,2020,8.97,2,217.4,3898.9
2026-09-11,TR-08,08#矿车,2015,8.49,3,222.5,5664.2
2026-09-11,TR-09,09#矿车,2023,7.67,2,220.5,3382.1
2026-09-11,TR-10,10#矿车,2016,8.19,3,229.2,5631.3
2026-09-11,TR-11,11#矿车,2021,8.63,2,227.1,3917.2
2026-09-11,TR-12,12#矿车,2013,6.84,3,227.1,4663.0
2026-09-12,TR-01,01#矿车,2017,8.0,2,219.5,3511.7
2026-09-12,TR-02,02#矿车,2021,8.7,3,217.3,5668.4
2026-09-12,TR-03,03#矿车,2019,8.28,2,219.3,3630.1
2026-09-12,TR-04,04#矿车,2014,6.99,3,217.8,4565.1
2026-09-12,TR-05,05#矿车,2022,8.51,2,231.5,3939.9
2026-09-12,TR-06,06#矿车,2018,8.39,3,229.1,5765.9
2026-09-12,TR-07,07#矿车,2020,8.6,2,217.4,3740.3
2026-09-12,TR-08,08#矿车,2015,7.92,3,222.5,5289.1
2026-09-12,TR-09,09#矿车,2023,7.3,2,220.5,3221.6
2026-09-12,TR-10,10#矿车,2016,8.41,3,229.2,5785.9
2026-09-12,TR-11,11#矿车,2021,8.56,3,227.1,5831.2
2026-09-12,TR-12,12#矿车,2013,6.85,3,227.1,4667.9
2026-09-13,TR-01,01#矿车,2017,8.08,3,219.5,5322.5
2026-09-13,TR-02,02#矿车,2021,8.42,3,217.3,5491.2
2026-09-13,TR-03,03#矿车,2019,8.6,2,219.3,3770.3
2026-09-13,TR-04,04#矿车,2014,7.08,3,217.8,4626.2
2026-09-13,TR-05,05#矿车,2022,8.69,3,231.5,6032.6
2026-09-13,TR-06,06#矿车,2018,8.01,2,229.1,3668.8
2026-09-13,TR-07,07#矿车,2020,5.11,1,217.4,1109.7
2026-09-13,TR-08,08#矿车,2015,8.32,3,222.5,5551.5
2026-09-13,TR-09,09#矿车,2023,7.91,2,220.5,3487.6
2026-09-13,TR-10,10#矿车,2016,8.21,3,229.2,5649.4
2026-09-13,TR-11,11#矿车,2021,8.71,3,227.1,5936.4
2026-09-13,TR-12,12#矿车,2013,6.76,3,227.1,4607.6
2026-09-14,TR-01,01#矿车,2017,8.01,3,219.5,5275.7
2026-09-14,TR-02,02#矿车,2021,7.89,3,217.3,5141.2
2026-09-14,TR-03,03#矿车,2019,8.4,3,219.3,5526.4
2026-09-14,TR-04,04#矿车,2014,7.24,3,217.8,4729.8
2026-09-14,TR-05,05#矿车,2022,8.49,3,231.5,5897.2
2026-09-14,TR-06,06#矿车,2018,7.57,3,229.1,5202.1
2026-09-14,TR-07,07#矿车,2020,8.77,3,217.4,5716.9
2026-09-14,TR-08,08#矿车,2015,7.99,2,222.5,3553.9
2026-09-14,TR-09,09#矿车,2023,7.29,3,220.5,4824.4
2026-09-14,TR-10,10#矿车,2016,8.19,3,229.2,5631.3
2026-09-14,TR-11,11#矿车,2021,8.17,2,227.1,3708.3
2026-09-14,TR-12,12#矿车,2013,6.65,3,227.1,4527.7
2026-09-15,TR-01,01#矿车,2017,7.98,3,219.5,5253.2
2026-09-15,TR-02,02#矿车,2021,7.94,2,217.3,3452.8
2026-09-15,TR-03,03#矿车,2019,7.94,2,219.3,3484.0
2026-09-15,TR-04,04#矿车,2014,7.47,2,217.8,3253.4
2026-09-15,TR-05,05#矿车,2022,9.03,2,231.5,4179.5
2026-09-15,TR-06,06#矿车,2018,7.82,3,229.1,5375.2
2026-09-15,TR-07,07#矿车,2020,8.94,3,217.4,5828.1
2026-09-15,TR-08,08#矿车,2015,7.96,2,222.5,3542.5
2026-09-15,TR-09,09#矿车,2023,7.62,3,220.5,5040.7
2026-09-15,TR-10,10#矿车,2016,8.27,2,229.2,3792.4
2026-09-15,TR-11,11#矿车,2021,8.21,2,227.1,3730.0
2026-09-15,TR-12,12#矿车,2013,6.67,2,227.1,3029.3
2026-09-16,TR-01,01#矿车,2017,8.28,3,219.5,5453.3
2026-09-16,TR-02,02#矿车,2021,7.76,3,217.3,5058.7
2026-09-16,TR-03,03#矿车,2019,8.29,3,219.3,5452.2
2026-09-16,TR-04,04#矿车,2014,7.04,2,217.8,3066.1
2026-09-16,TR-05,05#矿车,2022,8.86,3,231.5,6154.8
2026-09-16,TR-06,06#矿车,2018,8.42,2,229.1,3858.5
2026-09-16,TR-07,07#矿车,2020,9.17,3,217.4,5981.6
2026-09-16,TR-08,08#矿车,2015,8.13,3,222.5,5425.5
2026-09-16,TR-09,09#矿车,2023,7.66,3,220.5,5066.5
2026-09-16,TR-10,10#矿车,2016,8.12,3,229.2,5581.4
2026-09-16,TR-11,11#矿车,2021,8.29,2,227.1,3763.4
2026-09-16,TR-12,12#矿车,2013,6.73,2,227.1,3058.4
2026-09-17,TR-01,01#矿车,2017,8.38,2,219.5,3679.6
2026-09-17,TR-02,02#矿车,2021,8.1,3,217.3,5280.9
2026-09-17,TR-03,03#矿车,2019,8.03,3,219.3,5281.1
2026-09-17,TR-04,04#矿车,2014,7.54,2,217.8,3285.4
2026-09-17,TR-05,05#矿车,2022,9.33,3,231.5,6479.4
2026-09-17,TR-06,06#矿车,2018,8.17,2,229.1,3744.4
2026-09-17,TR-07,07#矿车,2020,8.52,2,217.4,3704.1
2026-09-17,TR-08,08#矿车,2015,8.01,3,222.5,5345.7
2026-09-17,TR-09,09#矿车,2023,7.48,3,220.5,4945.8
2026-09-17,TR-10,10#矿车,2016,8.31,2,229.2,3808.2
2026-09-17,TR-11,11#矿车,2021,8.18,2,227.1,3713.5
2026-09-17,TR-12,12#矿车,2013,6.79,3,227.1,4623.8
2026-09-18,TR-01,01#矿车,2017,8.42,3,219.5,5542.6
2026-09-18,TR-02,02#矿车,2021,7.98,2,217.3,3466.4
2026-09-18,TR-03,03#矿车,2019,8.16,3,219.3,5370.5
2026-09-18,TR-04,04#矿车,2014,7.1,3,217.8,4637.7
2026-09-18,TR-05,05#矿车,2022,8.85,2,231.5,4098.9
2026-09-18,TR-06,06#矿车,2018,8.26,3,229.1,5673.8
2026-09-18,TR-07,07#矿车,2020,8.67,2,217.4,3768.7
2026-09-18,TR-08,08#矿车,2015,8.33,3,222.5,5561.2
2026-09-18,TR-09,09#矿车,2023,7.48,2,220.5,3297.4
2026-09-18,TR-10,10#矿车,2016,8.32,3,229.2,5718.5
2026-09-18,TR-11,11#矿车,2021,8.26,3,227.1,5628.3
2026-09-18,TR-12,12#矿车,2013,6.6,3,227.1,4494.6
2026-09-19,TR-01,01#矿车,2017,8.06,2,219.5,3537.4
2026-09-19,TR-02,02#矿车,2021,7.91,3,217.3,5155.4
2026-09-19,TR-03,03#矿车,2019,8.24,2,219.3,3612.5
2026-09-19,TR-04,04#矿车,2014,7.39,3,217.8,4829.3
2026-09-19,TR-05,05#矿车,2022,8.74,3,231.5,6068.7
2026-09-19,TR-06,06#矿车,2018,7.91,2,229.1,3624.8
2026-09-19,TR-07,07#矿车,2020,8.54,3,217.4,5570.0
2026-09-19,TR-08,08#矿车,2015,8.33,2,222.5,3705.6
2026-09-19,TR-09,09#矿车,2023,7.66,3,220.5,5067.6
2026-09-19,TR-10,10#矿车,2016,8.41,2,229.2,3854.3
2026-09-19,TR-11,11#矿车,2021,8.43,3,227.1,5739.9
2026-09-19,TR-12,12#矿车,2013,6.72,3,227.1,4576.2
2026-09-20,TR-01,01#矿车,2017,7.73,3,219.5,5093.3
2026-09-20,TR-02,02#矿车,2021,7.8,3,217.3,5086.1
2026-09-20,TR-03,03#矿车,2019,8.42,3,219.3,5541.8
2026-09-20,TR-04,04#矿车,2014,6.97,3,217.8,4550.6
2026-09-20,TR-05,05#矿车,2022,8.57,3,231.5,5952.8
2026-09-20,TR-06,06#矿车,2018,7.65,3,229.1,5254.5
2026-09-20,TR-07,07#矿车,2020,8.59,3,217.4,5603.7
2026-09-20,TR-08,08#矿车,2015,8.1,3,222.5,5408.4
2026-09-20,TR-09,09#矿车,2023,8.24,3,220.5,5452.1
2026-09-20,TR-10,10#矿车,2016,8.37,3,229.2,5757.9
2026-09-20,TR-11,11#矿车,2021,8.08,2,227.1,3671.3
2026-09-20,TR-12,12#矿车,2013,6.55,3,227.1,4463.1
